audit,sigma,sigma_data,n_samples,dim,R_reg_l2,r_reg,normalized_mse_per_dim,normalized_mse_sum,seconds,R_sample_l2_n,R_sample_l2_mean,R_sample_l2_std,R_sample_l2_min,R_sample_l2_q50,R_sample_l2_q75,R_sample_l2_q90,R_sample_l2_q95,R_sample_l2_q99,R_sample_l2_max,r_sample_n,r_sample_mean,r_sample_std,r_sample_min,r_sample_q50,r_sample_q75,r_sample_q90,r_sample_q95,r_sample_q99,r_sample_max,first_K
regression_residual,79.99999999999999,0.5,128,3072,53.41845877860246,0.9637862986100331,0.9288840293884277,2853.53173828125,0.4567906856536865,128,51.35044479370117,14.719490051269531,20.287044525146484,48.93143272399902,60.80937385559082,70.14633407592773,79.36666221618651,90.18267112731937,94.90218353271484,128,0.9264747500419617,0.2655719220638275,0.36602282524108887,0.8828304708003998,1.0971345901489258,1.2655938982963562,1.431948786973953,1.627093453407288,1.7122437953948975,17
regression_residual,78.40801084044224,0.5,128,3072,53.40086006300601,0.9634687791354393,0.9282720883687338,2851.65185546875,0.4537971019744873,128,51.33362579345703,14.714303970336914,20.253381729125977,48.89589500427246,60.752559661865234,70.13961868286133,79.35221710205076,90.12091735839847,94.87738037109375,128,0.9261713624000549,0.26547837257385254,0.36541548371315,0.8821893036365509,1.0961095988750458,1.2654727339744567,1.4316882133483884,1.6259792339801793,1.7117962837219238,272
regression_residual,76.84325384626491,0.5,128,3072,53.382834795290236,0.9631435637239418,0.9276455243428549,2849.72705078125,0.4558730125427246,128,51.31647491455078,14.708712577819824,20.219614028930664,48.860029220581055,60.6947135925293,70.13203506469726,79.32023048400877,90.05765121459964,94.8512191772461,128,0.9258618950843811,0.2653774917125702,0.36480623483657837,0.8815422356128693,1.0950658917427063,1.2653359413146972,1.431111121177673,1.624837707281113,1.7113243341445923,136
regression_residual,75.30533971667349,0.5,128,3072,53.36436424332019,0.9628103144066922,0.9270037015279134,2847.75537109375,0.4559183120727539,128,51.29895782470703,14.702798843383789,20.185762405395508,48.82366371154785,60.63545036315918,70.12277679443359,79.28781127929686,89.99274330139163,94.82317352294922,128,0.9255458116531372,0.26527076959609985,0.36419549584388733,0.8808861374855042,1.0939967036247253,1.2651688814163207,1.4305261909961697,1.6236667191982275,1.7108181715011597,272
regression_residual,73.7938836159023,0.5,128,3072,53.34550744029435,0.9624700962722228,0.9263486862182617,2845.7431640625,0.4572184085845947,128,51.281150817871094,14.696499824523926,20.152021408081055,48.7868537902832,60.57471466064453,70.11266326904297,79.25349960327146,89.92685630798343,94.79218292236328,128,0.9252245426177979,0.26515713334083557,0.3635866940021515,0.8802219927310944,1.0929008424282074,1.2649863958358762,1.4299071788787838,1.6224779450893407,1.710259199142456,68
regression_residual,72.30850513469545,0.5,128,3072,53.32611289421206,0.9621201760721784,0.9256752332051595,2843.67431640625,0.456545352935791,128,51.26289367675781,14.68979263305664,20.118078231811523,48.74958038330078,60.54501152038574,70.10019302368164,79.21673736572264,89.85933464050296,94.75879669189453,128,0.924895167350769,0.26503613591194153,0.3629743158817291,0.8795495331287384,1.0923649668693542,1.264761459827423,1.4292439222335813,1.6212596976757054,1.7096567153930664,272
regression_residual,70.84882825200987,0.5,128,3072,53.30619833799818,0.9617608737474634,0.9249839782714844,2841.55078125,0.45763254165649414,128,51.24421691894531,14.6826753616333,20.08426856994629,48.71229934692383,60.52714920043945,70.08652877807617,79.17737312316893,89.78977210998538,94.72319030761719,128,0.9245582818984985,0.26490771770477295,0.3623642921447754,0.8788768351078033,1.092042714357376,1.264514923095703,1.428533726930618,1.6200046551227574,1.7090142965316772,136
regression_residual,69.41448129694054,0.5,128,3072,53.285825041849776,0.9613932947469772,0.9242770671844482,2839.379150390625,0.4574606418609619,128,51.22517776489258,14.675158500671387,20.051002502441406,48.67440605163574,60.50885200500488,70.07078018188476,79.13665504455565,89.7193422698975,94.68467712402344,128,0.9242147207260132,0.26477208733558655,0.3617641031742096,0.8781931698322296,1.0917125642299652,1.2642307877540586,1.4277990043163298,1.6187339043617253,1.7083194255828857,272
regression_residual,68.00509691086583,0.5,128,3072,53.26488018326428,0.9610154035050249,0.9235506057739258,2837.1474609375,0.45845913887023926,128,51.20570373535156,14.66708755493164,20.017993927001953,48.64309310913086,60.47373390197754,70.05287170410156,79.0931484222412,89.6468650054932,94.64287567138672,128,0.9238632917404175,0.2646264433860779,0.3611685633659363,0.8776282072067261,1.0910789370536804,1.2639075994491575,1.4270141065120694,1.617426284551621,1.7075653076171875,34
regression_residual,66.62031200981366,0.5,128,3072,53.243374551147205,0.9606273946771534,0.9228049914042155,2834.85693359375,0.45142173767089844,128,51.18577194213867,14.658571243286133,19.984975814819336,48.6446647644043,60.42051601409912,70.03305587768554,79.04711685180663,89.57298164367678,94.59793853759766,128,0.9235037565231323,0.2644728422164917,0.36057281494140625,0.8776565790176392,1.0901187062263489,1.2635501384735106,1.4261835932731626,1.6160932528972631,1.7067545652389526,272
regression_residual,65.25976774704662,0.5,128,3072,53.22128682297855,0.9602288835582796,0.9220395088195801,2832.50537109375,0.45169878005981445,128,51.16537094116211,14.64957046508789,19.952451705932617,48.648311614990234,60.35590362548828,70.01075592041015,78.99832839965819,89.4967404174805,94.54993438720703,128,0.9231356382369995,0.26431041955947876,0.3599860370159149,0.8777223825454712,1.088953047990799,1.2631478071212767,1.4253032863140105,1.6147178113460545,1.7058883905410767,136
regression_residual,63.92310947586699,0.5,128,3072,53.19857497063479,0.959819111868765,0.9212527275085449,2830.08837890625,0.4583895206451416,128,51.14448547363281,14.640015602111816,19.92021942138672,48.65128707885742,60.21908092498779,69.98629608154296,78.9467746734619,89.41894744873049,94.49866485595703,128,0.9227588176727295,0.26413801312446594,0.3594045042991638,0.8777760565280914,1.0864844918251038,1.262706470489502,1.42437310218811,1.613314089775086,1.7049634456634521,272
regression_residual,62.60998671263917,0.5,128,3072,53.17524737689285,0.9593982308523133,0.9204449653625488,2827.60693359375,0.4604010581970215,128,51.12310791015625,14.629936218261719,19.888643264770508,48.65526008605957,60.07873249053955,69.9590980529785,78.89271621704101,89.33886268615726,94.44329833984375,128,0.9223731756210327,0.2639561593532562,0.35883480310440063,0.8778477609157562,1.0839522778987885,1.262215769290924,1.4233977615833282,1.6118692743778233,1.7039644718170166,68
regression_residual,61.32005310003014,0.5,128,3072,53.151261891181846,0.9589654800200669,0.9196147918701172,2825.056640625,0.4571359157562256,128,51.101219177246094,14.619234085083008,19.857540130615234,48.659257888793945,59.93502712249756,69.92889785766602,78.8351577758789,89.25711158752443,94.38375091552734,128,0.921978235244751,0.26376307010650635,0.35827362537384033,0.8779198527336121,1.081359475851059,1.2616708517074584,1.4223593294620513,1.6103943526744848,1.7028900384902954,272
regression_residual,60.05296637046716,0.5,128,3072,53.12656247702274,0.9585198483508921,0.9187602996826172,2822.431640625,0.4571714401245117,128,51.078765869140625,14.607912063598633,19.82696533203125,48.662858963012695,59.9173698425293,69.89605102539062,78.77470970153809,89.17347198486331,94.32025146484375,128,0.9215731620788574,0.2635588049888611,0.3577219843864441,0.8779848217964172,1.0810409784317017,1.2610782623291015,1.421268790960312,1.6088852703571324,1.7017444372177124,136
regression_residual,58.808388309811555,0.5,128,3072,53.10111365578292,0.9580606957323494,0.9178802967071533,2819.728271484375,0.45604872703552246,128,51.055728912353516,14.595915794372559,19.79697608947754,48.666879653930664,59.92358112335205,69.85989761352539,78.71083488464355,89.08723213195803,94.25241088867188,128,0.9211574792861938,0.26334235072135925,0.3571809232234955,0.8780573606491089,1.081153005361557,1.2604259371757507,1.4201162815093993,1.607329256534577,1.7005205154418945,272
regression_residual,57.58598472124816,0.5,128,3072,53.07490284965202,0.9575877952331197,0.9169743855794271,2816.9453125,0.4590871334075928,128,51.0320930480957,14.583250999450684,19.767717361450195,48.67995834350586,59.929545402526855,69.8206916809082,78.64288253784179,88.99899810791018,94.17960357666016,128,0.9207310080528259,0.2631138563156128,0.35665303468704224,0.8782933056354523,1.0812605917453766,1.25971862077713,1.4188902854919432,1.6057373857498174,1.6992069482803345,17
regression_residual,56.38542538939034,0.5,128,3072,53.04791052008434,0.9571007943349337,0.9160419305165609,2814.080810546875,0.45792698860168457,128,51.00782012939453,14.569925308227539,19.739665985107422,48.693124771118164,59.93461608886719,69.77748336791991,78.5718406677246,88.90819221496585,94.10285186767578,128,0.9202931523323059,0.26287344098091125,0.3561469316482544,0.8785309195518494,1.0813521444797516,1.258938956260681,1.4176085531711577,1.6040990138053899,1.697822093963623,272
regression_residual,55.20638404459907,0.5,128,3072,53.02010324071663,0.9565990899527967,0.9150818188985189,2811.13134765625,0.4560232162475586,128,50.982933044433594,14.555822372436523,19.712369918823242,48.712759017944336,59.94006824493408,69.73121948242186,78.4968765258789,88.81508628845218,94.0202865600586,128,0.9198440909385681,0.2626189887523651,0.35565441846847534,0.8788851201534271,1.0814504623413086,1.2581042885780334,1.4162559449672698,1.6024192070961003,1.6963324546813965,136
regression_residual,54.04853832751572,0.5,128,3072,52.9914129246428,0.9560814536494104,0.9140917460123698,2808.08984375,0.4606468677520752,128,50.95732879638672,14.54098892211914,19.68572235107422,48.745012283325195,59.94584655761719,69.68063964843749,78.41740188598632,88.71952758789065,93.93280792236328,128,0.9193820953369141,0.2623513638973236,0.35517364740371704,0.8794670701026917,1.0815547108650208,1.25719176530838,1.414822083711624,1.6006951045989994,1.6947541236877441,272
regression_residual,52.911569753808585,0.5,128,3072,52.96182661242907,0.9555476516081315,0.9130713144938151,2804.955078125,0.45645952224731445,128,50.93104934692383,14.525263786315918,19.66086769104004,48.778907775878906,59.95053958892822,69.626171875,78.33363037109375,88.62115867614749,93.8394546508789,128,0.9189079403877258,0.26206764578819275,0.3547252118587494,0.8800786137580872,1.0816394090652466,1.2562089681625366,1.4133107006549834,1.5989204096794134,1.6930698156356812,68
regression_residual,51.79516367913135,0.5,128,3072,52.93124824728418,0.9549959507535134,0.9120172659556071,2801.717041015625,0.4553709030151367,128,50.903953552246094,14.508760452270508,19.636470794677734,48.813655853271484,59.9556360244751,69.5675666809082,78.27718315124511,88.52009750366213,93.74030303955078,128,0.9184191823005676,0.2617698907852173,0.3542850613594055,0.8807055354118347,1.0817313492298126,1.2551517367362974,1.4122922837734222,1.5970969307422642,1.6912808418273926,272
regression_residual,50.69900926429383,0.5,128,3072,52.89972687562408,0.9544272359906014,0.9109313488006592,2798.381103515625,0.4564638137817383,128,50.876136779785156,14.49136734008789,19.614501953125,48.85007095336914,59.96004676818848,69.5038246154785,78.22399101257324,88.41645103454593,93.63534545898438,128,0.9179172515869141,0.26145610213279724,0.35388869047164917,0.8813625574111938,1.0818108916282654,1.2540016174316404,1.4113325476646423,1.5952269566059116,1.689387321472168,136
regression_residual,49.62279944064356,0.5,128,3072,52.86714997874389,0.9538394772348782,0.9098097483317057,2794.935546875,0.4567239284515381,128,50.84748077392578,14.473053932189941,19.593036651611328,48.88719367980957,59.94820213317871,69.43575897216796,78.16721305847167,88.309832611084,93.52375030517578,128,0.9174003005027771,0.26112568378448486,0.3535013794898987,0.8820323348045349,1.0815972089767456,1.2527735471725463,1.410308200120926,1.5933032798767095,1.6873737573623657,272
regression_residual,48.5662308756586,0.5,128,3072,52.83352484603171,0.9532328060029122,0.9086527824401855,2791.38134765625,0.45496535301208496,128,50.818016052246094,14.453747749328613,19.57368278503418,48.926170349121094,59.92955303192139,69.36336975097656,78.10601005554199,88.19984298706058,93.40528106689453,128,0.9168685674667358,0.2607773244380951,0.35315224528312683,0.882735550403595,1.0812606811523438,1.2514675021171568,1.4092038989067077,1.5913188982009892,1.6852363348007202,34
regression_residual,47.52900393874971,0.5,128,3072,52.79878936304435,0.9526061016137501,0.9074583848317465,2787.712158203125,0.45508575439453125,128,50.78765106201172,14.433511734008789,19.55621337890625,48.9666690826416,59.88626003265381,69.28409118652343,78.04108924865722,88.08663993835452,93.28145599365234,128,0.91632080078125,0.2604122459888458,0.3528370261192322,0.8834662437438965,1.080479621887207,1.2500371336936948,1.4080325841903685,1.5892764163017277,1.6830023527145386,272
regression_residual,46.510822667272016,0.5,128,3072,52.76285110786992,0.9519576965731513,0.90622345606486,2783.91845703125,0.4556388854980469,128,50.75634002685547,14.412233352661133,19.540496826171875,49.00779151916504,59.95504379272461,69.20064392089843,77.9712993621826,87.97041481018069,93.1490249633789,128,0.9157558679580688,0.2600283622741699,0.35255345702171326,0.8842081725597382,1.0817206501960754,1.2485316157341002,1.4067734777927396,1.587179509401322,1.6806129217147827,136
regression_residual,45.51139473274565,0.5,128,3072,52.725670577913235,0.9512868781675542,0.9049467245737711,2779.996337890625,0.45645976066589355,128,50.72404861450195,14.389830589294434,19.526901245117188,49.05067443847656,59.93706130981445,69.11058044433592,77.89652595520019,87.85088478088382,93.00960540771484,128,0.9151732325553894,0.2596241235733032,0.3523081839084625,0.8849818706512451,1.0813961923122406,1.2469066023826598,1.4054244339466093,1.5850228250026708,1.6780976057052612,272
regression_residual,44.53043140728403,0.5,128,3072,52.68721965746888,0.9505931391278937,0.9036273161570231,2775.943115234375,0.45684814453125,128,50.69074249267578,14.36633586883545,19.51582145690918,49.093936920166016,59.78601932525635,69.0144889831543,77.81744956970213,87.7275174713135,92.8623046875,128,0.9145722985267639,0.2592002749443054,0.35210829973220825,0.885762482881546,1.0786710679531097,1.2451729774475095,1.403997617959976,1.5827970027923588,1.6754398345947266,68
regression_residual,43.56764753022959,0.5,128,3072,52.647444553071615,0.9498755089019311,0.9022634824117025,2771.75341796875,0.4548652172088623,128,50.65638732910156,14.341683387756348,19.507062911987305,49.139211654663086,59.621033668518066,68.91267013549803,77.69385604858397,87.60050773620608,92.70693969726562,128,0.9139524698257446,0.25875547528266907,0.3519502580165863,0.8865792453289032,1.0756944119930267,1.2433359026908872,1.4017677605152128,1.5805054914951329,1.672636866569519,272
regression_residual,42.62276147499661,0.5,128,3072,52.60632833842332,0.9491336821020794,0.900854746500651,2767.42578125,0.4553699493408203,128,50.62096405029297,14.315855026245117,19.501014709472656,49.159013748168945,59.451531410217285,68.80378189086913,77.54532890319823,87.47014488220218,92.543701171875,128,0.9133133888244629,0.25828948616981506,0.35184115171432495,0.8869365453720093,1.0726361572742462,1.2413713335990904,1.3990880548954008,1.5781533932685856,1.6696914434432983,136
regression_residual,41.695495116119716,0.5,128,3072,52.56373317147361,0.948365171755061,0.8993964989980062,2762.946044921875,0.4537029266357422,128,50.58437728881836,14.28870964050293,19.497907638549805,49.13015365600586,59.28152561187744,68.79066085815428,77.39032897949218,87.33496986389163,92.37075805664062,128,0.9126532077789307,0.2577997148036957,0.3517850637435913,0.8864158689975739,1.0695689022541046,1.2411345601081847,1.3962914168834684,1.5757146215438846,1.6665713787078857,272
regression_residual,40.78557379650796,0.5,128,3072,52.519634535274044,0.9475695355212886,0.8978880246480306,2758.31201171875,0.4538724422454834,128,50.546546936035156,14.26038932800293,19.497779846191406,49.10171890258789,59.162309646606445,68.81430358886718,77.22831497192382,87.19631065368655,92.18925476074219,128,0.9119706153869629,0.25728872418403625,0.35178273916244507,0.8859028220176697,1.0674179792404175,1.2415611147880552,1.393368351459503,1.5732129228115086,1.6632965803146362,17
regression_residual,39.892726294904,0.5,128,3072,52.473989092215966,0.9467459914951366,0.8963279724121094,2753.51953125,0.45511794090270996,128,50.50749969482422,14.230660438537598,19.50101089477539,49.072818756103516,59.03867435455322,68.83500518798827,77.05919380187987,87.05320373535159,91.99895477294922,128,0.9112662076950073,0.2567523717880249,0.3518410623073578,0.8853814005851746,1.065187394618988,1.2419347167015073,1.3903170526027677,1.5706309473514561,1.6598632335662842,272
regression_residual,39.01668479354711,0.5,128,3072,52.426713636603,0.9458930384631302,0.8947136402130127,2748.560302734375,0.4557633399963379,128,50.46714401245117,14.199566841125488,19.507854461669922,49.06137466430664,58.91111946105957,68.85307617187499,76.88284950256346,86.9056759643555,91.79898071289062,128,0.9105380773544312,0.2561913728713989,0.35196453332901,0.885174959897995,1.0628859102725983,1.242260694503784,1.3871354818344113,1.5679691958427433,1.6562551259994507,136
regression_residual,38.15718484603975,0.5,128,3072,52.37777345729532,0.945010050160084,0.8930439949035645,2743.43115234375,0.45393967628479004,128,50.42544174194336,14.167078971862793,19.518627166748047,49.05652046203613,58.79684352874756,68.8684341430664,76.69936904907225,86.75357925415041,91.58817291259766,128,0.9097856283187866,0.25560522079467773,0.35215890407562256,0.8850873708724976,1.0608241558074951,1.2425378680229187,1.3838250279426572,1.5652251219749456,1.652451753616333,272
regression_residual,37.31396534541737,0.5,128,3072,52.32699358660404,0.9440938697846769,0.8913132349650065,2738.1142578125,0.4528782367706299,128,50.38224411010742,14.133081436157227,19.533647537231445,49.08115196228027,58.729763984680176,68.88005981445312,76.56092987060545,86.59696647644046,91.36769104003906,128,0.9090062379837036,0.2549917995929718,0.3524298667907715,0.8855317533016205,1.0596138834953308,1.2427475571632385,1.3813273787498472,1.5623993909358982,1.6484737396240234,68
regression_residual,36.48676849242007,0.5,128,3072,52.27445506501,0.9431459594851413,0.8895243008931478,2732.61865234375,0.45628929138183594,128,50.33763122558594,14.097562789916992,19.552722930908203,49.09273719787598,58.660672187805176,68.88873138427734,76.47280158996581,86.43538719177249,91.13545227050781,128,0.9082014560699463,0.2543509900569916,0.35277408361434937,0.8857407867908478,1.0583673417568207,1.242904007434845,1.3797372221946713,1.5594842362403873,1.644283652305603,272
regression_residual,35.675339763966086,0.5,128,3072,52.21999596433942,0.9421633977216417,0.8876718680063883,2726.927978515625,0.4563133716583252,128,50.29145812988281,14.060477256774902,19.57636260986328,49.120649337768555,58.5889892578125,68.89303359985351,76.37977561950683,86.2684802246094,90.89311981201172,128,0.9073683619499207,0.25368189811706543,0.3532005846500397,0.886244386434555,1.0570740699768066,1.2429815292358397,1.378058898448944,1.5564728558063512,1.639911413192749,136
regression_residual,34.87942788182606,0.5,128,3072,52.163565806568954,0.9411452737597921,0.8857544263203939,2721.03759765625,0.4563922882080078,128,50.24367904663086,14.021777153015137,19.6051025390625,49.14847183227539,58.51409721374512,68.89375228881836,76.2816867828369,86.0967217254639,90.6390380859375,128,0.9065062999725342,0.2529836595058441,0.3537190854549408,0.8867463767528534,1.0557228326797485,1.2429945349693297,1.3762891352176665,1.5533738958835606,1.6353273391723633,272
regression_residual,34.09878478149797,0.5,128,3072,52.10509727569247,0.9400903730710214,0.8837699095408121,2714.941162109375,0.45761966705322266,128,50.19423294067383,13.981422424316406,19.638601303100586,49.17722511291504,58.437904357910156,68.88903503417968,76.17769165039061,85.91943130493166,90.37361145019531,128,0.9056141972541809,0.25225555896759033,0.35432350635528564,0.8872651159763336,1.0543481409549713,1.2429094076156615,1.3744128465652465,1.5501751863956454,1.6305383443832397,34
regression_residual,33.33316558128137,0.5,128,3072,52.04448029990789,0.9389967097183123,0.8817148208618164,2708.6279296875,0.45844292640686035,128,50.14301300048828,13.939366340637207,19.677265167236328,49.2066707611084,58.35832405090332,68.88030166625977,76.06694679260254,85.73666305541994,90.09619903564453,128,0.904690146446228,0.2514967918395996,0.35502105951309204,0.8877964019775391,1.0529122650623322,1.242751920223236,1.3724147558212278,1.5468777811527257,1.6255333423614502,272
regression_residual,32.582328551550795,0.5,128,3072,51.98166744151249,0.9378634278213388,0.8795878092447916,2702.09375,0.45847344398498535,128,50.089996337890625,13.895547866821289,19.721721649169922,49.229623794555664,58.29488563537598,68.86589202880859,75.95109558105469,85.54848892211916,89.80589294433594,128,0.903733491897583,0.2507062256336212,0.3558231592178345,0.8882105052471161,1.0517677664756775,1.242491888999939,1.370324581861496,1.5434825861454013,1.6202954053878784,136
regression_residual,31.846035084227708,0.5,128,3072,51.9165778406811,0.9366890684912936,0.8773864110310873,2695.3310546875,0.45648813247680664,128,50.03507995605469,13.849984169006348,19.771690368652344,49.222761154174805,58.25764846801758,68.8464370727539,75.8280185699463,85.35445945739748,89.50347900390625,128,0.9027427434921265,0.24988411366939545,0.35672470927238464,0.88808673620224,1.0510959327220917,1.2421409487724304,1.3681039690971375,1.5399819374084476,1.6148393154144287,272
regression_residual,31.124049662450005,0.5,128,3072,51.84907578883398,0.935471183247394,0.8751063346862793,2688.32666015625,0.46306276321411133,128,49.978172302246094,13.802499771118164,19.827381134033203,49.21510887145996,58.21626663208008,68.82047576904297,75.76726493835449,85.1544054412842,89.18838500976562,128,0.9017159938812256,0.24902740120887756,0.3577294945716858,0.8879486620426178,1.0503492653369904,1.2416725516319274,1.3670077979564665,1.5363725197315221,1.6091543436050415,68
regression_residual,30.416139830438738,0.5,128,3072,51.77907876784672,0.9342082832814731,0.8727451165517172,2681.072998046875,0.4584817886352539,128,49.91916275024414,13.753192901611328,19.888671875,49.206350326538086,58.19308090209961,68.78842391967774,75.7089729309082,84.94786514282228,88.86079406738281,128,0.9006513357162476,0.24813780188560486,0.3588353097438812,0.8877906203269958,1.0499309599399567,1.2410942912101746,1.365956050157547,1.532646043300629,1.6032438278198242,272
regression_residual,29.72207616356115,0.5,128,3072,51.70666871733036,0.9329018469640464,0.8703058560689291,2673.57958984375,0.458449125289917,128,49.85813522338867,13.702047348022461,19.955930709838867,49.19750213623047,58.23027229309082,68.7498878479004,75.64565391540526,84.73565940856936,88.51990509033203,128,0.899550199508667,0.24721501767635345,0.3600488007068634,0.887630969285965,1.050601989030838,1.240398931503296,1.3648136794567107,1.5288173568248753,1.5970934629440308,136
regression_residual,29.041632238589877,0.5,128,3072,51.6315210394169,0.9315460178367867,0.8677779833475748,2665.81396484375,0.4605865478515625,128,49.7948112487793,13.648826599121094,20.02981185913086,49.188222885131836,58.21103382110596,68.68506927490235,75.5754955291748,84.51698295593263,88.16642761230469,128,0.8984078168869019,0.2462548017501831,0.36138179898262024,0.8874635696411133,1.0502549409866333,1.239229440689087,1.3635479152202605,1.5248718798160557,1.5907158851623535,272
regression_residual,28.37458460415684,0.5,128,3072,51.55359298069098,0.9301400245341981,0.8651604652404785,2657.77294921875,0.456005334854126,128,49.72911071777344,13.593701362609863,20.109375,49.17765426635742,57.89099311828613,68.55914306640625,75.35119972229003,84.29131958007815,87.80049133300781,128,0.8972223401069641,0.24526023864746094,0.36281728744506836,0.8872728943824768,1.0444805920124054,1.2369574189186097,1.3595010936260221,1.5208004939556126,1.5841137170791626,17
regression_residual,27.720712751402193,0.5,128,3072,51.47283396820841,0.9286829546093138,0.8624520301818848,2649.45263671875,0.4557371139526367,128,49.66096878051758,13.536635398864746,20.195520401000977,49.166526794433594,57.6372013092041,68.42570114135742,75.04247550964355,84.05946609497073,87.42102813720703,128,0.8959929943084717,0.24423061311244965,0.36437153816223145,0.8870720863342285,1.0399017035961151,1.2345498919487,1.3539310932159423,1.5166174173355107,1.5772672891616821,272
regression_residual,27.079799084816763,0.5,128,3072,51.389240156926334,0.927174738689117,0.8596529960632324,2640.85400390625,0.45577144622802734,128,49.590423583984375,13.477518081665039,20.287511825561523,49.107046127319336,57.417601585388184,68.28362426757812,74.72229537963867,83.8208547973633,87.0293197631836,128,0.894720196723938,0.24316401779651642,0.3660312592983246,0.88599893450737,1.0359395742416382,1.2319865226745605,1.3481542825698851,1.5123122394084934,1.5702000856399536,136
regression_residual,26.451628893277977,0.5,128,3072,51.30246933018917,0.9256092024336636,0.8567523956298828,2631.943359375,0.4558875560760498,128,49.51713180541992,13.416289329528809,20.385982513427734,49.02443313598633,57.325639724731445,68.13258438110351,74.3898021697998,83.57555282592776,86.6229248046875,128,0.893397867679596,0.24205930531024933,0.36780789494514465,0.8845084011554718,1.0342804491519928,1.2292614459991456,1.3421553790569305,1.50788653254509,1.5628678798675537,272
regression_residual,25.835990321278224,0.5,128,3072,51.21261975211774,0.9239881187434725,0.8537540435791016,2622.732421875,0.4563710689544678,128,49.44114685058594,13.353102684020996,20.490671157836914,49.07789993286133,57.23114490509033,68.22927703857421,74.08073921203612,83.32315803527834,86.2051010131836,128,0.8920268416404724,0.2409193068742752,0.3696966767311096,0.8854730725288391,1.0325755178928375,1.2310059309005736,1.336579221487045,1.5033327996730808,1.5553292036056519,68
regression_residual,25.232674340345422,0.5,128,3072,51.11949131767769,0.9223078772843111,0.8506518205006918,2613.202392578125,0.45453667640686035,128,49.36231231689453,13.287757873535156,20.60158920288086,49.114707946777344,57.13395118713379,68.4093406677246,73.78129959106445,83.06403060913088,85.77458953857422,128,0.8906044960021973,0.23974034190177917,0.37169790267944336,0.8861371874809265,1.0308219194412231,1.2342547178268433,1.3311766743659972,1.4986575651168828,1.5475620031356812,272
regression_residual,24.641474720654717,0.5,128,3072,51.02295362750965,0.9205661253653903,0.8474419911702474,2603.341796875,0.45505595207214355,128,49.28045654296875,13.220383644104004,20.718772888183594,49.09979057312012,57.05343532562256,68.25519485473633,73.47096557617188,82.79809799194338,85.33231353759766,128,0.8891276121139526,0.23852474987506866,0.37381216883659363,0.8858680129051208,1.0293692648410797,1.2314735770225524,1.3255775451660157,1.4938594901561741,1.539582371711731,136
regression_residual,24.062188002830833,0.5,128,3072,50.92299688086047,0.918762686159602,0.8441248734792074,2593.151611328125,0.4626026153564453,128,49.19557189941406,13.150947570800781,20.842357635498047,49.083621978759766,57.00725269317627,67.77933654785156,73.17310485839843,82.52442596435549,84.87860870361328,128,0.8875961303710938,0.2372719794511795,0.37604188919067383,0.8855763077735901,1.028536081314087,1.2228880763053893,1.3202034652233123,1.4889219331741337,1.5313963890075684,272
regression_residual,23.494613469940717,0.5,128,3072,50.81940393595983,0.9168936419525856,0.8406939506530762,2582.61181640625,0.45772600173950195,128,49.10742950439453,13.079452514648438,20.9715576171875,49.06655693054199,56.95452880859375,67.28673019409179,72.9205768585205,82.24396339416506,84.41520690917969,128,0.8860058784484863,0.23598206043243408,0.3783729374408722,0.8852684795856476,1.0275847911834717,1.2140003442764282,1.3156473159790039,1.4838616669178013,1.5230356454849243,34
regression_residual,22.93855311967532,0.5,128,3072,50.71216454473719,0.9149588078466442,0.8371496200561523,2571.7236328125,0.45593690872192383,128,49.016014099121094,13.005916595458984,21.10647964477539,49.04855155944824,56.88772201538086,66.78061370849609,72.65961189270018,81.9565594482422,83.94181060791016,128,0.8843564987182617,0.23465530574321747,0.3808072507381439,0.8849435746669769,1.026379406452179,1.2048688411712647,1.3109389424324034,1.4786763930320743,1.51449453830719,272
regression_residual,22.39381163672026,0.5,128,3072,50.60115179025078,0.91295589398145,0.8334884643554688,2560.4765625,0.4538581371307373,128,48.92115783691406,12.93048095703125,21.24663543701172,49.02907180786133,56.80678749084473,66.50098114013672,72.38834877014159,81.66237861633303,83.4609603881836,128,0.8826450705528259,0.2332942634820938,0.3833359479904175,0.8845920860767365,1.0249191224575043,1.1998237490653991,1.306044739484787,1.473368619680405,1.5058189630508423,136
regression_residual,21.860196365314536,0.5,128,3072,50.48621021501812,0.9108820955626483,0.8297061920166016,2548.857421875,0.45526790618896484,128,48.82271957397461,12.852995872497559,21.393447875976562,49.00896072387695,56.71825122833252,66.21053161621093,72.10778312683104,81.36068191528322,82.97388458251953,128,0.8808690309524536,0.2318962663412094,0.38598477840423584,0.8842292726039886,1.0233217775821686,1.1945833444595337,1.300982755422592,1.467925403118134,1.4970310926437378,272
regression_residual,21.33751728199683,0.5,128,3072,50.3672644494914,0.9087360527580914,0.8258012135823568,2536.861328125,0.4547548294067383,128,48.72058868408203,12.773627281188965,21.544673919677734,48.986976623535156,56.62272930145264,65.90994720458984,71.81631774902343,81.05198379516604,82.48196411132812,128,0.8790264129638672,0.23046430945396423,0.38871321082115173,0.8838326334953308,1.0215983390808105,1.1891602277755737,1.295724046230316,1.4623558235168461,1.488155722618103,68
regression_residual,20.825586968538452,0.5,128,3072,50.24415486060294,0.9065148854366984,0.8217692375183105,2524.47509765625,0.45461344718933105,128,48.61461639404297,12.69228458404541,21.70163917541504,48.8672981262207,56.51848602294922,65.58388824462891,71.55545501708983,80.73666091918948,81.986083984375,128,0.8771144151687622,0.22899669408798218,0.39154523611068726,0.8816733658313751,1.0197175443172455,1.1832773685455322,1.2910174369812009,1.4566666066646579,1.4792089462280273,272
regression_residual,20.324220585062683,0.5,128,3072,50.11688486366147,0.9042186552181384,0.8176113764444987,2511.7021484375,0.45465922355651855,128,48.50472640991211,12.609272003173828,21.862686157226562,48.603492736816406,56.36434841156006,65.2242561340332,71.40802040100097,80.3759564971924,81.5400619506836,128,0.8751317262649536,0.22749894857406616,0.3944508731365204,0.8769137263298035,1.0169366300106049,1.1767887353897095,1.2883575439453123,1.4501587450504305,1.4711618423461914,136
regression_residual,19.833235843349488,0.5,128,3072,49.985290805145866,0.9018444094335216,0.8133233388264974,2498.529296875,0.4579346179962158,128,48.39080810546875,12.524333953857422,22.028736114501953,48.459407806396484,56.1904993057251,64.85228042602539,71.32590370178221,79.94168922424318,81.18453979492188,128,0.8730764985084534,0.22596649825572968,0.39744675159454346,0.8743141293525696,1.0137999653816223,1.1700775265693664,1.2868759155273435,1.4423236012458804,1.464747428894043,272
regression_residual,19.352452980325225,0.5,128,3072,49.84926987460548,0.8993902931565556,0.808902899424235,2484.94970703125,0.455247163772583,128,48.27269744873047,12.43771743774414,22.161203384399414,48.44548416137695,55.98482322692871,64.56105880737304,71.08098678588867,79.50619110107424,80.8222427368164,128,0.870945394039154,0.2244037389755249,0.3998367488384247,0.8740629255771637,1.0100891590118408,1.1648232460021972,1.282457113265991,1.4344662535190584,1.458210825920105,17
regression_residual,18.881694731736523,0.5,128,3072,49.70871697166152,0.8968544101456155,0.80434783299764,2470.95654296875,0.45522451400756836,128,48.1502685546875,12.349425315856934,22.227750778198242,48.424848556518555,55.608198165893555,64.30170135498047,70.7801471710205,79.06952224731447,80.45257568359375,128,0.8687365055084229,0.222810760140419,0.40103745460510254,0.8736906051635742,1.0032940208911896,1.1601438760757445,1.2770293176174163,1.4265877664089206,1.4515410661697388,272
regression_residual,18.420786306007955,0.5,128,3072,49.56358615219065,0.8942359314678275,0.7996579011281332,2456.549072265625,0.4575824737548828,128,48.02344512939453,12.259599685668945,22.300762176513672,48.488935470581055,55.458213806152344,63.9353759765625,70.60474319458007,78.63316452026369,80.07676696777344,128,0.8664484024047852,0.22119010984897614,0.40235471725463867,0.874846875667572,1.0005879402160645,1.1535346031188964,1.2738646686077117,1.4187149178981784,1.4447606801986694,136
regression_residual,17.969555358282417,0.5,128,3072,49.41369626840569,0.8915315888193259,0.7948285738627116,2441.71337890625,0.45650410652160645,128,47.89206314086914,12.168127059936523,22.379201889038086,48.51442909240723,55.29924011230469,63.534149932861325,70.43989448547363,78.19501457214356,79.69392395019531,128,0.8640780448913574,0.21953974664211273,0.40376994013786316,0.8753068447113037,0.9977196902036667,1.1462955594062805,1.2708903551101682,1.4108097839355471,1.4378533363342285,272
regression_residual,17.52783196464411,0.5,128,3072,49.25910052340583,0.8887423421008497,0.7898629506429037,2426.458984375,0.4545400142669678,128,47.756126403808594,12.075234413146973,22.463947296142578,48.38740539550781,55.18349647521973,63.10250129699707,70.13447189331053,77.75542755126955,79.30545806884766,128,0.8616253733634949,0.21786373853683472,0.40529894828796387,0.8730150461196899,0.9956314414739609,1.1385076522827149,1.265379863977432,1.402878648042679,1.4308446645736694,68
regression_residual,17.09544859652303,0.5,128,3072,49.099558058729,0.885863845696839,0.784754753112793,2410.7666015625,0.4559018611907959,128,47.61540222167969,11.980830192565918,22.555044174194336,48.11096382141113,55.06143760681152,62.629198455810545,69.76773567199706,77.31296333312989,78.9106216430664,128,0.8590863943099976,0.21616049110889435,0.4069425165653229,0.8680274188518524,0.9934292286634445,1.1299682617187499,1.2587631344795225,1.3948956656455995,1.4237208366394043,272
regression_residual,16.67224009528057,0.5,128,3072,48.935080360041816,0.8828963068339409,0.7795058886210123,2394.64208984375,0.4571266174316406,128,47.469879150390625,11.88499927520752,22.65235137939453,47.8292293548584,54.933176040649414,62.1888542175293,69.39201164245604,76.86490104675293,78.51012420654297,128,0.8564608097076416,0.214431494474411,0.408698171377182,0.8629443347454071,0.9911150932312012,1.1220235347747802,1.2519842445850369,1.3868116462230684,1.4164950847625732,136
regression_residual,16.258043646975455,0.5,128,3072,48.76574265045084,0.8798410827021814,0.7741203308105469,2378.09765625,0.4571518898010254,128,47.3195915222168,11.787881851196289,22.756261825561523,47.68589210510254,54.80169105529785,61.7293659210205,69.00823440551756,76.41093132019044,78.10385131835938,128,0.8537492752075195,0.21267928183078766,0.41057294607162476,0.8603582382202148,0.9887428730726242,1.1137333035469055,1.245060062408447,1.3786210131645205,1.4091650247573853,272
regression_residual,15.852698757309602,0.5,128,3072,48.59130821839437,0.8766939025051895,0.7685921986897787,2361.115234375,0.46163201332092285,128,47.16428756713867,11.689536094665527,22.86636734008789,47.46031951904297,54.66313457489014,61.49173545837402,68.61763191223142,75.94804008483888,77.69297790527344,128,0.8509473204612732,0.21090489625930786,0.41255950927734375,0.856288343667984,0.9862429946660995,1.1094459772109986,1.2380128085613247,1.3702694714069368,1.40175199508667,34
regression_residual,15.456047226752926,0.5,128,3072,48.411666498117995,0.8734527713939628,0.7629197438557943,2343.689453125,0.45708584785461426,128,47.00390625,11.5897216796875,22.98297119140625,47.26091194152832,54.519328117370605,61.328902053833005,68.22167129516599,75.47207305908204,77.2767562866211,128,0.8480538129806519,0.2091040313243866,0.41466328501701355,0.8526906371116638,0.9836483895778656,1.1065081000328063,1.2308687686920161,1.3616819202899935,1.3942424058914185,272
regression_residual,15.067933125846643,0.5,128,3072,48.22676942386355,0.8701168221566761,0.7571032842000326,2325.8212890625,0.4583292007446289,128,46.83836364746094,11.488638877868652,23.105066299438477,47.08955192565918,54.32799053192139,61.044806671142574,67.69036750793454,74.98119819641114,76.85530853271484,128,0.8450669050216675,0.20728027820587158,0.41686615347862244,0.8495989143848419,0.9801962524652481,1.101382315158844,1.2212828338146204,1.352825472354889,1.3866385221481323,136
regression_residual,14.688202770684557,0.5,128,3072,48.03654360468054,0.8666847306594221,0.751142422358195,2307.509521484375,0.45654869079589844,128,46.66761016845703,11.386114120483398,23.233217239379883,46.94216728210449,54.0802526473999,60.67910919189453,67.1475360870361,74.47095458984376,76.43084716796875,128,0.8419861793518066,0.20543049275875092,0.4191782474517822,0.8469397723674774,0.9757265001535416,1.0947844147682189,1.2114889800548547,1.343619532585144,1.3789803981781006,272
regression_residual,14.316704698571334,0.5,128,3072,47.840744312837046,0.8631520814765165,0.7450315157572428,2288.73681640625,0.45487189292907715,128,46.49138641357422,11.282200813293457,23.366985321044922,46.85436248779297,53.821760177612305,60.28161468505859,66.59637603759762,73.93773735046388,76.0009765625,128,0.8388066291809082,0.20355567336082458,0.42159172892570496,0.8453556001186371,0.9710627496242523,1.0876127362251282,1.2015448749065394,1.333999148607254,1.3712245225906372,68
regression_residual,13.953289643857476,0.5,128,3072,47.63920289366469,0.8595158317073909,0.7387674649556478,2269.49365234375,0.45615148544311523,128,46.309566497802734,11.176652908325195,23.5063419342041,46.65662384033203,53.72892093658447,59.715755462646484,66.0413011550903,73.37544723510743,75.56818389892578,128,0.8355263471603394,0.20165137946605682,0.42410600185394287,0.8417879641056061,0.9693877249956131,1.0774033427238463,1.191530162096023,1.3238542342185975,1.363416075706482,272
regression_residual,13.597810513950062,0.5,128,3072,47.43175092797809,0.8557729427001072,0.732347329457601,2249.77099609375,0.45583581924438477,128,46.12200927734375,11.069396018981934,23.651552200317383,46.44952201843262,53.360172271728516,59.14046936035156,65.48316612243649,72.77892570495605,75.13092803955078,128,0.8321422338485718,0.1997162103652954,0.42672595381736755,0.8380514085292816,0.9627346843481064,1.0670239448547363,1.1814601063728327,1.3130915689468383,1.3555269241333008,136
regression_residual,13.25012236549893,0.5,128,3072,47.218305342049284,0.8519219156221906,0.7257709503173828,2229.568359375,0.45351266860961914,128,45.92860412597656,10.960471153259277,23.800453186035156,46.216535568237305,52.98938179016113,58.813376617431636,64.92404899597165,72.25101097106933,74.68866729736328,128,0.8286528587341309,0.1977509707212448,0.4294124245643616,0.8338477909564972,0.9560447782278061,1.0611225008964538,1.171372407674789,1.3035668921470642,1.3475476503372192,272
regression_residual,12.91008238075732,0.5,128,3072,46.99862603959157,0.8479584186093985,0.7190334796905518,2208.870849609375,0.45322370529174805,128,45.7291374206543,10.849727630615234,23.925024032592773,45.9777946472168,52.705904960632324,58.54827308654785,64.36520576477048,71.82580291748047,74.24463653564453,128,0.8250541090965271,0.19575290381908417,0.4316599667072296,0.8295403718948364,0.9509302526712418,1.0563393592834474,1.1612896978855127,1.295895220041275,1.339536190032959,17
regression_residual,12.577549844116524,0.5,128,3072,46.77288095230104,0.8438854815182913,0.7121427059173584,2187.702392578125,0.4549698829650879,128,45.52374267578125,10.737398147583008,23.862316131591797,45.732744216918945,52.37266254425049,58.09188537597656,63.808869934082004,71.46028343200683,73.79574584960938,128,0.8213481903076172,0.19372625648975372,0.4305286109447479,0.825119137763977,0.944917842745781,1.048105204105377,1.1512521803379054,1.289300515651703,1.331437349319458,272
regression_residual,12.25238611881397,0.5,128,3072,46.54105263182307,0.8397027895422372,0.7051007747650146,2166.069580078125,0.4543485641479492,128,45.31241989135742,10.623291015625,23.795621871948242,45.544206619262695,52.01223087310791,57.96838035583496,63.25745887756345,71.08405799865723,73.34324645996094,128,0.8175355792045593,0.19166748225688934,0.42932528257369995,0.8217175006866455,0.9384148567914963,1.045876920223236,1.1413035035133356,1.2825124228000642,1.3232731819152832,136
regression_residual,11.934454623813876,0.5,128,3072,46.303215795112436,0.8354116907391718,0.6979126930236816,2143.98779296875,0.45290231704711914,128,45.095279693603516,10.507311820983887,23.723899841308594,45.42529106140137,51.69291400909424,57.84081535339355,62.71263618469236,70.69695152282715,72.88623046875,128,0.8136178255081177,0.1895749717950821,0.42803123593330383,0.8195720314979553,0.9326536804437637,1.0435752868652344,1.1314736485481258,1.2755282950401308,1.3150277137756348,272
regression_residual,11.623620810860025,0.5,128,3072,46.059322418383715,0.8310113186545501,0.6905798117319742,2121.461181640625,0.45334649085998535,128,44.87226104736328,10.389481544494629,23.64773941040039,45.24116325378418,51.145236015319824,57.707126235961915,62.193924331665016,70.29789192199708,72.42501831054688,128,0.8095940947532654,0.18744905292987823,0.42665714025497437,0.8162499368190765,0.9227723479270935,1.0411632895469665,1.1221149325370785,1.2683283305168152,1.3067063093185425,68
regression_residual,11.31975214169988,0.5,128,3072,45.80969146404776,0.8265074280706773,0.6831145286560059,2098.52783203125,0.456373929977417,128,44.64360809326172,10.270143508911133,23.566673278808594,45.01370811462402,50.72563552856445,57.5660041809082,61.695629119873026,69.886527633667,71.95958709716797,128,0.8054687976837158,0.1852959394454956,0.42519453167915344,0.8121461570262909,0.9152018576860428,1.0386170744895935,1.1131246507167811,1.2609063959121705,1.2983088493347168,272
regression_residual,11.022718065479586,0.5,128,3072,45.55501910464971,0.8219125794690018,0.6755402882893881,2075.259765625,0.4533822536468506,128,44.40986633300781,10.15006160736084,23.481395721435547,44.83893585205078,50.297945976257324,57.41766090393066,61.19315166473387,69.46313636779786,71.48731231689453,128,0.8012514114379883,0.1831294149160385,0.4236559569835663,0.8089928328990936,0.9074853807687759,1.0359406471252441,1.1040588200092312,1.2532675874233246,1.2897881269454956,136
regression_residual,10.732389996308926,0.5,128,3072,45.295551787330616,0.817231219297124,0.6678668657938639,2051.68701171875,0.4542524814605713,128,44.17109680175781,10.030017852783203,23.390581130981445,44.48176193237305,49.985124588012695,57.260322952270506,60.68748645782469,69.02595268249512,71.00987243652344,128,0.7969435453414917,0.18096356093883514,0.4220174551010132,0.8025486469268799,0.901841402053833,1.033101999759674,1.0949355244636534,1.2453798139095307,1.2811740636825562,272
regression_residual,10.448641290995925,0.5,128,3072,45.03200765974339,0.8124763045156917,0.6601177453994751,2027.8817138671875,0.454620361328125,128,43.927879333496094,9.910760879516602,23.29534149169922,44.2988224029541,49.89924621582031,57.09376487731934,59.66395816802978,68.57418769836426,70.52530670166016,128,0.7925554513931274,0.17881189286708832,0.42029911279678345,0.799248069524765,0.9002920091152191,1.0300969004631042,1.0764688372612,1.2372289955615998,1.272431492805481,34
regression_residual,10.171347226950155,0.5,128,3072,44.76509461945839,0.8076606071513552,0.6523156563440958,2003.9136962890625,0.45506811141967773,128,43.680686950683594,9.793421745300293,23.19491958618164,44.11516571044922,49.6581974029541,56.81245384216309,59.060295486450194,68.10667236328125,70.03302001953125,128,0.7880955934524536,0.1766948252916336,0.4184872806072235,0.7959344387054443,0.8959429115056992,1.0250214457511901,1.0655774176120758,1.2287939751148225,1.2635494470596313,272
regression_residual,9.900384980254326,0.5,128,3072,44.49542007023377,0.8027950861017171,0.6444799502690634,1979.8424072265625,0.45339465141296387,128,43.42998123168945,9.678800582885742,23.089521408081055,43.808956146240234,49.271742820739746,56.15038871765137,58.83152885437011,67.62291244506837,69.53073120117188,128,0.7835721969604492,0.17462681233882904,0.41658565402030945,0.7904098033905029,0.8889704346656799,1.0130762934684754,1.0614499747753143,1.2200658023357391,1.2544870376586914,136
regression_residual,9.635633603903335,0.5,128,3072,44.22337100412801,0.7978867235533125,0.63662322362264,1955.70654296875,0.45319128036499023,128,43.17620086669922,9.566718101501465,22.979450225830078,43.3306827545166,49.0421199798584,55.051680374145505,58.60540199279785,67.11989463806152,69.0189437866211,128,0.7789934873580933,0.17260459065437317,0.414599746465683,0.7817806303501129,0.8848274797201157,0.9932531774044037,1.0573701202869414,1.2109903061389924,1.245253324508667,272
regression_residual,9.376974006210345,0.5,128,3072,43.94854502000038,0.7929282593059251,0.6287352244059244,1931.474609375,0.45278096199035645,128,42.91901397705078,9.456892967224121,22.863935470581055,42.905982971191406,48.907155990600586,54.696197509765625,58.24749317169189,66.59577018737794,68.49472045898438,128,0.7743532657623291,0.17062312364578247,0.4125155806541443,0.7741181254386902,0.8823924958705902,0.9868394672870635,1.0509127080440521,1.2015338957309725,1.2357951402664185,68
regression_residual,9.124288929379041,0.5,128,3072,43.67056125036493,0.7879128216737572,0.620806614557902,1907.117919921875,0.45317625999450684,128,42.65816879272461,9.348721504211426,22.743955612182617,42.56956672668457,48.59549140930176,54.33240242004394,57.85909881591796,66.04923439025879,67.95846557617188,128,0.7696470618247986,0.16867147386074066,0.41035088896751404,0.768048495054245,0.8767693787813187,0.9802758157253265,1.0439052462577818,1.1916731786727905,1.2261199951171875,272
regression_residual,8.877462928241497,0.5,128,3072,43.3886556539048,0.7828266256736848,0.6128175258636475,1882.575439453125,0.4534645080566406,128,42.39313888549805,9.241056442260742,22.619251251220703,42.347049713134766,48.09671211242676,53.94424057006836,57.524158477783196,65.4745718383789,67.40723419189453,128,0.7648652791976929,0.1667289435863495,0.408100962638855,0.7640337646007538,0.8677702993154526,0.973272567987442,1.0378621101379393,1.1813050186634064,1.2161744832992554,136
regression_residual,8.636382349161115,0.5,128,3072,43.10225991256505,0.7776594176000203,0.6047541697820028,1857.8048095703125,0.45281171798706055,128,42.12346267700195,9.133380889892578,22.490657806396484,42.09766960144043,47.59173583984375,53.40218544006348,57.2309585571289,64.86969989776613,66.83858489990234,128,0.7599997520446777,0.164786234498024,0.4057808816432953,0.7595343887805939,0.8586594313383102,0.9634927332401275,1.0325722157955168,1.1703918516635896,1.205914855003357,272
regression_residual,8.400935309099815,0.5,128,3072,42.81066801509219,0.7723984594594118,0.5965993801752726,1832.7532958984375,0.45491456985473633,128,41.84857940673828,9.024942398071289,22.356616973876953,41.89376640319824,47.31929969787598,52.84939804077148,57.00839080810546,64.22738697052003,66.2509994506836,128,0.7550402879714966,0.16282977163791656,0.4033624529838562,0.7558555603027344,0.8537440448999405,0.953519195318222,1.0285565733909605,1.1588030898571016,1.1953134536743164,17
regression_residual,8.17101167484897,0.5,128,3072,42.51318729229791,0.7670312539786617,0.5883369445800781,1807.37109375,0.45473766326904297,128,41.56795883178711,8.914922714233398,22.219776153564453,41.724416732788086,46.904544830322266,52.57204399108886,56.78309173583984,63.542036132812505,65.64266204833984,128,0.7499772310256958,0.16084478795528412,0.40089356899261475,0.7528001070022583,0.8462609797716141,0.9485150754451751,1.02449169754982,1.1464378094673158,1.1843377351760864,272
regression_residual,7.946503042423345,0.5,128,3072,42.209331735374285,0.7615490324916424,0.5799569288889567,1781.627685546875,0.4600808620452881,128,41.28117752075195,8.802969932556152,22.01809310913086,41.55338096618652,46.49871826171875,52.31181678771973,56.524371719360346,62.807362518310555,65.01111602783203,128,0.7448030710220337,0.15882490575313568,0.39725473523139954,0.7497142553329468,0.8389389663934708,0.9438200831413269,1.0198237657546996,1.1331827926635742,1.1729432344436646,136
regression_residual,7.727302716617499,0.5,128,3072,41.89815124948832,0.7559346532012419,0.5714371999104818,1755.455078125,0.46230459213256836,128,40.98750686645508,8.687899589538574,21.81964874267578,41.24801445007324,46.22418975830078,52.015143585205074,56.119324874877925,62.011636695861824,64.35328674316406,128,0.7395045757293701,0.15674880146980286,0.39367440342903137,0.7442047595977783,0.8339859247207642,0.938467413187027,1.0125158965587615,1.1188261365890504,1.1610746383666992,272
regression_residual,7.513305690723954,0.5,128,3072,41.57883255222843,0.750173442706858,0.5627601941426595,1728.79931640625,0.4603269100189209,128,40.68622589111328,8.569146156311035,21.62835121154785,40.88333320617676,45.868062019348145,51.70542259216309,55.74319343566894,61.14725765228272,63.66704559326172,128,0.7340688705444336,0.15460620820522308,0.39022296667099,0.7376251220703125,0.8275605887174606,0.9328793704509735,1.0057296216487883,1.1032307779788972,1.148693323135376,68
regression_residual,7.304408626412445,0.5,128,3072,41.25063919959302,0.7442521139415361,0.5539112091064453,1701.615234375,0.4552435874938965,128,40.37663650512695,8.446429252624512,21.443382263183594,40.6356315612793,45.49928569793701,51.33147621154785,55.358094596862784,60.21419837951661,62.95085906982422,128,0.7284832000732422,0.15239211916923523,0.38688570261001587,0.7331560254096985,0.8209070563316345,0.9261325299739838,0.9987816214561461,1.086396372318268,1.1357717514038086,272
regression_residual,7.100509833769679,0.5,128,3072,40.91367687067645,0.7381725735882004,0.5448987483978271,1673.928955078125,0.45620059967041016,128,40.05854415893555,8.3211669921875,21.265344619750977,40.41479682922363,45.12880325317383,50.913072967529295,54.766873168945295,59.2300574874878,62.20283889770508,128,0.7227441668510437,0.15013213455677032,0.3836735188961029,0.7291716635227203,0.814222663640976,0.9185836374759674,0.9881146639585493,1.06864030957222,1.1222758293151855,136
regression_residual,6.901509251498943,0.5,128,3072,40.56848232079307,0.7319445058913892,0.5357427597045898,1645.8017578125,0.4559605121612549,128,39.73215866088867,8.194952011108398,21.092805862426758,39.967830657958984,44.745015144348145,50.49091796875,53.8984477996826,58.20879348754883,61.421104431152344,128,0.7168554067611694,0.14785493910312653,0.3805605471134186,0.7211074233055115,0.807298332452774,0.9109670341014862,0.9724463641643522,1.050214445590973,1.1081717014312744,272
regression_residual,6.707308427278882,0.5,128,3072,40.215355031050485,0.7255733141479177,0.5264566342035929,1617.2747802734375,0.453632116317749,128,39.39754104614258,8.068989753723145,20.925676345825195,39.66784477233887,44.4004487991333,50.0673282623291,53.27976818084715,57.14459609985352,60.60535430908203,128,0.7108181715011597,0.14558228850364685,0.37754514813423157,0.7156949937343597,0.8010816127061844,0.90332453250885,0.9612840026617048,1.0310139584541322,1.0934536457061768,34
regression_residual,6.517810498280856,0.5,128,3072,39.85541495910562,0.7190792048532458,0.5170749028523763,1588.4541015625,0.45383572578430176,128,39.055450439453125,7.945183753967285,20.76419448852539,39.27692222595215,44.062944412231445,49.617863464355466,52.68090209960936,56.02165603637695,59.75753402709961,128,0.7046460509300232,0.1433485597372055,0.3746316730976105,0.708641916513443,0.7949922680854797,0.8952151834964752,0.9504791438579557,1.0107536911964417,1.0781570672988892,272
regression_residual,6.332920171844227,0.5,128,3072,39.490273352474084,0.7124912484507131,0.5076437791188558,1559.481689453125,0.45471835136413574,128,38.706886291503906,7.826777935028076,20.607988357543945,38.89123725891113,43.66554260253906,48.965891647338864,52.09534130096434,54.87811859130859,58.874874114990234,128,0.6983572244644165,0.14121225476264954,0.3718133568763733,0.7016833126544952,0.7878222614526749,0.8834522128105163,0.9399143427610396,0.9901218020915985,1.0622320175170898,136
regression_residual,6.152543706308865,0.5,128,3072,39.121951633441995,0.7058459158372268,0.49821845690409344,1530.527099609375,0.4555697441101074,128,38.353309631347656,7.716902256011963,20.457195281982422,38.42680740356445,43.37391662597656,48.302661132812496,51.52304859161376,54.54754364013672,57.962154388427734,128,0.6919779181480408,0.13922986388206482,0.369092732667923,0.6933039426803589,0.7825607061386108,0.871486085653305,0.9295889377593993,0.9841574561595917,1.0457645654678345,272
regression_residual,5.976588892004314,0.5,128,3072,38.7525956791929,0.6991819233493358,0.48885536193847656,1501.763671875,0.4536004066467285,128,37.99676513671875,7.616401672363281,20.3092098236084,38.15506362915039,43.103257179260254,47.91285858154297,50.963598251342766,54.3231457901001,57.022422790527344,128,0.6855450868606567,0.13741660118103027,0.36642274260520935,0.6884011030197144,0.7776774019002914,0.8644532024860382,0.9194952011108397,0.980108878016472,1.028809666633606,68
regression_residual,5.804965032394941,0.5,128,3072,38.38545447476655,0.6925578898116435,0.47963643074035645,1473.443115234375,0.4542098045349121,128,37.64142990112305,7.521036148071289,20.166780471801758,37.88333702087402,42.78554344177246,47.56867637634277,50.214274406433105,54.09126022338867,56.056640625,128,0.6791340112686157,0.13569602370262146,0.36385300755500793,0.6834985613822937,0.7719451487064362,0.8582433938980103,0.9059757888317108,0.9759251338243485,1.0113849639892578,272
regression_residual,5.6375829253804275,0.5,128,3072,38.02281066490713,0.6860149991478219,0.47061657905578613,1445.734130859375,0.45595836639404297,128,37.29075622558594,7.425183296203613,20.027740478515625,37.49491882324219,42.428664207458496,47.22434692382812,49.428608512878405,53.85145401000977,55.07224655151367,128,0.6728070974349976,0.1339666098356247,0.36134442687034607,0.6764906644821167,0.7655062675476074,0.852030873298645,0.891800647974014,0.9715984964370729,0.9936242699623108,136
regression_residual,5.474354844750939,0.5,128,3072,37.66471961286351,0.6795542502324539,0.4617939790089925,1418.631103515625,0.45520877838134766,128,36.94480895996094,7.328855037689209,19.892704010009766,37.09912300109863,42.114084243774414,46.8032039642334,48.86838874816894,53.60297676086426,54.070926666259766,128,0.666565477848053,0.13222864270210266,0.3589080572128296,0.6693496108055115,0.759830579161644,0.8444326043128967,0.8816930085420607,0.9671154391765595,0.9755582809448242,272
regression_residual,5.315194521796382,0.5,128,3072,37.31174753219487,0.673185858801502,0.45317920049031574,1392.16650390625,0.4532506465911865,128,36.603538513183594,7.23514461517334,19.761672973632812,36.7759952545166,41.624274253845215,46.355946731567386,48.31244888305663,52.97031433105469,53.57276916503906,128,0.6604081988334656,0.13053791224956512,0.35654395818710327,0.6635197103023529,0.7509932816028595,0.8363630652427674,0.8716626912355422,0.9557007676362992,0.9665703773498535,17
regression_residual,5.160017127069073,0.5,128,3072,36.96449349439101,0.6669206334201505,0.44478313128153485,1366.373779296875,0.452526330947876,128,36.26734161376953,7.14516544342041,19.633628845214844,36.293256759643555,41.189720153808594,45.9536994934082,47.76033058166503,52.31341262817383,53.323612213134766,128,0.654342532157898,0.128914475440979,0.3542338013648987,0.6548100113868713,0.743152990937233,0.8291056454181671,0.8617012083530425,0.9438488358259202,0.9620750546455383,272
regression_residual,5.008739252299154,0.5,128,3072,36.621993530612855,0.6607411819737521,0.436578909556071,1341.17041015625,0.4528477191925049,128,35.935325622558594,7.0585174560546875,19.480804443359375,36.02890968322754,40.69538879394531,45.55248680114746,47.21128330230712,51.80495738983155,53.0637321472168,128,0.6483522057533264,0.12735114991664886,0.3514764904975891,0.6500406563282013,0.7342341840267181,0.821866899728775,0.851795220375061,0.9346751910448076,0.9573862552642822,136
regression_residual,4.861278892462154,0.5,128,3072,36.28283467146517,0.6546220113916594,0.4285299777984619,1316.444091796875,0.45325398445129395,128,35.60623550415039,6.974257469177246,19.308523178100586,35.8372859954834,40.401838302612305,45.14992408752441,46.6809814453125,51.293771820068365,52.79170608520508,128,0.6424146294593811,0.12583091855049133,0.3483681380748749,0.6465833187103271,0.7289378345012665,0.8146037697792053,0.8422274291515349,0.9254523026943208,0.952478289604187,272
regression_residual,4.7175554279980485,0.5,128,3072,35.94580576574182,0.6485412698465325,0.42060577869415283,1292.1009521484375,0.4539194107055664,128,35.27888488769531,6.892115592956543,19.13697624206543,35.58971977233887,39.86608600616455,44.74518356323242,46.18139724731445,50.77992485046388,52.507843017578125,128,0.636508584022522,0.12434890121221542,0.34527307748794556,0.6421166658401489,0.7192717343568802,0.8073013663291931,0.8332138270139694,0.916181339621544,0.9473567605018616,68
regression_residual,4.577489607181119,0.5,128,3072,35.610168582096215,0.6424856380237877,0.4127877950668335,1268.0841064453125,0.45248961448669434,128,34.95258331298828,6.811844825744629,18.964738845825195,35.32307434082031,39.251824378967285,44.41175384521485,45.70027675628662,50.26192871093751,52.2122917175293,128,0.6306213140487671,0.12290064245462418,0.3421654999256134,0.6373058259487152,0.7081891298294067,0.8012855768203735,0.8245333194732666,0.9068355762958529,0.9420244097709656,272
regression_residual,4.441003528640092,0.5,128,3072,35.275514715969244,0.6364477474083576,0.40506573518117267,1244.3619384765625,0.4551525115966797,128,34.62693786621094,6.733273983001709,18.79343032836914,34.96053123474121,38.64583206176758,44.095703506469725,45.26404018402099,49.83852832794191,51.904964447021484,128,0.6247460246086121,0.12148305028676987,0.3390747308731079,0.6307647526264191,0.6972556859254837,0.7955833673477173,0.8166626930236816,0.8991964572668077,0.9364795684814453,136
regression_residual,4.308020624027743,0.5,128,3072,34.94162263243509,0.63042360102371,0.39743391672770184,1220.9169921875,0.45279788970947266,128,34.301692962646484,6.656635761260986,18.6216983795166,34.67300033569336,38.16131401062012,43.66842079162598,44.87314929962158,49.4851206970215,51.58603286743164,128,0.6188778877258301,0.12010032683610916,0.33597633242607117,0.6255770623683929,0.6885139048099518,0.7878742337226867,0.8096101582050323,0.8928202611207965,0.9307252764701843,272
regression_residual,4.178465640839506,0.5,128,3072,34.60779482848662,0.6244006143839402,0.389876127243042,1197.699462890625,0.4556140899658203,128,33.97626495361328,6.581255912780762,18.45054817199707,34.361000061035156,37.80728054046631,43.236887741088864,44.43739643096924,49.1174599838257,51.25509262084961,128,0.6130064129829407,0.11874031275510788,0.3328884243965149,0.6199478805065155,0.6821263432502747,0.7800884127616882,0.8017481952905655,0.8861868315935137,0.9247544407844543,34
regression_residual,4.052264625380291,0.5,128,3072,34.27330482792876,0.6183656802632116,0.38237611452738446,1174.659423828125,0.45642614364624023,128,33.650020599365234,6.506568431854248,18.18971061706543,34.09982681274414,37.44632053375244,42.78933906555176,43.9371862411499,48.735302047729505,50.9130859375,128,0.6071202754974365,0.11739278584718704,0.3281823396682739,0.6152357459068298,0.6756138503551483,0.7720136523246764,0.7927233010530471,0.8792918723821642,0.918583869934082,272
regression_residual,3.9293449058789607,0.5,128,3072,33.93690650378839,0.6122963157945435,0.3749067783355713,1151.713623046875,0.4557671546936035,128,33.3218994140625,6.4315505027771,17.846710205078125,33.7202033996582,37.13503170013428,42.32708511352539,43.41945896148681,48.335483016967785,50.55904769897461,128,0.6012002229690552,0.11603929102420807,0.3219938576221466,0.6083865165710449,0.66999751329422,0.7636735618114471,0.7833824187517165,0.8720782411098482,0.9121962785720825,136
regression_residual,3.8096350757498043,0.5,128,3072,33.59700928956512,0.6061638236655243,0.3674345811208089,1128.759033203125,0.4541749954223633,128,32.990543365478516,6.354767799377441,17.515031814575195,33.40333938598633,36.728970527648926,41.868529891967775,42.931509971618645,47.91321437835695,50.194393157958984,128,0.5952218770980835,0.11465396732091904,0.31600964069366455,0.6026695966720581,0.6626712679862976,0.7554002046585083,0.7745787024497985,0.8644595885276797,0.9056171178817749,272
regression_residual,3.6930649770003265,0.5,128,3072,33.251875975038985,0.5999368607890253,0.3599242369333903,1105.687255859375,0.4545862674713135,128,32.65435791015625,6.275367259979248,17.193748474121094,33.0738525390625,36.338521003723145,41.28775062561035,42.55801563262939,47.46173847198487,49.8181266784668,128,0.5891562700271606,0.11322139948606491,0.31021296977996826,0.5967248976230621,0.6556266993284225,0.7449216783046723,0.7678400576114655,0.8563140088319781,0.898828387260437,68
regression_residual,3.5795656837847707,0.5,128,3072,32.900707332346975,0.5936010073393632,0.35236215591430664,1082.45654296875,0.4565572738647461,128,32.312583923339844,6.193005084991455,16.87874984741211,32.82041549682617,35.96133232116699,40.729912185668944,42.187977981567386,46.969634017944344,49.43069839477539,128,0.5829899311065674,0.11173540353775024,0.30452972650527954,0.5921523869037628,0.6488214135169983,0.734857052564621,0.761163768172264,0.8474353373050691,0.8918383717536926,272
regression_residual,3.4690694861027,0.5,128,3072,32.5450765375646,0.5871846468674966,0.34478580951690674,1059.1820068359375,0.4551098346710205,128,31.966644287109375,6.108652114868164,16.573360443115234,32.37584114074707,35.58625411987305,40.355424880981445,41.87974872589111,46.420894966125495,49.03253173828125,128,0.5767484903335571,0.1102134957909584,0.29901981353759766,0.5841312408447266,0.6420541703701019,0.7281004905700683,0.755602666735649,0.8375348895788194,0.8846545815467834,136
regression_residual,3.361509873641978,0.5,128,3072,32.187391914260274,0.5807312308190672,0.3372487624486287,1036.0281982421875,0.45793795585632324,128,31.618885040283203,6.022808074951172,16.273826599121094,32.03348159790039,35.15281677246094,39.89696846008301,41.52019996643066,45.79709938049317,48.62252426147461,128,0.5704741477966309,0.10866469144821167,0.29361554980278015,0.5779543519020081,0.6342340111732483,0.7198289394378662,0.7491155743598937,0.8262802350521089,0.8772571086883545,272
regression_residual,3.256821519765537,0.5,128,3072,31.829060798712316,0.5742661506309225,0.32978161176045734,1013.089111328125,0.45583057403564453,128,31.27083969116211,5.934962749481201,15.982401847839355,31.69938373565674,34.64907932281494,39.331473922729494,41.07144451141357,45.07640483856202,48.20137405395508,128,0.5641946196556091,0.10707975924015045,0.28835761547088623,0.5719265043735504,0.6251455098390579,0.7096261143684387,0.7410190254449843,0.8132773512601853,0.8696585893630981,17
regression_residual,3.1549402656412835,0.5,128,3072,31.470192990749197,0.5677913873330789,0.3223870595296224,990.373046875,0.4566638469696045,128,30.922624588012695,5.8450236320495605,15.695785522460938,31.386940956115723,34.3500452041626,38.72776069641113,40.6107437133789,44.257360267639164,47.76697540283203,128,0.5579119920730591,0.10545706003904343,0.2831864356994629,0.5662893354892731,0.6197502762079239,0.6987338721752167,0.7327070146799086,0.7984999388456345,0.8618211150169373,272
regression_residual,3.0558031045144776,0.5,128,3072,31.110838583100744,0.5613078447083816,0.31506649653116864,967.88427734375,0.4583754539489746,128,30.574081420898438,5.754109859466553,15.416902542114258,31.131035804748535,34.03553485870361,38.136370468139646,40.14059295654296,43.36713569641113,47.318092346191406,128,0.5516235828399658,0.10381677746772766,0.27815479040145874,0.5616722404956818,0.6140757650136948,0.6880639016628265,0.7242244511842727,0.7824383646249771,0.853722333908081,136
regression_residual,2.959348166121994,0.5,128,3072,30.751760540937937,0.5548292883239196,0.30783553918202716,945.6707763671875,0.4564847946166992,128,30.22562026977539,5.664153099060059,15.142422676086426,30.818998336791992,33.65760612487793,37.55774154663086,39.66283416748046,42.73008731842041,46.8516731262207,128,0.5453365445137024,0.10219375789165497,0.2732025682926178,0.5560424029827118,0.6072570979595184,0.6776241183280944,0.7156046211719512,0.7709446334838868,0.8453070521354675,272
regression_residual,2.8655147012477418,0.5,128,3072,30.3944667398268,0.5483829235660665,0.3007238308588664,923.8236083984375,0.4571969509124756,128,29.878555297851562,5.576341152191162,14.874236106872559,30.51070213317871,33.22998332977295,36.91247978210449,39.17872314453124,42.148102607727054,46.366790771484375,128,0.539074718952179,0.1006094366312027,0.268363893032074,0.5504800379276276,0.5995418280363083,0.6659821689128875,0.7068701833486556,0.7604443329572679,0.8365587592124939,68
regression_residual,2.774243066418696,0.5,128,3072,30.040392322645147,0.5419946435637857,0.29375819365183514,902.4251708984375,0.45557713508605957,128,29.534046173095703,5.492295742034912,14.615467071533203,30.26272487640381,32.81830883026123,36.32989845275879,38.68971004486083,41.60359947204591,45.86094284057617,128,0.5328590869903564,0.09909307956695557,0.2636951208114624,0.5460059940814972,0.5921143740415573,0.6554711520671844,0.6980473190546034,0.7506202882528306,0.8274321556091309,272
regression_residual,2.6854747087408133,0.5,128,3072,29.686074184510844,0.5356019663003293,0.28686946630477905,881.2630004882812,0.45473361015319824,128,29.189172744750977,5.4088006019592285,14.363609313964844,29.84002113342285,32.51235485076904,36.0218692779541,38.00563201904296,41.06598041534424,45.3352165222168,128,0.5266368389129639,0.09758663922548294,0.25915104150772095,0.5383794903755188,0.5865942537784576,0.649913626909256,0.6857050627470015,0.7409204471111299,0.8179468512535095,136
regression_residual,2.59915215087424,0.5,128,3072,29.326233206833134,0.5291096448838392,0.27995701630910236,860.0279541015625,0.45348620414733887,128,28.839279174804688,5.322018623352051,14.121484756469727,29.481529235839844,32.19214057922363,35.68357124328613,37.02258529663086,40.53406414031983,44.788936614990234,128,0.5203239321708679,0.0960208997130394,0.2547825872898102,0.5319115221500397,0.5808168947696686,0.643809974193573,0.6679687619209289,0.7313235145807268,0.8080907464027405,272
regression_residual,2.515218976147159,0.5,128,3072,28.962961682363606,0.5225554288700451,0.2730641762415568,838.8531494140625,0.4543578624725342,128,28.48556900024414,5.236927509307861,13.887979507446289,29.12431049346924,31.85926628112793,35.308201217651366,36.452097702026364,39.9637329864502,44.222503662109375,128,0.5139422416687012,0.09448567032814026,0.2505696415901184,0.5254665017127991,0.574811115860939,0.6370375216007232,0.6576759099960326,0.7210334759950638,0.7978711128234863,34
regression_residual,2.4336198138076144,0.5,128,3072,28.596095788340364,0.5159363625365823,0.2661903301874797,817.7366943359375,0.45365166664123535,128,28.12745475769043,5.1558685302734375,13.663719177246094,28.732105255126953,31.500718593597412,34.66328811645508,36.00874214172363,39.29618900299072,43.63218688964844,128,0.507481038570404,0.09302318841218948,0.24652349948883057,0.5183902680873871,0.5683421194553375,0.6254018366336822,0.6496768027544021,0.7089895278215409,0.7872204780578613,272
regression_residual,2.354300324412701,0.5,128,3072,28.21863536452352,0.5091261476209858,0.2592094341913859,796.2913818359375,0.45467305183410645,128,27.758853912353516,5.073206424713135,13.45004653930664,28.343935012817383,31.05452823638916,34.10909156799316,35.56544532775879,38.53457805633545,43.013126373291016,128,0.5008306503295898,0.09153177589178085,0.24266837537288666,0.5113868415355682,0.5602918863296509,0.6154029071331024,0.6416787385940551,0.6952484047412872,0.7760512232780457,136
regression_residual,2.277207185354466,0.5,128,3072,27.84894688805014,0.5024561557019793,0.2524621884028117,775.5638427734375,0.4546966552734375,128,27.39875030517578,4.987211227416992,13.247050285339355,27.93405818939209,30.57769250869751,33.69447288513184,35.118615531921385,38.038988533020024,42.36606979370117,128,0.4943336248397827,0.08998024463653564,0.23900587856769562,0.5039917528629303,0.5516887307167053,0.6079223096370697,0.6336169391870499,0.6863068771362305,0.7643769383430481,272
regression_residual,2.2022880765218544,0.5,128,3072,27.48736392929031,0.4959324051215303,0.24594895044962564,755.55517578125,0.4542810916900635,128,27.04796600341797,4.895163059234619,13.052192687988281,27.62484359741211,30.12104034423828,33.19010276794434,34.66131458282471,37.65503330230713,41.71881103515625,128,0.4880047142505646,0.08831948786973953,0.23549021780490875,0.4984128326177597,0.543449729681015,0.5988223433494568,0.6253662526607513,0.6793794947862626,0.7526989579200745,68
regression_residual,2.1294916660980916,0.5,128,3072,27.12818264198749,0.4894519859680253,0.23956324656804404,735.9382934570312,0.4530205726623535,128,26.69976043701172,4.802186965942383,12.866785049438477,27.33681583404541,29.749127864837646,32.509826278686525,34.167094421386714,37.25893245697022,41.106964111328125,128,0.481722354888916,0.08664199709892273,0.23214507102966309,0.4932162016630173,0.5367395877838135,0.586548638343811,0.6164494454860687,0.6722329360246659,0.7416598796844482,272
regression_residual,2.058767596492845,0.5,128,3072,26.77453742816461,0.4830714497368296,0.23335802555084229,716.8758544921875,0.4528772830963135,128,26.35598373413086,4.7157111167907715,12.690309524536133,27.037333488464355,29.29990243911743,31.802178955078123,33.72201766967773,36.847830123901375,40.54327392578125,128,0.4755198359489441,0.0850817859172821,0.2289610505104065,0.4878128618001938,0.5286345779895782,0.5737811565399169,0.6084192812442779,0.664815765619278,0.7314896583557129,136
regression_residual,1.9900664704085218,0.5,128,3072,26.42654776465917,0.4767929520524523,0.2273315191268921,698.3624267578125,0.45674991607666016,128,26.017024993896484,4.634320259094238,12.520657539367676,26.707359313964844,28.846845149993896,31.23699016571045,33.237747001647946,36.42250381469727,40.024070739746094,128,0.4694042205810547,0.0836133137345314,0.22590017318725586,0.4818594306707382,0.520460456609726,0.5635838806629181,0.5996819525957108,0.657141958475113,0.7221221327781677,272
regression_residual,1.923339837040052,0.5,128,3072,26.083051231085626,0.4705955202985652,0.2214601437250773,680.3255615234375,0.4558866024017334,128,25.68244171142578,4.553860187530518,12.358820915222168,26.36634349822998,28.4767107963562,30.56973667144775,32.74666843414307,35.980157508850105,39.53274154663086,128,0.46336767077445984,0.08216163516044617,0.22298026084899902,0.4757067412137985,0.5137823820114136,0.5515451788902282,0.5908218055963516,0.649161046743393,0.7132574319839478,17
regression_residual,1.8585401784075393,0.5,128,3072,25.74237599513689,0.4644489909491514,0.2157128651936849,662.669921875,0.45260024070739746,128,25.350914001464844,4.47225284576416,12.202510833740234,26.04949951171875,28.13813877105713,30.031915473937985,32.25112457275391,35.52201435089112,39.0546989440918,128,0.45738616585731506,0.08068925887346268,0.2201600968837738,0.46999016404151917,0.5076738148927689,0.5418417096138,0.5818811386823654,0.6408951401710511,0.7046325206756592,272
regression_residual,1.7956208958211188,0.5,128,3072,25.40769618423963,0.45841063223309303,0.21014030774434408,645.551025390625,0.45298099517822266,128,25.025110244750977,4.392592906951904,12.054482460021973,25.70780086517334,27.65428352355957,29.77473621368408,31.755441284179685,35.04647235870362,38.58091354370117,128,0.4515079855918884,0.07925202697515488,0.2174893319606781,0.46382518112659454,0.4989439994096756,0.5372016131877898,0.5729379087686539,0.6323153108358384,0.6960843801498413,136
regression_residual,1.7345362964773683,0.5,128,3072,25.078210182877136,0.45246598124619153,0.20472546418507895,628.9166259765625,0.4532444477081299,128,24.704273223876953,4.314561367034912,11.911284446716309,25.398208618164062,27.23485565185547,29.47014236450195,31.25760622024536,34.55645389556885,38.10897445678711,128,0.4457193613052368,0.07784416526556015,0.2149057239294052,0.45823945105075836,0.4913765862584114,0.5317060887813567,0.5639558404684066,0.623474310040474,0.6875696182250977,272
regression_residual,1.6752415801866591,0.5,128,3072,24.753259925777957,0.44660316504589626,0.19945438702901205,612.723876953125,0.45409727096557617,128,24.387653350830078,4.238656997680664,11.772971153259277,25.12107276916504,26.88295316696167,29.160581970214842,30.777964878082276,34.05554553985596,37.64442443847656,128,0.440006822347641,0.07647468149662018,0.21241024136543274,0.4532393366098404,0.4850274994969368,0.5261209189891815,0.555302095413208,0.6144368416070939,0.679188072681427,68
regression_residual,1.6176928262307688,0.5,128,3072,24.432087096333227,0.44080850193538657,0.19431213537851968,596.9268798828125,0.45209741592407227,128,24.074390411376953,4.165411472320557,11.63733196258545,24.778531074523926,26.476513385772705,28.844143295288085,30.354964923858642,33.55122734069825,37.18732452392578,128,0.43435484170913696,0.0751531645655632,0.20996302366256714,0.44705909490585327,0.47769443690776825,0.5204116940498352,0.5476702213287353,0.6053378331661226,0.6709409952163696,272
regression_residual,1.5618469803501753,0.5,128,3072,24.11428326172193,0.43507462288968884,0.18928992748260498,581.4986572265625,0.4522075653076172,128,23.763999938964844,4.095229625701904,11.508912086486816,24.41142177581787,26.05677080154419,28.45655632019043,30.064821338653562,33.05154762268067,36.72783279418945,128,0.4287547767162323,0.073886938393116,0.20764605700969696,0.44043564796447754,0.4701213613152504,0.5134187459945678,0.5424353897571563,0.5963224893808365,0.6626508235931396,136
regression_residual,1.507661841860286,0.5,128,3072,23.79720586194811,0.4293538503236463,0.18434472878774008,566.3070068359375,0.4535837173461914,128,23.454078674316406,4.02656888961792,11.38222599029541,24.1142520904541,25.631567001342773,28.2562385559082,29.73005456924438,32.56715341567994,36.262237548828125,128,0.4231630563735962,0.07264814525842667,0.20536035299301147,0.4350740611553192,0.4624497517943382,0.5098045945167542,0.536395439505577,0.5875829273462296,0.65425044298172,272
regression_residual,1.4550960508960729,0.5,128,3072,23.478371914464304,0.42360138577969114,0.1794381340344747,551.2339477539062,0.45147109031677246,128,23.142318725585938,3.9581544399261475,11.258790016174316,23.793996810913086,25.221214771270752,27.854376411437986,29.354103469848628,32.11407325744629,35.7996940612793,128,0.41753825545310974,0.0714138001203537,0.20313329994678497,0.42929595708847046,0.455046109855175,0.5025540709495544,0.529612472653389,0.5794083893299103,0.6459051370620728,34
regression_residual,1.4041090757844001,0.5,128,3072,23.159283602740985,0.41784433194629356,0.17459388573964438,536.3524169921875,0.45505404472351074,128,22.830215454101562,3.89020037651062,11.139632225036621,23.41438388824463,24.858094215393066,27.240471839904785,28.980753898620602,31.719310016632086,35.342498779296875,128,0.4119071960449219,0.0701877549290657,0.2009834349155426,0.4224468767642975,0.4484946206212044,0.49147792160511017,0.5228764414787291,0.5722859978675843,0.6376563310623169,272
regression_residual,1.3546612005434173,0.5,128,3072,22.841636466009007,0.41211328007443354,0.1698373556137085,521.7403564453125,0.45410966873168945,128,22.51938247680664,3.8233158588409424,11.023204803466797,23.023648262023926,24.484965324401855,26.66725387573242,28.60691232681274,31.34010955810547,34.87483215332031,128,0.4062991142272949,0.06898101419210434,0.1988828182220459,0.41539716720581055,0.4417625293135643,0.48113580942153933,0.5161315292119979,0.5654444086551667,0.629218578338623,136
regression_residual,1.3067135125083835,0.5,128,3072,22.52719168548035,0.4064400057405743,0.1651934782663981,507.474365234375,0.45575475692749023,128,22.21158218383789,3.757658004760742,10.907552719116211,22.579654693603516,24.146477699279785,26.138309669494628,28.231219673156733,30.971869544982916,34.35905075073242,128,0.400745689868927,0.06779640167951584,0.1967962086200714,0.40738657116889954,0.43565549701452255,0.47159249782562257,0.5093531996011733,0.5588005036115647,0.6199127435684204,272
regression_residual,1.2602278900832704,0.5,128,3072,22.220387158390153,0.4009045783560706,0.16072448094685873,493.74560546875,0.4527461528778076,128,21.911590576171875,3.6915814876556396,10.794906616210938,22.25509262084961,23.864781856536865,25.83031463623047,27.852862167358396,30.60811414718628,33.710758209228516,128,0.3953332006931305,0.06660423427820206,0.19476382434368134,0.40153074264526367,0.43057306855916977,0.466035595536232,0.5025267928838729,0.5522376054525376,0.6082161068916321,68
regression_residual,1.2151669906175144,0.5,128,3072,21.91762309531847,0.3954420498149649,0.15637441476186117,480.3822021484375,0.4510495662689209,128,21.615882873535156,3.6243276596069336,10.684179306030273,21.970937728881836,23.55857515335083,25.55224552154541,27.471740627288813,30.24392013549805,32.90955352783203,128,0.3899979889392853,0.06539083272218704,0.19276605546474457,0.396403968334198,0.42504844814538956,0.46101860105991366,0.4956505298614501,0.545666732788086,0.5937606692314148,272
regression_residual,1.1714942384072664,0.5,128,3072,21.62076311005089,0.3900860438022816,0.15216712156931558,467.4573974609375,0.4538543224334717,128,21.32555389404297,3.5606369972229004,10.574975967407227,21.697460174560547,23.3274245262146,25.209099960327148,27.138529968261714,29.882375545501713,32.0833625793457,128,0.3847598433494568,0.06424170732498169,0.19079579412937164,0.3914698213338852,0.42087795585393906,0.45482752919197084,0.4896386712789535,0.539143670797348,0.5788543224334717,136
regression_residual,1.12917381282049,0.5,128,3072,21.32958872037782,0.38483261841919186,0.14809614419937134,454.95135498046875,0.45298123359680176,128,21.040124893188477,3.5020716190338135,10.4689302444458,21.477774620056152,23.113200187683105,24.873805046081543,26.81546831130981,29.524795036315922,31.312358856201172,128,0.3796100318431854,0.06318506598472595,0.1888824850320816,0.3875062018632889,0.41701287776231766,0.4487780541181564,0.4838099271059036,0.532692170739174,0.5649437308311462,272
regression_residual,1.088170636545279,0.5,128,3072,21.045835337629004,0.37971308429689515,0.144182026386261,442.92718505859375,0.4541594982147217,128,20.761550903320312,3.4474875926971436,10.362074851989746,21.189488410949707,22.834671020507812,24.63441352844238,26.491000270843504,29.16737743377686,30.62881851196289,128,0.37458398938179016,0.06220024824142456,0.1869545876979828,0.3823049068450928,0.4119876101613045,0.4444589227437973,0.4779558286070823,0.5262435549497605,0.5526111721992493,17
regression_residual,1.0484503639607456,0.5,128,3072,20.77038749234186,0.37474340030863784,0.14043261607487997,431.40899658203125,0.4531526565551758,128,20.490907669067383,3.3958473205566406,10.258426666259766,20.82494831085205,22.46488857269287,24.37033748626709,26.169100189208983,28.8135758972168,30.010568618774414,128,0.36970093846321106,0.06126853823661804,0.18508455157279968,0.3757277876138687,0.40531592071056366,0.439694407582283,0.47214803546667095,0.5198601484298706,0.5414565801620483,272
regression_residual,1.0099793696298376,0.5,128,3072,20.507102666286748,0.3699931638962483,0.13689494132995605,420.541259765625,0.45359086990356445,128,20.23222541809082,3.3463921546936035,10.156908988952637,20.471745491027832,22.136550903320312,24.109941101074217,25.823387336730956,28.464561367034914,29.449235916137695,128,0.3650337755680084,0.06037626042962074,0.1832529455423355,0.369355246424675,0.3993920013308525,0.4349962830543518,0.4659106150269508,0.5135632193088532,0.5313288569450378,136
regression_residual,0.9727247369134332,0.5,128,3072,20.257756760914447,0.36549441622162243,0.13358616828918457,410.376708984375,0.452106237411499,128,19.98741912841797,3.2984516620635986,10.055148124694824,20.156929969787598,21.884575843811035,23.849500465393067,25.468478298187257,28.11665481567383,28.935110092163086,128,0.36061692237854004,0.05951130762696266,0.18141695857048035,0.3636752963066101,0.3948458209633827,0.4302973568439483,0.45950727462768554,0.5072861751914025,0.5220529437065125,272
regression_residual,0.9366542467050945,0.5,128,3072,20.019021716076686,0.3611871117715575,0.13045612970987955,400.76123046875,0.452451229095459,128,19.753299713134766,3.250917911529541,9.956926345825195,19.945613861083984,21.61829948425293,23.60293788909912,25.1220440864563,27.767438602447513,28.459726333618164,128,0.35639286041259766,0.05865369737148285,0.17964482307434082,0.35986267030239105,0.3900415897369385,0.4258488446474075,0.45325684994459153,0.5009855693578721,0.5134759545326233,68
regression_residual,0.901736366285808,0.5,128,3072,19.79066163840758,0.3570669945117318,0.1274968385696411,391.6702880859375,0.4556303024291992,128,19.529634475708008,3.203702449798584,9.861146926879883,19.673194885253906,21.407870292663574,23.36396026611328,24.757012557983398,27.41593475341797,28.01435661315918,128,0.3523574471473694,0.057801827788352966,0.1779167503118515,0.35494762659072876,0.3862450048327446,0.42153717279434205,0.44667087197303773,0.49464366585016256,0.5054404735565186,272
regression_residual,0.8679402382980875,0.5,128,3072,19.567396239803312,0.35303879644970354,0.1246363917986552,382.88299560546875,0.45381808280944824,128,19.311063766479492,3.1568729877471924,9.767674446105957,19.32001495361328,21.214025020599365,23.034333992004395,24.364944171905517,27.06315586090088,27.596961975097656,128,0.34841397404670715,0.05695691704750061,0.1762302815914154,0.34857548773288727,0.3827475905418396,0.41558996737003323,0.4395971044898033,0.4882787472009659,0.4979097843170166,136
regression_residual,0.835235669838799,0.5,128,3072,19.349237061277524,0.3491027258107019,0.12187271316846211,374.3929748535156,0.45303869247436523,128,19.096830368041992,3.1151225566864014,9.675436019897461,19.12134838104248,21.05997943878174,22.81463756561279,23.97124080657959,26.762575893402104,27.203413009643555,128,0.344548761844635,0.056203655898571014,0.1745661050081253,0.3449911028146744,0.3799682706594467,0.41162614822387694,0.43249381929636,0.4828556287288666,0.49080929160118103,272
regression_residual,0.8035931216700426,0.5,128,3072,19.1460515266856,0.34543681258907427,0.11932659149169922,366.5712890625,0.4527089595794678,128,18.897228240966797,3.0767006874084473,9.590295791625977,18.943482398986816,20.92403554916382,22.593737602233887,23.7282470703125,26.472978248596196,26.8321475982666,128,0.3409474790096283,0.05551043525338173,0.17302998900413513,0.34178201854228973,0.3775155544281006,0.4076406478881836,0.42810968607664107,0.47763066232204443,0.48411086201667786,34
regression_residual,0.7729836975474834,0.5,128,3072,18.954450115981174,0.3419799024000958,0.11695025364557902,359.27117919921875,0.45273280143737793,128,18.709461212158203,3.0376412868499756,9.507275581359863,18.643120765686035,20.768983840942383,22.45662326812744,23.50504674911499,26.172458744049077,26.481525421142578,128,0.3375597596168518,0.05480572208762169,0.17153212428092957,0.3363628387451172,0.3747180849313736,0.40516678988933563,0.4240826606750488,0.4722086322307587,0.4777848720550537,272
regression_residual,0.7433791336654563,0.5,128,3072,18.772347522197126,0.3386943717269286,0.1147138774394989,352.4010314941406,0.45276427268981934,128,18.531661987304688,2.996424436569214,9.428581237792969,18.391846656799316,20.60927963256836,22.2032958984375,23.30128440856933,25.880323715209965,26.150056838989258,128,0.33435186743736267,0.05406207591295242,0.17011231184005737,0.3318292945623398,0.37183666974306107,0.4005962163209915,0.420406325161457,0.4669378557801247,0.4718044698238373,136
regression_residual,0.7147517882182227,0.5,128,3072,18.603142323190323,0.3356415383770891,0.11265524228413899,346.076904296875,0.45290350914001465,128,18.36640167236328,2.9584109783172607,9.356151580810547,18.20620059967041,20.508599281311035,22.009653854370118,23.117806720733636,25.668638000488283,25.84010124206543,128,0.33137020468711853,0.05337623134255409,0.16880550980567932,0.3284798413515091,0.37002015858888626,0.39710246622562406,0.41709600538015357,0.4631186044216156,0.4662121832370758,272
regression_residual,0.6870746310767284,0.5,128,3072,18.449545853150426,0.33287032077321066,0.11080265045166016,340.3857421875,0.4569976329803467,128,18.21561050415039,2.92868971824646,9.288541793823242,18.060236930847168,20.407358169555664,21.815965461730958,22.956590843200676,25.440585899353028,25.58854866027832,128,0.328649640083313,0.052839990705251694,0.16758568584918976,0.325846329331398,0.3681935518980026,0.3936079204082489,0.4141873329877852,0.4590040484070778,0.4616735875606537,68
regression_residual,0.6603212335802207,0.5,128,3072,18.31015509997543,0.33035540549608167,0.10913469394048055,335.26177978515625,0.4538600444793701,128,18.07821273803711,2.905163288116455,9.22537899017334,17.963253021240234,20.217392921447754,21.622176933288575,22.807573032379143,25.222481174468996,25.352340698242188,128,0.3261706829071045,0.052415527403354645,0.16644610464572906,0.32409653067588806,0.3647661581635475,0.3901115536689758,0.4114986866712569,0.4550689396262169,0.45741191506385803,272
regression_residual,0.634465758442085,0.5,128,3072,18.18245372701815,0.32805139230693264,0.10761771599451701,330.60162353515625,0.45327258110046387,128,17.952259063720703,2.8840994834899902,9.169013977050781,17.85459613800049,20.018760681152344,21.37420597076416,22.5939712524414,25.050091514587404,25.131187438964844,128,0.32389819622039795,0.052035488188266754,0.16542914509773254,0.32213613390922546,0.36118240654468536,0.38563760817050935,0.4076448336243628,0.4519586431980133,0.45342180132865906,136
regression_residual,0.6094829497692512,0.5,128,3072,18.06607643280027,0.32595169036492466,0.10624450445175171,326.38311767578125,0.45259761810302734,128,17.83749771118164,2.864746332168579,9.12023639678955,17.73009204864502,19.857165813446045,21.189734840393065,22.41959199905395,24.877089538574218,25.012401580810547,128,0.32182765007019043,0.05168631300330162,0.1645490974187851,0.3198897987604141,0.3582668825984001,0.3823093384504318,0.4044986605644225,0.4488373306393624,0.4512786567211151,272
regression_residual,0.5853481231945421,0.5,128,3072,17.96307654998511,0.32409334630024245,0.10503649711608887,322.672119140625,0.4548830986022949,128,17.73567008972168,2.849233388900757,9.078652381896973,17.5711612701416,19.728140354156494,21.034256172180175,22.25735731124878,24.674935894012453,24.95514488220215,128,0.31999045610427856,0.05140642449259758,0.16379882395267487,0.31702233850955963,0.35593896359205246,0.37950416207313536,0.40157157927751536,0.4451900362968445,0.45024561882019043,17
regression_residual,0.5620371561212988,0.5,128,3072,17.875126338058774,0.3225065313461501,0.10401046276092529,319.5201416015625,0.4535853862762451,128,17.64832305908203,2.838458776473999,9.044509887695312,17.485398292541504,19.6311616897583,20.864533615112304,22.112248039245603,24.487072257995607,24.902725219726562,128,0.31841450929641724,0.05121202766895294,0.1631828099489212,0.3154749870300293,0.35418927669525146,0.37644200921058657,0.39895352870225903,0.4418005523085594,0.4492998421192169,272
regression_residual,0.5395264780796633,0.5,128,3072,17.80246942085476,0.3211956410115805,0.10316663980484009,316.92791748046875,0.4522995948791504,128,17.57574462890625,2.8321573734283447,9.017305374145508,17.459555625915527,19.561971187591553,20.77234477996826,22.016155433654784,24.31321067810059,24.856800079345703,128,0.3171050250530243,0.05109833925962448,0.16269199550151825,0.3150087296962738,0.3529409095644951,0.3747787088155746,0.39721979945898056,0.43866371870040893,0.4484712481498718,136
regression_residual,0.5177930611938628,0.5,128,3072,17.744239409638343,0.32014504374124575,0.10249284903208415,314.8580322265625,0.45360350608825684,128,17.51727294921875,2.828997850418091,8.99777889251709,17.40358829498291,19.50757884979248,20.787472915649413,21.962452411651608,24.15217025756836,24.82012367248535,128,0.31605005264282227,0.05104133114218712,0.1623396873474121,0.3139989525079727,0.35195954144001007,0.3750516802072525,0.39625086635351175,0.4357581847906113,0.4478095471858978,272
regression_residual,0.49681441075985355,0.5,128,3072,17.70013127682382,0.31934923616768585,0.1019839346408844,313.2946472167969,0.45248889923095703,128,17.472715377807617,2.8282289505004883,8.987071990966797,17.351308822631836,19.414924144744873,20.846684074401857,21.92676630020141,24.00258577346802,24.793123245239258,128,0.3152461051940918,0.051027461886405945,0.16214652359485626,0.31305569410324097,0.35028787702322006,0.37611994743347166,0.3956070244312286,0.4330593565106392,0.44732236862182617,68
regression_residual,0.47656855593268876,0.5,128,3072,17.669612614908612,0.3187986124904342,0.101632555325826,312.2152099609375,0.4565281867980957,128,17.441619873046875,2.8293254375457764,8.982662200927734,17.341163635253906,19.364564895629883,20.859128189086913,21.908849430084224,23.86283760070801,24.77648162841797,128,0.3146851658821106,0.051047246903181076,0.16206695139408112,0.31287266314029694,0.349379263818264,0.3763444751501083,0.3952837347984313,0.43053800731897357,0.44702214002609253,272
regression_residual,0.45703404052295754,0.5,128,3072,17.65243494458077,0.3184886895970645,0.1014350454012553,311.60845947265625,0.4554023742675781,128,17.42384147644043,2.831645965576172,8.986894607543945,17.33199691772461,19.347670555114746,20.84601249694824,21.911118507385247,23.731747207641604,24.772064208984375,128,0.31436437368392944,0.05108911171555519,0.16214331984519958,0.3127072751522064,0.34907447546720505,0.37610784769058225,0.3953246921300887,0.4281728401780129,0.44694244861602783,136
regression_residual,0.4381899139016626,0.5,128,3072,17.647780393920115,0.31840471128216186,0.10138156016667683,311.44415283203125,0.4586455821990967,128,17.418575286865234,2.835026979446411,8.996973037719727,17.330153465270996,19.37554693222046,20.889209938049316,21.956951808929436,23.609117069244387,24.779855728149414,128,0.31426936388015747,0.051150113344192505,0.16232514381408691,0.31267404556274414,0.3495774194598198,0.3768872290849686,0.39615161120891557,0.42596031546592716,0.4470830261707306,272
regression_residual,0.4200157220128909,0.5,128,3072,17.65507981465161,0.3185364088610449,0.10146544377009074,311.70184326171875,0.4573078155517578,128,17.425262451171875,2.839378595352173,9.015267372131348,17.38112735748291,19.41340923309326,20.939765548706053,22.083482837676996,23.495170459747314,24.801162719726562,128,0.31439000368118286,0.05122862383723259,0.16265521943569183,0.31359370052814484,0.35026053339242935,0.3777993589639664,0.3984345108270644,0.42390445172786717,0.4474674463272095,34
regression_residual,0.4024914984936259,0.5,128,3072,17.674146592231033,0.3188804153975467,0.10168471932411194,312.3754577636719,0.4555652141571045,128,17.443645477294922,2.845111131668091,9.03918170928955,17.403953552246094,19.416836261749268,20.99688682556152,22.227376842498774,23.42347240447998,24.83502197265625,128,0.3147216737270355,0.051332052797079086,0.1630866825580597,0.3140055388212204,0.3503223657608032,0.3788299262523651,0.4010306745767592,0.42261086851358415,0.44807833433151245,272
regression_residual,0.38559775590007506,0.5,128,3072,17.705645093135196,0.3194487175217995,0.10204748312632243,313.4898681640625,0.45983362197875977,128,17.474361419677734,2.852473497390747,9.069955825805664,17.43715000152588,19.4796142578125,21.05907611846924,22.38742885589599,23.425924987792968,24.88226318359375,128,0.31527581810951233,0.05146488547325134,0.16364191472530365,0.3146044760942459,0.3514550104737282,0.3799519807100296,0.40391837507486333,0.4226551401615143,0.44893065094947815,136
regression_residual,0.3693154770398562,0.5,128,3072,17.750713495232908,0.3202618504618951,0.10256765286127727,315.08782958984375,0.4591505527496338,128,17.51849937438965,2.861823081970215,9.108247756958008,17.482009887695312,19.499267578125,21.104021072387695,22.562936687469477,23.541940898895263,24.94459342956543,128,0.3160721957683563,0.051633570343256,0.1643327921628952,0.31541384756565094,0.3518096134066582,0.3807628720998764,0.407084922492504,0.42474830120801926,0.4500552713871002,272
regression_residual,0.3536261064094067,0.5,128,3072,17.809475826065707,0.3213220519470365,0.10324786106745402,317.17742919921875,0.4541008472442627,128,17.576202392578125,2.8730781078338623,9.153101921081543,17.51557731628418,19.529310703277588,21.159782218933106,22.75266075134277,23.669070930480956,25.022438049316406,128,0.3171132802963257,0.05183663219213486,0.16514204442501068,0.3160194605588913,0.3523516580462456,0.3817689508199692,0.41050796657800664,0.4270420229434967,0.45145970582962036,68
regression_residual,0.3385115417359731,0.5,128,3072,17.881694687104254,0.3226250387864482,0.1040869156519572,319.7550048828125,0.45378661155700684,128,17.647216796875,2.886305809020996,9.203714370727539,17.560672760009766,19.63023614883423,21.226549339294433,22.89274282455444,23.804999465942384,25.11581039428711,128,0.3183945417404175,0.05207529291510582,0.16605521738529205,0.3168330788612366,0.35417255759239197,0.38297354578971865,0.41303535550832743,0.42949446171522143,0.453144371509552,272
regression_residual,0.3239541256235317,0.5,128,3072,17.966909722339654,0.3241625051468282,0.10508132974306743,322.8098449707031,0.45590901374816895,128,17.731136322021484,2.9011576175689697,9.262345314025879,17.617998123168945,19.762733459472656,21.31652126312256,22.9759726524353,23.941511268615724,25.222414016723633,128,0.31990861892700195,0.052343253046274185,0.1671130508184433,0.31786736845970154,0.35656311362981796,0.3845968574285507,0.41453699618577955,0.4319574412703514,0.4550677239894867,136
regression_residual,0.3099366373020109,0.5,128,3072,18.06464391742282,0.3259258446418375,0.1062276562054952,326.33135986328125,0.4528036117553711,128,17.827531814575195,2.9172708988189697,9.327886581420898,17.687743186950684,19.886643886566162,21.425794982910155,23.06069631576538,24.072899837493896,25.341880798339844,128,0.3216478228569031,0.05263397470116615,0.16829556226730347,0.3191257417201996,0.35879871994256973,0.38656839430332185,0.41606560796499253,0.4343279510736465,0.45722317695617676,272
regression_residual,0.2964422844791572,0.5,128,3072,18.174702864661914,0.3279115497298131,0.10752598444620769,330.31982421875,0.452866792678833,128,17.936126708984375,2.9351718425750732,9.401678085327148,17.79063892364502,20.039479732513428,21.533625030517577,23.075615406036377,24.223761386871338,25.47173500061035,128,0.32360708713531494,0.052956946194171906,0.16962692141532898,0.3209822028875351,0.3615562245249748,0.3885138690471649,0.4163347840309143,0.43704985290765763,0.45956605672836304,17
regression_residual,0.2834546952944143,0.5,128,3072,18.297332002191947,0.33012404865367106,0.10898188749949138,334.7923583984375,0.45267820358276367,128,18.057071685791016,2.9554290771484375,9.484282493591309,17.876129150390625,20.16479778289795,21.649892425537107,23.10611400604248,24.41972631454468,25.609844207763672,128,0.325789213180542,0.05332242697477341,0.17111729085445404,0.32252463698387146,0.3638172373175621,0.39061160683631896,0.4168850302696228,0.4405854830145836,0.46205782890319824,272
regression_residual,0.27095791037416617,0.5,128,3072,18.432435248481227,0.33256160789159317,0.11059722304344177,339.7546691894531,0.45511746406555176,128,18.190338134765625,2.9776194095611572,9.57707691192627,18.016108512878418,20.307551860809326,21.76958427429199,23.151893234252928,24.65290222167969,25.75394058227539,128,0.32819366455078125,0.053722791373729706,0.1727914959192276,0.32505016028881073,0.3663928285241127,0.39277112782001494,0.41771100461483,0.4447924926877022,0.46465763449668884,136
regression_residual,0.2589363749877027,0.5,128,3072,18.5798842076039,0.33522191089913084,0.11237372954686482,345.21209716796875,0.45592427253723145,128,18.335906982421875,3.0011022090911865,9.680521965026855,18.154906272888184,20.468098640441895,21.9024076461792,23.213331127166747,24.910218353271485,25.901710510253906,128,0.3308200240135193,0.054146479815244675,0.1746578812599182,0.3275543749332428,0.36928943544626236,0.39516751766204833,0.41881949454545975,0.44943503916263583,0.4673237204551697,272
regression_residual,0.2473749313032709,0.5,128,3072,18.739365473766046,0.3380993031475502,0.11431113878885905,351.163818359375,0.4557020664215088,128,18.493511199951172,3.025538206100464,9.795169830322266,18.279821395874023,20.64845037460327,22.093872451782225,23.290305137634277,25.18508321762085,26.053491592407227,128,0.33366355299949646,0.05458735302090645,0.17672638595104218,0.3298081159591675,0.3725433722138405,0.3986219972372055,0.4202082559466362,0.4543941926956177,0.4700621962547302,68
regression_residual,0.23625881074355648,0.5,128,3072,18.910148584356016,0.3411806054873052,0.1164042055606842,357.5937194824219,0.45517730712890625,128,18.662418365478516,3.0508604049682617,9.921880722045898,18.40159034729004,20.845985889434814,22.29525203704834,23.38297643661499,25.47228355407715,26.208044052124023,128,0.336711049079895,0.05504422262310982,0.1790125072002411,0.3320050984621048,0.3761073648929596,0.4022553026676178,0.42188026309013366,0.45957593947649006,0.47285065054893494,272
regression_residual,0.22557362643996945,0.5,128,3072,19.091886288953024,0.34445955275827356,0.11865238348642985,364.5001220703125,0.4559006690979004,128,18.8422908782959,3.0770459175109863,10.063408851623535,18.549121856689453,21.041670322418213,22.50812530517578,23.491582679748536,25.770828304290774,26.36737823486328,128,0.33995628356933594,0.05551666393876076,0.1815659999847412,0.3346668779850006,0.3796379491686821,0.40609600841999055,0.42383974194526675,0.4649623489379883,0.475725382566452,136
regression_residual,0.21530536578507714,0.5,128,3072,19.284507834830542,0.34793486842590193,0.12105867266654968,371.8922424316406,0.45382165908813477,128,19.03305435180664,3.1040382385253906,10.218426704406738,18.749141693115234,21.24999761581421,22.724358558654785,23.62163562774658,26.084017562866215,26.53299331665039,128,0.3433980941772461,0.056003667414188385,0.18436285853385925,0.3382757008075714,0.38339661806821823,0.4099973440170288,0.4261861637234688,0.4706129506230355,0.4787134528160095,272
regression_residual,0.2054403830825478,0.5,128,3072,19.488100773993953,0.35160813212062386,0.12362827857335408,379.78607177734375,0.45381903648376465,128,19.23480987548828,3.1317901611328125,10.388448715209961,18.91252326965332,21.456599712371826,22.934575462341307,23.772100067138673,26.424718208312992,26.709272384643555,128,0.34703823924064636,0.056504372507333755,0.18743044137954712,0.34122346341609955,0.3871241882443428,0.4137900948524475,0.4289008930325508,0.47675992608070383,0.481893926858902,34
regression_residual,0.19596539229396848,0.5,128,3072,19.70242567280938,0.35547502393390906,0.1263624926408132,388.1855773925781,0.4533655643463135,128,19.447280883789062,3.1605148315429688,10.57332706451416,19.13007926940918,21.691977500915527,23.15048542022705,24.039160060882566,26.660490589141848,27.070890426635742,128,0.35087162256240845,0.05702262371778488,0.19076603651046753,0.34514863789081573,0.39137091487646103,0.4176855802536011,0.43371924608945844,0.48101378589868554,0.488418310880661,272
regression_residual,0.18686745988187783,0.5,128,3072,19.927741170641056,0.3595402102878375,0.12926916281382242,397.1148681640625,0.45337390899658203,128,19.670665740966797,3.190566062927246,10.771852493286133,19.372718811035156,21.935973644256592,23.399654197692872,24.320528411865233,26.900196285247805,27.464723587036133,128,0.3549020290374756,0.05756481736898422,0.19434787333011627,0.34952639043331146,0.39577314257621765,0.4221811592578888,0.4387957319617271,0.48533861488103874,0.49552392959594727,136
regression_residual,0.17813399774839228,0.5,128,3072,20.163833965675092,0.3637998427492948,0.13235032558441162,406.5802001953125,0.4526956081390381,128,19.904747009277344,3.221989393234253,10.984131813049316,19.641758918762207,22.206806659698486,23.64930248260498,24.61120471954345,27.153720130920412,27.86737823486328,128,0.3591253459453583,0.05813176557421684,0.19817785918712616,0.35438045859336853,0.40065956115722656,0.4266853332519531,0.4440401598811149,0.4899127539992333,0.5027887225151062,272
regression_residual,0.16975275626876413,0.5,128,3072,20.410242598501554,0.36824559557720127,0.13560481866200766,416.5780029296875,0.45383548736572266,128,20.14908218383789,3.254615545272827,11.210084915161133,19.912324905395508,22.481791496276855,24.001217460632326,24.909711837768548,27.421817646026614,28.27889633178711,128,0.3635336756706238,0.058720413595438004,0.2022545486688614,0.359262079000473,0.40562090277671814,0.4330346643924713,0.449425908923149,0.4947498074173928,0.5102133750915527,68
regression_residual,0.1617118174192434,0.5,128,3072,20.666539017477927,0.372869745779962,0.13903184731801352,427.1058349609375,0.4533956050872803,128,20.403257369995117,3.2883059978485107,11.445022583007812,20.1483154296875,22.773643970489502,24.353143882751464,25.22885856628417,27.704600410461428,28.698741912841797,128,0.3681195378303528,0.05932826176285744,0.2064933329820633,0.3635198622941971,0.4108865410089493,0.4393841862678528,0.4551840007305144,0.4998518243432045,0.5177883505821228,272
regression_residual,0.15399958799859095,0.5,128,3072,20.932099058529552,0.3776610320670609,0.1426278551419576,438.15277099609375,0.4535558223724365,128,20.666667938232422,3.3228838443756104,11.690834045410156,20.37899875640869,23.073347091674805,24.613102149963378,25.558305168151847,28.001651973724368,29.125896453857422,128,0.37287211418151855,0.05995212495326996,0.2109283208847046,0.3676818907260895,0.41629382967948914,0.444074410200119,0.4611279442906378,0.5052112877368927,0.5254951119422913,136
regression_residual,0.14660479294260434,0.5,128,3072,21.206300569356518,0.38260822944481565,0.1463890572388967,449.7071838378906,0.45555710792541504,128,20.93868637084961,3.3583602905273438,11.942885398864746,20.607433319091797,23.425339221954346,24.85998249053955,25.934014320373524,28.31227045059204,29.560243606567383,128,0.37777990102767944,0.06059219315648079,0.2154758721590042,0.3718033581972122,0.42264457046985626,0.44852868020534514,0.4679065674543379,0.510815549492836,0.5333316922187805,272
regression_residual,0.13951646873101678,0.5,128,3072,21.48984376420093,0.38772397131576275,0.15032987793286642,461.8133850097656,0.4551234245300293,128,21.22008514404297,3.3943138122558594,12.19936466217041,20.871447563171387,23.748488903045654,25.131252861022947,26.336210918426506,28.634797801971434,30.000139236450195,128,0.38285693526268005,0.061240874230861664,0.22010333836078644,0.3765667527914047,0.42847489565610886,0.45342298746109005,0.4751630723476408,0.5166346591711044,0.5412684082984924,17
regression_residual,0.13272395688611835,0.5,128,3072,21.78376621943793,0.3930269778361364,0.15447020530700684,474.532470703125,0.46019721031188965,128,21.511898040771484,3.4308359622955322,12.460083961486816,21.17945957183838,24.109432220458984,25.440666007995606,26.743526840209952,28.998413829803468,30.446016311645508,128,0.38812190294265747,0.0618998147547245,0.2248072773218155,0.3821239620447159,0.4349871203303337,0.45900548100471494,0.48251194506883605,0.5231950497627258,0.5493130087852478,272
regression_residual,0.12621689756246837,0.5,128,3072,22.08762180745983,0.3985091998842369,0.15880958239237467,487.863037109375,0.45707273483276367,128,21.81362533569336,3.468259572982788,12.721915245056152,21.50893497467041,24.483513355255127,25.763519096374512,27.156317234039296,29.39523511886597,30.89715576171875,128,0.39356565475463867,0.06257501989603043,0.22953130304813385,0.38806839287281036,0.4417363628745079,0.46483045220375063,0.4899596050381659,0.5303545993566513,0.5574524998664856,136
regression_residual,0.1199852232270424,0.5,128,3072,22.40170995452621,0.4041760397673009,0.16335827112197876,501.83660888671875,0.45757293701171875,128,22.125553131103516,3.5066423416137695,12.9810209274292,21.807120323181152,24.869131565093994,26.067011451721193,27.574616241455068,29.802922801971437,31.35334014892578,128,0.39919355511665344,0.0632675290107727,0.23420611023902893,0.3934483379125595,0.44869374483823776,0.47030613422393797,0.49750664532184585,0.5377101641893387,0.565683126449585,272
regression_residual,0.11401915242918585,0.5,128,3072,22.725916596613875,0.41002543951987513,0.1681208610534668,516.46728515625,0.4556128978729248,128,22.447587966918945,3.5458524227142334,13.2409086227417,22.141551971435547,25.2647442817688,26.453270530700685,27.9992688179016,30.23901828765869,31.81466293334961,128,0.40500375628471375,0.06397496163845062,0.23889505863189697,0.39948222041130066,0.45583146810531616,0.4772750914096832,0.5051682725548743,0.5455782967805862,0.5740063786506653,68
regression_residual,0.10830918365972066,0.5,128,3072,23.059040750897736,0.4160357307745425,0.17308572928110758,531.7193603515625,0.4556295871734619,128,22.778465270996094,3.586205244064331,13.50363540649414,22.480712890625,25.66752290725708,26.796002006530763,28.430113029479973,30.703576908111575,32.2818717956543,128,0.41097354888916016,0.06470301747322083,0.24363523721694946,0.4056014269590378,0.4630984887480736,0.48345871865749357,0.5129416614770888,0.5539599341154099,0.5824358463287354,272
regression_residual,0.10284608929856659,0.5,128,3072,23.40070810143226,0.4222001600496804,0.17825297514597574,547.5931396484375,0.45685338973999023,128,23.1178035736084,3.6277108192443848,13.77573013305664,22.8240909576416,26.06480598449707,27.13792552947998,28.867494678497305,31.181285419464114,32.75508117675781,128,0.41709592938423157,0.06545186787843704,0.24854442477226257,0.4117967337369919,0.47026632726192474,0.48962778747081753,0.5208330154418943,0.5625788712501526,0.5909735560417175,136
regression_residual,0.097620909650237,0.5,128,3072,23.75105235127422,0.4285211396420333,0.18363036712010702,564.1124877929688,0.4540090560913086,128,23.465776443481445,3.6701226234436035,14.059720039367676,23.174213409423828,26.46909475326538,27.538472747802732,29.31145467758178,31.67152557373047,33.235477447509766,128,0.4233741760253906,0.06621707230806351,0.2536682188510895,0.41811369359493256,0.4775606021285057,0.49685450196266173,0.5288430184125898,0.571423864364624,0.599640965461731,272
regression_residual,0.0926249470665603,0.5,128,3072,24.11044584060636,0.4350053873861242,0.189229687054952,581.3135986328125,0.453352689743042,128,23.822830200195312,3.7129874229431152,14.359353065490723,23.56904125213623,26.856297492980957,27.95050582885742,29.761725997924795,32.174555950164795,33.723690032958984,128,0.42981618642807007,0.0669904500246048,0.25907427072525024,0.4252372533082962,0.48454657942056656,0.5042885124683381,0.5369668900966643,0.5804996198415756,0.6084494590759277,34
regression_residual,0.08784976015599161,0.5,128,3072,24.478905140446948,0.4416532022595112,0.19505755106608072,599.216796875,0.454226016998291,128,24.189037322998047,3.7559683322906494,14.674610137939453,23.98058319091797,27.237634658813477,28.402752304077147,30.21742458343505,32.689105911254885,34.2197151184082,128,0.4364233613014221,0.06776592135429382,0.26476219296455383,0.43266238272190094,0.4914267435669899,0.5124480247497558,0.5451886534690855,0.5897832834720612,0.6173988580703735,272
regression_residual,0.08328715807886612,0.5,128,3072,24.85624440140118,0.4484612311310031,0.201117475827535,617.8328857421875,0.4543132781982422,128,24.564178466796875,3.799213171005249,15.004074096679688,24.328815460205078,27.645031929016113,28.8602352142334,30.67834701538085,33.21547637939453,34.72489547729492,128,0.4431917071342468,0.06854614615440369,0.270706444978714,0.4389452636241913,0.4987770766019821,0.5207020163536071,0.5535047471523283,0.5992801439762115,0.6265133619308472,136
regression_residual,0.07892919492795522,0.5,128,3072,25.242123423394375,0.45542333604420315,0.2074104150136312,637.164794921875,0.45440196990966797,128,24.947948455810547,3.8424935340881348,15.347579956054688,24.696617126464844,28.111997604370117,29.30248107910156,31.1437831878662,33.752143173217775,35.23942184448242,128,0.45011577010154724,0.06932701915502548,0.27690404653549194,0.44558119773864746,0.5072022080421448,0.5286811232566834,0.561902230978012,0.6089627748727798,0.6357965469360352,272
regression_residual,0.07476816419368147,0.5,128,3072,25.635968498564182,0.46252916604946237,0.21393322944641113,657.202880859375,0.4552950859069824,128,25.339763641357422,3.885784387588501,15.700789451599121,25.10495662689209,28.582496166229248,29.774955558776856,31.613498878478996,34.29833251953125,35.76380157470703,128,0.45718497037887573,0.0701080858707428,0.2832767367362976,0.45294854044914246,0.5156909823417664,0.5372056126594543,0.5703769266605375,0.6188172280788422,0.6452575325965881,68
regression_residual,0.0707965933133493,0.5,128,3072,26.037524800831324,0.469774123524735,0.22068772713343301,677.9526977539062,0.4535396099090576,128,25.739421844482422,3.928724765777588,16.062742233276367,25.521878242492676,28.976693630218506,30.23161964416504,32.086807250976555,34.85244899749756,36.297515869140625,128,0.464395672082901,0.07088281959295273,0.28980711102485657,0.4604707211256027,0.5228031873703003,0.5454448163509369,0.5789164692163467,0.6288146883249284,0.6548868417739868,272
regression_residual,0.06700723830375127,0.5,128,3072,26.446499927182,0.47715293287756083,0.22767492135365805,699.4173583984375,0.4534928798675537,128,26.146617889404297,3.971362352371216,16.43121910095215,25.94767189025879,29.369629859924316,30.68061752319336,32.563728904724115,35.41389415740967,36.84022521972656,128,0.4717424213886261,0.07165209949016571,0.2964552640914917,0.4681529700756073,0.5298926085233688,0.5535457134246826,0.5875211626291273,0.6389444380998612,0.6646785736083984,136
regression_residual,0.06339307847650347,0.5,128,3072,26.862528901508416,0.4846590091374996,0.2348943551381429,721.595458984375,0.45530176162719727,128,26.561019897460938,4.013437747955322,16.804019927978516,26.381898880004883,29.768903255462646,31.13262481689453,33.04428005218505,35.98106582641602,37.39099884033203,128,0.47921910881996155,0.07241123169660568,0.30318140983581543,0.47598738968372345,0.537096381187439,0.56170095205307,0.5961913853883742,0.6491774779558183,0.6746156811714172,272
regression_residual,0.05994731123547159,0.5,128,3072,27.285290186231755,0.4922865510605612,0.24234604835510254,744.487060546875,0.45496225357055664,128,26.98235511779785,4.054581642150879,17.183839797973633,26.824684143066406,30.174420833587646,31.599112892150877,33.52881507873534,36.553242492675786,37.94911575317383,128,0.4868209660053253,0.073153555393219,0.31003421545028687,0.48397620022296906,0.5444128066301346,0.5701173961162567,0.6049334347248077,0.6595007759332657,0.6846854090690613,17
regression_residual,0.05666334695564194,0.5,128,3072,27.71418719491878,0.5000247949174387,0.25002479553222656,768.076171875,0.4530942440032959,128,27.410049438476562,4.094565391540527,17.557497024536133,27.268860816955566,30.610921382904053,32.08610305786133,34.0144208908081,37.12876750946045,38.5123176574707,128,0.49453747272491455,0.07387495040893555,0.3167757987976074,0.4919901192188263,0.5522882491350174,0.5789037346839905,0.6136948078870772,0.6698844587802888,0.6948468089103699,272
regression_residual,0.05353480394279581,0.5,128,3072,28.14876057960579,0.507865453062179,0.2579273184140523,792.3527221679688,0.45435023307800293,128,27.843658447265625,4.133197784423828,17.892776489257812,27.656060218811035,31.06200408935547,32.58005256652832,34.49379768371581,37.70705974578858,39.07942199707031,128,0.5023608207702637,0.07457196712493896,0.32282495498657227,0.49897605180740356,0.5604267865419388,0.5878157079219818,0.6223438411951064,0.6803181862831116,0.7050785422325134,136
regression_residual,0.05055550347334691,0.5,128,3072,28.58839815010737,0.5157974802395215,0.26604704062143963,817.2965087890625,0.4524526596069336,128,28.282604217529297,4.170223712921143,18.238561630249023,28.097447395324707,31.49954652786255,33.080298614501956,34.99105396270752,38.28791522979737,39.648468017578125,128,0.5102803111076355,0.07523998618125916,0.3290637135505676,0.5069396495819092,0.5683209896087646,0.5968412160873413,0.6313154846429824,0.6907980579137802,0.7153454422950745,272
regression_residual,0.047719464913693825,0.5,128,3072,29.03282254890575,0.5238158723107929,0.2743830680847168,842.90478515625,0.45246267318725586,128,28.72660255432129,4.205597400665283,18.592432022094727,28.563082695007324,31.89202308654785,33.614620208740234,35.42869682312011,38.871112251281744,40.21775817871094,128,0.5182909965515137,0.07587821036577225,0.335448294878006,0.5153407454490662,0.5754021406173706,0.6064815580844879,0.6392115116119385,0.7013202488422394,0.7256166338920593,68
regression_residual,0.045020900918451776,0.5,128,3072,29.481496406578376,0.5319109339515941,0.2829292416572571,869.1586303710938,0.452678918838501,128,29.175125122070312,4.239173889160156,18.95545768737793,29.02996063232422,32.36579418182373,34.1459457397461,35.90078411102295,39.45444915771485,40.785884857177734,128,0.5263833999633789,0.07648400962352753,0.34199807047843933,0.5237642228603363,0.5839499682188034,0.6160678386688232,0.647729006409645,0.711844865679741,0.735866904258728,272
regression_residual,0.04245421270691502,0.5,128,3072,29.933864683378463,0.5400726510260746,0.2916784683863322,896.0362548828125,0.4514644145965576,128,29.62760353088379,4.271010398864746,19.329933166503906,29.500052452087402,32.897708892822266,34.772631072998045,36.52051601409912,40.037558784484865,41.35176086425781,128,0.534546971321106,0.07705841213464737,0.3487544357776642,0.5322457253932953,0.5935469418764114,0.6273746252059936,0.6589102894067764,0.7223654913902283,0.7460765838623047,136
regression_residual,0.04001398541711184,0.5,128,3072,30.389140789592712,0.5482868317285247,0.3006184498469035,923.4998779296875,0.45479679107666016,128,30.083206176757812,4.301235198974609,19.71794319152832,29.97673797607422,33.380056381225586,35.41294631958008,37.0484920501709,40.616852684021,41.91434097290039,128,0.5427671074867249,0.07760373502969742,0.3557550013065338,0.540846198797226,0.6022495478391647,0.6389273047447205,0.6684361785650254,0.7328172123432161,0.7562267780303955,272
regression_residual,0.037694983536806455,0.5,128,3072,30.84676166274387,0.5565433171754188,0.30974046389261883,951.522705078125,0.4521048069000244,128,30.54138946533203,4.329690456390381,20.121042251586914,30.444411277770996,33.85392189025879,36.05483055114746,37.5970739364624,41.19034820556641,42.47309112548828,128,0.5510337352752686,0.07811712473630905,0.36302778124809265,0.549284040927887,0.6107990592718124,0.6505083382129669,0.6783337742090225,0.7431643515825272,0.7663077712059021,34
regression_residual,0.035492146410806606,0.5,128,3072,31.306008402691248,0.5648291368295775,0.3190319538116455,980.066162109375,0.4511094093322754,128,31.001441955566406,4.356235027313232,20.53878402709961,30.887121200561523,34.3159704208374,36.58855667114258,38.12564468383789,41.75613758087159,43.02748107910156,128,0.5593340396881104,0.07859604805707932,0.3705647587776184,0.5572714805603027,0.6191354393959045,0.6601378858089447,0.6878703683614731,0.7533723920583726,0.7763102650642395,272
regression_residual,0.03340058382393499,0.5,128,3072,31.766153386530174,0.5731311627760044,0.3284793297449748,1009.0885009765625,0.45609283447265625,128,31.462646484375,4.380674362182617,20.9720401763916,31.410602569580078,34.72677040100098,37.060041427612305,38.64016742706299,42.31328792572022,43.576297760009766,128,0.5676552057266235,0.07903698831796646,0.3783816695213318,0.5667162239551544,0.6265471875667572,0.6686445593833923,0.6971534967422485,0.7634246540069581,0.7862120866775513,136
regression_residual,0.031415571659020085,0.5,128,3072,32.226233899839855,0.5814320255325119,0.33806320031483966,1038.5301513671875,0.45389556884765625,128,31.92394256591797,4.403627395629883,21.419170379638672,31.914849281311035,35.12912368774414,37.40697250366211,39.164927291870114,42.862081108093264,44.1204948425293,128,0.5759780406951904,0.07945110648870468,0.38644886016845703,0.5758139491081238,0.6338065415620804,0.674903953075409,0.7066212743520737,0.7733260607719422,0.7960306406021118,272
regression_residual,0.029532547629265354,0.5,128,3072,32.68511545735976,0.5897112564937703,0.3477593660354614,1068.3167724609375,0.4545447826385498,128,32.38414001464844,4.425430774688721,21.87909698486328,32.41179275512695,35.59907054901123,37.92041435241699,39.698632049560544,43.40199798583985,44.65761947631836,128,0.5842809677124023,0.07984448969364166,0.39474695920944214,0.5847799181938171,0.6422853767871857,0.6841675758361816,0.7162504851818084,0.7830673533678055,0.8057215213775635,68
regression_residual,0.027747107084353288,0.5,128,3072,33.14151268848859,0.5979456647515713,0.35753901799519855,1098.35986328125,0.4564094543457031,128,32.841697692871094,4.447757720947266,22.349227905273438,32.79814147949219,36.05488872528076,38.38916358947754,40.24041633605957,43.933249778747566,45.188865661621094,128,0.592536449432373,0.08024731278419495,0.40322914719581604,0.5917504727840424,0.6505093276500702,0.6926247775554657,0.7260254681110382,0.7926522898674012,0.8153063058853149,272
regression_residual,0.0260549988896429,0.5,128,3072,33.59601918208186,0.6061459599523373,0.3674129247665405,1128.6925048828125,0.45758605003356934,128,33.29742431640625,4.469228744506836,22.826509475708008,33.114633560180664,36.49372482299805,38.99107055664062,40.76393547058105,44.4575887298584,45.713165283203125,128,0.6007586717605591,0.0806347131729126,0.4118403494358063,0.5974607169628143,0.658426970243454,0.7034845352172852,0.7354708999395371,0.8021124982833863,0.8247658610343933,136
regression_residual,0.02445212137781621,0.5,128,3072,34.04849195907948,0.6143095624398546,0.3773762385050456,1159.2998046875,0.4575510025024414,128,33.75129699707031,4.4888596534729,23.26083755493164,33.48577117919922,36.89968013763428,39.55928688049316,41.29011421203613,44.975370254516605,46.23044204711914,128,0.6089475154876709,0.08098888397216797,0.4196765720844269,0.6041568517684937,0.66575126349926,0.7137364208698272,0.7449642956256867,0.8114544558525086,0.8340986967086792,272
regression_residual,0.022934518372333384,0.5,128,3072,34.497583276993836,0.6224121559801227,0.3873968919118245,1190.083251953125,0.4555189609527588,128,34.20179748535156,4.507800579071045,23.67234230041504,33.74349403381348,37.354878425598145,40.11466941833496,41.799601745605464,45.48590225219727,46.73925018310547,128,0.6170755624771118,0.08133061975240707,0.4271010458469391,0.6088067293167114,0.6739640384912491,0.723756742477417,0.7541566103696823,0.8206655466556549,0.843278706073761,17
regression_residual,0.02149837528205205,0.5,128,3072,34.942590332438506,0.6304410604567559,0.39745593070983887,1220.984619140625,0.45801711082458496,128,34.64818572998047,4.526342391967773,24.09075355529785,34.120174407958984,37.78522777557373,40.679846572875974,42.31876468658447,45.98784374237061,47.2398567199707,128,0.6251293420791626,0.08166515827178955,0.43465009331703186,0.6156028807163239,0.6817284971475601,0.7339537501335144,0.7635234862565994,0.8297217041254045,0.8523107171058655,272
regression_residual,0.020140015266369094,0.5,128,3072,35.38373104763773,0.6384002076652177,0.407554825146993,1252.0084228515625,0.45914459228515625,128,35.090633392333984,4.5448713302612305,24.523475646972656,34.58904457092285,38.1666955947876,41.28147811889648,42.871887016296384,46.47924987792969,47.731170654296875,128,0.6331120729446411,0.08199945837259293,0.442457377910614,0.6240623295307159,0.6886109858751297,0.7448085129261016,0.7735030025243759,0.8385877507925035,0.8611751198768616,136
regression_residual,0.018855895470242773,0.5,128,3072,35.820936983378694,0.6462883628118222,0.41768864790598553,1283.1395263671875,0.45368504524230957,128,35.5289306640625,4.5644941329956055,24.967683792114258,34.89532470703125,38.475626945495605,41.880149078369136,43.42814617156982,46.95900257110596,48.211421966552734,128,0.6410199403762817,0.08235349506139755,0.4504718482494354,0.6295882761478424,0.6941847950220108,0.7556098759174347,0.7835391312837601,0.8472434735298158,0.8698399662971497,272
regression_residual,0.01764260332845143,0.5,128,3072,36.25656426288125,0.6541480355332954,0.4279096523920695,1314.5384521484375,0.4541890621185303,128,35.965606689453125,4.5840678215026855,25.42817497253418,35.31421661376953,38.73828315734863,42.45151786804199,43.9981330871582,47.42720756530762,48.680355072021484,128,0.6488984823226929,0.08270664513111115,0.45878010988235474,0.63714599609375,0.6989237368106842,0.7659185886383056,0.7938229173421859,0.8556909555196763,0.8783004879951477,68
regression_residual,0.01649685293844724,0.5,128,3072,36.691608985187266,0.6619971976436988,0.43824028968811035,1346.274169921875,0.4548943042755127,128,36.40171813964844,4.6031413078308105,25.896503448486328,35.74287033081055,39.01827049255371,42.978518676757815,44.55728874206543,47.88114730834961,49.134883880615234,128,0.6567670106887817,0.08305077999830246,0.46722978353500366,0.6448798775672913,0.7039752900600433,0.7754268705844879,0.8039113044738769,0.8638810408115388,0.8865011930465698,272
regression_residual,0.015415481501161758,0.5,128,3072,37.12708459004356,0.6698541338214893,0.4487045605977376,1378.42041015625,0.4544718265533447,128,36.83829116821289,4.621757984161377,26.377634048461914,36.254526138305664,39.35436153411865,43.49903335571289,45.10803413391113,48.32201656341553,49.57658004760742,128,0.6646436452865601,0.08338665962219238,0.4759104251861572,0.6541112661361694,0.7100391238927841,0.7848180770874024,0.8138479799032211,0.871835237145424,0.8944703936576843,136
regression_residual,0.014395445829121386,0.5,128,3072,37.56397700143134,0.6777366323002905,0.4593269427617391,1411.0523681640625,0.4544386863708496,128,37.276302337646484,4.639999866485596,26.867206573486328,36.678884506225586,39.795613288879395,43.942823791503905,45.652475357055664,48.750162048339845,50.00242614746094,128,0.6725463271141052,0.08371578902006149,0.4847434163093567,0.6617676317691803,0.7180002629756927,0.7928250551223754,0.8236709177494048,0.8795599722862244,0.9021536111831665,272
regression_residual,0.01343381892122939,0.5,128,3072,38.002997029222904,0.6856575176510747,0.4701262315114339,1444.227783203125,0.454052209854126,128,37.71644973754883,4.658038139343262,27.366395950317383,37.08075714111328,40.252891540527344,44.380690002441405,46.185569000244136,49.1681181716919,50.412723541259766,128,0.6804875135421753,0.08404124528169632,0.4937498867511749,0.6690182685852051,0.726250559091568,0.800725120306015,0.8332890897989272,0.8871008056402208,0.9095562696456909,34
regression_residual,0.01252778660357229,0.5,128,3072,38.44529265519707,0.6936375019859992,0.48113298416137695,1478.04052734375,0.4541945457458496,128,38.15997314453125,4.675137519836426,27.873889923095703,37.469961166381836,40.901516914367676,44.83084373474121,46.714581108093256,49.5731536102295,50.807369232177734,128,0.6884896755218506,0.08434974402189255,0.5029062032699585,0.6760404109954834,0.7379532009363174,0.8088468432426452,0.8428336292505264,0.8944085609912873,0.9166765213012695,272
regression_residual,0.011674644235608416,0.5,128,3072,38.892417219652216,0.7017046109750451,0.49238936106363934,1512.6201171875,0.45423269271850586,128,38.60871887207031,4.6890363693237305,28.391538619995117,37.84674263000488,41.51797676086426,45.36637802124024,47.25887203216553,49.96743003845215,51.18545913696289,128,0.6965860724449158,0.08460051566362381,0.5122457146644592,0.6828383505344391,0.7490755021572113,0.8185090899467469,0.8526538431644439,0.9015221673250199,0.9234980940818787,136
regression_residual,0.010871793481095057,0.5,128,3072,39.34496622425161,0.7098695887758876,0.5039148330688477,1548.0263671875,0.45461249351501465,128,39.06339645385742,4.69866943359375,28.914352416992188,38.347312927246094,41.865562438964844,45.81615295410156,47.78554229736328,50.34785453796387,51.54798126220703,128,0.704789400100708,0.08477430790662766,0.5216783881187439,0.6918697357177734,0.7553466856479645,0.8266239762306213,0.8621561139822006,0.9083858543634415,0.9300387501716614,272
regression_residual,0.010116739143113021,0.5,128,3072,39.80326681100591,0.7181383377487738,0.5157226721445719,1584.300048828125,0.4565389156341553,128,39.524288177490234,4.704286575317383,29.442956924438477,38.840505599975586,42.360198974609375,46.322320175170894,48.292864036560054,50.71481884002686,51.8935432434082,128,0.7131049633026123,0.08487565815448761,0.5312156081199646,0.700767993927002,0.7642709910869598,0.8357563555240631,0.8713093101978302,0.9150066906213761,0.9362735152244568,68
regression_residual,0.009407086062544326,0.5,128,3072,40.26829880528696,0.7265285360950222,0.527843713760376,1621.535888671875,0.4571506977081299,128,39.99240493774414,4.705685615539551,29.98468017578125,39.28581237792969,42.74135780334473,46.89576873779297,48.781827735900876,51.06694179534912,52.222904205322266,128,0.7215508222579956,0.08490090072154999,0.5409894585609436,0.7088023126125336,0.7711479514837265,0.8461026430130004,0.8801312416791915,0.9213597774505616,0.9422158598899841,272
regression_residual,0.008740536079362229,0.5,128,3072,40.7412968802464,0.7350624600295225,0.5403168201446533,1659.853271484375,0.4571678638458252,128,40.469078063964844,4.7017974853515625,30.536970138549805,39.75661087036133,43.09631156921387,47.45348892211914,49.25306529998779,51.40472072601319,52.53498458862305,128,0.7301509976387024,0.08483075350522995,0.5509540438652039,0.7172965407371521,0.7775520980358124,0.8561651289463043,0.8886334806680679,0.9274539989233017,0.9478464722633362,136
regression_residual,0.008114885056089666,0.5,128,3072,41.22350593297773,0.7437625702295259,0.5531827608744303,1699.37744140625,0.4553992748260498,128,40.955665588378906,4.69155216217041,31.049816131591797,40.20694923400879,43.528639793395996,47.99068031311035,49.70743103027344,51.72672916412354,52.83158493041992,128,0.7389302253723145,0.08464590460062027,0.5602068305015564,0.7254216969013214,0.7853522151708603,0.8658572793006897,0.8968312412500381,0.9332637512683869,0.9531977772712708,272
regression_residual,0.0075280199627840785,0.5,128,3072,41.715816551830045,0.7526449348645038,0.5664743979771932,1740.2093505859375,0.45562243461608887,128,41.45314025878906,4.674035549163818,31.148590087890625,40.73855972290039,43.989630699157715,48.495999526977535,50.166998291015624,52.03560234069825,53.11259078979492,128,0.7479056715965271,0.08432986587285995,0.5619889497756958,0.7350130975246429,0.7936695367097855,0.8749743402004242,0.9051227986812591,0.9388364970684052,0.9582677483558655,17
regression_residual,0.006977916022906252,0.5,128,3072,42.21922707446958,0.7617275661382171,0.5802288850148519,1782.463134765625,0.45114684104919434,128,41.96257781982422,4.648179531097412,31.23973846435547,41.26963233947754,44.5161657333374,48.983819198608394,50.56698780059814,52.32926002502442,53.378177642822266,128,0.7570969462394714,0.08386336266994476,0.5636335015296936,0.7445948123931885,0.8031693696975708,0.8837756633758544,0.9123395204544067,0.9441347527503968,0.9630594849586487,272
regression_residual,0.0064626339194299755,0.5,128,3072,42.73443641448969,0.7710230739866427,0.594476580619812,1826.2320556640625,0.4528379440307617,128,42.4847297668457,4.613002300262451,31.32457733154297,41.83543586730957,45.04441452026367,49.454070281982425,50.96005649566651,52.60705604553223,53.627769470214844,128,0.7665178775787354,0.0832286924123764,0.5651641488075256,0.7548031210899353,0.8127001225948334,0.8922600209712982,0.9194313019514084,0.9491467720270157,0.967562735080719,136
regression_residual,0.005980317060550648,0.5,128,3072,43.26212348145893,0.7805437074292232,0.6092484792073568,1871.611328125,0.4532496929168701,128,43.02028274536133,4.5679802894592285,31.401567459106445,42.4643497467041,45.58654022216797,49.90483932495117,51.37148265838623,52.86966850280762,53.86386489868164,128,0.7761803865432739,0.08241640031337738,0.5665532350540161,0.7661500871181488,0.8224813044071198,0.900392884016037,0.9268543809652329,0.9538849049806596,0.9718223810195923,272
regression_residual,0.005529188904349684,0.5,128,3072,43.80285311947442,0.7902996574938186,0.624573548634847,1918.68994140625,0.4536876678466797,128,43.569828033447266,4.512206077575684,31.47188949584961,43.084251403808594,46.19078826904297,50.33603210449219,51.77500133514404,53.115439643859865,54.08483123779297,128,0.786095380783081,0.08141010999679565,0.5678219795227051,0.7773345112800598,0.833383247256279,0.9081725180149078,0.9341347008943558,0.95831913292408,0.9758091568946838,68
regression_residual,0.005107550341772479,0.5,128,3072,44.35677717824667,0.8002936638826552,0.6404699484507242,1967.523681640625,0.4530296325683594,128,44.133426666259766,4.445708751678467,31.53740119934082,43.69904136657715,46.860594749450684,50.74566879272461,52.195096015930176,53.34629547119141,54.2904167175293,128,0.7962639331817627,0.0802103579044342,0.5690039396286011,0.7884266674518585,0.8454680293798447,0.9155633270740509,0.9417141616344452,0.9624843281507492,0.9795183539390564,272
regression_residual,0.00471377713727727,0.5,128,3072,44.9231222652934,0.8105117728970506,0.6569293340047201,2018.0869140625,0.4541285037994385,128,44.71023178100586,4.368296146392822,31.596506118774414,44.33294105529785,47.49553108215332,51.132041931152344,52.591940307617186,53.5606185913086,54.48316192626953,128,0.8066707849502563,0.07881364971399307,0.5700703859329224,0.7998636066913605,0.8569236546754837,0.9225343227386474,0.9488740861415863,0.966351175904274,0.9829959273338318,136
regression_residual,0.004346317426512205,0.5,128,3072,45.500922895860036,0.8209365650719125,0.6739368438720703,2070.333984375,0.45566558837890625,128,45.299102783203125,4.28078031539917,31.652360916137695,44.978328704833984,48.16051197052002,51.48024787902832,52.91155185699463,53.75884460449219,54.661659240722656,128,0.8172953128814697,0.07723468542098999,0.5710780620574951,0.8115078210830688,0.8689214140176773,0.9288167238235474,0.9546405971050262,0.9699275755882264,0.9862163662910461,272
regression_residual,0.00400368927037834,0.5,128,3072,46.088892752552105,0.8315448324168047,0.6914668083190918,2124.18603515625,0.4570739269256592,128,45.898582458496094,4.184041500091553,31.7036190032959,45.666412353515625,48.74068355560303,51.80137634277344,53.183011054992676,53.97151031494141,54.82809829711914,128,0.8281111717224121,0.07548929005861282,0.5720028877258301,0.8239223659038544,0.8793889582157135,0.9346105813980102,0.9595383077859878,0.973764533996582,0.9892193078994751,34
regression_residual,0.00368447826483556,0.5,128,3072,46.685016040012776,0.8423002055569804,0.7094696362813314,2179.49072265625,0.45700526237487793,128,46.506507873535156,4.078681468963623,31.75438690185547,46.352949142456055,49.2978515625,52.101123046875,53.47086601257324,54.18012161254883,54.98061752319336,128,0.8390794992446899,0.07358837127685547,0.5729188323020935,0.8363089859485626,0.8894414603710175,0.9400186359882354,0.9647318512201309,0.9775283718109131,0.9919710755348206,272
regression_residual,0.0033873352058093084,0.5,128,3072,47.28654495714796,0.8531531081267724,0.7278702259063721,2236.017333984375,0.45572900772094727,128,47.119895935058594,3.966444969177246,31.80597686767578,47.034088134765625,49.840091705322266,52.38479766845703,53.690477752685545,54.37180053710938,55.12063980102539,128,0.8501463532447815,0.07156337797641754,0.573849618434906,0.8485982120037079,0.899224728345871,0.9451367914676666,0.9686941176652908,0.9809866774082184,0.9944974184036255,136
regression_residual,0.0031109738085551802,0.5,128,3072,47.89037775221657,0.864047577713597,0.7465782165527344,2293.48828125,0.45547914505004883,128,47.73548889160156,3.848548412322998,31.864347457885742,47.68094444274902,50.36390209197998,52.64649429321289,53.84765129089355,54.54665287017822,55.249267578125,128,0.861253023147583,0.06943626701831818,0.5749028325080872,0.8602689206600189,0.9086754024028778,0.9498584032058716,0.9715298980474472,0.9841414046287537,0.9968181252479553,272
regression_residual,0.0028541684808389583,0.5,128,3072,48.49271550481835,0.8749150734513379,0.76547638575236,2351.54345703125,0.45386409759521484,128,48.34928894042969,3.7268528938293457,31.935409545898438,48.31416893005371,50.84457206726074,52.890529251098634,54.013092613220216,54.70675792694092,55.367225646972656,128,0.8723273873329163,0.06724061071872711,0.5761849284172058,0.8716937005519867,0.917347714304924,0.9542612910270691,0.974514776468277,0.9870300436019898,0.9989463686943054,68
regression_residual,0.0026157521492896746,0.5,128,3072,49.08882156197834,0.8856701357190532,0.7844115893046061,2409.71240234375,0.45693516731262207,128,48.95637512207031,3.603532075881958,32.025794982910156,48.921722412109375,51.300188064575195,53.19304733276367,54.211548995971675,54.909782028198244,55.47332763671875,128,0.8832805752754211,0.06501562893390656,0.5778157114982605,0.8826553225517273,0.9255680441856384,0.9597193896770477,0.9780953496694564,0.9906930595636367,1.000860571861267,272
regression_residual,0.002394614138282689,0.5,128,3072,49.6748706433897,0.8962437480600276,0.8032528559366862,2467.5927734375,0.4577634334564209,128,49.552852630615234,3.4795687198638916,32.15085983276367,49.494455337524414,51.738067626953125,53.53313522338867,54.40721530914306,55.10706321716309,55.57008743286133,128,0.8940423130989075,0.06277906149625778,0.5800721049308777,0.8929886519908905,0.933468297123909,0.9658553183078766,0.9816256433725357,0.9942524373531342,1.0026063919067383,136
regression_residual,0.0021896981007107526,0.5,128,3072,50.246292812567276,0.9065534587848899,0.821839173634847,2524.68994140625,0.4545142650604248,128,50.13410186767578,3.355936288833618,32.32460403442383,50.14675331115723,52.1314697265625,53.82917366027832,54.59783897399902,55.30044094085694,55.6579704284668,128,0.9045292735099792,0.06054846569895744,0.583206832408905,0.9047575294971466,0.9405661821365356,0.9711964905261994,0.9850649297237396,0.997741357088089,1.0041919946670532,272
regression_residual,0.002000000000000003,0.5,128,3072,50.79789150397878,0.9165055104402361,0.8399823506673177,2580.42578125,0.4538891315460205,128,50.694915771484375,3.2328758239746094,32.562469482421875,50.74934768676758,52.499844551086426,54.07603149414062,54.77170600891113,55.47481945037842,55.73649978637695,128,0.91464763879776,0.05832818150520325,0.5874984264373779,0.915629655122757,0.9472124874591827,0.9756503224372863,0.9882018387317657,1.0008875507116317,1.0056089162826538,17
