K,class,latent_index,budget_without,change
17,0,0,0.2452094410120353,-0.00028549390284263176
17,0,1,0.24561969812394654,0.00012476320906862348
17,0,2,0.24425534915583635,-0.001239585759041567
17,0,3,0.24546141027026314,-3.3524644614785215e-05
17,0,4,0.2455321230082993,3.71880934213753e-05
17,0,5,0.24551739325450883,2.2458339630909707e-05
17,0,6,0.24555948514303158,6.455022815365918e-05
17,0,7,0.24552191073802568,2.6975823147756817e-05
17,0,8,0.2450178865631825,-0.00047704835169543047
17,0,9,0.2456143112064022,0.00011937629152428131
17,0,10,0.2455892326311275,9.429771624958061e-05
17,0,11,0.24555481600394452,5.988108906659906e-05
17,0,12,0.24561468095103184,0.0001197460361539171
17,0,13,0.2455450820586788,5.014714380088825e-05
17,0,14,0.24549262781339692,-2.30710148099722e-06
17,0,15,0.2433445718519428,-0.002150363062935118
17,0,16,0.245479969388867,-1.4965526010934926e-05
17,0,17,0.24561924965668394,0.00012431474180601976
17,0,18,0.24557782216044904,8.28872455711227e-05
17,0,19,0.24562660780832402,0.00013167289344609423
17,0,20,0.24555874773806288,6.381282318496106e-05
17,0,21,0.2439341154233507,-0.0015608194915272267
17,0,22,0.24552015512675388,2.522021187595369e-05
17,0,23,0.24574717082407202,0.00025223590919409844
17,0,24,0.2456123194107026,0.00011738449582468502
17,0,25,0.24555558506689704,6.0650152019114945e-05
17,0,26,0.24544465204105026,-5.028287382766172e-05
17,0,27,0.24547664076223383,-1.8294152644093842e-05
17,0,28,0.24561710168533618,0.00012216677045825963
17,0,29,0.2456626097977072,0.00016767488282928844
17,0,30,0.24581089436476372,0.0003159594498857998
17,0,31,0.24548739924544444,-7.535669433483827e-06
17,0,32,0.24555320889226656,5.827397738863982e-05
17,0,33,0.2456216456576536,0.0001267107427756764
17,0,34,0.24548990444292815,-5.030471949774018e-06
17,0,35,0.2454813177481052,-1.3617166772728062e-05
17,0,36,0.2455378578243094,4.2922909431475365e-05
17,0,37,0.24548287516793493,-1.2059746942988392e-05
17,0,38,0.2454970329621047,2.0980472267839723e-06
17,0,39,0.24546373653323322,-3.1198381644698125e-05
17,0,40,0.2455076490780448,1.271416316686591e-05
17,0,41,0.24576933182203264,0.00027439690715472254
17,0,42,0.24561137802433827,0.0001164431094603513
17,0,43,0.24560203945896342,0.00010710454408549563
17,0,44,0.24550339177328068,8.456858402755563e-06
17,0,45,0.24520059600533423,-0.00029433890954369546
17,0,46,0.24569824766247492,0.00020331274759699536
17,0,47,0.24554453440241988,4.959948754196253e-05
17,0,48,0.245245690400203,-0.00024924451467492337
17,0,49,0.24489642688794236,-0.0005985080269355625
17,0,50,0.24556886688750723,7.393197262930973e-05
17,0,51,0.2455372818231037,4.234690822577103e-05
17,0,52,0.2455390958817931,4.416096691517435e-05
17,0,53,0.24575480532379052,0.0002598704089125936
17,0,54,0.24548195154193586,-1.2983372942060312e-05
17,0,55,0.24547321539817268,-2.171951670523753e-05
17,0,56,0.24544390571564695,-5.1029199230973044e-05
17,0,57,0.24559757784947311,0.00010264293459519291
17,0,58,0.24562661835092425,0.00013168343604633148
17,0,59,0.24554763498014112,5.270006526320037e-05
17,0,60,0.2457175643403041,0.00022262942542616848
17,0,61,0.24560451064980776,0.00010957573492983985
17,0,62,0.24544419514790863,-5.0739766969287725e-05
17,0,63,0.24552973869845585,3.4803783577924685e-05
17,0,64,0.24577598862033273,0.000281053705454809
17,0,65,0.24553683329445564,4.189837957771503e-05
17,0,66,0.245518379377837,2.344446295907132e-05
17,0,67,0.2454706015619455,-2.4333352932420782e-05
17,0,68,0.2455478385906178,5.290367573987376e-05
17,0,69,0.24565621609711413,0.00016128118223621146
17,0,70,0.2455837392152082,8.88043003302863e-05
17,0,71,0.2449050485197139,-0.0005898863951640243
17,0,72,0.24560510229796095,0.00011016738308303187
17,0,73,0.24551777506801897,2.284015314105159e-05
17,0,74,0.2456578749552106,0.00016294004033268195
17,0,75,0.2455472260535166,5.229113863866597e-05
17,0,76,0.2457944378115798,0.00029950289670188646
17,0,77,0.24549624930837305,1.3143934951276304e-06
17,0,78,0.24557018313454185,7.524821966392592e-05
17,0,79,0.24563415479496414,0.0001392198800862221
17,0,80,0.24553411564192837,3.9180727050447395e-05
17,0,81,0.2453255497970743,-0.0001693851178036221
17,0,82,0.24552796152162265,3.302660674472935e-05
17,0,83,0.2455332217145096,3.8286799631664925e-05
17,0,84,0.24560120367344995,0.00010626875857203122
17,0,85,0.245642315527182,0.00014738061230407107
17,0,86,0.24556253421640323,6.759930152530624e-05
17,0,87,0.24554203138476308,4.7096469885155035e-05
17,0,88,0.24550666161694412,1.1726702066200412e-05
17,0,89,0.2455474206935388,5.248577866087678e-05
17,0,90,0.24556582702525367,7.089211037575316e-05
17,0,91,0.24534733779783863,-0.00014759711703929423
17,0,92,0.24550198594544548,7.0510305675564044e-06
17,0,93,0.24564279778627282,0.0001478628713948993
17,0,94,0.24559484436621448,9.99094513365606e-05
17,0,95,0.24559698256525697,0.00010204765037905017
17,0,96,0.24551322072372583,1.828580884791209e-05
17,0,97,0.24562821317558464,0.00013327826070672066
17,0,98,0.24545270527615637,-4.222963872155261e-05
17,0,99,0.2455551661417938,6.023122691586891e-05
17,0,100,0.2454585295883195,-3.640532655840856e-05
17,0,101,0.2458883647185273,0.00039342980364936997
17,0,102,0.24548149279866543,-1.3442116212486477e-05
17,0,103,0.245557986917325,6.30520024470782e-05
17,0,104,0.24554642926431758,5.149434943965692e-05
17,0,105,0.2455078210755646,1.2886160686675918e-05
17,0,106,0.2455985888363496,0.00010365392147168584
17,0,107,0.24552166625224991,2.6731337371993513e-05
17,0,108,0.24581887082758447,0.00032393591270654665
17,0,109,0.24549270547079002,-2.229444087897825e-06
17,0,110,0.24547542251655335,-1.9512398324567082e-05
17,0,111,0.2455839114195255,8.89765046475921e-05
17,0,112,0.24547953353456684,-1.54013803110864e-05
17,0,113,0.2452486712252271,-0.000246263689650833
17,0,114,0.24548646914005753,-8.465774820387573e-06
17,0,115,0.2455898184828914,9.488356801348741e-05
17,0,116,0.245685987364659,0.0001910524497810706
17,0,117,0.24562115382086175,0.000126218905983827
17,0,118,0.24545282667860416,-4.210823627376348e-05
17,0,119,0.24558554383972753,9.060892484960559e-05
17,0,120,0.24560418723261734,0.00010925231773942223
17,0,121,0.24556690995268413,7.197503780620451e-05
17,0,122,0.2455626819629652,6.774704808729104e-05
17,0,123,0.24562691597149194,0.00013198105661402226
17,0,124,0.24499296750782426,-0.0005019674070536606
17,0,125,0.2455030959658473,8.16105096937414e-06
17,0,126,0.24556118135857224,6.624644369432331e-05
17,0,127,0.24554390853312633,4.897361824840463e-05
17,1,0,0.2457350795457931,0.0002401446309151789
17,1,1,0.24463201714445237,-0.0008629177704255475
17,1,2,0.24575580326661017,0.00026086835173225187
17,1,3,0.2454949458436451,1.092876716901614e-08
17,1,4,0.24361648915787718,-0.0018784457570007462
17,1,5,0.24558784277582535,9.290786094742765e-05
17,1,6,0.24443989956814582,-0.0010550353467320972
17,1,7,0.24558122591191323,8.62909970353043e-05
17,1,8,0.24564364931571495,0.00014871440083702447
17,1,9,0.24586651103349333,0.0003715761186154076
17,1,10,0.24568554465587802,0.00019060974100010286
17,1,11,0.24530316518384948,-0.00019176973102844053
17,1,12,0.24566148929637852,0.00016655438150059432
17,1,13,0.24571078351900283,0.00021584860412490747
17,1,14,0.245548290185176,5.335527029806664e-05
17,1,15,0.245693998934998,0.00019906402012007107
17,1,16,0.24569451585672386,0.00019958094184593933
17,1,17,0.24573758328014333,0.00024264836526541322
17,1,18,0.24555938326241417,6.444834753624451e-05
17,1,19,0.2456132123082319,0.00011827739335398824
17,1,20,0.24581814932912815,0.00032321441425023356
17,1,21,0.24555290934258042,5.797442770250072e-05
17,1,22,0.2457198045829198,0.00022486966804188824
17,1,23,0.2458223233298152,0.00032738841493729076
17,1,24,0.24479013269309974,-0.0007048022217781835
17,1,25,0.2456679511853297,0.00017301627045177015
17,1,26,0.2456778291732021,0.00018289425832418438
17,1,27,0.24599372363106906,0.0004987887161911342
17,1,28,0.2394277684240382,-0.006067166490839715
17,1,29,0.2458012452233155,0.0003063103084375851
17,1,30,0.24570536206132298,0.00021042714644506355
17,1,31,0.24578361410660923,0.0002886791917313114
17,1,32,0.24520063586632918,-0.0002942990485487462
17,1,33,0.24566943172005984,0.00017449680518191735
17,1,34,0.24453773361002829,-0.0009572013048496364
17,1,35,0.24564108847892926,0.0001461535640513434
17,1,36,0.24345145419403535,-0.0020434807208425665
17,1,37,0.24559049018389856,9.555526902063627e-05
17,1,38,0.24572998235837623,0.00023504744349830964
17,1,39,0.24567313928886003,0.00017820437398211042
17,1,40,0.2455967338440837,0.00010179892920578193
17,1,41,0.2457651760682598,0.00027024115338186716
17,1,42,0.2457701949018816,0.00027525998700367316
17,1,43,0.24444490784635703,-0.0010500270685208923
17,1,44,0.24601035275151417,0.0005154178366362505
17,1,45,0.24563294201245828,0.000138007097580356
17,1,46,0.24559063091375213,9.569599887421232e-05
17,1,47,0.24579641370087518,0.0003014787859972612
17,1,48,0.24562259674857514,0.0001276618336972235
17,1,49,0.24562068672094245,0.00012575180606452796
17,1,50,0.24569652057247257,0.00020158565759464953
17,1,51,0.24570319006404073,0.00020825514916281151
17,1,52,0.24555119414591803,5.625923104010666e-05
17,1,53,0.24567640222595297,0.00018146731107504532
17,1,54,0.24566322010252228,0.0001682851876443625
17,1,55,0.24574563745124267,0.0002507025363647497
17,1,56,0.2457527087216076,0.000257773806729672
17,1,57,0.24568758985103964,0.00019265493616171803
17,1,58,0.24574487686668975,0.0002499419518118273
17,1,59,0.2463617842024909,0.0008668492876129918
17,1,60,0.24154711886072866,-0.003947816054149261
17,1,61,0.24572966377289543,0.00023472885801750776
17,1,62,0.24568790259146125,0.00019296767658333325
17,1,63,0.24578478671915,0.00028985180427207324
17,1,64,0.2456004356564223,0.00010550074154438982
17,1,65,0.24634128712957593,0.000846352214698004
17,1,66,0.24577788900450825,0.00028295408963033286
17,1,67,0.24574465354980884,0.0002497186349309233
17,1,68,0.24563662043141565,0.00014168551653773176
17,1,69,0.24557752878594408,8.259387106615557e-05
17,1,70,0.24572977435381388,0.0002348394389359576
17,1,71,0.24582132509929294,0.00032639018441502077
17,1,72,0.2456988647715967,0.00020392985671877084
17,1,73,0.24575453261924013,0.00025959770436220775
17,1,74,0.24564215868445288,0.0001472237695749612
17,1,75,0.24479498372637265,-0.0006999511885052712
17,1,76,0.24558268648981552,8.775157493759456e-05
17,1,77,0.2455678884501674,7.295353528946613e-05
17,1,78,0.24564900618328628,0.00015407126840835672
17,1,79,0.24570438329600597,0.00020944838112804676
17,1,80,0.2453717746705814,-0.00012316024429651073
17,1,81,0.24567097442642305,0.00017603951154512854
17,1,82,0.24505078782176035,-0.00044414709311757505
17,1,83,0.24569032705306493,0.00019539213818700607
17,1,84,0.24561131787291435,0.00011638295803642618
17,1,85,0.24563701553613845,0.0001420806212605319
17,1,86,0.24569072164236685,0.00019578672748893355
17,1,87,0.2457122306307502,0.00021729571587228436
17,1,88,0.2458235876668956,0.00032865275201768296
17,1,89,0.24565223912913275,0.0001573042142548331
17,1,90,0.24577457906393563,0.0002796441490577062
17,1,91,0.24602633890039555,0.0005314039855176256
17,1,92,0.24571111010608168,0.00021617519120376016
17,1,93,0.24573800276249652,0.0002430678476185999
17,1,94,0.24570195371759046,0.00020701880271253859
17,1,95,0.24633414547130075,0.0008392105564228314
17,1,96,0.24564193364412507,0.0001469987292471442
17,1,97,0.24563688623278457,0.00014195131790664672
17,1,98,0.24561488069358786,0.00011994577870994005
17,1,99,0.2457445491325275,0.00024961421764957414
17,1,100,0.24562890412754151,0.00013396921266359274
17,1,101,0.24573209131450216,0.00023715639962423873
17,1,102,0.24560307015734198,0.00010813524246405803
17,1,103,0.24560368631864163,0.00010875140376370718
17,1,104,0.2455428878148188,4.795289994088958e-05
17,1,105,0.24607922011391306,0.0005842851990351394
17,1,106,0.2456319096543407,0.00013697473946278071
17,1,107,0.24565772558600774,0.00016279067112981438
17,1,108,0.24460870755450279,-0.0008862273603751358
17,1,109,0.24582697299697884,0.0003320380821009161
17,1,110,0.24520326336847953,-0.0002916715463983921
17,1,111,0.2455649719710734,7.003705619548772e-05
17,1,112,0.24597557483473492,0.00048063991985700105
17,1,113,0.24548062825409508,-1.4306660782836822e-05
17,1,114,0.2455016174993625,6.682584484579701e-06
17,1,115,0.24451860890552457,-0.000976326009353351
17,1,116,0.2461368497197075,0.0006419148048295853
17,1,117,0.24551791006397444,2.297514909652132e-05
17,1,118,0.24548698671440794,-7.94820046998157e-06
17,1,119,0.24556526952044141,7.033460556349347e-05
17,1,120,0.24556658262830564,7.164771342771381e-05
17,1,121,0.24419389395769103,-0.0013010409571868886
17,1,122,0.24567240210408678,0.0001774671892088575
17,1,123,0.24605073641199243,0.0005558014971145109
17,1,124,0.24559595172670529,0.00010101681182736466
17,1,125,0.24548060914865055,-1.4325766227368808e-05
17,1,126,0.2457965440306662,0.0003016091157882761
17,1,127,0.24558442674408526,8.949182920733878e-05
17,2,0,0.24550451887382702,9.583958949094251e-06
17,2,1,0.24547508678884075,-1.9848126037169678e-05
17,2,2,0.24541936786780807,-7.556704706984663e-05
17,2,3,0.24549155047174995,-3.384443127973924e-06
17,2,4,0.2459645235939784,0.00046958867910049107
17,2,5,0.24547197818208638,-2.2956732791540313e-05
17,2,6,0.24547107670407436,-2.3858210803556767e-05
17,2,7,0.245148905848815,-0.0003460290660629306
17,2,8,0.24546252562042578,-3.240929445214036e-05
17,2,9,0.24540258656989436,-9.234834498356159e-05
17,2,10,0.24544545906697857,-4.947584789935511e-05
17,2,11,0.24541294866814273,-8.198624673519395e-05
17,2,12,0.24585488628787397,0.00035995137299604796
17,2,13,0.24551069290442196,1.5757989544035178e-05
17,2,14,0.24549800407640246,3.0691615245381776e-06
17,2,15,0.24546124261821095,-3.36922966669706e-05
17,2,16,0.2454588273116813,-3.6107603196611215e-05
17,2,17,0.2455958311307973,0.00010089621591938269
17,2,18,0.24545013151150372,-4.4803403374205075e-05
17,2,19,0.24551405102196414,1.9116107086214473e-05
17,2,20,0.24542112671783436,-7.380819704355668e-05
17,2,21,0.24546401982812932,-3.091508674860077e-05
17,2,22,0.24548417175081944,-1.0763164058485986e-05
17,2,23,0.24541006740344937,-8.486751142855464e-05
17,2,24,0.24540103514934059,-9.389976553733637e-05
17,2,25,0.24542197314666842,-7.296176820950628e-05
17,2,26,0.24550750588001624,1.25709651383199e-05
17,2,27,0.2456441429955259,0.0001492080806479723
17,2,28,0.24560278787229212,0.0001078529574141951
17,2,29,0.24550771949692965,1.2784582051728055e-05
17,2,30,0.24546312758556033,-3.180732931759578e-05
17,2,31,0.24549792774903728,2.992834159359914e-06
17,2,32,0.2454876931923305,-7.241722547429719e-06
17,2,33,0.24550655324934478,1.161833446686189e-05
17,2,34,0.24552718083088848,3.224591601055926e-05
17,2,35,0.24531972844065153,-0.00017520647422639146
17,2,36,0.2455184814901436,2.3546575265681602e-05
17,2,37,0.24573516223761407,0.00024022732273615288
17,2,38,0.245526689970718,3.1755055840076984e-05
17,2,39,0.2455613644160803,6.642950120239188e-05
17,2,40,0.24543286330542696,-6.20716094509588e-05
17,2,41,0.24546909354745403,-2.5841367423895534e-05
17,2,42,0.24547309869068656,-2.1836224191357223e-05
17,2,43,0.24559649473350983,0.00010155981863191332
17,2,44,0.24539583050069486,-9.910441418306548e-05
17,2,45,0.2456776892716313,0.00018275435675338403
17,2,46,0.2453864105687242,-0.00010852434615371553
17,2,47,0.24534002008896122,-0.00015491482591670214
17,2,48,0.2455192313731201,2.4296458242173413e-05
17,2,49,0.24539874087764385,-9.619403723407083e-05
17,2,50,0.24546561612996906,-2.931878490886053e-05
17,2,51,0.2454858048206432,-9.130094234727215e-06
17,2,52,0.24547932805859674,-1.5606856281186188e-05
17,2,53,0.24559425863719664,9.932372231871711e-05
17,2,54,0.24550878821731864,1.3853302440719473e-05
17,2,55,0.24554810402446464,5.316910958672039e-05
17,2,56,0.24547965361589058,-1.5281298987340763e-05
17,2,57,0.24541625987770435,-7.867503717357005e-05
17,2,58,0.24547864142351883,-1.629349135909286e-05
17,2,59,0.24555019566895006,5.5260754072139484e-05
17,2,60,0.24555364873825353,5.871382337560571e-05
17,2,61,0.24569565801976168,0.00020072310488375433
17,2,62,0.24569011614340544,0.00019518122852751896
17,2,63,0.24565210286716815,0.0001571679522902325
17,2,64,0.24528414717229186,-0.00021078774258606603
17,2,65,0.24569643221475357,0.00020149729987564702
17,2,66,0.2454444742325585,-5.0460682319425354e-05
17,2,67,0.2449361426534471,-0.0005587922614308238
17,2,68,0.24567354529109275,0.00017861037621483278
17,2,69,0.24568459901368078,0.00018966409880286084
17,2,70,0.2457222635133966,0.00022732859851867793
17,2,71,0.24524923164478812,-0.00024570327008979764
17,2,72,0.24545779893900593,-3.7135975871988025e-05
17,2,73,0.24546878738097377,-2.6147533904147258e-05
17,2,74,0.24543709439265923,-5.7840522218688406e-05
17,2,75,0.2455392287332383,4.4293818360380266e-05
17,2,76,0.24549130568734043,-3.62922753749384e-06
17,2,77,0.24565964453070238,0.00016470961582445987
17,2,78,0.24545009267393963,-4.484224093828648e-05
17,2,79,0.24534171656907053,-0.00015321834580739324
17,2,80,0.24555300924479923,5.807432992130379e-05
17,2,81,0.24568181806159203,0.00018688314671411188
17,2,82,0.24581162530297707,0.0003166903880991445
17,2,83,0.24543054716573875,-6.438774913916645e-05
17,2,84,0.24561088262443342,0.00011594770955550282
17,2,85,0.24523882209902687,-0.00025611281585105616
17,2,86,0.24548221517829072,-1.2719736587202268e-05
17,2,87,0.24540260854576135,-9.232636911657432e-05
17,2,88,0.24550338020762624,8.445292748321398e-06
17,2,89,0.24548034026596421,-1.4594648913707209e-05
17,2,90,0.24541222130823187,-8.271360664605099e-05
17,2,91,0.24548259233392608,-1.234258095184071e-05
17,2,92,0.2454798627735053,-1.5072141372612924e-05
17,2,93,0.24554490515163113,4.997023675321066e-05
17,2,94,0.24544724545458263,-4.768946029529153e-05
17,2,95,0.2453523896940073,-0.00014254522087062127
17,2,96,0.24564969850478985,0.00015476358991192707
17,2,97,0.24549466275910786,-2.721557700591237e-07
17,2,98,0.2454761084680273,-1.8826446850611633e-05
17,2,99,0.24553171183450603,3.6776919628112026e-05
17,2,100,0.24548111213238533,-1.3822782492595165e-05
17,2,101,0.24560919334484607,0.00011425842996815039
17,2,102,0.2454653487441476,-2.9586170730316885e-05
17,2,103,0.24548907698477782,-5.857930100106046e-06
17,2,104,0.24518255522385893,-0.00031237969101899354
17,2,105,0.24534330478133676,-0.00015163013354116406
17,2,106,0.24539475066658956,-0.00010018424828836525
17,2,107,0.24556552617806188,7.059126318395559e-05
17,2,108,0.24557205150303665,7.711658815873212e-05
17,2,109,0.24554075911223738,4.582419735946197e-05
17,2,110,0.2453335672319128,-0.0001613676829651245
17,2,111,0.24550041337852807,5.478463650149257e-06
17,2,112,0.24533494564507455,-0.00015998926980337336
17,2,113,0.24542699053213368,-6.794438274423942e-05
17,2,114,0.24565807211543333,0.00016313720055541325
17,2,115,0.2454576109189298,-3.7323995948107536e-05
17,2,116,0.24547905077435064,-1.5884140527278046e-05
17,2,117,0.245601185270477,0.00010625035559908014
17,2,118,0.24552452785638973,2.9592941511807913e-05
17,2,119,0.24550439289319168,9.457978313753834e-06
17,2,120,0.24535593963931088,-0.00013899527556704427
17,2,121,0.24546980950331496,-2.5125411562965105e-05
17,2,122,0.24549534140448942,4.0648961149858387e-07
17,2,123,0.2456282996710708,0.00013336475619288302
17,2,124,0.24549292023688088,-2.0146779970420248e-06
17,2,125,0.2455274308557847,3.249594090679042e-05
17,2,126,0.24540578508080316,-8.914983407476429e-05
17,2,127,0.24560097304573986,0.00010603813086193514
17,3,0,0.2446882174449049,-0.0008067174699730173
17,3,1,0.24537601298935852,-0.00011892192551940517
17,3,2,0.24575579117137392,0.00026085625649599486
17,3,3,0.2453856132458419,-0.00010932166903601659
17,3,4,0.245510731128187,1.579621330907721e-05
17,3,5,0.24568003681092243,0.00018510189604450944
17,3,6,0.24440397397755764,-0.0010909609373202789
17,3,7,0.24543525848626319,-5.9676428614735544e-05
17,3,8,0.2455210375080748,2.6102593196880575e-05
17,3,9,0.24548428724816423,-1.0647666713686776e-05
17,3,10,0.2455233744788698,2.8439563991872197e-05
17,3,11,0.24546484390295395,-3.0091011923971678e-05
17,3,12,0.2457194164657256,0.00022448155084767163
17,3,13,0.2454462813647045,-4.865355017341644e-05
17,3,14,0.24559207749118855,9.714257631063261e-05
17,3,15,0.24558158211655554,8.66472016776143e-05
17,3,16,0.24558188158043218,8.694666555425501e-05
17,3,17,0.2457779186593682,0.0002829837444902894
17,3,18,0.24538708828853417,-0.00010784662634374942
17,3,19,0.24563680251592243,0.00014186760104450968
17,3,20,0.2454993652635868,4.430348708867049e-06
17,3,21,0.24549952252214863,4.587607270706284e-06
17,3,22,0.2454834527052593,-1.1482209618635109e-05
17,3,23,0.24553768151560107,4.2746600723148065e-05
17,3,24,0.24536550121630146,-0.0001294336985764588
17,3,25,0.24550305166033834,8.116745460418073e-06
17,3,26,0.24565228137184025,0.00015734645696233174
17,3,27,0.24552297408565366,2.8039170775734368e-05
17,3,28,0.24547530547025767,-1.9629444620250514e-05
17,3,29,0.24562103567206486,0.00012610075718694214
17,3,30,0.245675318896559,0.00018038398168107594
17,3,31,0.24520728286403612,-0.00028765205084180234
17,3,32,0.245485472592911,-9.462321966913212e-06
17,3,33,0.24548476790090418,-1.0167013973744199e-05
17,3,34,0.2455503086525899,5.537373771197229e-05
17,3,35,0.24566302691511516,0.00016809200023723547
17,3,36,0.2454989443224251,4.009407547189703e-06
17,3,37,0.24552707733893425,3.214242405633061e-05
17,3,38,0.245494080459581,-8.544552969336205e-07
17,3,39,0.24547348958754553,-2.144532733239224e-05
17,3,40,0.2454426198505528,-5.231506432512578e-05
17,3,41,0.2455345156930031,3.958077812518668e-05
17,3,42,0.2454854089264469,-9.525988431013932e-06
17,3,43,0.2455718216277436,7.688671286568138e-05
17,3,44,0.24555478973536293,5.985482048501134e-05
17,3,45,0.24513851699214115,-0.00035641792273677364
17,3,46,0.2454959530011338,1.018086255882844e-06
17,3,47,0.2454281880018046,-6.674691307331782e-05
17,3,48,0.24547260332657211,-2.2331588305807282e-05
17,3,49,0.24550163372533937,6.69881046144738e-06
17,3,50,0.2456823811253966,0.00018744621051866583
17,3,51,0.24561625365587017,0.00012131874099224893
17,3,52,0.2455137163910297,1.8781476151780163e-05
17,3,53,0.24551722674556173,2.2291830683807135e-05
17,3,54,0.24558473400771852,8.979909284059784e-05
17,3,55,0.2454890363927228,-5.898522155128871e-06
17,3,56,0.2454794784558743,-1.5456459003609924e-05
17,3,57,0.24555793885018803,6.300393531011306e-05
17,3,58,0.2454818621023217,-1.3072812556219615e-05
17,3,59,0.24545706833547906,-3.7866579398859734e-05
17,3,60,0.24550629494218032,1.1360027302398379e-05
17,3,61,0.2454612549089491,-3.3680005928821144e-05
17,3,62,0.24549985014601025,4.915231132329723e-06
17,3,63,0.245516185517983,2.1250603105066324e-05
17,3,64,0.24551735123082796,2.2416315950041232e-05
17,3,65,0.24551130688660044,1.6371971722523027e-05
17,3,66,0.2454714811079667,-2.3453806911211128e-05
17,3,67,0.24554004614107897,4.511122620104446e-05
17,3,68,0.24572744594811158,0.00023251103323365663
17,3,69,0.24552920365591338,3.426874103545918e-05
17,3,70,0.2454999738448641,5.03892998618416e-06
17,3,71,0.24545183058577805,-4.3104329099874494e-05
17,3,72,0.2455746258364152,7.96909215372843e-05
17,3,73,0.24537046266584475,-0.00012447224903316956
17,3,74,0.2454631402656175,-3.1794649260424857e-05
17,3,75,0.24559640223347848,0.00010146731860055658
17,3,76,0.24563660102150064,0.00014166610662272316
17,3,77,0.24532885118403489,-0.0001660837308430363
17,3,78,0.24550051688965083,5.5819747729057845e-06
17,3,79,0.24562000542995638,0.000125070515078457
17,3,80,0.2456253350189705,0.00013040010409257063
17,3,81,0.2455119915370785,1.7056622200584126e-05
17,3,82,0.24591723660862422,0.00042230169374629645
17,3,83,0.24493081752910428,-0.0005641173857736381
17,3,84,0.24559165448233145,9.671956745352372e-05
17,3,85,0.24561405681874837,0.00011912190387045052
17,3,86,0.24552375549014172,2.882057526379378e-05
17,3,87,0.2455022795228113,7.3446079333905345e-06
17,3,88,0.2454760961757555,-1.8838739122423176e-05
17,3,89,0.24559490100558934,9.996609071141749e-05
17,3,90,0.24550779316859075,1.2858253712833001e-05
17,3,91,0.24552477069937756,2.9835784499637752e-05
17,3,92,0.24548960308625684,-5.331828621085721e-06
17,3,93,0.2453712945132447,-0.00012364040163323486
17,3,94,0.24545447684626576,-4.045806861216472e-05
17,3,95,0.24548847650738825,-6.458407489667861e-06
17,3,96,0.2454651438967825,-2.979101809541529e-05
17,3,97,0.24437066325306836,-0.0011242716618095616
17,3,98,0.24548618125777757,-8.75365710034659e-06
17,3,99,0.24558501153839482,9.007662351689927e-05
17,3,100,0.24546634490724667,-2.8590007631251746e-05
17,3,101,0.24546579603380672,-2.9138881071200107e-05
17,3,102,0.24561342613576928,0.0001184912208913591
17,3,103,0.245507928318047,1.2993403169070383e-05
17,3,104,0.24565103708795905,0.00015610217308112406
17,3,105,0.24551825654174086,2.3321626862943257e-05
17,3,106,0.24588381689373376,0.0003888819788558373
17,3,107,0.24560012051077862,0.00010518559590069754
17,3,108,0.24567400973600217,0.00017907482112425321
17,3,109,0.2455384318293311,4.349691445318382e-05
17,3,110,0.24538537742556238,-0.00010955748931554266
17,3,111,0.24548866567123004,-6.269243647882838e-06
17,3,112,0.24549301696570158,-1.917949176338807e-06
17,3,113,0.24546702192967215,-2.7912985205769125e-05
17,3,114,0.2455098335337791,1.4898618901165728e-05
17,3,115,0.24554024254613824,4.530763126031623e-05
17,3,116,0.24542280179484469,-7.213312003323535e-05
17,3,117,0.245533576486532,3.86415716540911e-05
17,3,118,0.24553282750929545,3.789259441752679e-05
17,3,119,0.24554068219391573,4.574727903780551e-05
17,3,120,0.24548824108677245,-6.693828105475141e-06
17,3,121,0.24552844176840527,3.350685352734861e-05
17,3,122,0.24539610783134805,-9.882708352987324e-05
17,3,123,0.24546111869172227,-3.381622315565269e-05
17,3,124,0.2455255300710807,3.0595156202767315e-05
17,3,125,0.2454950626674302,1.277525522869194e-07
17,3,126,0.2455593502756597,6.441536078177768e-05
17,3,127,0.24552779442512196,3.285951024403766e-05
17,4,0,0.24557653789935682,8.160298447890124e-05
17,4,1,0.24547886571739524,-1.6069197482676545e-05
17,4,2,0.2455344156234501,3.9480708572181555e-05
17,4,3,0.24549224160471725,-2.6933101606729792e-06
17,4,4,0.2454730732287746,-2.186168610332495e-05
17,4,5,0.24560905521941914,0.00011412030454122091
17,4,6,0.2455023977917752,7.462876897290638e-06
17,4,7,0.24543114937391503,-6.378554096289624e-05
17,4,8,0.24556720295036166,7.226803548374128e-05
17,4,9,0.24547473780320017,-2.0197111677749957e-05
17,4,10,0.2454905062526352,-4.428662242733639e-06
17,4,11,0.24552843041031816,3.349549544023889e-05
17,4,12,0.2454546864213335,-4.024849354442028e-05
17,4,13,0.24557005102329,7.511610841207106e-05
17,4,14,0.24542769749493532,-6.723741994260624e-05
17,4,15,0.24555568282807894,6.074791320101469e-05
17,4,16,0.24555662657599148,6.16916611135554e-05
17,4,17,0.2454989695543018,4.0346394238888195e-06
17,4,18,0.2455077422753473,1.2807360469380136e-05
17,4,19,0.24557143223031305,7.649731543513116e-05
17,4,20,0.24546853324124707,-2.6401673630854772e-05
17,4,21,0.24542781995779167,-6.711495708625059e-05
17,4,22,0.24537316171511597,-0.00012177319976194867
17,4,23,0.24548416374771653,-1.0771167161388595e-05
17,4,24,0.24538412593332726,-0.0001108089815506641
17,4,25,0.2454209238436027,-7.401107127522066e-05
17,4,26,0.24551663269742272,2.169778254479393e-05
17,4,27,0.24549222108561972,-2.7138292582051804e-06
17,4,28,0.24549409587189602,-8.39042981898297e-07
17,4,29,0.24542704735750792,-6.788755736999996e-05
17,4,30,0.24574668167048247,0.0002517467556045483
17,4,31,0.24535148945860114,-0.00014344545627678618
17,4,32,0.24546433182701993,-3.060308785798882e-05
17,4,33,0.24548764360402586,-7.291310852058919e-06
17,4,34,0.2454096266546249,-8.530826025301974e-05
17,4,35,0.24498310985958155,-0.0005118250552963721
17,4,36,0.24546171452991655,-3.322038496136881e-05
17,4,37,0.2455057991532338,1.08642383558899e-05
17,4,38,0.24549987251866404,4.9376037861148525e-06
17,4,39,0.2453652274248994,-0.0001297074899785089
17,4,40,0.24548397991539028,-1.0954999487639006e-05
17,4,41,0.24566726138928402,0.00017232647440609816
17,4,42,0.2454539249980906,-4.100991678732124e-05
17,4,43,0.24540433606005604,-9.059885482187724e-05
17,4,44,0.2454943660979202,-5.688169577300339e-07
17,4,45,0.24564033058922125,0.0001453956743433238
17,4,46,0.24552268598431248,2.7751069434561737e-05
17,4,47,0.24548147364197337,-1.3461272904552457e-05
17,4,48,0.2455026683359734,7.733421095473814e-06
17,4,49,0.24550157858363733,6.643668759409582e-06
17,4,50,0.24554349605849507,4.856114361714847e-05
17,4,51,0.24535484089311027,-0.0001400940217676505
17,4,52,0.24552304640150313,2.811148662520968e-05
17,4,53,0.24554459579851456,4.9660883636643005e-05
17,4,54,0.24547652559857835,-1.840931629956688e-05
17,4,55,0.2454735875871707,-2.134732770722736e-05
17,4,56,0.2455384663143198,4.353139944188178e-05
17,4,57,0.24546935085005056,-2.5584064827360864e-05
17,4,58,0.24549347294451476,-1.461970363159093e-06
17,4,59,0.24551743512743984,2.250021256192114e-05
17,4,60,0.2454829181568203,-1.2016758057620258e-05
17,4,61,0.2454682293025234,-2.6705612354516184e-05
17,4,62,0.24536545018489428,-0.00012948472998364213
17,4,63,0.2454726712452116,-2.2263669666316988e-05
17,4,64,0.2455224670870065,2.753217212858594e-05
17,4,65,0.24539947284367514,-9.546207120278427e-05
17,4,66,0.24554206143850538,4.71265236274554e-05
17,4,67,0.24553356850687888,3.8633592000958394e-05
17,4,68,0.2454853732665535,-9.561648324413197e-06
17,4,69,0.24552014531847727,2.521040359934612e-05
17,4,70,0.24547016634745886,-2.4768567419064524e-05
17,4,71,0.24547053787116813,-2.439704370979512e-05
17,4,72,0.24539925883501323,-9.567607986468718e-05
17,4,73,0.24550376383591344,8.828921035514137e-06
17,4,74,0.24568993468635447,0.00019499977147655057
17,4,75,0.24545979336342974,-3.514155144818121e-05
17,4,76,0.24545587578362646,-3.90591312514621e-05
17,4,77,0.24583280437841654,0.0003378694635386148
17,4,78,0.24547712951237746,-1.7805402500459255e-05
17,4,79,0.24545304386884892,-4.189104602900229e-05
17,4,80,0.24552138277269453,2.64478578166083e-05
17,4,81,0.2454321447975063,-6.279011737161944e-05
17,4,82,0.24547779138225326,-1.7143532624663838e-05
17,4,83,0.2454291284180639,-6.580649681400819e-05
17,4,84,0.24546990681038866,-2.502810448926085e-05
17,4,85,0.24555324417918556,5.830926430763772e-05
17,4,86,0.24554121895083425,4.6284035956328795e-05
17,4,87,0.24547245493139125,-2.2479983486672905e-05
17,4,88,0.24551218402258768,1.724910770975474e-05
17,4,89,0.24549390677344674,-1.0281414311863468e-06
17,4,90,0.24548062830668077,-1.4306608197151016e-05
17,4,91,0.2454742108368888,-2.072407798911491e-05
17,4,92,0.2454091948622968,-8.574005258113471e-05
17,4,93,0.24550957790632935,1.464299145143011e-05
17,4,94,0.24546368178526515,-3.125312961277382e-05
17,4,95,0.24545916863120826,-3.576628366966372e-05
17,4,96,0.2454955763461318,6.414312538893796e-07
17,4,97,0.24568492480948934,0.00018998989461141425
17,4,98,0.24548664123621866,-8.293678659260229e-06
17,4,99,0.2455033798214079,8.444906529986307e-06
17,4,100,0.2455383128188127,4.337790393477148e-05
17,4,101,0.24547700994988064,-1.7924964997279025e-05
17,4,102,0.24560093194361277,0.0001059970287348444
17,4,103,0.2454917416664799,-3.193248398009052e-06
17,4,104,0.24546915189897123,-2.5783015906694073e-05
17,4,105,0.24538329712123114,-0.00011163779364678494
17,4,106,0.24547874397688868,-1.6190937989241094e-05
17,4,107,0.2454370614630829,-5.7873451795031894e-05
17,4,108,0.24548167012728045,-1.3264787597472294e-05
17,4,109,0.24550273867709613,7.80376221820589e-06
17,4,110,0.24552610371859962,3.116880372169839e-05
17,4,111,0.2454532655963268,-4.16693185511241e-05
17,4,112,0.24536118166238466,-0.00013375325249326275
17,4,113,0.2456804481512322,0.00018551323635426775
17,4,114,0.24533304469212092,-0.00016189022275700515
17,4,115,0.2454765537287616,-1.8381186116328552e-05
17,4,116,0.2455763118365489,8.137692167098365e-05
17,4,117,0.2456600308770353,0.00016509596215738553
17,4,118,0.24560673124550716,0.00011179633062924355
17,4,119,0.24555009070757888,5.51557927009616e-05
17,4,120,0.24543020863328507,-6.472628159284732e-05
17,4,121,0.24546215849276137,-3.27764221165483e-05
17,4,122,0.24551049114422802,1.5556229350094375e-05
17,4,123,0.24546209925215076,-3.2835662727159765e-05
17,4,124,0.24573757872302956,0.00024264380815164355
17,4,125,0.24546526535539318,-2.9669559484746255e-05
17,4,126,0.24558454603747354,8.961112259561754e-05
17,4,127,0.24558907745646807,9.414254159015312e-05
17,5,0,0.24546838397204085,-2.655094283707249e-05
17,5,1,0.24571289390978482,0.00021795899490689719
17,5,2,0.24545489844580007,-4.003646907785319e-05
17,5,3,0.2452461042041866,-0.0002488307106913168
17,5,4,0.2455481949604315,5.32600455535881e-05
17,5,5,0.2457688031339776,0.0002738682190996655
17,5,6,0.24552476397968237,2.982906480444858e-05
17,5,7,0.24554995179583794,5.501688096001822e-05
17,5,8,0.2455434933894756,4.855847459767082e-05
17,5,9,0.245686881206491,0.00019194629161306542
17,5,10,0.24553487726376452,3.994234888660131e-05
17,5,11,0.24542792498129812,-6.700993357980356e-05
17,5,12,0.24548762716628,-7.307748597917829e-06
17,5,13,0.24557252133664986,7.75864217719413e-05
17,5,14,0.24550584663127195,1.0911716394029769e-05
17,5,15,0.24552496739467003,3.0032479792108102e-05
17,5,16,0.24556372518980088,6.879027492295853e-05
17,5,17,0.24547804092648537,-1.6893988392552295e-05
17,5,18,0.24548186085318385,-1.3074061694068329e-05
17,5,19,0.24558929235185206,9.435743697414067e-05
17,5,20,0.2454837402059333,-1.1194708944617382e-05
17,5,21,0.2456887373674264,0.0001938024525484916
17,5,22,0.24558360028951487,8.866537463694812e-05
17,5,23,0.24570628053454696,0.00021134561966903997
17,5,24,0.2454862063808032,-8.728534074714522e-06
17,5,25,0.24542491614987627,-7.001876500165038e-05
17,5,26,0.2457032624139753,0.00020832749909738268
17,5,27,0.2454947876893374,-1.4722554050883296e-07
17,5,28,0.24545272080334524,-4.221411153268462e-05
17,5,29,0.2455267188454341,3.178393055616735e-05
17,5,30,0.24561358852781928,0.00011865361294136068
17,5,31,0.24553421799259229,3.928307771436379e-05
17,5,32,0.24543930783474083,-5.562708013709394e-05
17,5,33,0.24564673675911067,0.00015180184423274623
17,5,34,0.24543827340965352,-5.66615052244035e-05
17,5,35,0.24548757670250648,-7.358212371438855e-06
17,5,36,0.245472581491828,-2.2353423049931154e-05
17,5,37,0.24541431451935578,-8.062039552214628e-05
17,5,38,0.24547697233214863,-1.7962582729291743e-05
17,5,39,0.245593847546282,9.891263140407447e-05
17,5,40,0.2454927354085738,-2.1995063041180263e-06
17,5,41,0.24570290844195877,0.00020797352708085137
17,5,42,0.24548884975361296,-6.085161264962613e-06
17,5,43,0.24552032337392496,2.538845904703768e-05
17,5,44,0.2454289522309129,-6.598268396501572e-05
17,5,45,0.24552886528287154,3.3930367993623145e-05
17,5,46,0.24566902934746926,0.0001740944325913374
17,5,47,0.24542536096942272,-6.957394545520357e-05
17,5,48,0.2454648142157896,-3.012069908830961e-05
17,5,49,0.24558817055443627,9.32356395583478e-05
17,5,50,0.24549075849307292,-4.176421805002217e-06
17,5,51,0.24545558052836805,-3.935438650987111e-05
17,5,52,0.24553973378409355,4.47988692156287e-05
17,5,53,0.2455514848056483,5.6549890770390965e-05
17,5,54,0.24548559300822737,-9.341906650556231e-06
17,5,55,0.24547258198795996,-2.2352926917962312e-05
17,5,56,0.2455600075049481,6.507259007018651e-05
17,5,57,0.24559733904843672,0.00010240413355880329
17,5,58,0.24546157095360013,-3.336396127778807e-05
17,5,59,0.2455306043776032,3.56694627252907e-05
17,5,60,0.2452743444208102,-0.0002205904940677239
17,5,61,0.24542847107770382,-6.646383717409665e-05
17,5,62,0.245550856603275,5.59216883970759e-05
17,5,63,0.2454639968577826,-3.0938057095308835e-05
17,5,64,0.24560467048398044,0.00010973556910251481
17,5,65,0.24549548319041464,5.48275536721432e-07
17,5,66,0.24548813714246587,-6.797772412053815e-06
17,5,67,0.2453713262849081,-0.00012360862996982358
17,5,68,0.24549258860845305,-2.34630642487188e-06
17,5,69,0.24543443315652658,-6.0501758351344526e-05
17,5,70,0.2454141977188898,-8.073719598811202e-05
17,5,71,0.24549530787964882,3.7296477090054125e-07
17,5,72,0.2454748831093543,-2.0051805523613186e-05
17,5,73,0.24548911734702858,-5.817567849342176e-06
17,5,74,0.24551147518547342,1.6540270595499784e-05
17,5,75,0.2454654421037019,-2.9492811176035083e-05
17,5,76,0.24541755139753232,-7.738351734559723e-05
17,5,77,0.24553395711706116,3.902220218324204e-05
17,5,78,0.24517706446269016,-0.00031787045218775734
17,5,79,0.24529073666323892,-0.00020419825163900396
17,5,80,0.2456654917713015,0.0001705568564235871
17,5,81,0.2454255197843525,-6.941513052541315e-05
17,5,82,0.24550759083732418,1.2655922446258572e-05
17,5,83,0.24554423052139177,4.9295606513843904e-05
17,5,84,0.24547646769263481,-1.846722224310704e-05
17,5,85,0.24540882661763994,-8.610829723798563e-05
17,5,86,0.24549841417520823,3.4792603303135383e-06
17,5,87,0.24543464662116354,-6.028829371437783e-05
17,5,88,0.24542768138159735,-6.72535332805757e-05
17,5,89,0.24543773527141294,-5.719964346498352e-05
17,5,90,0.24541459806457172,-8.033685030620075e-05
17,5,91,0.2455296837948252,3.474887994728282e-05
17,5,92,0.24548447543674035,-1.0459478137575529e-05
17,5,93,0.2454834657997414,-1.1469115136525376e-05
17,5,94,0.24548026401398418,-1.46709008937429e-05
17,5,95,0.24547367607954104,-2.1258835336879223e-05
17,5,96,0.24538347949027944,-0.00011145542459847779
17,5,97,0.24551816042605115,2.3225511173230462e-05
17,5,98,0.24553781736623637,4.2882451358444706e-05
17,5,99,0.2454693138549655,-2.5621059912411814e-05
17,5,100,0.24555810585340085,6.317093852292732e-05
17,5,101,0.2456414452828428,0.00014651036796486938
17,5,102,0.2455392141882422,4.427927336428383e-05
17,5,103,0.24547585861779336,-1.9076297084558158e-05
17,5,104,0.24542016496674404,-7.476994813387927e-05
17,5,105,0.2454713412896685,-2.3593625209428204e-05
17,5,106,0.24543780682242441,-5.7128092453506696e-05
17,5,107,0.2453667257085314,-0.00012820920634651345
17,5,108,0.24494495045020448,-0.000549984464673442
17,5,109,0.24547362036025092,-2.131455462700549e-05
17,5,110,0.24542858992274458,-6.634499213334366e-05
17,5,111,0.2455635434204579,6.860850557999232e-05
17,5,112,0.24546378719536505,-3.1147719512875094e-05
17,5,113,0.24534217262756355,-0.00015276228731436747
17,5,114,0.24562596910887258,0.00013103419399465577
17,5,115,0.24539944641100803,-9.548850386989494e-05
17,5,116,0.24546403868686034,-3.089622801757952e-05
17,5,117,0.2453461374947909,-0.0001487974200870268
17,5,118,0.24558501021495566,9.007530007773545e-05
17,5,119,0.24543992267536513,-5.501223951279166e-05
17,5,120,0.24546003648318782,-3.489843169010576e-05
17,5,121,0.24565718156610497,0.0001622466512270493
17,5,122,0.2454681678147767,-2.6767100101215968e-05
17,5,123,0.24536138956625822,-0.00013354534861970135
17,5,124,0.24552508315535126,3.0148240473343302e-05
17,5,125,0.245417002657164,-7.793225771390855e-05
17,5,126,0.2455322955116746,3.736059679668169e-05
17,5,127,0.2456736650899288,0.00017873017505087851
17,6,0,0.24533694202914813,-0.00015799288572979076
17,6,1,0.24555162687351875,5.6691958640830986e-05
17,6,2,0.245440590808961,-5.4344105916925844e-05
17,6,3,0.24559586762467628,0.000100932709798357
17,6,4,0.24572652128542669,0.0002315863705487642
17,6,5,0.24560338496678175,0.00010845005190382451
17,6,6,0.24556209401457843,6.715909970050893e-05
17,6,7,0.24557056395028906,7.562903541113997e-05
17,6,8,0.245503941400276,9.006485398088682e-06
17,6,9,0.24550227415866527,7.339243787346517e-06
17,6,10,0.24530355767184941,-0.00019137724302850656
17,6,11,0.24549824127406994,3.306359192017938e-06
17,6,12,0.24550874436394376,1.3809449065843582e-05
17,6,13,0.24549849736997248,3.5624550945578815e-06
17,6,14,0.24546811843983574,-2.6816475042185095e-05
17,6,15,0.2454763856355529,-1.8549279325014156e-05
17,6,16,0.24553946308104158,4.452816616365429e-05
17,6,17,0.24549524322413174,3.0830925382141494e-07
17,6,18,0.24548779769131246,-7.137223565462092e-06
17,6,19,0.24550289953432827,7.964619450351318e-06
17,6,20,0.24584579346685762,0.0003508585519796936
17,6,21,0.24548896053510202,-5.9743797758970985e-06
17,6,22,0.24543315071597252,-6.178419890540132e-05
17,6,23,0.24551710074078145,2.2165825903530667e-05
17,6,24,0.2455246010091089,2.9666094230967888e-05
17,6,25,0.24552519413824173,3.0259223363804377e-05
17,6,26,0.2454540742920527,-4.0860622825211745e-05
17,6,27,0.24547414796759887,-2.0786947279055612e-05
17,6,28,0.24561168339688672,0.00011674848200879384
17,6,29,0.24541496896589776,-7.996594898015963e-05
17,6,30,0.24549118581372392,-3.749101153999179e-06
17,6,31,0.24558850159838624,9.356668350832265e-05
17,6,32,0.24559884679981822,0.00010391188494029979
17,6,33,0.24569447602179167,0.00019954110691375315
17,6,34,0.2456980499982775,0.00020311508339956874
17,6,35,0.2454872948882271,-7.64002665082364e-06
17,6,36,0.24554298553128961,4.805061641169339e-05
17,6,37,0.2455678450219971,7.2910107119184e-05
17,6,38,0.24546288556998808,-3.204934488984512e-05
17,6,39,0.24581962638090127,0.00032469146602334686
17,6,40,0.2456022198899819,0.00010728497510398283
17,6,41,0.2454749720525968,-1.9962862281119875e-05
17,6,42,0.245503644895665,8.709980787086069e-06
17,6,43,0.24541833477260308,-7.66001422748408e-05
17,6,44,0.24311436853038743,-0.0023805663844904956
17,6,45,0.24568609313510872,0.00019115822023080264
17,6,46,0.24542299927977504,-7.193563510288215e-05
17,6,47,0.2455489269159795,5.399200110156599e-05
17,6,48,0.24547693415380245,-1.800076107547066e-05
17,6,49,0.24544734787280034,-4.7587042077579245e-05
17,6,50,0.24554112994006538,4.61950251874621e-05
17,6,51,0.24557651547107534,8.158055619741922e-05
17,6,52,0.24542871765764498,-6.62172572329367e-05
17,6,53,0.2454059552224685,-8.897969240942438e-05
17,6,54,0.24556432236014575,6.93874452678267e-05
17,6,55,0.24551906673516188,2.4131820283962435e-05
17,6,56,0.24524307545454455,-0.0002518594603333757
17,6,57,0.24567271332976376,0.00017777841488583745
17,6,58,0.245533969512073,3.903459719509228e-05
17,6,59,0.2455625770006395,6.764208576157116e-05
17,6,60,0.24551283890122338,1.7903986345463307e-05
17,6,61,0.24585671520581961,0.0003617802909416934
17,6,62,0.24549582818385454,8.932689766205648e-07
17,6,63,0.24564297838425708,0.00014804346937916102
17,6,64,0.245521736427682,2.680151280406995e-05
17,6,65,0.24570642700984469,0.00021149209496676424
17,6,66,0.2455493831849645,5.444827008657671e-05
17,6,67,0.24553393478316518,3.899986828725943e-05
17,6,68,0.24552827616195372,3.3341247075796554e-05
17,6,69,0.24536334031101242,-0.00013159460386549804
17,6,70,0.2454606544224686,-3.4280492409333174e-05
17,6,71,0.2457457652191271,0.00025083030424918884
17,6,72,0.2454972330420954,2.2981272174704692e-06
17,6,73,0.2455745172602083,7.958234533037012e-05
17,6,74,0.24575338738226632,0.0002584524673883981
17,6,75,0.24542430283964883,-7.063207522908788e-05
17,6,76,0.24562225795468315,0.0001273230398052272
17,6,77,0.24540688311564635,-8.805179923157547e-05
17,6,78,0.24565506140062635,0.00016012648574842414
17,6,79,0.24547721482226847,-1.7720092609446736e-05
17,6,80,0.24560628660932665,0.00011135169444873028
17,6,81,0.24564310357992203,0.0001481686650441072
17,6,82,0.24538984459890603,-0.00010509031597188967
17,6,83,0.24555274676682387,5.781185194594918e-05
17,6,84,0.2455859994120186,9.106449714069154e-05
17,6,85,0.2455246083923525,2.9673477474567722e-05
17,6,86,0.24422181893430445,-0.0012731159805734749
17,6,87,0.24548173173817342,-1.3203176704501551e-05
17,6,88,0.24567160141443584,0.0001766664995579148
17,6,89,0.2451712156948966,-0.00032371921998131103
17,6,90,0.2455879349614067,9.300004652879057e-05
17,6,91,0.24551847557056083,2.3540655682913192e-05
17,6,92,0.24550920226588796,1.4267351010038842e-05
17,6,93,0.24548787688185292,-7.058033025003629e-06
17,6,94,0.24548810018668427,-6.834728193655382e-06
17,6,95,0.2457724929121144,0.0002775579972364717
17,6,96,0.24549996653018896,5.0316153110407935e-06
17,6,97,0.24540447141328803,-9.046350158989358e-05
17,6,98,0.24551039705704847,1.5462142170546977e-05
17,6,99,0.2454697325052941,-2.5202409583813257e-05
17,6,100,0.24564584737800088,0.0001509124631229597
17,6,101,0.24555897357983228,6.403866495435784e-05
17,6,102,0.2454802566754672,-1.467823941073143e-05
17,6,103,0.2456940697468995,0.00019913483202158022
17,6,104,0.2455508629242796,5.592800940168452e-05
17,6,105,0.24552955518046177,3.462026558384568e-05
17,6,106,0.24495188478340285,-0.0005430501314750702
17,6,107,0.2454837516354987,-1.1183279379212152e-05
17,6,108,0.24548792934687602,-7.005568001899887e-06
17,6,109,0.24517825560966178,-0.0003166793052161443
17,6,110,0.2454995730165243,4.638101646387005e-06
17,6,111,0.24557594172022748,8.10068053495594e-05
17,6,112,0.24531165825054735,-0.00018327666433057277
17,6,113,0.2449509237555766,-0.000544011159301333
17,6,114,0.24550818110705863,1.3246192180710326e-05
17,6,115,0.2454762089983734,-1.872591650450839e-05
17,6,116,0.24570389993078384,0.00020896501590592087
17,6,117,0.2455494777440084,5.4542829130477255e-05
17,6,118,0.24553036613199616,3.5431217118242486e-05
17,6,119,0.24581529579374356,0.0003203608788656387
17,6,120,0.24552669983441455,3.1764919536630964e-05
17,6,121,0.24555230805464853,5.7373139770611203e-05
17,6,122,0.24552483757167876,2.990265680083426e-05
17,6,123,0.24546683005425315,-2.8104860624766914e-05
17,6,124,0.24553498131796397,4.004640308605256e-05
17,6,125,0.24551761784894302,2.2682934065099136e-05
17,6,126,0.24566353572201477,0.00016860080713684833
17,6,127,0.245484829905606,-1.0105009271926813e-05
17,7,0,0.24454594516248712,-0.0009489897523907997
17,7,1,0.24546511224528172,-2.9822669596196727e-05
17,7,2,0.24523155526385434,-0.0002633796510235764
17,7,3,0.24582800189882467,0.0003330669839467504
17,7,4,0.24556501486766893,7.007995279101342e-05
17,7,5,0.24550343499118926,8.500076311340754e-06
17,7,6,0.24550823901141827,1.3304096540350807e-05
17,7,7,0.24546695745960417,-2.797745527374773e-05
17,7,8,0.24568620305050104,0.00019126813562311828
17,7,9,0.24551685639165882,2.1921476780900617e-05
17,7,10,0.24563943072301894,0.0001444958081410208
17,7,11,0.24566084663067184,0.00016591171579391495
17,7,12,0.24559541820356592,0.00010048328868800249
17,7,13,0.2437894403616241,-0.0017054945532538335
17,7,14,0.24556196922444196,6.703430956403467e-05
17,7,15,0.2455150681354162,2.013322053828759e-05
17,7,16,0.2455339985839579,3.90636690799917e-05
17,7,17,0.245511271766908,1.6336852030091054e-05
17,7,18,0.24557808091411276,8.314599923484045e-05
17,7,19,0.24565868450383954,0.00016374958896162028
17,7,20,0.24552480724354434,2.987232866641376e-05
17,7,21,0.2457756783601751,0.000280743445297188
17,7,22,0.24518844975902504,-0.0003064851558528814
17,7,23,0.24555542671841304,6.049180353512318e-05
17,7,24,0.24450223884733305,-0.0009926960675448737
17,7,25,0.24524624081562246,-0.0002486940992554587
17,7,26,0.2455559391750956,6.1004260217684125e-05
17,7,27,0.24571838551407665,0.00022345059919873234
17,7,28,0.24493040436574517,-0.0005645305491327468
17,7,29,0.24550204285487487,7.107939996947588e-06
17,7,30,0.24557709379978074,8.215888490281653e-05
17,7,31,0.24556490435597367,6.996944109574632e-05
17,7,32,0.2454751228342179,-1.9812080660014386e-05
17,7,33,0.24548784924382755,-7.0856710503719444e-06
17,7,34,0.24562837265550638,0.00013343774062846148
17,7,35,0.24547214289031855,-2.2792024559376012e-05
17,7,36,0.24557419397098607,7.92590561081441e-05
17,7,37,0.24551562512518593,2.069021030801088e-05
17,7,38,0.24568224053977597,0.0001873056248980487
17,7,39,0.24551288208583832,1.794717096040288e-05
17,7,40,0.24542559657849985,-6.933833637806641e-05
17,7,41,0.24556328248031994,6.834756544202292e-05
17,7,42,0.2455651917184969,7.025680361896769e-05
17,7,43,0.2454706883386073,-2.42465762706201e-05
17,7,44,0.24547517631244153,-1.9758602436387163e-05
17,7,45,0.2455772823481312,8.234743325327698e-05
17,7,46,0.245761785874908,0.00026685096003006836
17,7,47,0.24554048487530533,4.554996042741011e-05
17,7,48,0.24553621566121633,4.128074633841239e-05
17,7,49,0.2454338921240243,-6.104279085361597e-05
17,7,50,0.24566463194952126,0.00016969703464334018
17,7,51,0.2454758517434023,-1.9083171475614558e-05
17,7,52,0.2454413077600123,-5.362715486562086e-05
17,7,53,0.24548136815238353,-1.3566762494393592e-05
17,7,54,0.24543657248024853,-5.836243462939428e-05
17,7,55,0.24553386694064708,3.893202576915611e-05
17,7,56,0.24553511821372292,4.018329884500349e-05
17,7,57,0.2455790488124434,8.411389756549092e-05
17,7,58,0.24507726100496838,-0.0004176739099095439
17,7,59,0.24559505717817387,0.00010012226329594864
17,7,60,0.2455153797375748,2.0444822696891185e-05
17,7,61,0.2457071395829027,0.000212204668024768
17,7,62,0.24548629643002423,-8.638484853690231e-06
17,7,63,0.24544959109905123,-4.534381582668723e-05
17,7,64,0.2454798286717178,-1.5106243160117883e-05
17,7,65,0.2455572157585444,6.228084366646791e-05
17,7,66,0.24544366506509385,-5.126984978406912e-05
17,7,67,0.24550710415910718,1.216924422925425e-05
17,7,68,0.24567138002540756,0.0001764451105296383
17,7,69,0.24537982078780957,-0.00011511412706835533
17,7,70,0.245746880983781,0.0002519460689030806
17,7,71,0.24552320312842987,2.826821355195186e-05
17,7,72,0.24550443428730073,9.499372422810959e-06
17,7,73,0.24573225862507309,0.00023732371019516418
17,7,74,0.24545859753451485,-3.633738036307177e-05
17,7,75,0.24540406156552771,-9.087334935020674e-05
17,7,76,0.2455635530277831,6.861811290517772e-05
17,7,77,0.2453223477595573,-0.0001725871553206193
17,7,78,0.24562087991540732,0.00012594500052939828
17,7,79,0.24558392070053242,8.898578565449955e-05
17,7,80,0.24553120698139522,3.627206651729553e-05
17,7,81,0.24552304904678734,2.811413190942358e-05
17,7,82,0.24551365370953182,1.871879465389914e-05
17,7,83,0.24559295926304908,9.802434817116068e-05
17,7,84,0.24553301042594086,3.807551106294049e-05
17,7,85,0.24529105735284534,-0.00020387756203257834
17,7,86,0.245416852501364,-7.808241351392464e-05
17,7,87,0.24545205907122541,-4.287584365250674e-05
17,7,88,0.24526233386807114,-0.00023260104680677962
17,7,89,0.24600047320885213,0.0005055382939742059
17,7,90,0.24583490173675487,0.0003399668218769525
17,7,91,0.24548425730181941,-1.067761305850734e-05
17,7,92,0.24543840831205951,-5.652660281840749e-05
17,7,93,0.24552949480262404,3.455988774611618e-05
17,7,94,0.24550456460106557,9.629686187645481e-06
17,7,95,0.24547411916463346,-2.0815750244457254e-05
17,7,96,0.24534889386219705,-0.00014604105268087308
17,7,97,0.24547115910182232,-2.3775813055598727e-05
17,7,98,0.24558610893718832,9.117402231040295e-05
17,7,99,0.24531559759498972,-0.0001793373198882009
17,7,100,0.24550457870749295,9.643792615032787e-06
17,7,101,0.24570906786582053,0.0002141329509426082
17,7,102,0.24547501002961752,-1.9924885260397263e-05
17,7,103,0.245866837339301,0.0003719024244230873
17,7,104,0.24544603710607055,-4.889780880737438e-05
17,7,105,0.2456397162512602,0.00014478133638226587
17,7,106,0.2456386352303589,0.00014370031548097129
17,7,107,0.2455250109440867,3.0076029208792043e-05
17,7,108,0.24564151344695345,0.00014657853207553084
17,7,109,0.24545641703560528,-3.851787927264261e-05
17,7,110,0.2454543478185574,-4.0587096320515714e-05
17,7,111,0.24557754252803293,8.26076131550113e-05
17,7,112,0.24548154974443337,-1.3385170444552008e-05
17,7,113,0.24565595995808975,0.00016102504321183209
17,7,114,0.24549814132407835,3.206409200429139e-06
17,7,115,0.24560533590730507,0.00011040099242715096
17,7,116,0.245501365414666,6.430499788073751e-06
17,7,117,0.24564734906997976,0.00015241415510183765
17,7,118,0.2456442403078669,0.00014930539298899093
17,7,119,0.24551984804590077,2.4913131022846757e-05
17,7,120,0.24543750454675728,-5.743036812064228e-05
17,7,121,0.24539248094707297,-0.00010245396780494964
17,7,122,0.24546230136318536,-3.2633551692556884e-05
17,7,123,0.24540304758679726,-9.188732808065869e-05
17,7,124,0.24545837215323268,-3.656276164523686e-05
17,7,125,0.2453411032792114,-0.0001538316356665126
17,7,126,0.24554623707011686,5.130215523893589e-05
17,7,127,0.24553620311087926,4.126819600133724e-05
17,8,0,0.24552394129437524,2.9006379497320545e-05
17,8,1,0.24552237812709937,2.744321222145074e-05
17,8,2,0.24558495961135737,9.002469647945155e-05
17,8,3,0.24576339973608355,0.0002684648212056273
17,8,4,0.24560523801918285,0.00011030310430493184
17,8,5,0.24542011360873697,-7.482130614094862e-05
17,8,6,0.24481820362560128,-0.0006767312892766442
17,8,7,0.2455663084220035,7.137350712557722e-05
17,8,8,0.2455541172661836,5.9182351305669956e-05
17,8,9,0.24578416293365862,0.0002892280187807017
17,8,10,0.24550392174717311,8.986832295193592e-06
17,8,11,0.2455036170006599,8.682085781974713e-06
17,8,12,0.24555977024198766,6.483532710974127e-05
17,8,13,0.2458219290042002,0.0003269940893222689
17,8,14,0.24560507894672748,0.00011014403184955723
17,8,15,0.24565279181229438,0.00015785689741645847
17,8,16,0.2455703162296691,7.53813147911786e-05
17,8,17,0.2455884272742001,9.34923593221837e-05
17,8,18,0.2455345733170605,3.963840218257353e-05
17,8,19,0.2455808703011018,8.593538622386765e-05
17,8,20,0.24571829527255168,0.0002233603576737575
17,8,21,0.2456557452079336,0.0001608102930556743
17,8,22,0.24551668495347478,2.1750038596862753e-05
17,8,23,0.24557325786932963,7.83229544517039e-05
17,8,24,0.24552943680631958,3.4501891441662824e-05
17,8,25,0.24555500584124185,6.0070926363925414e-05
17,8,26,0.2454424732173579,-5.2461697520017614e-05
17,8,27,0.24558951697198908,9.458205711115886e-05
17,8,28,0.24569569075416378,0.00020075583928585994
17,8,29,0.2455008363611797,5.9014463017759144e-06
17,8,30,0.24551014980491356,1.5214890035641915e-05
17,8,31,0.24555300972862484,5.807481374692225e-05
17,8,32,0.2455328919118176,3.795699693967536e-05
17,8,33,0.24562839549397442,0.0001334605790964949
17,8,34,0.24559247979435725,9.754487947932766e-05
17,8,35,0.24556634629608348,7.141138120556056e-05
17,8,36,0.24549143122359526,-3.503691282658039e-06
17,8,37,0.24602161870543718,0.000526683790559257
17,8,38,0.24565168596363457,0.00015675104875664814
17,8,39,0.24561665801785643,0.00012172310297850486
17,8,40,0.24525806085529223,-0.00023687405958569552
17,8,41,0.24564531724098915,0.00015038232611122582
17,8,42,0.245438441821333,-5.649309354491261e-05
17,8,43,0.2454330334069246,-6.190150795332139e-05
17,8,44,0.24552955162189966,3.461670702173403e-05
17,8,45,0.24556611898684222,7.118407196429755e-05
17,8,46,0.24549449720828995,-4.377065879745956e-07
17,8,47,0.24561085564446436,0.0001159207295864384
17,8,48,0.24561493040261345,0.00011999548773553026
17,8,49,0.24551604341547062,2.1108500592698087e-05
17,8,50,0.24563204488973855,0.00013710997486063303
17,8,51,0.24555381212617056,5.887721129263501e-05
17,8,52,0.24560152252709605,0.00010658761221812862
17,8,53,0.23990472407048002,-0.005590210844397897
17,8,54,0.24570545485489234,0.00021051994001441976
17,8,55,0.24553148302960426,3.65481147263369e-05
17,8,56,0.2454006362898649,-9.429862501303399e-05
17,8,57,0.24551056034838478,1.562543350686063e-05
17,8,58,0.24552763671748923,3.270180261130684e-05
17,8,59,0.24558391522407966,8.898030920173605e-05
17,8,60,0.24507892362923844,-0.0004160112856394782
17,8,61,0.24580682212560162,0.0003118872107236992
17,8,62,0.24560469576391264,0.00010976084903471794
17,8,63,0.24561262317988894,0.00011768826501101781
17,8,64,0.24565730235952482,0.00016236744464689923
17,8,65,0.24564674188109054,0.00015180696621261425
17,8,66,0.24515432872079035,-0.00034060619408757264
17,8,67,0.2456709621879924,0.00017602727311447075
17,8,68,0.24525466871587784,-0.00024026619900008317
17,8,69,0.24553289077964624,3.795586476831869e-05
17,8,70,0.24558285482096556,8.791990608764122e-05
17,8,71,0.24556797551917375,7.304060429583203e-05
17,8,72,0.2455176965674477,2.2761652569786017e-05
17,8,73,0.24571652643426783,0.00022159151938991317
17,8,74,0.24555573882163073,6.080390675280989e-05
17,8,75,0.24551977637621844,2.484146134051901e-05
17,8,76,0.24557642550677003,8.149059189210828e-05
17,8,77,0.24528190340239284,-0.00021303151248508456
17,8,78,0.24562604946006095,0.00013111454518302534
17,8,79,0.24585990661690063,0.00036497170202270945
17,8,80,0.2456920085553923,0.00019707364051438359
17,8,81,0.24558336633943892,8.84314245609974e-05
17,8,82,0.2456542546958085,0.00015931978093058907
17,8,83,0.24568696468262463,0.00019202976774670977
17,8,84,0.24556679419553595,7.185928065803204e-05
17,8,85,0.24549931445001494,4.379535137016832e-06
17,8,86,0.24516900678933792,-0.00032592812553999817
17,8,87,0.24563211275223842,0.0001371778373605026
17,8,88,0.2457272400506621,0.00023230513578417766
17,8,89,0.24550896042885295,1.4025513975030046e-05
17,8,90,0.24562833703058978,0.00013340211571186145
17,8,91,0.24556692574425662,7.19908293786986e-05
17,8,92,0.24542598575209543,-6.894916278249452e-05
17,8,93,0.24331456225380363,-0.0021803726610742924
17,8,94,0.24557148827173547,7.655335685755049e-05
17,8,95,0.24556546985844907,7.053494357114887e-05
17,8,96,0.2454665742102948,-2.8360704583119123e-05
17,8,97,0.24514270428488827,-0.0003522306299896527
17,8,98,0.24559559006278792,0.00010065514790999486
17,8,99,0.24559342493428948,9.849001941156232e-05
17,8,100,0.24566465343540805,0.00016971852053013214
17,8,101,0.2455794728119749,8.453789709697568e-05
17,8,102,0.24561851398045234,0.00012357906557441956
17,8,103,0.24554864870248044,5.371378760252177e-05
17,8,104,0.24567642367916376,0.0001814887642858365
17,8,105,0.24559816075119817,0.00010322583632024762
17,8,106,0.24582060794806912,0.00032567303319119834
17,8,107,0.24576238380234264,0.0002674488874647163
17,8,108,0.24546633540127422,-2.8599513603705384e-05
17,8,109,0.2454528282839311,-4.2106630946808776e-05
17,8,110,0.2455360914505242,4.1156535646291736e-05
17,8,111,0.2455517831340249,5.6848219146976575e-05
17,8,112,0.24558542497432112,9.049005944319899e-05
17,8,113,0.24574887732329637,0.00025394240841844495
17,8,114,0.2456520456899127,0.00015711077503477444
17,8,115,0.2454599602420619,-3.497467281601829e-05
17,8,116,0.24559326891846878,9.833400359085531e-05
17,8,117,0.2456382232669415,0.00014328835206359192
17,8,118,0.24539302882875247,-0.00010190608612545282
17,8,119,0.24528197850816957,-0.0002129564067083478
17,8,120,0.24579234656938242,0.0002974116545045036
17,8,121,0.24543496181995578,-5.997309492214442e-05
17,8,122,0.24558898665059883,9.405173572091252e-05
17,8,123,0.24572651668587114,0.0002315817709932222
17,8,124,0.2455061162340165,1.1181319138575674e-05
17,8,125,0.24513179113608463,-0.0003631437787932901
17,8,126,0.24562713284980378,0.00013219793492585952
17,8,127,0.2453930465827939,-0.00010188833208402137
17,9,0,0.2454171046132946,-7.783030158331483e-05
17,9,1,0.24555329280921706,5.8357894339139404e-05
17,9,2,0.2455243235580662,2.9388643188271724e-05
17,9,3,0.24553845879436242,4.352387948450276e-05
17,9,4,0.2455847592046284,8.982428975048973e-05
17,9,5,0.24571976298535636,0.0002248280704784389
17,9,6,0.2456247029139278,0.00012976799904987346
17,9,7,0.24559722468805645,0.00010228977317852661
17,9,8,0.2456167875735783,0.00012185265870037765
17,9,9,0.24559214959076647,9.72146758885517e-05
17,9,10,0.24571247204567354,0.0002175371307956142
17,9,11,0.2456110636313654,0.00011612871648747358
17,9,12,0.24556836134071275,7.342642583482717e-05
17,9,13,0.24559719716685707,0.00010226225197915162
17,9,14,0.24561825128764844,0.0001233163727705211
17,9,15,0.24560659000521484,0.00011165509033692067
17,9,16,0.24549468820925247,-2.4670562545625607e-07
17,9,17,0.245521909936527,2.697502164908383e-05
17,9,18,0.24602325103447248,0.0005283161195945574
17,9,19,0.24548718944479042,-7.74547008750015e-06
17,9,20,0.24564731414766156,0.00015237923278363374
17,9,21,0.2440876537146609,-0.0014072812002170199
17,9,22,0.2441778520170344,-0.001317082897843519
17,9,23,0.24554770472754647,5.276981266855163e-05
17,9,24,0.24573709646835049,0.00024216155347256407
17,9,25,0.24321348100251797,-0.002281453912359954
17,9,26,0.24543571372355016,-5.922119132775738e-05
17,9,27,0.24564059547705752,0.00014566056217960033
17,9,28,0.24549550539344034,5.704785624172093e-07
17,9,29,0.24554153877339133,4.660385851340543e-05
17,9,30,0.2454565760366072,-3.835887827072226e-05
17,9,31,0.24553312320498374,3.818829010582281e-05
17,9,32,0.24560321138325808,0.00010827646838015847
17,9,33,0.2454703648922172,-2.457002266070818e-05
17,9,34,0.2429148413858056,-0.0025800935290723193
17,9,35,0.24573664516021576,0.00024171024533783947
17,9,36,0.24590194142488286,0.0004070065100049425
17,9,37,0.2455599500590588,6.501514418089105e-05
17,9,38,0.24545804951633743,-3.6885398540492664e-05
17,9,39,0.24591567321705188,0.00042073830217395636
17,9,40,0.24546729905958334,-2.7635855294583234e-05
17,9,41,0.245651256739921,0.00015632182504307646
17,9,42,0.24576070297668526,0.0002657680618073366
17,9,43,0.24504257226908363,-0.00045236264579429086
17,9,44,0.24540438459513392,-9.055031974400385e-05
17,9,45,0.2455587477592918,6.381284441386859e-05
17,9,46,0.245633720088396,0.00013878517351809116
17,9,47,0.24382870510050428,-0.0016662298143736431
17,9,48,0.24569345686133814,0.0001985219464602228
17,9,49,0.24561566417943942,0.00012072926456149768
17,9,50,0.24566447559959417,0.00016954068471625172
17,9,51,0.24561388620989263,0.00011895129501471313
17,9,52,0.24541829163614204,-7.664327873588284e-05
17,9,53,0.24517253836376432,-0.00032239655111360177
17,9,54,0.24552731160949665,3.237669461872428e-05
17,9,55,0.24558728426070064,9.234934582272314e-05
17,9,56,0.24573426602670462,0.00023933111182669609
17,9,57,0.2456283400396191,0.00013340512474116495
17,9,58,0.2456603954912173,0.00016546057633937128
17,9,59,0.244954194712207,-0.0005407402026709196
17,9,60,0.24559391294450209,9.89780296241638e-05
17,9,61,0.24555190584276557,5.697092788764513e-05
17,9,62,0.245599344917808,0.00010441000293007208
17,9,63,0.24516085438903773,-0.0003340805258401913
17,9,64,0.24575735533413362,0.0002624204192556989
17,9,65,0.24560068613557334,0.00010575122069542142
17,9,66,0.24563615603795758,0.0001412211230796545
17,9,67,0.24559167072146568,9.673580658775549e-05
17,9,68,0.24568284670373822,0.00018791178886029547
17,9,69,0.2457300504168699,0.00023511550199198372
17,9,70,0.24560663281014566,0.00011169789526774276
17,9,71,0.24555270137100366,5.7766456125735166e-05
17,9,72,0.24551776439769096,2.2829482813041535e-05
17,9,73,0.24544208693805986,-5.2847976818065634e-05
17,9,74,0.24567948511791204,0.00018455020303412284
17,9,75,0.2455785185051181,8.358359024018824e-05
17,9,76,0.24550794281763155,1.3007902753631173e-05
17,9,77,0.24531284522604338,-0.00018208968883454135
17,9,78,0.24560841573737752,0.00011348082249959535
17,9,79,0.24558482834570605,8.989343082813073e-05
17,9,80,0.24553422294089666,3.928802601874115e-05
17,9,81,0.24555639934426166,6.146442938373409e-05
17,9,82,0.24519000612523262,-0.00030492878964530346
17,9,83,0.24576470361577818,0.00026976870090025806
17,9,84,0.24556619726066142,7.126234578350155e-05
17,9,85,0.24542354007610892,-7.13948387690011e-05
17,9,86,0.2454039590432514,-9.09758716265141e-05
17,9,87,0.24529295559964412,-0.0002019793152338023
17,9,88,0.24543552539214183,-5.9409522736086906e-05
17,9,89,0.2455477190755663,5.2784160688379433e-05
17,9,90,0.2457812751260433,0.00028634021116538677
17,9,91,0.24559247470290396,9.753978802604091e-05
17,9,92,0.24572938824924195,0.00023445333436403204
17,9,93,0.24573132431917247,0.0002363894042945458
17,9,94,0.24565504202413813,0.00016010710926020466
17,9,95,0.2455053647692772,1.0429854399279792e-05
17,9,96,0.24563500393040627,0.00014006901552834905
17,9,97,0.2456603380921837,0.00016540317730578957
17,9,98,0.24548361867348567,-1.1316241392250737e-05
17,9,99,0.24554963737284918,5.470245797126183e-05
17,9,100,0.24563145288131336,0.00013651796643543435
17,9,101,0.24559334869426788,9.841377938996088e-05
17,9,102,0.24596744600936432,0.0004725110944863997
17,9,103,0.24590318582754767,0.0004082509126697442
17,9,104,0.245666530967815,0.00017159605293706748
17,9,105,0.24538472072029158,-0.0001102141945863444
17,9,106,0.24553254557674156,3.7610661863640704e-05
17,9,107,0.24552885852748058,3.392361260265431e-05
17,9,108,0.24565382058178287,0.00015888566690494543
17,9,109,0.24565130170815452,0.0001563667932766022
17,9,110,0.2455782952883657,8.336037348777303e-05
17,9,111,0.24557181316971927,7.687825484134492e-05
17,9,112,0.2451024203858393,-0.00039251452903862893
17,9,113,0.2456925368374832,0.00019760192260528942
17,9,114,0.2454940415469927,-8.933678852240945e-07
17,9,115,0.24573090387373137,0.00023596895885344416
17,9,116,0.24553526746165166,4.033254677374143e-05
17,9,117,0.24562056244905808,0.0001256275341801616
17,9,118,0.24585377233084577,0.00035883741596784424
17,9,119,0.24590159117229168,0.0004066562574137622
17,9,120,0.2456131552537448,0.00011822033886688121
17,9,121,0.24554853169499788,5.359678011995772e-05
17,9,122,0.24551145555440834,1.652063953042071e-05
17,9,123,0.24542710098726217,-6.783392761575135e-05
17,9,124,0.24524050741431372,-0.0002544275005642027
17,9,125,0.2455626714580463,6.773654316838407e-05
17,9,126,0.2455494060781859,5.447116330797863e-05
17,9,127,0.24524775630394635,-0.0002471786109315699
34,0,0,0.4080033920500365,-0.00026195729681199875
34,0,1,0.4084491517479954,0.00018380240114690416
34,0,2,0.4081842471987654,-8.11021480831009e-05
34,0,3,0.4078248198988178,-0.00044052944803069094
34,0,4,0.40831165770021205,4.630835336355554e-05
34,0,5,0.40822268473333306,-4.2664613515430716e-05
34,0,6,0.4082942380140904,2.8888667241933064e-05
34,0,7,0.4082636763043086,-1.6730425398958637e-06
34,0,8,0.40824936549480617,-1.5983852042322777e-05
34,0,9,0.40838266282639984,0.00011731347955135085
34,0,10,0.4083432082507642,7.785890391570627e-05
34,0,11,0.4079675032471872,-0.00029784609966126974
34,0,12,0.408355484202821,9.013485597247906e-05
34,0,13,0.4083043156503642,3.8966303515686196e-05
34,0,14,0.4082086188632856,-5.673048356291677e-05
34,0,15,0.4085532946431635,0.0002879452963149842
34,0,16,0.40827010899243316,4.759645584662131e-06
34,0,17,0.4083946154663817,0.00012926611953323341
34,0,18,0.408320306769813,5.495742296451889e-05
34,0,19,0.40855414878684626,0.0002887994399977667
34,0,20,0.4083718979038965,0.00010654855704800292
34,0,21,0.4051047137043844,-0.0031606356424641047
34,0,22,0.4082526327215814,-1.2716625267084058e-05
34,0,23,0.4085173012217545,0.000251951874906009
34,0,24,0.4083168414279934,5.149208114491044e-05
34,0,25,0.40829922623387915,3.3876887030659386e-05
34,0,26,0.4082489063395517,-1.6443007296806922e-05
34,0,27,0.4082072714336311,-5.807791321738032e-05
34,0,28,0.4083470809346563,8.173158780783174e-05
34,0,29,0.4084822772479978,0.00021692790114929972
34,0,30,0.408590476158227,0.00032512681137852883
34,0,31,0.4083451689167944,7.981956994590478e-05
34,0,32,0.40836838425808347,0.00010303491123497821
34,0,33,0.4084225350775301,0.00015718573068163044
34,0,34,0.40824134728230554,-2.400206454294951e-05
34,0,35,0.4082265543627254,-3.8794984123069476e-05
34,0,36,0.4082799232086911,1.4573861842614999e-05
34,0,37,0.40828335922350023,1.80098766517367e-05
34,0,38,0.40830578147075386,4.04321239053651e-05
34,0,39,0.40811867815767744,-0.00014667118917105482
34,0,40,0.4082774128597212,1.2063512872695359e-05
34,0,41,0.40851052059689963,0.00024517125005113494
34,0,42,0.4083884897583153,0.00012314041146682664
34,0,43,0.4083418395646837,7.649021783517895e-05
34,0,44,0.40822067244500154,-4.467690184695172e-05
34,0,45,0.40821749492082826,-4.785442602023293e-05
34,0,46,0.4084908230615558,0.0002254737147073249
34,0,47,0.40831145913804345,4.610979119495928e-05
34,0,48,0.4081075075084029,-0.00015784183844558264
34,0,49,0.4060391710397394,-0.0022261783071090835
34,0,50,0.4083144044549951,4.905510814662284e-05
34,0,51,0.40826287629449276,-2.473052355733696e-06
34,0,52,0.4082821691657761,1.6819818927593655e-05
34,0,53,0.40843526647740447,0.00016991713055597435
34,0,54,0.4082473892810605,-1.7960065787969715e-05
34,0,55,0.4082058747702049,-5.947457664357003e-05
34,0,56,0.408291791794852,2.6442448003483054e-05
34,0,57,0.40827726288946575,1.1913542617258965e-05
34,0,58,0.40840478648775425,0.00013943714090575154
34,0,59,0.4083222986044742,5.694925762572689e-05
34,0,60,0.4085427575636092,0.0002774082167606995
34,0,61,0.40813604595487063,-0.0001293033919778641
34,0,62,0.4084100778576879,0.00014472851083940919
34,0,63,0.4082486439250542,-1.6705421794271924e-05
34,0,64,0.4085740949696941,0.0003087456228456076
34,0,65,0.40828370859735785,1.8359250509358827e-05
34,0,66,0.40828301744225176,1.766809540326708e-05
34,0,67,0.4080272242785624,-0.00023812506828607694
34,0,68,0.4082890534612262,2.370411437768727e-05
34,0,69,0.4083826658843446,0.00011731653749608162
34,0,70,0.4083457894772043,8.044013035579667e-05
34,0,71,0.4079954480215157,-0.00026990132533277755
34,0,72,0.4085947453578538,0.0003293960110052896
34,0,73,0.40827190463137475,6.55528452625509e-06
34,0,74,0.4086405547013876,0.00037520535453910986
34,0,75,0.4082441821822476,-2.1167164600877086e-05
34,0,76,0.4084357967527127,0.0001704474058641936
34,0,77,0.4083517880175276,8.643867067908984e-05
34,0,78,0.40833439681716255,6.904747031405423e-05
34,0,79,0.40841859043415873,0.00015324108731024078
34,0,80,0.40829632876899846,3.097942214996818e-05
34,0,81,0.4078998682756466,-0.00036548107120187856
34,0,82,0.40825385980851603,-1.1489538332465354e-05
34,0,83,0.4082835549378052,1.8205590956721363e-05
34,0,84,0.4083392766995596,7.392735271111173e-05
34,0,85,0.4084846343315245,0.00021928498467599367
34,0,86,0.40834075707264644,7.540772579794908e-05
34,0,87,0.40833464144788595,6.929210103745476e-05
34,0,88,0.40832015112032716,5.480177347866322e-05
34,0,89,0.40831637813150434,5.1028784655848813e-05
34,0,90,0.4083102181271944,4.4868780345930226e-05
34,0,91,0.40799075810717844,-0.0002745912396700523
34,0,92,0.4082768083922048,1.1459045356321251e-05
34,0,93,0.4085361844694999,0.00027083512265141385
34,0,94,0.40837617410100635,0.00011082475415785664
34,0,95,0.40840322514099253,0.00013787579414403783
34,0,96,0.408303814504005,3.8465157156497565e-05
34,0,97,0.4083855946801538,0.00012024533330529108
34,0,98,0.4082492074574905,-1.6141889358001205e-05
34,0,99,0.40831346188466083,4.811253781233926e-05
34,0,100,0.40832013112815185,5.478178130335909e-05
34,0,101,0.40889183754759917,0.0006264882007506745
34,0,102,0.4072332034070536,-0.0010321459397948929
34,0,103,0.4084100791936493,0.00014472984680080625
34,0,104,0.40832200425730947,5.6654910460973706e-05
34,0,105,0.40827666984563415,1.132049878566077e-05
34,0,106,0.4084250693329649,0.00015971998611641336
34,0,107,0.40826718183699723,1.8324901487343226e-06
34,0,108,0.4085070467645575,0.0002416974177090192
34,0,109,0.40830360223654105,3.8252889692558245e-05
34,0,110,0.40796853278349465,-0.0002968165633538411
34,0,111,0.40830700167443124,4.1652327582741844e-05
34,0,112,0.40823447124319834,-3.0878103650155975e-05
34,0,113,0.40826075422217895,-4.595124669548589e-06
34,0,114,0.4082458112864927,-1.9538060355817066e-05
34,0,115,0.40831502485355947,4.967550671097776e-05
34,0,116,0.4085023531898425,0.00023700384299402133
34,0,117,0.4083776538251714,0.00011230447832288881
34,0,118,0.4083378804907207,7.253114387217874e-05
34,0,119,0.4083537270539228,8.837770707431636e-05
34,0,120,0.4083642164858107,9.886713896223309e-05
34,0,121,0.4084011844448644,0.00013583509801590177
34,0,122,0.4083242372477607,5.888790091218565e-05
34,0,123,0.4084070349492182,0.00014168560236971217
34,0,124,0.4081213020555642,-0.00014404729128431049
34,0,125,0.40823972788687657,-2.562145997192511e-05
34,0,126,0.40830271946128915,3.7370114440660185e-05
34,0,127,0.40836065035457036,9.530100772187078e-05
34,1,0,0.4087030902315411,0.00043774088469261674
34,1,1,0.40740226832560944,-0.0008630810212390538
34,1,2,0.4088002333655447,0.0005348840186962245
34,1,3,0.40869424602030824,0.00042889667345974436
34,1,4,0.4090167025997581,0.0007513532529095923
34,1,5,0.4086273775289148,0.0003620281820663207
34,1,6,0.408540238520004,0.00027488917315549033
34,1,7,0.4083214849949661,5.6135648117627834e-05
34,1,8,0.40862270613141966,0.00035735678457116116
34,1,9,0.4088125540734584,0.0005472047266099067
34,1,10,0.40870120412939454,0.00043585478254604126
34,1,11,0.40845529819976756,0.00018994885291906405
34,1,12,0.4087521511599789,0.000486801813130433
34,1,13,0.4087123935064124,0.0004470441595639252
34,1,14,0.4081842659736693,-8.108337317919156e-05
34,1,15,0.40869503088984693,0.0004296815429984391
34,1,16,0.40872266477988384,0.0004573154330353435
34,1,17,0.4087329542457985,0.00046760489894998036
34,1,18,0.40860659771931773,0.00034124837246923834
34,1,19,0.40870690110669977,0.0004415517598512775
34,1,20,0.4088547717288384,0.0005894223819898903
34,1,21,0.4086156581290212,0.00035030878217268135
34,1,22,0.4087535849060293,0.0004882355591808163
34,1,23,0.40864490170033996,0.00037955235349146355
34,1,24,0.408500401031646,0.00023505168479748262
34,1,25,0.408646191394968,0.00038084204811950073
34,1,26,0.4087344311883341,0.00046908184148558574
34,1,27,0.36984749692164653,-0.03841785242520196
34,1,28,0.4087018653493924,0.00043651600254390743
34,1,29,0.4088103856879409,0.0005450363410924308
34,1,30,0.40868326064749516,0.00041791130064666726
34,1,31,0.40878331575784305,0.0005179664109945525
34,1,32,0.4085127334636097,0.00024738411676122896
34,1,33,0.40867860680408147,0.0004132574572329739
34,1,34,0.4086412324604064,0.0003758831135579066
34,1,35,0.4086808664234009,0.00041551707655240744
34,1,36,0.4083858095423691,0.00012046019552058862
34,1,37,0.40866853924317137,0.0004031898963228753
34,1,38,0.40876783065791733,0.0005024813110688364
34,1,39,0.40877806420004453,0.000512714853196039
34,1,40,0.4087056716365463,0.0004403222896978143
34,1,41,0.4088843697591925,0.0006190204123440179
34,1,42,0.40876788136191283,0.0005025320150643386
34,1,43,0.40826974337688804,4.394030039545083e-06
34,1,44,0.4088552526883823,0.000589903341533804
34,1,45,0.40862133565450015,0.00035598630765165673
34,1,46,0.408593694741044,0.0003283453941955172
34,1,47,0.4087925184679627,0.0005271691211142238
34,1,48,0.40864457972192547,0.00037923037507697765
34,1,49,0.4086596662629561,0.00039431691610758435
34,1,50,0.40872629143827727,0.0004609420914287732
34,1,51,0.4087809158921245,0.0005155665452760139
34,1,52,0.4081111370278409,-0.00015421231900758503
34,1,53,0.40870527374233856,0.00043992439549006557
34,1,54,0.40866980896124594,0.0004044596143974455
34,1,55,0.4087877177543404,0.0005223684074919244
34,1,56,0.4086554722617472,0.0003901229148987051
34,1,57,0.4087429918200325,0.00047764247318399233
34,1,58,0.40874350218048094,0.0004781528336324503
34,1,59,0.4090316570960453,0.0007663077491967818
34,1,60,0.3961522420128091,-0.012113107334039419
34,1,61,0.4087575119715788,0.0004921626247302857
34,1,62,0.4086836154688153,0.000418266121966826
34,1,63,0.4088197343864374,0.0005543850395888783
34,1,64,0.4086440270713282,0.0003786777244796924
34,1,65,0.40904497195795203,0.0007796226111035365
34,1,66,0.40879714036795023,0.0005317910211017352
34,1,67,0.40873152700123844,0.0004661776543899432
34,1,68,0.4086629132672643,0.0003975639204157888
34,1,69,0.40862330291761895,0.00035795357077045287
34,1,70,0.4087182485924956,0.00045289924564712036
34,1,71,0.40877253807947606,0.0005071887326275615
34,1,72,0.4086929767320613,0.0004276273852127921
34,1,73,0.4088204533804739,0.0005551040336254087
34,1,74,0.4086089207013714,0.000343571354522898
34,1,75,0.40774654772184493,-0.0005188016250035621
34,1,76,0.4086357123094676,0.0003703629626191085
34,1,77,0.4085706044877229,0.0003052551408744275
34,1,78,0.4086805736402448,0.00041522429339629907
34,1,79,0.4086743317002497,0.00040898235340119937
34,1,80,0.4083419400048603,7.65906580117992e-05
34,1,81,0.4085150367416652,0.0002496873948167333
34,1,82,0.406649807137263,-0.0016155422095854854
34,1,83,0.4087436980628945,0.0004783487160460176
34,1,84,0.4086541605493174,0.0003888112024689194
34,1,85,0.40860889431116754,0.00034354496431904247
34,1,86,0.40879144708636816,0.0005260977395196709
34,1,87,0.4087275764231034,0.00046222707625492854
34,1,88,0.40870613554903584,0.00044078620218734876
34,1,89,0.40867904258157345,0.00041369323472495445
34,1,90,0.4087920248492972,0.0005266755024487257
34,1,91,0.4091012614628311,0.0008359121159826066
34,1,92,0.4087013592548901,0.00043600990804160134
34,1,93,0.40879399799738875,0.0005286486505402532
34,1,94,0.4087317200022146,0.00046637065536608846
34,1,95,0.4093005535141683,0.001035204167319781
34,1,96,0.4086551623933613,0.00038981304651281024
34,1,97,0.40865019053848145,0.0003848411916329564
34,1,98,0.40864250196504726,0.00037715261819876167
34,1,99,0.40879950553634314,0.00053415618949465
34,1,100,0.4086168629254211,0.00035151357857260424
34,1,101,0.4086735238594231,0.0004081745125746328
34,1,102,0.40867306677429194,0.00040771742744344364
34,1,103,0.40853905076804015,0.0002737014211916522
34,1,104,0.40800372318574707,-0.0002616261611014248
34,1,105,0.4089413245194564,0.0006759751726079233
34,1,106,0.4086884958075888,0.00042314646074032014
34,1,107,0.4086796713531273,0.0004143220062788333
34,1,108,0.40947867873606114,0.0012133293892126473
34,1,109,0.4088581570557601,0.0005928077089116246
34,1,110,0.4086905736429207,0.0004252242960722241
34,1,111,0.40877393219971725,0.0005085828528687553
34,1,112,0.40896265130998777,0.0006973019631392741
34,1,113,0.40866876516423195,0.0004034158173834568
34,1,114,0.40793163443252645,-0.0003337149143220475
34,1,115,0.4084880181659739,0.00022266881912541558
34,1,116,0.4090055018939995,0.0007401525471509851
34,1,117,0.4085057751677648,0.00024042582091632347
34,1,118,0.4074211795149512,-0.000844169831897279
34,1,119,0.40853888227372426,0.0002735329268757636
34,1,120,0.4085861594550547,0.00032081010820622646
34,1,121,0.4084452867085946,0.00017993736174609642
34,1,122,0.40857583977239786,0.0003104904255493701
34,1,123,0.40887096741443135,0.0006056180675828582
34,1,124,0.4086434846790734,0.0003781353322249159
34,1,125,0.408598989874731,0.0003336405278824839
34,1,126,0.408763748615927,0.00049839926907852
34,1,127,0.4085530866647853,0.00028773731793679813
34,2,0,0.4082548524566103,-1.049689023818745e-05
34,2,1,0.4082074673337565,-5.7882013091981044e-05
34,2,2,0.40788600291016264,-0.00037934643668585677
34,2,3,0.4082586522597601,-6.697087088392006e-06
34,2,4,0.4088052448217817,0.0005398954749332163
34,2,5,0.40705417531515664,-0.001211174031691853
34,2,6,0.40821340233715897,-5.194700968952359e-05
34,2,7,0.4082646930392933,-6.563075551913045e-07
34,2,8,0.40825147170912035,-1.3877637728143544e-05
34,2,9,0.4083144006137095,4.905126686099992e-05
34,2,10,0.4082131940060272,-5.215534082131379e-05
34,2,11,0.40823229760669477,-3.305174015372225e-05
34,2,12,0.40864719382852477,0.0003818444816762745
34,2,13,0.40835009481080914,8.474546396064486e-05
34,2,14,0.4082436475284557,-2.1701818392783068e-05
34,2,15,0.4082547073097151,-1.0642037133412607e-05
34,2,16,0.4082097513176776,-5.559802917087797e-05
34,2,17,0.408390163497299,0.00012481415045051403
34,2,18,0.40819076201663845,-7.458733021004083e-05
34,2,19,0.4083198419195312,5.449257268269614e-05
34,2,20,0.4081512738691667,-0.00011407547768177428
34,2,21,0.40819974550427934,-6.560384256915075e-05
34,2,22,0.40824139113098645,-2.3958215862041055e-05
34,2,23,0.4082852260330368,1.9876686188302628e-05
34,2,24,0.40793226434258606,-0.0003330850042624345
34,2,25,0.4081532353845756,-0.00011211396227289727
34,2,26,0.40828755342650086,2.2204079652365927e-05
34,2,27,0.40853152416915856,0.0002661748223100613
34,2,28,0.40840456730924246,0.0001392179623939671
34,2,29,0.40827612958024206,1.078023339357026e-05
34,2,30,0.40824169635356267,-2.3652993285827595e-05
34,2,31,0.40835234342811544,8.699408126694452e-05
34,2,32,0.4083405456487154,7.519630186691995e-05
34,2,33,0.4082630892232316,-2.2601236168706684e-06
34,2,34,0.4088147215251224,0.0005493721782738881
34,2,35,0.40820061729257817,-6.473205427032225e-05
34,2,36,0.4082837356106177,1.8386263769210043e-05
34,2,37,0.4085743637273284,0.0003090143804799217
34,2,38,0.40827876643650785,1.3417089659351067e-05
34,2,39,0.40822445465559487,-4.089469125362344e-05
34,2,40,0.40821116288253995,-5.418646430854768e-05
34,2,41,0.4082497718131346,-1.5577533713895253e-05
34,2,42,0.40821673666845526,-4.861267839323391e-05
34,2,43,0.40834428525877936,7.893591193086635e-05
34,2,44,0.408192297926584,-7.305142026448053e-05
34,2,45,0.40852924965592363,0.00026390030907513795
34,2,46,0.4083029583092967,3.7608962448199e-05
34,2,47,0.4085063942903437,0.00024104494349519445
34,2,48,0.40826387707270767,-1.4722741408235152e-06
34,2,49,0.4081608577314133,-0.00010449161543518715
34,2,50,0.40824623328386167,-1.9116062986823668e-05
34,2,51,0.40826902094163364,3.6715947851484465e-06
34,2,52,0.4082227507134636,-4.259863338490488e-05
34,2,53,0.40845834756868965,0.00019299822184115634
34,2,54,0.40826612148380736,7.721369588709059e-07
34,2,55,0.40803973898339474,-0.0002256103634537543
34,2,56,0.40822312995619786,-4.221939065063296e-05
34,2,57,0.4082716609027115,6.31155586300336e-06
34,2,58,0.4082609204917907,-4.428855057803105e-06
34,2,59,0.4085037814235264,0.0002384320766778969
34,2,60,0.40830244501430296,3.7095667454467574e-05
34,2,61,0.40847326662806377,0.0002079172812152752
34,2,62,0.40847640819748204,0.0002110588506335498
34,2,63,0.4084155393129982,0.00015018996614968305
34,2,64,0.40809405844274715,-0.00017129090410133996
34,2,65,0.40858002174605024,0.00031467239920174306
34,2,66,0.4082023757575183,-6.297358933021746e-05
34,2,67,0.40821146252559637,-5.388682125212485e-05
34,2,68,0.40858459557950605,0.00031924623265755514
34,2,69,0.40847323731056573,0.00020788796371723484
34,2,70,0.4085749617275788,0.0003096123807302953
34,2,71,0.4082192621274775,-4.6087219370993804e-05
34,2,72,0.40821333551282674,-5.2013834021757965e-05
34,2,73,0.4082199804724813,-4.5368874367179846e-05
34,2,74,0.4078422308847959,-0.0004231184620526185
34,2,75,0.40832088767083086,5.553832398236258e-05
34,2,76,0.40822331084981817,-4.2038497030327804e-05
34,2,77,0.40842211782947896,0.00015676848263046494
34,2,78,0.40823533973764675,-3.0009609201742116e-05
34,2,79,0.4083060248504779,4.0675503629405974e-05
34,2,80,0.40842450107069667,0.0001591517238481721
34,2,81,0.408456530360111,0.00019118101326248693
34,2,82,0.4087010033523826,0.00043565400553408073
34,2,83,0.40821109793435406,-5.425141249443266e-05
34,2,84,0.4084199510233575,0.00015460167650899193
34,2,85,0.40846159096744444,0.0001962416205959494
34,2,86,0.40823444137759624,-3.090796925225847e-05
34,2,87,0.4082884366105174,2.308726366889724e-05
34,2,88,0.4082583328406957,-7.016506152812685e-06
34,2,89,0.4082285338241035,-3.681552274498179e-05
34,2,90,0.40816376488143424,-0.00010158446541425059
34,2,91,0.40824636768780553,-1.898165904296034e-05
34,2,92,0.4082211250660348,-4.4224280813687233e-05
34,2,93,0.40858641714455995,0.00032106779771146066
34,2,94,0.40820718553793933,-5.816380890916184e-05
34,2,95,0.40833491075158135,6.95614047328541e-05
34,2,96,0.40858985589505525,0.00032450654820675995
34,2,97,0.40823372170798194,-3.162763886654929e-05
34,2,98,0.40827982295348075,1.4473606632259273e-05
34,2,99,0.4082974237250187,3.2074378170210416e-05
34,2,100,0.40823528326526065,-3.0066081587842852e-05
34,2,101,0.4086529350566146,0.00038758570976610285
34,2,102,0.40822582566332355,-3.952368352494462e-05
34,2,103,0.4082213399122866,-4.4009434561897987e-05
34,2,104,0.40825424631581886,-1.1103031029635613e-05
34,2,105,0.40743028629892386,-0.0008350630479246335
34,2,106,0.4081673559194696,-9.799342737887295e-05
34,2,107,0.40832173072838696,5.638138153846173e-05
34,2,108,0.40833663432199363,7.12849751451361e-05
34,2,109,0.4083364526536158,7.110330676729504e-05
34,2,110,0.4080254398998216,-0.0002399094470268981
34,2,111,0.40823904261270383,-2.6306734144665445e-05
34,2,112,0.40836601508806075,0.00010066574121225802
34,2,113,0.4081834241754005,-8.192517144800515e-05
34,2,114,0.40845164125861294,0.00018629191176444682
34,2,115,0.40820336308468286,-6.198626216563641e-05
34,2,116,0.40828649909455456,2.1149747706061817e-05
34,2,117,0.40831407780956924,4.872846272074849e-05
34,2,118,0.4083043618146265,3.901246777798795e-05
34,2,119,0.40832472593856634,5.9376591717841265e-05
34,2,120,0.40798636428821333,-0.00027898505863516165
34,2,121,0.4054903098913593,-0.002775039455489181
34,2,122,0.4082364950678131,-2.8854279035372965e-05
34,2,123,0.4084465694134275,0.00018122006657900203
34,2,124,0.4082370955568946,-2.82537899539137e-05
34,2,125,0.4084185938164362,0.00015324446958769888
34,2,126,0.4082435879863104,-2.17613605381084e-05
34,2,127,0.40844320992279026,0.0001778605759417684
34,3,0,0.4087943746594084,0.0005290253125598832
34,3,1,0.4081780265178904,-8.732282895806964e-05
34,3,2,0.4086020240138375,0.00033667466698900084
34,3,3,0.40814145833499027,-0.0001238910118582237
34,3,4,0.4082894526908344,2.4103343985892867e-05
34,3,5,0.4084234707499126,0.00015812140306409317
34,3,6,0.4081711433147863,-9.420603206217182e-05
34,3,7,0.40821487061496686,-5.047873188163132e-05
34,3,8,0.40836302101562366,9.767166877516775e-05
34,3,9,0.40826279461047305,-2.554736375448563e-06
34,3,10,0.4083087974381329,4.344809128442595e-05
34,3,11,0.4082437195063559,-2.1629840492587427e-05
34,3,12,0.40868191094886,0.0004165616020115337
34,3,13,0.4082974310367893,3.2081689940788305e-05
34,3,14,0.4086167543224591,0.0003514049756105919
34,3,15,0.40810244336173634,-0.0001629059851121495
34,3,16,0.40841387786904215,0.0001485285221936583
34,3,17,0.40844647331695766,0.00018112397010916492
34,3,18,0.40825381800231275,-1.1531344535742338e-05
34,3,19,0.4084232375270255,0.00015788818017697936
34,3,20,0.40827161737716144,6.268030312950312e-06
34,3,21,0.4083045589592249,3.920961237641185e-05
34,3,22,0.40822171176574673,-4.363758110176308e-05
34,3,23,0.40844767287959094,0.0001823235327424455
34,3,24,0.4081331342722285,-0.00013221507461996795
34,3,25,0.4082871984520843,2.1849105235782762e-05
34,3,26,0.408445507451699,0.000180158104850503
34,3,27,0.4081949200875664,-7.042925928207877e-05
34,3,28,0.4082225049708567,-4.284437599177959e-05
34,3,29,0.4084039229843691,0.00013857363752062257
34,3,30,0.40840545876396334,0.00014010941711484204
34,3,31,0.4081847709619029,-8.057838494557323e-05
34,3,32,0.4082271678544841,-3.8181492364397496e-05
34,3,33,0.40826303342661296,-2.3159202355294006e-06
34,3,34,0.4084269860035824,0.00016163665673391003
34,3,35,0.408426826148569,0.00016147680172051704
34,3,36,0.4082987729470695,3.3423600221016425e-05
34,3,37,0.4082797311942923,1.4381847443789564e-05
34,3,38,0.4082404319029666,-2.491744388188888e-05
34,3,39,0.40823422655101627,-3.112279583222799e-05
34,3,40,0.4082839126636264,1.8563316777908678e-05
34,3,41,0.40725423540273453,-0.0010111139441139616
34,3,42,0.40827095631789734,5.6069710488437785e-06
34,3,43,0.40838179114802586,0.00011644180117736935
34,3,44,0.4078331905483922,-0.0004321587984563169
34,3,45,0.4080872409285103,-0.00017810841833820756
34,3,46,0.40826578073706254,4.3139021405069755e-07
34,3,47,0.40821807693475964,-4.7272412088850135e-05
34,3,48,0.4082610118163623,-4.337530486175911e-06
34,3,49,0.4083494501134729,8.410076662440646e-05
34,3,50,0.40852052169155884,0.00025517234471034156
34,3,51,0.40854130461150207,0.00027595526465357123
34,3,52,0.4082615125288142,-3.83681803428626e-06
34,3,53,0.40833557808720167,7.022874035317317e-05
34,3,54,0.4084669397176844,0.00020159037083589126
34,3,55,0.4082433856907077,-2.1963656140766563e-05
34,3,56,0.40817923593675587,-8.61134100926253e-05
34,3,57,0.40836404240437685,9.8693057528354e-05
34,3,58,0.4081597687903714,-0.00010558055647708064
34,3,59,0.4082826664665121,1.7317119663629033e-05
34,3,60,0.40825830575325334,-7.0435935951573825e-06
34,3,61,0.40826570689707625,3.5755022775862955e-07
34,3,62,0.4082957574634679,3.0408116619418113e-05
34,3,63,0.408306058721598,4.070937474948133e-05
34,3,64,0.4082916129724344,2.626362558588724e-05
34,3,65,0.4082784519879428,1.3102641094331346e-05
34,3,66,0.40825234880026773,-1.3000546580765882e-05
34,3,67,0.4083499655096735,8.461616282501305e-05
34,3,68,0.4086033171317174,0.0003379677848688867
34,3,69,0.4082853338487026,1.9984501854086734e-05
34,3,70,0.4060830744916415,-0.0021822748552070004
34,3,71,0.40819772459343895,-6.762475340954532e-05
34,3,72,0.40834743907480653,8.20897279580346e-05
34,3,73,0.4083888093624384,0.0001234600155898824
34,3,74,0.4081678714380035,-9.747790884501173e-05
34,3,75,0.4084273138029201,0.00016196445607158383
34,3,76,0.40838042877178116,0.00011507942493266254
34,3,77,0.40834770242768675,8.235308083825998e-05
34,3,78,0.40827269625419693,7.346907348437792e-06
34,3,79,0.40834555715426596,8.020780741746503e-05
34,3,80,0.4083965131334354,0.00013116378658689642
34,3,81,0.4082799826468447,1.4633299996180682e-05
34,3,82,0.4085198445643265,0.0002544952174780013
34,3,83,0.4049757544582062,-0.0032895948886422777
34,3,84,0.4085291712929538,0.00026382194610530263
34,3,85,0.4084208954842753,0.00015554613742679857
34,3,86,0.4083124990975191,4.714975067060534e-05
34,3,87,0.40818581414084637,-7.953520600212372e-05
34,3,88,0.408190643057747,-7.470628910150046e-05
34,3,89,0.4084030369851404,0.00013768763829191677
34,3,90,0.40835591986097486,9.057051412636463e-05
34,3,91,0.4082735714841168,8.222137268310004e-06
34,3,92,0.4082920611465167,2.6711799668233116e-05
34,3,93,0.4082409455564262,-2.440379042228935e-05
34,3,94,0.40823254559515504,-3.2803751693455396e-05
34,3,95,0.4082838275894412,1.8478242592712135e-05
34,3,96,0.40829268375981054,2.733441296204342e-05
34,3,97,0.408434156600754,0.00016880725390550078
34,3,98,0.40822250296563223,-4.284638121626605e-05
34,3,99,0.40849768314651824,0.00023233379966974832
34,3,100,0.4074308499372844,-0.0008344994095640934
34,3,101,0.4082458463772651,-1.9502969583418128e-05
34,3,102,0.40839554236173037,0.00013019301488187418
34,3,103,0.408321429325209,5.607997836049039e-05
34,3,104,0.408438821912556,0.0001734725657074887
34,3,105,0.4083083284034378,4.297905658928736e-05
34,3,106,0.4086944981828746,0.0004291488360261275
34,3,107,0.4083846536986507,0.00011930435180218524
34,3,108,0.4084854342764158,0.00022008492956732129
34,3,109,0.4084933889171842,0.00022803957033568079
34,3,110,0.40826884270564034,3.4933587918506426e-06
34,3,111,0.4082638473567526,-1.5019900959090116e-06
34,3,112,0.4082744918893363,9.142542487794447e-06
34,3,113,0.40823543314639366,-2.9916200454838116e-05
34,3,114,0.40829131918159156,2.5969834743067022e-05
34,3,115,0.40834813651557805,8.278716872955894e-05
34,3,116,0.40827592295341864,1.057360657014117e-05
34,3,117,0.4083774754291184,0.00011212608226990328
34,3,118,0.40827326221963756,7.912872789062053e-06
34,3,119,0.40839550308953676,0.00013015374268826596
34,3,120,0.4083130619079734,4.771256112490185e-05
34,3,121,0.40842634829998303,0.00016099895313453905
34,3,122,0.4082741584542864,8.809107437890429e-06
34,3,123,0.40858440451618916,0.00031905516934066513
34,3,124,0.40793733614651223,-0.00032801320033626347
34,3,125,0.4082621929737342,-3.156373114321376e-06
34,3,126,0.4083802728005985,0.00011492345375002655
34,3,127,0.4083714356109266,0.00010608626407809796
34,4,0,0.4084969596790211,0.00023161033217261595
34,4,1,0.40828680041160703,2.145106475853753e-05
34,4,2,0.4083734598550006,0.00010811050815212608
34,4,3,0.4083450661506477,7.971680379920132e-05
34,4,4,0.4082821035159737,1.675416912522154e-05
34,4,5,0.40848653152227915,0.00022118217543065644
34,4,6,0.40831030260252515,4.495325567666075e-05
34,4,7,0.40835711510094214,9.17657540936423e-05
34,4,8,0.40848464295245623,0.00021929360560773992
34,4,9,0.40832586805681503,6.051870996653941e-05
34,4,10,0.4058768766680678,-0.002388472678780673
34,4,11,0.4081050453483224,-0.00016030399852606791
34,4,12,0.4083338062833892,6.845693654072837e-05
34,4,13,0.40846863543644535,0.00020328608959685468
34,4,14,0.4082281785233571,-3.717082349141698e-05
34,4,15,0.40828039996792215,1.5050621073653403e-05
34,4,16,0.4084036794171499,0.00013833007030139566
34,4,17,0.40832330424956537,5.7954902716872425e-05
34,4,18,0.40830661990410977,4.127055726127482e-05
34,4,19,0.4084459397111434,0.00018059036429490805
34,4,20,0.40825990775624504,-5.441590603449953e-06
34,4,21,0.4082992539458268,3.3904598978284906e-05
34,4,22,0.4072945381326045,-0.0009708112142439718
34,4,23,0.40831252161627385,4.717226942535513e-05
34,4,24,0.40821897632326026,-4.637302358823092e-05
34,4,25,0.40834764878685725,8.229944000875955e-05
34,4,26,0.4083999541764262,0.00013460482957772246
34,4,27,0.4083701386624089,0.00010478931556040516
34,4,28,0.40828655495843785,2.1205611589358853e-05
34,4,29,0.4083892082659831,0.00012385891913457847
34,4,30,0.40851111300121185,0.00024576365436335124
34,4,31,0.40825241970504944,-1.2929641799053204e-05
34,4,32,0.4082629049241913,-2.4444226571773697e-06
34,4,33,0.4082889800572439,2.3630710395405874e-05
34,4,34,0.40821396191950676,-5.1387427341731406e-05
34,4,35,0.4072917940555369,-0.0009735552913116008
34,4,36,0.40826562646205816,2.7711520966811065e-07
34,4,37,0.40830327463534855,3.792528850005139e-05
34,4,38,0.4083006952712086,3.5345924360108416e-05
34,4,39,0.4080669682114899,-0.00019838113535858293
34,4,40,0.40828864099154516,2.329164469666578e-05
34,4,41,0.40864268891692845,0.0003773395700799598
34,4,42,0.4076596278412635,-0.0006057215055849663
34,4,43,0.40823378093710533,-3.156840974316566e-05
34,4,44,0.4082799370624095,1.4587715561009684e-05
34,4,45,0.4085761298141377,0.0003107804672892178
34,4,46,0.40835123979573884,8.58904488903467e-05
34,4,47,0.4082833067977921,1.795745094362866e-05
34,4,48,0.4083946715741981,0.0001293222273496264
34,4,49,0.40829616102140703,3.0811674558539615e-05
34,4,50,0.40835157281481893,8.622346797043656e-05
34,4,51,0.4082230473183179,-4.2302028530616376e-05
34,4,52,0.4083652372853786,9.988793853010769e-05
34,4,53,0.40839177594499165,0.00012642659814315893
34,4,54,0.4082613809330198,-3.968413828714379e-06
34,4,55,0.408306364998028,4.101565117953232e-05
34,4,56,0.4077844966587013,-0.00048085268814718196
34,4,57,0.4082623512528048,-2.9980940436935555e-06
34,4,58,0.4082830930038696,1.7743657021118686e-05
34,4,59,0.4083602555388167,9.49061919682248e-05
34,4,60,0.40828163905290255,1.6289706054051223e-05
34,4,61,0.408301389128177,3.603978132848962e-05
34,4,62,0.4083263455767054,6.0996229856891127e-05
34,4,63,0.40830616857339697,4.081922654847192e-05
34,4,64,0.4084920648453227,0.0002267154984741948
34,4,65,0.4082979705292499,3.262118240138223e-05
34,4,66,0.40841763717088564,0.00015228782403714503
34,4,67,0.40823652864290394,-2.882070394455427e-05
34,4,68,0.40830519071967786,3.98413728293634e-05
34,4,69,0.408318048606222,5.269925937351205e-05
34,4,70,0.4082600912247848,-5.2581220637004655e-06
34,4,71,0.40827242246951106,7.073122662570874e-06
34,4,72,0.4082615375182037,-3.811828644784132e-06
34,4,73,0.40829457346088777,2.9224114039272386e-05
34,4,74,0.4085677070297038,0.0003023576828553032
34,4,75,0.40823890403710084,-2.644530974765802e-05
34,4,76,0.4082621116468196,-3.237700028912993e-06
34,4,77,0.40867548441104323,0.0004101350641947388
34,4,78,0.40824667210981425,-1.8677237034248062e-05
34,4,79,0.40824754302872907,-1.7806318119428788e-05
34,4,80,0.40836150077136135,9.615142451285807e-05
34,4,81,0.4082976385510202,3.228920417169823e-05
34,4,82,0.40825034419070233,-1.5005156146163934e-05
34,4,83,0.40818549973091994,-7.984961592855111e-05
34,4,84,0.40826180645672694,-3.5428901215550646e-06
34,4,85,0.40842399252084716,0.00015864317399866268
34,4,86,0.40835268960443083,8.734025758233566e-05
34,4,87,0.4082564119228997,-8.937423948807144e-06
34,4,88,0.4083067505681701,4.140122132162416e-05
34,4,89,0.40830736963900055,4.202029215205627e-05
34,4,90,0.4082621993734566,-3.149973391902705e-06
34,4,91,0.40820737677300417,-5.797257384432264e-05
34,4,92,0.4081652015482253,-0.00010014779862321799
34,4,93,0.4083516142205547,8.626487370622105e-05
34,4,94,0.4082526476128486,-1.270173399992025e-05
34,4,95,0.40824913088358794,-1.6218463260553317e-05
34,4,96,0.40831679397608356,5.144462923506454e-05
34,4,97,0.4073552549508985,-0.0009100943959499674
34,4,98,0.4082681535080468,2.8041611982998482e-06
34,4,99,0.40829428880858715,2.8939461738652916e-05
34,4,100,0.4083341013965,6.875204965151038e-05
34,4,101,0.40827369202445435,8.342677605854831e-06
34,4,102,0.40838303421400746,0.00011768486715896254
34,4,103,0.4082869834393972,2.1634092548683537e-05
34,4,104,0.40831810460888895,5.275526204046033e-05
34,4,105,0.40819958099523646,-6.576835161203887e-05
34,4,106,0.40826330059077376,-2.048756074735092e-06
34,4,107,0.4083231776425499,5.782829570138981e-05
34,4,108,0.40833286352532916,6.751417848066543e-05
34,4,109,0.4083703660172045,0.00010501667035600626
34,4,110,0.40836704420250736,0.0001016948556588626
34,4,111,0.40829001769623974,2.4668349391243627e-05
34,4,112,0.4082227568549279,-4.25924919205678e-05
34,4,113,0.4085804400823433,0.00031509073549479405
34,4,114,0.408149851893812,-0.00011549745303651715
34,4,115,0.408326739816369,6.139046952052807e-05
34,4,116,0.40841524081926867,0.00014989147242017165
34,4,117,0.4086145949422865,0.00034924559543803024
34,4,118,0.4084776071006615,0.0002122577538130055
34,4,119,0.4084437008893299,0.00017835154248141416
34,4,120,0.4082232408597693,-4.2108487079195456e-05
34,4,121,0.4082460147789107,-1.933456793778987e-05
34,4,122,0.4083030007584349,3.7651411586403505e-05
34,4,123,0.40825161317402303,-1.3736172825462578e-05
34,4,124,0.40887173351163897,0.0006063841647904744
34,4,125,0.40804902659447173,-0.00021632275237676302
34,4,126,0.407121485562293,-0.0011438637845554989
34,4,127,0.40852677962734196,0.0002614302804934687
34,5,0,0.4082414808680845,-2.386847876401088e-05
34,5,1,0.4085339496025728,0.0002686002557242828
34,5,2,0.4083104777660459,4.51284191974044e-05
34,5,3,0.4082014182142911,-6.393113255737104e-05
34,5,4,0.40835791801268345,9.256866583495782e-05
34,5,5,0.40854357027874605,0.0002782209318975548
34,5,6,0.40833168106555306,6.633171870457089e-05
34,5,7,0.40842335158866827,0.00015800224181977685
34,5,8,0.408369895594093,0.0001045462472444858
34,5,9,0.40847043038064623,0.00020508103379773823
34,5,10,0.40842606034752127,0.00016071100067277522
34,5,11,0.4082299572569151,-3.5392089933417026e-05
34,5,12,0.4082069121125463,-5.843723430221104e-05
34,5,13,0.40836418460385004,9.883525700155049e-05
34,5,14,0.4082778262913734,1.2476944524886235e-05
34,5,15,0.4084001843012484,0.00013483495439992055
34,5,16,0.40835341430261185,8.806495576335616e-05
34,5,17,0.4082341363951334,-3.12129517150983e-05
34,5,18,0.4082701406518162,4.791304967721732e-06
34,5,19,0.40840919487885385,0.00014384553200536
34,5,20,0.4083025355153046,3.7186168456104784e-05
34,5,21,0.40845408246112536,0.00018873311427686223
34,5,22,0.4083659100188576,0.0001005606720090868
34,5,23,0.4085640005430692,0.0002986511962206895
34,5,24,0.40827752851162374,1.2179164775250051e-05
34,5,25,0.408183227668718,-8.212167813048676e-05
34,5,26,0.40843035064446087,0.00016500129761237714
34,5,27,0.4083508384952146,8.548914836609134e-05
34,5,28,0.40829837625743515,3.302691058665319e-05
34,5,29,0.4083038013811508,3.845203430230537e-05
34,5,30,0.40849961436522714,0.00023426501837864322
34,5,31,0.4082840568824447,1.870753559618521e-05
34,5,32,0.40823420037392877,-3.1148972919725626e-05
34,5,33,0.4084954869607493,0.0002301376139007827
34,5,34,0.4083493430339386,8.399368709011146e-05
34,5,35,0.4082410273253929,-2.43220214555806e-05
34,5,36,0.4082974855879254,3.213624107689661e-05
34,5,37,0.40818598029583664,-7.93690510118572e-05
34,5,38,0.4082660057313473,6.56384498809448e-07
34,5,39,0.408462671444237,0.00019732209738848594
34,5,40,0.4083389136303095,7.356428346100286e-05
34,5,41,0.40856206526615024,0.0002967159193017488
34,5,42,0.4082666855185954,1.3361717469129175e-06
34,5,43,0.4082901439132798,2.4794566431285414e-05
34,5,44,0.40832154133256726,5.61919857187676e-05
34,5,45,0.40830380096560237,3.845161875387637e-05
34,5,46,0.4085012272068799,0.0002358778600314304
34,5,47,0.40634054769595973,-0.0019248016508887633
34,5,48,0.4082403227690231,-2.50265778253822e-05
34,5,49,0.4083600439292601,9.46945824116252e-05
34,5,50,0.4083704157560616,0.00010506640921309485
34,5,51,0.4082006313292701,-6.471801757840234e-05
34,5,52,0.40834980500269014,8.445565584164205e-05
34,5,53,0.408396553739926,0.00013120439307751086
34,5,54,0.4082436388838345,-2.1710463013968617e-05
34,5,55,0.408235656360349,-2.9692986499518792e-05
34,5,56,0.4083241696561781,5.882030932963245e-05
34,5,57,0.4083983943624037,0.00013304501555522208
34,5,58,0.4082346620613653,-3.068728548316635e-05
34,5,59,0.4083205831728255,5.5233825976996886e-05
34,5,60,0.40819740863127973,-6.794071556875947e-05
34,5,61,0.4081978052223993,-6.754412444920366e-05
34,5,62,0.40836611892618035,0.00010076957933186081
34,5,63,0.40822335666305426,-4.1992683794234154e-05
34,5,64,0.4084157524330167,0.00015040308616820486
34,5,65,0.40838817531470506,0.00012282596785656574
34,5,66,0.4082596593370623,-5.69000978617451e-06
34,5,67,0.40834649933463274,8.114998778424587e-05
34,5,68,0.40828356130192667,1.8211955078173414e-05
34,5,69,0.408207968702018,-5.738064483051808e-05
34,5,70,0.4082036522039557,-6.169714289278039e-05
34,5,71,0.4081696681094999,-9.568123734859935e-05
34,5,72,0.40822565403061295,-3.969531623554401e-05
34,5,73,0.40823363114710415,-3.171819974434609e-05
34,5,74,0.40840982402619047,0.0001444746793419771
34,5,75,0.40824056748223014,-2.4781864618350635e-05
34,5,76,0.40816827546737855,-9.707387946994439e-05
34,5,77,0.40833612695114574,7.077760429724522e-05
34,5,78,0.4081246445844089,-0.00014070476243960295
34,5,79,0.4080446449846269,-0.00022070436222160206
34,5,80,0.40850175718441223,0.00023640783756373462
34,5,81,0.40783344636741126,-0.00043190297943723754
34,5,82,0.4082887811892637,2.3431842415211346e-05
34,5,83,0.4083086208399219,4.3271493073426814e-05
34,5,84,0.40824607002697433,-1.9279319874165868e-05
34,5,85,0.40809629681798176,-0.00016905252886673106
34,5,86,0.40828848160300035,2.3132256151858765e-05
34,5,87,0.40817997943417295,-8.536991267554805e-05
34,5,88,0.4081667526634353,-9.859668341322125e-05
34,5,89,0.4082283140373002,-3.703530954829448e-05
34,5,90,0.40763848197277697,-0.0006268673740715269
34,5,91,0.4083487062608851,8.335691403660306e-05
34,5,92,0.40829808065304696,3.273130619846354e-05
34,5,93,0.40826255576031123,-2.7935865372641366e-06
34,5,94,0.4082496644362718,-1.5684910576685418e-05
34,5,95,0.40832166378214735,5.631443529885427e-05
34,5,96,0.4081111647821995,-0.00015418456464899588
34,5,97,0.4082977616949729,3.241234812439986e-05
34,5,98,0.40839921611399743,0.00013386676714893797
34,5,99,0.4083592651580277,9.391581117917935e-05
34,5,100,0.4080023411657505,-0.00026300818109797897
34,5,101,0.4084005216154844,0.00013517226863590803
34,5,102,0.40841200581088294,0.00014665646403444477
34,5,103,0.4069968514971194,-0.0012684978497291
34,5,104,0.40825597811869185,-9.371228156640488e-06
34,5,105,0.40821959501414323,-4.575433270526119e-05
34,5,106,0.40821196360454576,-5.338574230273618e-05
34,5,107,0.40820934666273356,-5.600268411493081e-05
34,5,108,0.40721855330812423,-0.0010467960387242625
34,5,109,0.4083944618016466,0.00012911245479813038
34,5,110,0.40819493029680753,-7.041905004095961e-05
34,5,111,0.4084374190649233,0.00017206971807481874
34,5,112,0.40826194171812,-3.4076287284690032e-06
34,5,113,0.4082918905481123,2.6541201263829972e-05
34,5,114,0.4083700069295693,0.00010465758272082404
34,5,115,0.4084674337611202,0.0002020844142717193
34,5,116,0.4082725129793241,7.1636324756041425e-06
34,5,117,0.4081855171861808,-7.983216066770327e-05
34,5,118,0.40856133139359985,0.000295982046751353
34,5,119,0.4082305592993414,-3.479004750711612e-05
34,5,120,0.40835794887795585,9.259953110735131e-05
34,5,121,0.408484050025134,0.00021870067828549944
34,5,122,0.4082333379943981,-3.2011352450400654e-05
34,5,123,0.4081473626648322,-0.00011798668201629114
34,5,124,0.4083190459062702,5.3696559421723133e-05
34,5,125,0.4081968687044737,-6.848064237480189e-05
34,5,126,0.40827215644793036,6.807101081862665e-06
34,5,127,0.40848112509605183,0.00021577574920333964
34,6,0,0.40813950249845043,-0.00012584684839805904
34,6,1,0.40836364501038724,9.829566353874997e-05
34,6,2,0.4079799692776518,-0.00028538006919670567
34,6,3,0.4083694637759533,0.00010411442910479574
34,6,4,0.408439792710092,0.00017444336324351495
34,6,5,0.40840534110268983,0.00013999175584133994
34,6,6,0.4083157963674326,5.0447020584099e-05
34,6,7,0.40830542256653096,4.007321968246824e-05
34,6,8,0.40822103073162175,-4.431861522674607e-05
34,6,9,0.4082191067338011,-4.624261304742028e-05
34,6,10,0.4082617837813338,-3.5655655146737963e-06
34,6,11,0.40823452562246515,-3.082372438334424e-05
34,6,12,0.4082305109111477,-3.483843570079026e-05
34,6,13,0.40820010303683385,-6.524631001464387e-05
34,6,14,0.4081966796441878,-6.866970266067307e-05
34,6,15,0.40821562111489085,-4.972823195764642e-05
34,6,16,0.40830230432040626,3.695497355776789e-05
34,6,17,0.40821176842182055,-5.358092502794065e-05
34,6,18,0.40822569142217774,-3.965792467075513e-05
34,6,19,0.4082450663033097,-2.028304353879351e-05
34,6,20,0.4084618049905877,0.00019645564373921287
34,6,21,0.40821774113317144,-4.760821367705281e-05
34,6,22,0.40818325458981436,-8.20947570341346e-05
34,6,23,0.40824139429941214,-2.3955047436352572e-05
34,6,24,0.4081650302294123,-0.00010031911743618727
34,6,25,0.40837000235445514,0.00010465300760664764
34,6,26,0.40822893835751956,-3.6410989328938825e-05
34,6,27,0.4082015984292709,-6.375091757759854e-05
34,6,28,0.4082745784424838,9.229095635332474e-06
34,6,29,0.40826367244656653,-1.6769002819660983e-06
34,6,30,0.4082190340578839,-4.631528896459347e-05
34,6,31,0.40839881068919726,0.00013346134234876184
34,6,32,0.40834270809410544,7.735874725695036e-05
34,6,33,0.40869195237281347,0.0004266030259649778
34,6,34,0.4085325424323356,0.0002671930854871163
34,6,35,0.40820485755685365,-6.049178999484317e-05
34,6,36,0.40826837000247507,3.0206556265732765e-06
34,6,37,0.40830960529597027,4.425594912177422e-05
34,6,38,0.4082215614637588,-4.3787883089674295e-05
34,6,39,0.40851891421085385,0.00025356486400535116
34,6,40,0.4083986213880434,0.00013327204119489844
34,6,41,0.4082861831236495,2.0833776801010284e-05
34,6,42,0.40824211133017707,-2.3238016671423e-05
34,6,43,0.40819430550242286,-7.104384442563338e-05
34,6,44,0.4053136180343652,-0.0029517313124832745
34,6,45,0.4084714494884576,0.00020610014160910017
34,6,46,0.4081152636554245,-0.00015008569142399564
34,6,47,0.4082774923090796,1.214296223112088e-05
34,6,48,0.40815808133552967,-0.00010726801131882846
34,6,49,0.4082708914311972,5.5420843487197224e-06
34,6,50,0.4082640662544883,-1.2830923601936384e-06
34,6,51,0.4083146482782625,4.929893141403241e-05
34,6,52,0.40827548417062887,1.0134823780372226e-05
34,6,53,0.40806881645975246,-0.00019653288709603478
34,6,54,0.4084109932897162,0.00014564394286770144
34,6,55,0.4082492964214093,-1.6052925439213883e-05
34,6,56,0.4081309025667138,-0.00013444678013468936
34,6,57,0.4085000601830622,0.00023471083621368072
34,6,58,0.40825909042862335,-6.258918225143795e-06
34,6,59,0.40828587820472356,2.0528857875068418e-05
34,6,60,0.40823808036909404,-2.726897775445769e-05
34,6,61,0.4083600846366909,9.473528984238477e-05
34,6,62,0.4082117302946932,-5.361905215528484e-05
34,6,63,0.4084850313611906,0.0002196820143420819
34,6,64,0.40833810114992325,7.275180307475537e-05
34,6,65,0.4085734565668947,0.0003081072200462054
34,6,66,0.4083192297251955,5.3880378347026525e-05
34,6,67,0.40826710686505885,1.757518210354636e-06
34,6,68,0.40826322853703023,-2.120809818262348e-06
34,6,69,0.4083006413472759,3.529200042740044e-05
34,6,70,0.40798746166699185,-0.00027788767985664764
34,6,71,0.40852189452915577,0.0002565451823072773
34,6,72,0.4082391969083407,-2.6152438507787146e-05
34,6,73,0.408348622394495,8.327304764649268e-05
34,6,74,0.4087089714255265,0.0004436220786779854
34,6,75,0.40827977806890525,1.4428722056758492e-05
34,6,76,0.40837068978432656,0.0001053404374780631
34,6,77,0.40817124476403405,-9.410458281444711e-05
34,6,78,0.4084019350218615,0.00013658567501301233
34,6,79,0.4081392551265564,-0.0001260942202920834
34,6,80,0.4084289315127245,0.00016358216587603058
34,6,81,0.40844249771607183,0.00017714836922333443
34,6,82,0.40816012523230605,-0.00010522411454244596
34,6,83,0.40790973568295913,-0.00035561366388936477
34,6,84,0.40844165139950883,0.0001763020526603376
34,6,85,0.40832842772123085,6.307837438235264e-05
34,6,86,0.4084316560463701,0.00016630669952161226
34,6,87,0.4082221413692291,-4.320797761941941e-05
34,6,88,0.4084354150106124,0.00017006566376392973
34,6,89,0.4081368163161165,-0.00012853303073201428
34,6,90,0.4082239934553721,-4.135589147641339e-05
34,6,91,0.4084137035991846,0.00014835425233611366
34,6,92,0.4082332082141449,-3.214113270361141e-05
34,6,93,0.4082475854353897,-1.7763911458801296e-05
34,6,94,0.40825861975280975,-6.729594038745734e-06
34,6,95,0.40882612503883026,0.000560775691981763
34,6,96,0.4082243973482875,-4.095199856096743e-05
34,6,97,0.4082839900727251,1.8640725876595265e-05
34,6,98,0.40824620158810343,-1.9147758745063914e-05
34,6,99,0.408192550583084,-7.279876376448113e-05
34,6,100,0.40846133295743364,0.00019598361058514868
34,6,101,0.4083546333549767,8.92840081281876e-05
34,6,102,0.4082993635680202,3.4014221171718706e-05
34,6,103,0.40829894767065933,3.359832381083505e-05
34,6,104,0.408318475226234,5.3125879385496066e-05
34,6,105,0.40836195347473164,9.660412788314865e-05
34,6,106,0.4081378861399372,-0.00012746320691131574
34,6,107,0.40821301687353906,-5.233247330943547e-05
34,6,108,0.4081819124314363,-8.343691541218279e-05
34,6,109,0.4074807263740476,-0.000784622972800908
34,6,110,0.4082225192447392,-4.2830102109314705e-05
34,6,111,0.40831790983020505,5.2560483356556276e-05
34,6,112,0.4082115442686862,-5.380507816227231e-05
34,6,113,0.4082141303164313,-5.121903041721554e-05
34,6,114,0.4082253174202688,-4.0031926579697785e-05
34,6,115,0.4082351190644701,-3.0230282378418405e-05
34,6,116,0.40861748873104964,0.00035213938420114443
34,6,117,0.40827283920217333,7.489855324838146e-06
34,6,118,0.4082350264314718,-3.0322915376690407e-05
34,6,119,0.4084258703364678,0.00016052098961932826
34,6,120,0.40823818225272684,-2.7167094121649527e-05
34,6,121,0.4083006100476617,3.526070081322219e-05
34,6,122,0.4083675927921671,0.00010224344531861718
34,6,123,0.4081989925523754,-6.635679447308807e-05
34,6,124,0.4082587701577732,-6.579189075317515e-06
34,6,125,0.4082686658892161,3.3165423676262407e-06
34,6,126,0.40844542800023054,0.0001800786533820431
34,6,127,0.408289973894203,2.4624547354523685e-05
34,7,0,0.40773114898055846,-0.0005342003662900385
34,7,1,0.408303822640046,3.847329319750514e-05
34,7,2,0.40779307487571487,-0.00047227447113362686
34,7,3,0.4087298187823826,0.00046446943553413167
34,7,4,0.4084154445785151,0.00015009523166659156
34,7,5,0.4083686957223316,0.00010334637548309322
34,7,6,0.40836251792191947,9.716857507097165e-05
34,7,7,0.40829867032091716,3.332097406866241e-05
34,7,8,0.40857139992578473,0.00030605057893623444
34,7,9,0.4083860858245569,0.00012073647770838303
34,7,10,0.40850359830012195,0.00023824895327345663
34,7,11,0.40847590111738574,0.00021055177053724838
34,7,12,0.40845749398908304,0.00019214464223454852
34,7,13,0.4083388065056784,7.345715882989268e-05
34,7,14,0.4084196772958453,0.0001543279489967797
34,7,15,0.40834872763309293,8.337828624443988e-05
34,7,16,0.4082822755271457,1.6926180297194282e-05
34,7,17,0.4083556610303289,9.031168348039298e-05
34,7,18,0.4079119783233845,-0.00035337102346399973
34,7,19,0.4086380295145635,0.00037268016771502266
34,7,20,0.408336986136481,7.163678963251208e-05
34,7,21,0.4085357509335553,0.00027040158670682546
34,7,22,0.40823834100238054,-2.7008344467949197e-05
34,7,23,0.4083911596197659,0.00012581027291741487
34,7,24,0.4082633983957872,-1.9509510613135994e-06
34,7,25,0.40803104826632525,-0.00023430108052324705
34,7,26,0.40844097640839744,0.00017562706154894414
34,7,27,0.4086169011641929,0.00035155181734441987
34,7,28,0.4086875851370271,0.00042223579017858226
34,7,29,0.4083716888264861,0.00010633947963761825
34,7,30,0.4084373518282862,0.00017200248143772745
34,7,31,0.4084574875876657,0.00019213824081720787
34,7,32,0.4082884545120622,2.310516521369932e-05
34,7,33,0.4083452251552063,7.987580835783215e-05
34,7,34,0.4085829663932375,0.000317617046388996
34,7,35,0.4085619950772244,0.0002966457303759107
34,7,36,0.4083844305214535,0.00011908117460501799
34,7,37,0.40835906090232377,9.371155547527321e-05
34,7,38,0.4085823766507573,0.0003170273039088123
34,7,39,0.4083461584233217,8.080907647323166e-05
34,7,40,0.4082111087221037,-5.424062474479463e-05
34,7,41,0.40837625609209316,0.00011090674524466548
34,7,42,0.4084369877485292,0.0001716384016807182
34,7,43,0.4083100282538775,4.467890702902766e-05
34,7,44,0.408296064905177,3.071555832850903e-05
34,7,45,0.40843833625805126,0.000172986911202766
34,7,46,0.4087871194940699,0.0005217701472213787
34,7,47,0.40837867670998257,0.00011332736313407477
34,7,48,0.4084005014439786,0.000135152097130109
34,7,49,0.4083123002576664,4.695091081791114e-05
34,7,50,0.40861748610605786,0.00035213675920936494
34,7,51,0.4083063664874063,4.101714055781969e-05
34,7,52,0.4069281221157261,-0.0013372272311223954
34,7,53,0.40831128364304065,4.5934296192151614e-05
34,7,54,0.40826366932461755,-1.6800222309432122e-06
34,7,55,0.40837594286703,0.00011059352018150115
34,7,56,0.40846352449134127,0.00019817514449277374
34,7,57,0.408429298159596,0.00016394881274750528
34,7,58,0.4080259029769022,-0.00023944636994627233
34,7,59,0.4085072133256761,0.00024186397882758337
34,7,60,0.4083643550749195,9.900572807103325e-05
34,7,61,0.4085344805676542,0.0002691312208056851
34,7,62,0.4083054322129164,4.008286606788092e-05
34,7,63,0.4081935438878286,-7.180545901991353e-05
34,7,64,0.40831026153334077,4.491218649227413e-05
34,7,65,0.4083964107499456,0.00013106140309709913
34,7,66,0.40834592105743356,8.057171058506452e-05
34,7,67,0.40839434397284524,0.00012899462599674782
34,7,68,0.4078338036499166,-0.0004315456969318787
34,7,69,0.40821059628870754,-5.475305814095499e-05
34,7,70,0.4087556902682721,0.0004903409214235821
34,7,71,0.4083480654189714,8.271607212290144e-05
34,7,72,0.40832796694355017,6.26175967016751e-05
34,7,73,0.40848418015963506,0.00021883081278656347
34,7,74,0.40839662839892904,0.00013127905208054624
34,7,75,0.4040992984071141,-0.004166050939734378
34,7,76,0.4084321519282671,0.00016680258141860138
34,7,77,0.40869866188599213,0.00043331253914363765
34,7,78,0.4084918297801971,0.00022648043334860812
34,7,79,0.40848284462749024,0.00021749528064174406
34,7,80,0.40835220156165514,8.685221480664307e-05
34,7,81,0.40834068546786073,7.533612101223719e-05
34,7,82,0.4084143180853249,0.00014896873847641823
34,7,83,0.4084285097322269,0.0001631603853783914
34,7,84,0.40845553915142635,0.00019018980457785606
34,7,85,0.4082989649786476,3.3615631799099877e-05
34,7,86,0.40840924802620776,0.0001438986793592667
34,7,87,0.408346304280807,8.095493395848807e-05
34,7,88,0.4030694842546458,-0.005195865092202712
34,7,89,0.40895354932696737,0.0006881999801188754
34,7,90,0.40864081563839216,0.00037546629154366906
34,7,91,0.4083309543546234,6.560500777491596e-05
34,7,92,0.4083363805685836,7.103122173512944e-05
34,7,93,0.4083576290493389,9.22797024904276e-05
34,7,94,0.40834738159910766,8.203225225916766e-05
34,7,95,0.4083459589132938,8.060956644528883e-05
34,7,96,0.40514211528865435,-0.0031232340581941465
34,7,97,0.40829529295964856,2.994361280006519e-05
34,7,98,0.4085355254519946,0.0002701761051461249
34,7,99,0.4082170182302704,-4.833111657809308e-05
34,7,100,0.4083429646845603,7.761533771177831e-05
34,7,101,0.40848253491201475,0.00021718556516625576
34,7,102,0.40829258926321177,2.7239916363275274e-05
34,7,103,0.40866451871668796,0.0003991693698394694
34,7,104,0.4083841713259035,0.00011882197905499492
34,7,105,0.4084608847955292,0.00019553544868072814
34,7,106,0.4086681361397946,0.000402786792946086
34,7,107,0.4082661536199437,8.042730951784982e-07
34,7,108,0.40852044646207053,0.00025509711522203604
34,7,109,0.408323105404156,5.775605730751199e-05
34,7,110,0.40829502452746746,2.967518061897101e-05
34,7,111,0.4085111502038411,0.00024580085699260623
34,7,112,0.4082987089538997,3.335960705119767e-05
34,7,113,0.4085231675423581,0.00025781819550962926
34,7,114,0.40833098533708295,6.563599023445832e-05
34,7,115,0.40850461190710013,0.00023926256025164072
34,7,116,0.40833668606439155,7.133671754305793e-05
34,7,117,0.40851992653066166,0.00025457718381316496
34,7,118,0.4084801965759525,0.00021484722910403153
34,7,119,0.408373599914853,0.00010825056800450872
34,7,120,0.4082722588876795,6.9095408309904904e-06
34,7,121,0.4068879624833034,-0.0013773868635451048
34,7,122,0.40834530831943294,7.99589725844485e-05
34,7,123,0.4083432060756023,7.785672875382232e-05
34,7,124,0.4083333511030492,6.800175620069737e-05
34,7,125,0.40825525373161176,-1.0095615236738187e-05
34,7,126,0.4083686095630805,0.00010326021623202619
34,7,127,0.40837142547200506,0.00010607612515656228
34,8,0,0.40827495106479017,9.601717941676302e-06
34,8,1,0.40822583280176394,-3.951654508455027e-05
34,8,2,0.40832445478540214,5.910543855364159e-05
34,8,3,0.40849808801766496,0.00023273867081646804
34,8,4,0.40836221514524873,9.686579840023635e-05
34,8,5,0.40826969012038683,4.340773538336062e-06
34,8,6,0.40766202036947086,-0.0006033289773776374
34,8,7,0.40827350186239963,8.152515551140826e-06
34,8,8,0.408284164524613,1.8815177764530677e-05
34,8,9,0.40846014430611977,0.00019479495927127166
34,8,10,0.4082204368619458,-4.4912484902681626e-05
34,8,11,0.4086129651372125,0.0003476157903640198
34,8,12,0.4082748911372063,9.541790357781021e-06
34,8,13,0.40855531984140747,0.0002899704945589776
34,8,14,0.40831441019765147,4.906085080297329e-05
34,8,15,0.40844606242069825,0.00018071307384975865
34,8,16,0.4082804590134624,1.510966661388835e-05
34,8,17,0.4082987652372735,3.34158904249926e-05
34,8,18,0.4082619190348843,-3.430311964203181e-06
34,8,19,0.40835546204366135,9.011269681286072e-05
34,8,20,0.4086032987619228,0.0003379494150743123
34,8,21,0.40837634291460534,0.00011099356775684521
34,8,22,0.4082273657495849,-3.798359726359113e-05
34,8,23,0.40836216013562804,9.681078877954441e-05
34,8,24,0.40825406258893226,-1.1286757916229018e-05
34,8,25,0.40827818537192556,1.2836025077067603e-05
34,8,26,0.40666930249123306,-0.0015960468556154295
34,8,27,0.4083532342035458,8.788485669730672e-05
34,8,28,0.40842564588162494,0.00016029653477644956
34,8,29,0.40828964324818207,2.42939013335719e-05
34,8,30,0.40825922828195566,-6.121064892838923e-06
34,8,31,0.4082690460860204,3.6967391718878417e-06
34,8,32,0.40828521181107275,1.9862464224251752e-05
34,8,33,0.4083565026631119,9.115331626341483e-05
34,8,34,0.40831347586529976,4.812651845126359e-05
34,8,35,0.4083296669140212,6.431756717273363e-05
34,8,36,0.40818968969953584,-7.565964731265362e-05
34,8,37,0.4087148262532467,0.00044947690639818294
34,8,38,0.40837778060814617,0.00011243126129767411
34,8,39,0.4083806922095917,0.00011534286274322847
34,8,40,0.4071339939034655,-0.0011313554433829975
34,8,41,0.40842247658605363,0.00015712723920513483
34,8,42,0.4080794000876488,-0.0001859492591996803
34,8,43,0.4081958271605868,-6.95221862617168e-05
34,8,44,0.40824309641693984,-2.2252929908650465e-05
34,8,45,0.40825766256701246,-7.686779836035829e-06
34,8,46,0.4082186921797733,-4.665716707519252e-05
34,8,47,0.40834628893226604,8.093958541754986e-05
34,8,48,0.40835264810243443,8.729875558594058e-05
34,8,49,0.4082536266706243,-1.1722676224179551e-05
34,8,50,0.4083318673772466,6.651803039808835e-05
34,8,51,0.40826161264872446,-3.7366981240349872e-06
34,8,52,0.40831502705524203,4.9677708393536246e-05
34,8,53,0.4087341858636597,0.00046883651681123295
34,8,54,0.40848586090861877,0.00022051156177027575
34,8,55,0.40835099370274,8.564435589147879e-05
34,8,56,0.40805523712161845,-0.00021011222523004136
34,8,57,0.40833738359055916,7.203424371066136e-05
34,8,58,0.40833604437899884,7.069503215034745e-05
34,8,59,0.40834557117795905,8.022183111056069e-05
34,8,60,0.4082452606442324,-2.0088702616105625e-05
34,8,61,0.40847824204613015,0.00021289269928165266
34,8,62,0.40833945907079766,7.410972394916726e-05
34,8,63,0.40836813439091396,0.00010278504406546762
34,8,64,0.4084105031303028,0.0001451537834543104
34,8,65,0.40844844544361136,0.0001830960967628692
34,8,66,0.40832193719579746,5.6587848948963515e-05
34,8,67,0.4084006836418318,0.00013533429498330252
34,8,68,0.40819057660026603,-7.477274658246325e-05
34,8,69,0.4082298388200513,-3.551052679717781e-05
34,8,70,0.40835078466493524,8.54353180867462e-05
34,8,71,0.4082786379708892,1.3288624040708186e-05
34,8,72,0.4082415840679141,-2.3765278934384515e-05
34,8,73,0.4085232101126688,0.0002578607658202947
34,8,74,0.40494837202938894,-0.0033169773174595574
34,8,75,0.4082298073889388,-3.55419579096683e-05
34,8,76,0.4082825143484212,1.71650015727276e-05
34,8,77,0.4081341139729442,-0.00013123537390430373
34,8,78,0.4083632050726563,9.785572580778279e-05
34,8,79,0.40867668775057925,0.00041133840373075437
34,8,80,0.40848447035656077,0.00021912100971227533
34,8,81,0.40835740486376393,9.205551691543468e-05
34,8,82,0.4084031264563462,0.00013777710949769428
34,8,83,0.4084504999538552,0.00018515060700668995
34,8,84,0.4083106314362978,4.5282089449316665e-05
34,8,85,0.40836360179213677,9.82524452882716e-05
34,8,86,0.4069616791841877,-0.0013036701626608083
34,8,87,0.408400529781188,0.00013518043433952132
34,8,88,0.4084865914521461,0.00022124210529761434
34,8,89,0.4082167906478184,-4.8558699030087915e-05
34,8,90,0.4083453590015991,8.000965475057908e-05
34,8,91,0.4081041621760713,-0.00016118717077717726
34,8,92,0.40813806969533983,-0.0001272796515086605
34,8,93,0.4073247229030327,-0.0009406264438158174
34,8,94,0.4083033578226227,3.800847577423161e-05
34,8,95,0.4083367431964945,7.139384964599538e-05
34,8,96,0.40820634089779356,-5.900844905493141e-05
34,8,97,0.4084758704419625,0.0002105210951139913
34,8,98,0.40833773549593533,7.238614908683383e-05
34,8,99,0.4083903737204402,0.00012502437359168672
34,8,100,0.4084791646718623,0.00021381532501379974
34,8,101,0.40837040755457843,0.00010505820772993557
34,8,102,0.4083248039167294,5.945456988087905e-05
34,8,103,0.4082548502432703,-1.049910357819872e-05
34,8,104,0.40839090393725985,0.00012555459041135864
34,8,105,0.4083407194658031,7.537011895458745e-05
34,8,106,0.40854031728539636,0.0002749679385478654
34,8,107,0.40851147531185805,0.0002461259650095582
34,8,108,0.4083926256388056,0.00012727629195707912
34,8,109,0.4082873486335729,2.1999286724416756e-05
34,8,110,0.4082384983852161,-2.6850961632407522e-05
34,8,111,0.4082743786095129,9.029262664383975e-06
34,8,112,0.4083105565847669,4.520723791839876e-05
34,8,113,0.4084831911535921,0.00021784180674361275
34,8,114,0.40839204740441,0.00012669805756149177
34,8,115,0.4081588285926605,-0.00010652075418798868
34,8,116,0.4082947919232672,2.94425764186812e-05
34,8,117,0.40838131919819115,0.00011596985134265658
34,8,118,0.4078644104123417,-0.0004009389345067671
34,8,119,0.40814179154373476,-0.00012355780311373854
34,8,120,0.408564152186281,0.0002988028394325104
34,8,121,0.40827760478994113,1.225544309263471e-05
34,8,122,0.40833416423082264,6.881488397414426e-05
34,8,123,0.4087134351133967,0.00044808576654820076
34,8,124,0.40831214878630134,4.6799439452849256e-05
34,8,125,0.4082217041392463,-4.364520760219426e-05
34,8,126,0.4083617394709534,9.639012410489478e-05
34,8,127,0.40823993584969265,-2.5413497155846176e-05
34,9,0,0.4082211608095605,-4.4188537287992435e-05
34,9,1,0.40835780058400867,9.245123716017378e-05
34,9,2,0.4084398210084115,0.00017447166156298044
34,9,3,0.40832620201104075,6.085266419225688e-05
34,9,4,0.4083868112507555,0.00012146190390699418
34,9,5,0.40850400835239586,0.0002386590055473703
34,9,6,0.4084813491661954,0.0002159998193468904
34,9,7,0.4083882817564539,0.00012293240960542517
34,9,8,0.4084113309798238,0.00014598163297530053
34,9,9,0.4083576787553858,9.232940853731719e-05
34,9,10,0.40856336016162015,0.00029801081477165425
34,9,11,0.4084005768470915,0.0001352275002430292
34,9,12,0.40835711403061525,9.176468376675961e-05
34,9,13,0.4083594853987027,9.413605185421003e-05
34,9,14,0.40838625866690853,0.00012090932006003641
34,9,15,0.40820290849570295,-6.244085114553988e-05
34,9,16,0.40831105407279045,4.570472594195296e-05
34,9,17,0.40821561184929134,-4.9737497557156285e-05
34,9,18,0.40853270545973513,0.00026735611288664085
34,9,19,0.4023576289444565,-0.005907720402392014
34,9,20,0.4083920546835446,0.00012670533669612016
34,9,21,0.4081782777855496,-8.707156129889038e-05
34,9,22,0.40827511637255753,9.767025709039867e-06
34,9,23,0.4083023541000886,3.700475324008856e-05
34,9,24,0.40852807626020476,0.0002627269133562704
34,9,25,0.40821391612953767,-5.143321731082562e-05
34,9,26,0.4082331259229378,-3.2223423910682225e-05
34,9,27,0.4084575343873586,0.00019218504051010665
34,9,28,0.40824906201946515,-1.6287327383346373e-05
34,9,29,0.4083407604172268,7.541107037828398e-05
34,9,30,0.4081740743540945,-9.127499275402018e-05
34,9,31,0.40834058802660145,7.523867975295362e-05
34,9,32,0.40860107416414265,0.0003357248172941585
34,9,33,0.4082462676989733,-1.90816478751743e-05
34,9,34,0.4069946788217239,-0.0012706705251245842
34,9,35,0.40858832048503413,0.00032297113818563483
34,9,36,0.4076802766855109,-0.0005850726613376156
34,9,37,0.40839454515649537,0.00012919580964687594
34,9,38,0.40804845295894104,-0.00021689638790745036
34,9,39,0.40872343146665624,0.0004580821198077456
34,9,40,0.40830545084414444,4.010149729594126e-05
34,9,41,0.40844158855049295,0.0001762392036444571
34,9,42,0.40858398608201907,0.00031863673517057434
34,9,43,0.4080828490782813,-0.00018250026856719836
34,9,44,0.40743028993424535,-0.0008350594126031452
34,9,45,0.408370282768285,0.00010493342143652606
34,9,46,0.40845348151214406,0.00018813216529556254
34,9,47,0.40827254303400407,7.193687155571116e-06
34,9,48,0.4084631134762738,0.00019776412942529298
34,9,49,0.4083923946747511,0.00012704532790258627
34,9,50,0.4084683559706308,0.00020300662378230916
34,9,51,0.40840237032062804,0.0001370209737795447
34,9,52,0.4083960169685633,0.0001306676217148195
34,9,53,0.4077666541324019,-0.0004986952144466206
34,9,54,0.40681512724821645,-0.001450222098632048
34,9,55,0.4083660637757975,0.00010071442894898919
34,9,56,0.4086024265765849,0.0003370772297364155
34,9,57,0.4081418719820322,-0.00012347736481627125
34,9,58,0.4085195376116001,0.00025418826475159806
34,9,59,0.408387221069058,0.00012187172220951004
34,9,60,0.4084014329670326,0.00013608362018407982
34,9,61,0.4083909606469294,0.00012561130008093002
34,9,62,0.4084138513357378,0.00014850198888932686
34,9,63,0.4079986296428202,-0.00026671970402830647
34,9,64,0.40853525825312503,0.0002699089062765392
34,9,65,0.4084067645661882,0.00014141521933969114
34,9,66,0.40843926678376163,0.0001739174369131402
34,9,67,0.40836277699013757,9.742764328907194e-05
34,9,68,0.40852112611623187,0.0002557767693833757
34,9,69,0.40851313624108965,0.0002477868942411532
34,9,70,0.40848574011701133,0.00022039077016283715
34,9,71,0.40833858147043145,7.323212358295583e-05
34,9,72,0.40822657061588263,-3.8778730965860486e-05
34,9,73,0.4084183613021499,0.00015301195530142975
34,9,74,0.4085002958650908,0.00023494651824229607
34,9,75,0.40838012475887664,0.00011477541202814523
34,9,76,0.40832329622857366,5.7946881725168264e-05
34,9,77,0.40860026957756035,0.00033492023071185484
34,9,78,0.408367228152089,0.00010187880524048509
34,9,79,0.40835826024879945,9.291090195095997e-05
34,9,80,0.4083181752884085,5.282594156003073e-05
34,9,81,0.40836328816168443,9.793881483594058e-05
34,9,82,0.40837246306957875,0.00010711372273025654
34,9,83,0.4085759696187666,0.00031062027191808284
34,9,84,0.4087833947801313,0.000518045433282821
34,9,85,0.408050452654372,-0.00021489669247648502
34,9,86,0.4079285523745992,-0.00033679697224930916
34,9,87,0.40834070452403826,7.535517718976203e-05
34,9,88,0.40827637943400164,1.1030087153141022e-05
34,9,89,0.40825660387960366,-8.745467244830607e-06
34,9,90,0.40857018442912424,0.00030483508227574507
34,9,91,0.40839811789413505,0.00013276854728655474
34,9,92,0.4085126158331838,0.0002472664863353291
34,9,93,0.40848571385453364,0.0002203645076851446
34,9,94,0.4085452659773755,0.00027991663052701066
34,9,95,0.4083262033483955,6.085400154698384e-05
34,9,96,0.4084542089941582,0.00018885964730969151
34,9,97,0.4084709765263276,0.00020562717947908427
34,9,98,0.4084756218863069,0.00021027253945843372
34,9,99,0.4082453409911799,-2.000835566862147e-05
34,9,100,0.4084228436306207,0.0001574942837722082
34,9,101,0.40837166515427087,0.00010631580742237468
34,9,102,0.40861800971255335,0.0003526603657048599
34,9,103,0.4086031402702845,0.0003377909234359988
34,9,104,0.40846851062291434,0.0002031612760658441
34,9,105,0.40815936624817234,-0.00010598309867615452
34,9,106,0.40836806861790875,0.00010271927106025869
34,9,107,0.408361028077448,9.567873059951326e-05
34,9,108,0.40857657454183144,0.00031122519498294476
34,9,109,0.4084309772428383,0.0001656278959897839
34,9,110,0.40829740011257243,3.2050765723934393e-05
34,9,111,0.40821453167007943,-5.081767676906601e-05
34,9,112,0.4080191930952385,-0.000246156251610008
34,9,113,0.4084914508697162,0.00022610152286772767
34,9,114,0.4085334272589877,0.0002680779121392307
34,9,115,0.40848267823950596,0.00021732889265746458
34,9,116,0.4083136136430563,4.8264296207800594e-05
34,9,117,0.40838756822222383,0.00012221887537533505
34,9,118,0.4086855733456535,0.0004202239988049805
34,9,119,0.4086934145933877,0.00042806524653921096
34,9,120,0.40846549624290446,0.0002001468960559638
34,9,121,0.405592681957525,-0.00267266738932348
34,9,122,0.408379324046256,0.00011397469940749305
34,9,123,0.40682059890274136,-0.0014447504441071346
34,9,124,0.4080982747084631,-0.00016707463838538938
34,9,125,0.4085167756413802,0.0002514262945317314
34,9,126,0.4084577030552867,0.00019235370843823096
34,9,127,0.40816615191137284,-9.919743547565085e-05
68,0,0,0.5044868797309707,-0.0003752615059275932
68,0,1,0.5051192171909764,0.0002570759540780898
68,0,2,0.5051533083807734,0.0002911671438751151
68,0,3,0.5044480122939401,-0.0004141289429582251
68,0,4,0.5049608278130548,9.868657615652587e-05
68,0,5,0.5048631854603818,1.044223483459561e-06
68,0,6,0.5049229237977826,6.0782560884264925e-05
68,0,7,0.5048777670938633,1.562585696501806e-05
68,0,8,0.5049285485017655,6.64072648671743e-05
68,0,9,0.505018641320845,0.00015650008394663129
68,0,10,0.5049646249849721,0.00010248374807375615
68,0,11,0.502290951385984,-0.0025711898509143127
68,0,12,0.50497650859328,0.00011436735638170603
68,0,13,0.5049407461917615,7.860495486322616e-05
68,0,14,0.5047902005259746,-7.194071092375687e-05
68,0,15,0.5054892137919585,0.0006270725550602263
68,0,16,0.5049409941245804,7.885288768205712e-05
68,0,17,0.5050313189456015,0.00016917770870317206
68,0,18,0.504940106783423,7.796554652472754e-05
68,0,19,0.5052568896587373,0.000394748421838953
68,0,20,0.5050229050576095,0.0001607638207111739
68,0,21,0.5017447258340412,-0.003117415402857149
68,0,22,0.5048755765388129,1.3435301914554998e-05
68,0,23,0.5051318995283951,0.00026975829149678
68,0,24,0.5049527918581258,9.06506212274838e-05
68,0,25,0.5049295073888607,6.736615196234474e-05
68,0,26,0.5049160835886053,5.394235170697037e-05
68,0,27,0.5048329915173606,-2.914971953771328e-05
68,0,28,0.5049661782309884,0.00010403699409011757
68,0,29,0.5051458511432508,0.0002837099063525139
68,0,30,0.5052118705067914,0.0003497292698930732
68,0,31,0.5050121264922932,0.00014998525539489105
68,0,32,0.5050268056555596,0.00016466441866125336
68,0,33,0.5049409575329394,7.881629604111762e-05
68,0,34,0.5048741136189965,1.1972382098157652e-05
68,0,35,0.5049171268781113,5.4985641212979e-05
68,0,36,0.5048573588612657,-4.782375632617075e-06
68,0,37,0.49994630325455425,-0.004915837982344073
68,0,38,0.504983328901505,0.00012118766460667008
68,0,39,0.5049181434594299,5.6002222531548185e-05
68,0,40,0.50490584759014,4.3706353241690366e-05
68,0,41,0.5051096433078374,0.000247502070939043
68,0,42,0.5050243290421926,0.00016218780529431154
68,0,43,0.5049634537421589,0.00010131250526057567
68,0,44,0.5048395629746939,-2.2578262204420163e-05
68,0,45,0.5049086570201569,4.6515783258538335e-05
68,0,46,0.5051438686281144,0.00028172739121612445
68,0,47,0.5049464436967205,8.430245982216089e-05
68,0,48,0.5048503374969969,-1.1803739901394827e-05
68,0,49,0.5048024636996555,-5.9677537242786016e-05
68,0,50,0.5049416233186539,7.948208175556637e-05
68,0,51,0.5047546661279652,-0.00010747510893316381
68,0,52,0.5049138556509343,5.171441403595267e-05
68,0,53,0.5050217284673861,0.0001595872304878121
68,0,54,0.5048930427206328,3.0901483734524504e-05
68,0,55,0.5047863558606218,-7.578537627650483e-05
68,0,56,0.5049424368381155,8.029560121713963e-05
68,0,57,0.504946104282712,8.39630458137064e-05
68,0,58,0.5050407790224771,0.00017863778557880572
68,0,59,0.5049657173905717,0.00010357615367340145
68,0,60,0.5051054223273324,0.00024328109043403323
68,0,61,0.5049875964463575,0.00012545520945916877
68,0,62,0.505072969301055,0.00021082806415673172
68,0,63,0.5048257986602822,-3.634257661611073e-05
68,0,64,0.5052206836802744,0.0003585424433760753
68,0,65,0.5049115020110653,4.936077416695106e-05
68,0,66,0.5049317778724212,6.96366355228406e-05
68,0,67,0.5047018346626693,-0.00016030657422905215
68,0,68,0.5049381986513841,7.605741448579728e-05
68,0,69,0.5049971459015206,0.00013500466462224026
68,0,70,0.5049746233703075,0.00011248213340919744
68,0,71,0.5039622063290041,-0.0008999349078941954
68,0,72,0.5046747773870756,-0.00018736384982276366
68,0,73,0.504818849194937,-4.329204196129588e-05
68,0,74,0.5053961813263006,0.0005340400894022768
68,0,75,0.5049168112735692,5.467003667092296e-05
68,0,76,0.5050262290728023,0.0001640878359039366
68,0,77,0.5050493211730857,0.00018717993618733164
68,0,78,0.5049698185822052,0.00010767734530692241
68,0,79,0.5050477427549357,0.00018560151803737046
68,0,80,0.5049340584423138,7.191720541543933e-05
68,0,81,0.5045580743272331,-0.00030406690966522376
68,0,82,0.5046671061343324,-0.00019503510256591028
68,0,83,0.5049157778549426,5.363661804425046e-05
68,0,84,0.5049612476598504,9.910642295207772e-05
68,0,85,0.5051025197764762,0.00024037853957792343
68,0,86,0.5049772379078982,0.000115096670999848
68,0,87,0.5049886804309842,0.0001265391940858951
68,0,88,0.5049643546195248,0.0001022133826265037
68,0,89,0.5049570490135553,9.49077766569939e-05
68,0,90,0.5049326498848982,7.050864799984513e-05
68,0,91,0.5047207229775411,-0.00014141825935720664
68,0,92,0.5048929405891265,3.0799352228161325e-05
68,0,93,0.5053172529205359,0.0004551116836375435
68,0,94,0.5050136937912281,0.000151552554329748
68,0,95,0.5050816048012913,0.00021946356439295212
68,0,96,0.5049661524277703,0.00010401119087199984
68,0,97,0.5050144016726926,0.0001522604357943047
68,0,98,0.5049054138096571,4.327257275882346e-05
68,0,99,0.5049454182678712,8.327703097288364e-05
68,0,100,0.5049743305689469,0.0001121893320485956
68,0,101,0.5056990789013622,0.0008369376644639104
68,0,102,0.5042638147738085,-0.0005983264630897711
68,0,103,0.505065221132466,0.00020307989556767048
68,0,104,0.5049670745760344,0.00010493333913608183
68,0,105,0.5049139260579686,5.1784821070266496e-05
68,0,106,0.5050248958703315,0.00016275463343318197
68,0,107,0.5048970152892327,3.4874052334377126e-05
68,0,108,0.5051401600505712,0.0002780188136728423
68,0,109,0.5049666334371326,0.00010449220023422967
68,0,110,0.5048685613411542,6.420104255888681e-06
68,0,111,0.5049311357382562,6.899450135788854e-05
68,0,112,0.5047713484590801,-9.079277781820494e-05
68,0,113,0.5049953096044427,0.00013316836754440065
68,0,114,0.5048851703916679,2.3029154769593774e-05
68,0,115,0.5049284631390397,6.632190214139744e-05
68,0,116,0.5051742609521709,0.000312119715272563
68,0,117,0.5050116544637058,0.00014951322680745172
68,0,118,0.5043395424184318,-0.000522598818466502
68,0,119,0.5049919229665566,0.00012978172965827373
68,0,120,0.5049403499242704,7.82086873720722e-05
68,0,121,0.5050913753629303,0.00022923412603192972
68,0,122,0.5049602686328845,9.812739598613618e-05
68,0,123,0.5050392486021884,0.00017710736529008564
68,0,124,0.50515980291879,0.0002976616818917144
68,0,125,0.504872725556951,1.0584320052631213e-05
68,0,126,0.5047814004089554,-8.074082794296e-05
68,0,127,0.5049931888476591,0.00013104761076077054
68,1,0,0.5054345233236035,0.000572382086705181
68,1,1,0.5054821750596254,0.0006200338227271285
68,1,2,0.5053289157259797,0.00046677448908138963
68,1,3,0.5053695057555869,0.0005073645186886022
68,1,4,0.5052832534630696,0.00042111222617124966
68,1,5,0.5050676137415278,0.00020547250462943367
68,1,6,0.5053663459098834,0.0005042046729850647
68,1,7,0.4987348435790464,-0.006127297657851916
68,1,8,0.5050698838746404,0.0002077426377420366
68,1,9,0.5052972732543933,0.0004351320174950102
68,1,10,0.5052124676672749,0.0003503264303765796
68,1,11,0.505163075812123,0.00030093457522473166
68,1,12,0.5052713987700882,0.00040925753318987734
68,1,13,0.5052221095652782,0.00035996832837992265
68,1,14,0.5047801003396388,-8.204089725949437e-05
68,1,15,0.5052085383427626,0.0003463971058642601
68,1,16,0.5052509041511553,0.0003887629142569349
68,1,17,0.5052425423919608,0.00038040115506243755
68,1,18,0.5051623407437467,0.00030019950684834207
68,1,19,0.5051905956021927,0.0003284543652943839
68,1,20,0.5053681464705573,0.0005060052336589571
68,1,21,0.5052773066500489,0.00041516541315056443
68,1,22,0.5052723252402945,0.00041018400339620786
68,1,23,0.5050035716464366,0.00014143040953829011
68,1,24,0.5051437613283386,0.0002816200914402822
68,1,25,0.5051337639974314,0.00027162276053305234
68,1,26,0.5052482996122936,0.00038615837539524023
68,1,27,0.506883390181978,0.002021248945079712
68,1,28,0.5053186616726459,0.00045652043574762047
68,1,29,0.5053158835999807,0.0004537423630823767
68,1,30,0.5051812839621871,0.00031914272528876797
68,1,31,0.5052892934590918,0.00042715222219347204
68,1,32,0.5047561160950502,-0.00010602514184809841
68,1,33,0.5051879021775212,0.00032576094062286565
68,1,34,0.5052219913975411,0.00035985016064277175
68,1,35,0.5052157468666578,0.0003536056297595014
68,1,36,0.5050914839450684,0.00022934270817009939
68,1,37,0.5052058570041595,0.0003437157672612212
68,1,38,0.5052847190691747,0.000422577832276394
68,1,39,0.5053105365915499,0.0004483953546515762
68,1,40,0.5052509106911556,0.00038876945425725395
68,1,41,0.5054493566707479,0.0005872154338495417
68,1,42,0.505271023804452,0.00040888256755367003
68,1,43,0.5051762908520266,0.00031414961512832296
68,1,44,0.5053049648416115,0.0004428236047131495
68,1,45,0.5051196816487554,0.0002575404118571045
68,1,46,0.5051059012166185,0.0002437599797201484
68,1,47,0.5052965120298959,0.00043437079299757375
68,1,48,0.505156608700219,0.00029446746332062457
68,1,49,0.5051939179382543,0.00033177670135597914
68,1,50,0.5052449238589862,0.00038278262208790714
68,1,51,0.5053215131964095,0.00045937195951117893
68,1,52,0.5045651123671081,-0.0002970288697902168
68,1,53,0.5052255820889927,0.0003634408520943877
68,1,54,0.5051808574279282,0.00031871619102985527
68,1,55,0.5053013205548396,0.00043917931794124065
68,1,56,0.5047064148206765,-0.00015572641622185746
68,1,57,0.5052727593620858,0.00041061812518750074
68,1,58,0.5052514604599896,0.00038931922309126676
68,1,59,0.5054244711302601,0.0005623298933618015
68,1,60,0.48383407658025834,-0.021028064656639978
68,1,61,0.5052846140940249,0.000422472857126599
68,1,62,0.505188194927827,0.00032605369092864045
68,1,63,0.5053401416300892,0.0004780003931909027
68,1,64,0.5051708199825534,0.0003086787456550999
68,1,65,0.5054368582351374,0.0005747169982390776
68,1,66,0.5052596407053078,0.00039749946840950123
68,1,67,0.5052375069938814,0.0003753657569830482
68,1,68,0.5051833939313775,0.00032125269447913496
68,1,69,0.5051568333194203,0.00029469208252197454
68,1,70,0.5052318572723857,0.0003697160354874107
68,1,71,0.5052657034480523,0.00040356221115400714
68,1,72,0.5052031799963694,0.00034103875947111284
68,1,73,0.5053420341593393,0.00047989292244099424
68,1,74,0.5051054537329183,0.00024331249601994287
68,1,75,0.5037408275627342,-0.001121313674164126
68,1,76,0.5051803698869907,0.0003182286500923448
68,1,77,0.505076524976283,0.00021438373938464927
68,1,78,0.505214290443664,0.00035214920676562844
68,1,79,0.5051688977962532,0.00030675655935485935
68,1,80,0.5051343205836263,0.0002721793467279632
68,1,81,0.5050886286929694,0.00022648745607112275
68,1,82,0.504539874172063,-0.000322267064835291
68,1,83,0.5052769709992391,0.00041482976234075153
68,1,84,0.505188799891343,0.0003266586544447003
68,1,85,0.5050799610268015,0.00021781978990320638
68,1,86,0.5053452471499347,0.0004831059130363524
68,1,87,0.5052406467177186,0.00037850548082030144
68,1,88,0.5051721943022454,0.0003100530653470379
68,1,89,0.5052053824845195,0.00034324124762119546
68,1,90,0.5052907848446421,0.00042864360774375054
68,1,91,0.5056433862308708,0.0007812449939724742
68,1,92,0.5052043752460289,0.000342234009130582
68,1,93,0.5053119248865074,0.00044978364960912565
68,1,94,0.5052322385903973,0.0003700973534990215
68,1,95,0.5058937414203644,0.0010316001834660415
68,1,96,0.5051660740678551,0.0003039328309567546
68,1,97,0.5051660886139093,0.0003039473770110046
68,1,98,0.5051676066382403,0.00030546540134201994
68,1,99,0.5053384784083267,0.00047633717142836485
68,1,100,0.5051696150275409,0.000307473790642554
68,1,101,0.5051531879428847,0.00029104670598634197
68,1,102,0.5052187066736694,0.00035656543677109465
68,1,103,0.5050149979080588,0.00015285667116049506
68,1,104,0.4894924389498785,-0.015369702287019837
68,1,105,0.5051261315564802,0.0002639903195819082
68,1,106,0.5027577801404585,-0.002104361096439855
68,1,107,0.5052085838679499,0.0003464426310515467
68,1,108,0.5055856082999302,0.0007234670630318352
68,1,109,0.5053613504034609,0.000499209166562542
68,1,110,0.505296769865041,0.000434628628142697
68,1,111,0.5053364270202296,0.00047428578333130744
68,1,112,0.5054651643962438,0.0006030231593454616
68,1,113,0.5051962535314808,0.00033411229458246705
68,1,114,0.5046741537453117,-0.00018798749158666084
68,1,115,0.5052794775486085,0.00041733631171014807
68,1,116,0.5056954037757287,0.000833262538830426
68,1,117,0.5050461440514052,0.0001840028145069228
68,1,118,0.5051988296262293,0.00033668838933098577
68,1,119,0.5049274429151589,6.530167826057642e-05
68,1,120,0.5051086907978144,0.00024654956091607616
68,1,121,0.5051295081080741,0.0002673668711757893
68,1,122,0.5048487949808987,-1.3346255999580059e-05
68,1,123,0.505313343163722,0.00045120192682368554
68,1,124,0.5051845078440189,0.0003223666071205944
68,1,125,0.5051836534562268,0.0003215122193285236
68,1,126,0.5052565362015741,0.0003943949646757483
68,1,127,0.5050325685608729,0.0001704273239745424
68,2,0,0.5048568263197126,-5.3149171856947675e-06
68,2,1,0.5047844797101039,-7.766152679444804e-05
68,2,2,0.5040850612079502,-0.0007770800289481627
68,2,3,0.504876966014476,1.4824777577637782e-05
68,2,4,0.5054462410062635,0.0005840997693651317
68,2,5,0.5045002916873604,-0.00036184954953788484
68,2,6,0.5047973585290048,-6.478270789356255e-05
68,2,7,0.5050381437833025,0.00017600254640415258
68,2,8,0.5048508141355741,-1.1327101324232203e-05
68,2,9,0.504939570559001,7.742932210264009e-05
68,2,10,0.5048281932275667,-3.394800933165243e-05
68,2,11,0.5048499423332965,-1.2198903601823297e-05
68,2,12,0.5052510492853616,0.00038890804846325455
68,2,13,0.5050073723226597,0.0001452310857613659
68,2,14,0.504843457818877,-1.868341802135909e-05
68,2,15,0.5048859574065132,2.3816169614887528e-05
68,2,16,0.5048123739609438,-4.9767275954515355e-05
68,2,17,0.5050063512047194,0.00014420996782105178
68,2,18,0.5047873197045181,-7.482153238025369e-05
68,2,19,0.5049538148413727,9.167360447437378e-05
68,2,20,0.5047063347025906,-0.00015580653430768976
68,2,21,0.5047893327936837,-7.280844321466695e-05
68,2,22,0.504845235462621,-1.690577427737594e-05
68,2,23,0.504942869486027,8.072824912863652e-05
68,2,24,0.504865597137735,3.4559008367240907e-06
68,2,25,0.5047425684711742,-0.00011957276572416298
68,2,26,0.5049039404741292,4.179923723091061e-05
68,2,27,0.5051786297301225,0.00031648849322418737
68,2,28,0.5050236268861239,0.00016148564922557895
68,2,29,0.5048832935104366,2.115227353827187e-05
68,2,30,0.5048611988454794,-9.423914189010674e-07
68,2,31,0.5042891791625328,-0.0005729620743655239
68,2,32,0.504944966617442,8.282538054371624e-05
68,2,33,0.5048659027277876,3.761490889320207e-06
68,2,34,0.5055786489199005,0.0007165076830021322
68,2,35,0.504821971103999,-4.017013289936422e-05
68,2,36,0.5048909251382308,2.8783901332429807e-05
68,2,37,0.5052172440986447,0.000355102861746337
68,2,38,0.504878202576818,1.6061339919715145e-05
68,2,39,0.5047290730017644,-0.0001330682351339263
68,2,40,0.5048323529811438,-2.9788255754503723e-05
68,2,41,0.504872536621295,1.0395384396733043e-05
68,2,42,0.5048139138821054,-4.8227354792929056e-05
68,2,43,0.5049353643503571,7.322311345880905e-05
68,2,44,0.5048227711847575,-3.9370052140830225e-05
68,2,45,0.5051554074977331,0.00029326626083481244
68,2,46,0.5049177848327832,5.5643595884835584e-05
68,2,47,0.5051917562889945,0.00032961505209616604
68,2,48,0.5048580814011638,-4.05983573448232e-06
68,2,49,0.5045344811217243,-0.00032766011517404436
68,2,50,0.5048328171249843,-2.9324111914030837e-05
68,2,51,0.5048834333676986,2.1292130800265596e-05
68,2,52,0.5048182785878716,-4.386264902667136e-05
68,2,53,0.5051150158108002,0.0002528745739018845
68,2,54,0.5048718679467183,9.726709820023771e-06
68,2,55,0.5039719435066895,-0.0008901977302088193
68,2,56,0.5048285873635938,-3.355387330450377e-05
68,2,57,0.504919915086685,5.777384978666866e-05
68,2,58,0.5048709556958443,8.814458945960446e-06
68,2,59,0.5051289977001694,0.00026685646327107015
68,2,60,0.5048999244217205,3.778318482217102e-05
68,2,61,0.5051111179591676,0.0002489767222693118
68,2,62,0.5050907709441387,0.00022862970724035758
68,2,63,0.5050142874640131,0.0001521462271147911
68,2,64,0.504738920596256,-0.00012322064064229643
68,2,65,0.5052070183037529,0.0003448770668545986
68,2,66,0.5047978006133083,-6.434062359006454e-05
68,2,67,0.5050306595515527,0.0001685183146543645
68,2,68,0.5053358420423109,0.0004737008054125358
68,2,69,0.5050789902286625,0.000216848991764218
68,2,70,0.5052127292664782,0.0003505880295798791
68,2,71,0.5048164942831452,-4.5646953753086805e-05
68,2,72,0.5048202891818301,-4.185205506823664e-05
68,2,73,0.5048212436861106,-4.089755078773294e-05
68,2,74,0.4991483400279203,-0.00571380120897802
68,2,75,0.5049398442037527,7.770296685438716e-05
68,2,76,0.5048071430640688,-5.499817282950126e-05
68,2,77,0.5050137744340621,0.00015163319716382517
68,2,78,0.5048534181411024,-8.723095795915015e-06
68,2,79,0.5049628810691593,0.0001007398322609987
68,2,80,0.5050769953738199,0.00021485413692157174
68,2,81,0.5050626917751646,0.00020055053826628644
68,2,82,0.5053411590765765,0.00047901783967818634
68,2,83,0.5047993645464753,-6.277669042298317e-05
68,2,84,0.5050388614214378,0.00017672018453951388
68,2,85,0.5053433749665255,0.0004812337296271618
68,2,86,0.504832098585268,-3.0042651630313166e-05
68,2,87,0.504991181394181,0.00012904015728265605
68,2,88,0.5048535348718335,-8.60636506483381e-06
68,2,89,0.5048267087299382,-3.543250696014244e-05
68,2,90,0.5047697277162273,-9.241352067101971e-05
68,2,91,0.5048527329925667,-9.408244331599036e-06
68,2,92,0.5048093277108442,-5.281352605412959e-05
68,2,93,0.5052949198879575,0.00043277865105917357
68,2,94,0.5048117965579761,-5.03446789221762e-05
68,2,95,0.5050070562036344,0.00014491496673607607
68,2,96,0.5052607975824475,0.0003986563455491421
68,2,97,0.5048263789367662,-3.5762300132136104e-05
68,2,98,0.5049193485498216,5.7207312923246434e-05
68,2,99,0.504903920492176,4.177925527770743e-05
68,2,100,0.504835191404944,-2.6949831954281578e-05
68,2,101,0.505316827535751,0.0004546862988527023
68,2,102,0.5048361146484285,-2.602658846984074e-05
68,2,103,0.5031887495157821,-0.0016733917211162463
68,2,104,0.5049203100333106,5.8168796412294554e-05
68,2,105,0.5046135918066675,-0.00024854943023078224
68,2,106,0.5047810260338216,-8.111520307674258e-05
68,2,107,0.5047738004477988,-8.834078909947252e-05
68,2,108,0.5049402690810688,7.812784417049468e-05
68,2,109,0.5049559521625816,9.381092568327976e-05
68,2,110,0.5047777039957082,-8.44372411901162e-05
68,2,111,0.5048303031636932,-3.18380732051704e-05
68,2,112,0.5050798088093406,0.00021766757244223722
68,2,113,0.5047935334019596,-6.860783493867206e-05
68,2,114,0.5050677978778177,0.00020565664091942715
68,2,115,0.5047999604978541,-6.218073904418198e-05
68,2,116,0.5049219788439366,5.983760703831553e-05
68,2,117,0.5051276191983896,0.0002654779614912339
68,2,118,0.5049136140525958,5.147281569750639e-05
68,2,119,0.504967175001611,0.0001050337647127142
68,2,120,0.504768994106397,-9.31471305013476e-05
68,2,121,0.5055075688118291,0.0006454275749308014
68,2,122,0.5048299257901407,-3.221544675757748e-05
68,2,123,0.5050807019560313,0.00021856071913295416
68,2,124,0.504833847658912,-2.8293577986282514e-05
68,2,125,0.5050748966041021,0.0002127553672037763
68,2,126,0.5048527845622941,-9.356674604221737e-06
68,2,127,0.5050728018878758,0.0002106606509775233
68,3,0,0.50511676571582,0.0002546244789216612
68,3,1,0.5048928248781932,3.068364129488188e-05
68,3,2,0.5051729191006057,0.0003107778637073677
68,3,3,0.5048645662416321,2.4250047337970315e-06
68,3,4,0.5048344465831475,-2.769465375085378e-05
68,3,5,0.5049532450523488,9.110381545052171e-05
68,3,6,0.5047779583498655,-8.418288703282428e-05
68,3,7,0.5047176913750601,-0.00014444986183825836
68,3,8,0.5049595253105783,9.73840736799847e-05
68,3,9,0.5048357024086123,-2.643882828601285e-05
68,3,10,0.5048766921730101,1.455093611180125e-05
68,3,11,0.5048207769582844,-4.136427861389791e-05
68,3,12,0.5053183364375124,0.000456195200614129
68,3,13,0.5049060951975142,4.395396061585011e-05
68,3,14,0.5054143072575827,0.0005521660206844192
68,3,15,0.5048869652734367,2.4824036538362293e-05
68,3,16,0.5049980107548397,0.00013586951794142266
68,3,17,0.5049959474755049,0.00013380623860659302
68,3,18,0.5048522810740194,-9.860162878960743e-06
68,3,19,0.5049966455538684,0.00013450431697004106
68,3,20,0.5048357185844641,-2.6422652434243687e-05
68,3,21,0.5048866287173686,2.4487480470236633e-05
68,3,22,0.5047683238679863,-9.381736891200809e-05
68,3,23,0.5050574471871301,0.00019530595023176112
68,3,24,0.5047355126849442,-0.00012662855195411105
68,3,25,0.5048605584260365,-1.5828108618221037e-06
68,3,26,0.5050177439173422,0.00015560268044390035
68,3,27,0.5041447932017445,-0.0007173480351537753
68,3,28,0.5047732887800902,-8.885245680811948e-05
68,3,29,0.504959408035201,9.726679830268647e-05
68,3,30,0.504992843271244,0.00013070203434573102
68,3,31,0.5049623922729435,0.0001002510360451625
68,3,32,0.5047749457089928,-8.719552790548146e-05
68,3,33,0.5048250487178448,-3.709251905348321e-05
68,3,34,0.5050584297223566,0.0001962884854582736
68,3,35,0.5049842098428039,0.00012206860590557866
68,3,36,0.5048826328701284,2.0491633230035333e-05
68,3,37,0.5048441955362617,-1.7945700636623485e-05
68,3,38,0.5047906454528994,-7.149578399889833e-05
68,3,39,0.5047381300190852,-0.00012401121781313584
68,3,40,0.504875376867472,1.3235630573649182e-05
68,3,41,0.504640517126657,-0.00022162411024129192
68,3,42,0.5048403762570024,-2.1764979895921854e-05
68,3,43,0.5049655046302028,0.00010336339330452304
68,3,44,0.5049180524512453,5.591121434700419e-05
68,3,45,0.504733868094086,-0.0001282731428122741
68,3,46,0.504828462049852,-3.367918704633155e-05
68,3,47,0.504349625429334,-0.0005125158075642844
68,3,48,0.5048208961781848,-4.124505871350159e-05
68,3,49,0.5049431037401809,8.096250328260002e-05
68,3,50,0.5050945070179171,0.00023236578101881733
68,3,51,0.505174824613311,0.0003126833764126591
68,3,52,0.5048150546005898,-4.708663630847987e-05
68,3,53,0.504927328749879,6.518751298068004e-05
68,3,54,0.5050701781133727,0.0002080368764744156
68,3,55,0.5047956858671283,-6.64553697700132e-05
68,3,56,0.5047520552082773,-0.0001100860286210592
68,3,57,0.5049392439335616,7.710269666327818e-05
68,3,58,0.5046767068554651,-0.0001854343814332582
68,3,59,0.5048842663171351,2.2125080236801153e-05
68,3,60,0.5048114374302985,-5.070380659977225e-05
68,3,61,0.50485065317152,-1.1488065378317813e-05
68,3,62,0.5048789902527282,1.684901582987841e-05
68,3,63,0.5048679038110945,5.7625741961553345e-06
68,3,64,0.5048557470915195,-6.394145378840754e-06
68,3,65,0.5048409947106993,-2.1146526199000704e-05
68,3,66,0.5049029442012312,4.080296433284225e-05
68,3,67,0.5049305100698366,6.836883293825924e-05
68,3,68,0.5051605353766011,0.0002983941397027845
68,3,69,0.5048330271459753,-2.9114090922988112e-05
68,3,70,0.5013285753560237,-0.0035335658808746118
68,3,71,0.5047586543652012,-0.00010348687169714488
68,3,72,0.5049034104711136,4.1269234215324246e-05
68,3,73,0.5050709898405532,0.00020884860365488755
68,3,74,0.5046677759251952,-0.00019436531170313742
68,3,75,0.504997121102847,0.00013497986594868117
68,3,76,0.5049476853597668,8.55441228684306e-05
68,3,77,0.5050222909022287,0.0001601496653304002
68,3,78,0.5048393267040602,-2.2814532838144608e-05
68,3,79,0.5048548339044278,-7.307332470563033e-06
68,3,80,0.5049518349401807,8.969370328237858e-05
68,3,81,0.5048560661030916,-6.075133806682231e-06
68,3,82,0.5050234218784321,0.00016128064153375643
68,3,83,0.5040532056084728,-0.0008089356284255445
68,3,84,0.5051077347692812,0.0002455935323828484
68,3,85,0.5049948289012615,0.00013268766436314028
68,3,86,0.5048907547159269,2.8613479028605227e-05
68,3,87,0.5047223319118717,-0.000139809325026663
68,3,88,0.5046297390259724,-0.0002324022109259083
68,3,89,0.504987386437217,0.0001252452003186466
68,3,90,0.5049286063430416,6.646510614327639e-05
68,3,91,0.5048242854243479,-3.78558125504469e-05
68,3,92,0.5048648462831276,2.705046229234398e-06
68,3,93,0.5047956619440822,-6.647929281611287e-05
68,3,94,0.5045169010427994,-0.0003452401940988725
68,3,95,0.5048541421496161,-7.999087282217765e-06
68,3,96,0.5048852124089215,2.3071172023159114e-05
68,3,97,0.5051336725090159,0.00027153127211754224
68,3,98,0.5047614947298276,-0.00010064650707075629
68,3,99,0.5051288220132489,0.00026668077635061405
68,3,100,0.5046664239334169,-0.00019571730348144634
68,3,101,0.504819845638334,-4.2295598564279224e-05
68,3,102,0.5049640525644021,0.00010191132750381193
68,3,103,0.504906761052238,4.4619815339652646e-05
68,3,104,0.5049972644545997,0.0001351232177013717
68,3,105,0.5048828349530166,2.0693716118236338e-05
68,3,106,0.5053028237885849,0.00044068255168661086
68,3,107,0.5049521468190762,9.000558217786558e-05
68,3,108,0.5050791242288432,0.00021698299194483628
68,3,109,0.505092020275367,0.0002298790384687166
68,3,110,0.5049226474841315,6.050624723319409e-05
68,3,111,0.5048369106861023,-2.5230550796062623e-05
68,3,112,0.504846728892071,-1.5412344827270275e-05
68,3,113,0.5048048824761011,-5.7258760797207486e-05
68,3,114,0.5048613351370892,-8.060998091252713e-07
68,3,115,0.504925687859556,6.354662265772859e-05
68,3,116,0.5048517188585306,-1.0422378367680452e-05
68,3,117,0.5049542638351795,9.212259828117464e-05
68,3,118,0.5048237812628639,-3.8359974034452016e-05
68,3,119,0.5050048775352061,0.00014273629830774404
68,3,120,0.5049118535960793,4.97123591809423e-05
68,3,121,0.5050271007853772,0.00016495954847883798
68,3,122,0.504923784892285,6.164365538663397e-05
68,3,123,0.5051266576607021,0.0002645164238037623
68,3,124,0.5047294669931552,-0.00013267424374308057
68,3,125,0.5048254073568996,-3.673387999869604e-05
68,3,126,0.5049588990133901,9.675777649176265e-05
68,3,127,0.5049794725463266,0.00011733130942825909
68,4,0,0.5051011782283552,0.00023903699145688684
68,4,1,0.5048296351795856,-3.2506057312753356e-05
68,4,2,0.5049262999281263,6.415869122800011e-05
68,4,3,0.5048909431927935,2.8801955895163545e-05
68,4,4,0.5048270411289952,-3.510010790308549e-05
68,4,5,0.5050637290550255,0.00020158781812718019
68,4,6,0.5048310315454876,-3.110969141073561e-05
68,4,7,0.5048774422274174,1.5300990519051538e-05
68,4,8,0.5050882372022975,0.00022609596539913124
68,4,9,0.5049060763359846,4.3935099086289675e-05
68,4,10,0.5046979206652749,-0.00016422057162346348
68,4,11,0.5040896264579571,-0.0007725147789412468
68,4,12,0.5049089767876382,4.683555073992096e-05
68,4,13,0.5050431845523088,0.00018104331541046736
68,4,14,0.5047541309097312,-0.00010801032716711845
68,4,15,0.504997990705963,0.00013584946906464168
68,4,16,0.5049599622825551,9.78210456568096e-05
68,4,17,0.5048747004042669,1.2559167368531021e-05
68,4,18,0.5048452732913961,-1.686794550226356e-05
68,4,19,0.5050116347883624,0.00014949355146409715
68,4,20,0.504795311789994,-6.682944690428183e-05
68,4,21,0.5048958465334077,3.37052965093676e-05
68,4,22,0.5047515413403681,-0.00011059989653017244
68,4,23,0.5048736902104842,1.1548973585906452e-05
68,4,24,0.5047630211724313,-9.91200644669954e-05
68,4,25,0.5049584985947866,9.635735788826594e-05
68,4,26,0.504996544842655,0.0001344036057566722
68,4,27,0.5049288716089161,6.673037201776477e-05
68,4,28,0.5048233455604898,-3.879567640852066e-05
68,4,29,0.5049824707202606,0.00012032948336226923
68,4,30,0.5050225968574604,0.0001604556205621055
68,4,31,0.5048325085957021,-2.963264119626441e-05
68,4,32,0.5048092742872502,-5.286694964812266e-05
68,4,33,0.5048341099616842,-2.8031275214113194e-05
68,4,34,0.5047676876834041,-9.445355349424478e-05
68,4,35,0.5045339939593908,-0.0003281472775075178
68,4,36,0.5048109477527075,-5.1193484190803495e-05
68,4,37,0.5048547788683203,-7.362368578012202e-06
68,4,38,0.5048404691670278,-2.1672069870470878e-05
68,4,39,0.5048156643409105,-4.647689598780147e-05
68,4,40,0.5048357876659914,-2.6353570906967327e-05
68,4,41,0.5052630113086103,0.0004008700717119673
68,4,42,0.5047978092211916,-6.43320157067695e-05
68,4,43,0.5047964172190038,-6.572401789450844e-05
68,4,44,0.5048125218790862,-4.961935781211402e-05
68,4,45,0.5051535080802834,0.0002913668433850436
68,4,46,0.5048418746396813,-2.026659721698909e-05
68,4,47,0.5048061879773874,-5.5953259510910236e-05
68,4,48,0.504981388752463,0.00011924751556469104
68,4,49,0.504831774857725,-3.0366379173307756e-05
68,4,50,0.5048932803848439,3.1139147945613566e-05
68,4,51,0.5047837989155686,-7.834232132974961e-05
68,4,52,0.5047141753439819,-0.00014796589291643514
68,4,53,0.5049397949634192,7.765372652090985e-05
68,4,54,0.5047971649201628,-6.497631673552107e-05
68,4,55,0.5048669847518267,4.843514928354331e-06
68,4,56,0.5041603800736907,-0.000701761163207637
68,4,57,0.5047996748625259,-6.246637437246072e-05
68,4,58,0.5048164427364439,-4.569850045443857e-05
68,4,59,0.5049304926350577,6.835139815941638e-05
68,4,60,0.5047935325806845,-6.860865621383105e-05
68,4,61,0.5048616887898677,-4.5244703061886327e-07
68,4,62,0.5049547440033225,9.260276642419907e-05
68,4,63,0.5048531723363641,-8.968900534256363e-06
68,4,64,0.5050821388148504,0.0002199975779521024
68,4,65,0.504895738436918,3.359720001971933e-05
68,4,66,0.5049910018775661,0.0001288606406677495
68,4,67,0.5049212867223588,5.914548546048781e-05
68,4,68,0.5048593219359574,-2.819300940926084e-06
68,4,69,0.5048508620536993,-1.1279183198986686e-05
68,4,70,0.5047969850341434,-6.515620275493461e-05
68,4,71,0.5048174673804846,-4.46738564137128e-05
68,4,72,0.5048031464638228,-5.899477307547141e-05
68,4,73,0.5048298718191659,-3.22694177323779e-05
68,4,74,0.5051364448168739,0.00027430357997559884
68,4,75,0.5047557948110828,-0.00010634642581552889
68,4,76,0.5048122254204254,-4.991581647295629e-05
68,4,77,0.5052103636619265,0.00034822242502818845
68,4,78,0.5048276040399494,-3.453719694890278e-05
68,4,79,0.5047887770894695,-7.33641474288671e-05
68,4,80,0.5049163141799334,5.417294303511344e-05
68,4,81,0.5048771348625449,1.4993625646608777e-05
68,4,82,0.5048076128848694,-5.452835202890416e-05
68,4,83,0.5047601490482745,-0.00010199218862383397
68,4,84,0.5047957434312369,-6.639780566142228e-05
68,4,85,0.5049986912465906,0.00013655000969226005
68,4,86,0.5048965292395716,3.438800267330233e-05
68,4,87,0.5047859345930925,-7.620664380580955e-05
68,4,88,0.5048435877177415,-1.8553519156805365e-05
68,4,89,0.5048526448465445,-9.496390353858075e-06
68,4,90,0.504774831668527,-8.730956837132986e-05
68,4,91,0.5048008552559358,-6.128598096255544e-05
68,4,92,0.5046778616859118,-0.00018427955098654358
68,4,93,0.504919017388743,5.687615184468697e-05
68,4,94,0.5047898566865512,-7.228455034713477e-05
68,4,95,0.5047860754769617,-7.606575993657216e-05
68,4,96,0.5048733388159075,1.119757900913676e-05
68,4,97,0.5043267192439896,-0.0005354219929086801
68,4,98,0.5047986332884066,-6.350794849174779e-05
68,4,99,0.5048292253127395,-3.291592415877176e-05
68,4,100,0.5048802925071958,1.8151270297472877e-05
68,4,101,0.504813753345216,-4.838789168226665e-05
68,4,102,0.5049182661967534,5.612495985507504e-05
68,4,103,0.504827245726645,-3.489551025337434e-05
68,4,104,0.5048943902763847,3.2249039486398345e-05
68,4,105,0.5047579469307162,-0.0001041943061821371
68,4,106,0.5047942172240629,-6.79240128353964e-05
68,4,107,0.5049086055592898,4.64643223915262e-05
68,4,108,0.5048864921628345,2.43509259362229e-05
68,4,109,0.5049257423601308,6.360112323244849e-05
68,4,110,0.5049314360537487,6.929481685036265e-05
68,4,111,0.5048399030421619,-2.223819473645694e-05
68,4,112,0.5047589347340891,-0.00010320650280926102
68,4,113,0.5051523945107448,0.0002902532738464636
68,4,114,0.5046525324745581,-0.00020960876234021875
68,4,115,0.5048978658463539,3.572460945555633e-05
68,4,116,0.5049738201673623,0.00011167893046393207
68,4,117,0.5052171973738249,0.0003550561369265459
68,4,118,0.5050371776452194,0.00017503640832106093
68,4,119,0.5050106584890687,0.00014851725217035483
68,4,120,0.5047606072085971,-0.00010153402830126446
68,4,121,0.5047680584966007,-9.408274029765185e-05
68,4,122,0.504834813962155,-2.7327274743305097e-05
68,4,123,0.5047836383411048,-7.850289579347525e-05
68,4,124,0.5055293806925808,0.0006672394556824779
68,4,125,0.5046820760705233,-0.0001800651663750319
68,4,126,0.5046121468895144,-0.00024999434738393056
68,4,127,0.5051132003246496,0.00025105908775124863
68,5,0,0.5049079079466412,4.576670974287822e-05
68,5,1,0.505216663696319,0.00035452245942069194
68,5,2,0.5050280252516632,0.00016588401476491654
68,5,3,0.5049705075861348,0.00010836634923649946
68,5,4,0.5050393529673886,0.0001772117304902343
68,5,5,0.5051912885057649,0.00032914726886656975
68,5,6,0.505012944581244,0.00015080334434569576
68,5,7,0.5051397128049919,0.00027757156809360417
68,5,8,0.5050414331768988,0.0001792919400004367
68,5,9,0.505136841618473,0.00027470038157473287
68,5,10,0.5051707510085726,0.00030860977167423975
68,5,11,0.5048952458929983,3.310465609995816e-05
68,5,12,0.5047767379408689,-8.540329602946262e-05
68,5,13,0.5050336597489311,0.00017151851203278667
68,5,14,0.5049444610976821,8.231986078377496e-05
68,5,15,0.5051105977107425,0.0002484564738441941
68,5,16,0.5050248532118929,0.00016271197499462264
68,5,17,0.5048907217824755,2.8580545577194805e-05
68,5,18,0.5049474906537194,8.534941682103447e-05
68,5,19,0.5050667945815233,0.00020465334462493878
68,5,20,0.5050063210335405,0.00014417979664216318
68,5,21,0.5051096919909084,0.0002475507540100619
68,5,22,0.5050314660606768,0.0001693248237785161
68,5,23,0.5052593083747159,0.00039716713781756674
68,5,24,0.504960305109009,9.816387211070143e-05
68,5,25,0.5048420960924697,-2.004514442865979e-05
68,5,26,0.505074744748439,0.0002126035115407321
68,5,27,0.5050613990640174,0.00019925782711904816
68,5,28,0.5050128714452109,0.00015073020831257722
68,5,29,0.504967359682183,0.00010521844528466051
68,5,30,0.5052203066120682,0.000358165375169861
68,5,31,0.504937453422278,7.531218537970563e-05
68,5,32,0.5049215143630869,5.93731261885333e-05
68,5,33,0.5051973710967833,0.000335229859884989
68,5,34,0.5050752026260565,0.00021306138915822004
68,5,35,0.5048993551345348,3.721389763644556e-05
68,5,36,0.5049915119128368,0.00012937067593843388
68,5,37,0.5048599625966063,-2.1786402920609405e-06
68,5,38,0.504943760578955,8.161934205663801e-05
68,5,39,0.5051468779319596,0.00028473669506123844
68,5,40,0.5050354457120925,0.00017330447519414705
68,5,41,0.5052506982164333,0.000388556979534993
68,5,42,0.5049351643559064,7.302311900803105e-05
68,5,43,0.504906766555921,4.462531902271749e-05
68,5,44,0.5049246848603874,6.254362348911968e-05
68,5,45,0.5049681978467253,0.00010605660982698772
68,5,46,0.5051782849070628,0.00031614367016452594
68,5,47,0.5016575687765726,-0.003204572460325683
68,5,48,0.5049128112693793,5.0670032480937266e-05
68,5,49,0.5050187267327629,0.000156585495864614
68,5,50,0.5049950571061455,0.00013291586924712995
68,5,51,0.5048404037900702,-2.1737446828096196e-05
68,5,52,0.5050362074379988,0.00017406620110049786
68,5,53,0.5050939376676529,0.00023179643075454948
68,5,54,0.5049289684915876,6.682725468931672e-05
68,5,55,0.5049021060951395,3.996485824120377e-05
68,5,56,0.5049866692602125,0.00012452802331419655
68,5,57,0.5050715871359328,0.0002094458990344883
68,5,58,0.5049030763448592,4.093510796088218e-05
68,5,59,0.5049656377697457,0.00010349653284735805
68,5,60,0.5048953197305294,3.317849363104752e-05
68,5,61,0.5047337298702719,-0.00012841136662644637
68,5,62,0.5050522533434814,0.00019011210658304023
68,5,63,0.504881138251398,1.8997014499699816e-05
68,5,64,0.5050918224741723,0.00022968123727395984
68,5,65,0.5051043319182956,0.00024219068139730293
68,5,66,0.5049150451074307,5.290387053236145e-05
68,5,67,0.5051224512173434,0.0002603099804451281
68,5,68,0.5049599992964349,9.785805953654858e-05
68,5,69,0.5048877537631105,2.561252621213761e-05
68,5,70,0.5048881393157789,2.59980788805958e-05
68,5,71,0.5049039217106726,4.178047377423333e-05
68,5,72,0.5049956419391861,0.0001335007022877921
68,5,73,0.5038839273599173,-0.0009782138769810489
68,5,74,0.5051382694766597,0.00027612823976141954
68,5,75,0.5049080539540773,4.591271717901968e-05
68,5,76,0.504806398921007,-5.574231589133838e-05
68,5,77,0.505014916941442,0.00015277570454363953
68,5,78,0.5049007659655345,3.862472863613853e-05
68,5,79,0.5047093091699367,-0.00015283206696159457
68,5,80,0.5051922055673116,0.0003300643304132711
68,5,81,0.504785570679692,-7.657055720633466e-05
68,5,82,0.5049575509552244,9.540971832611156e-05
68,5,83,0.5049544221232078,9.228088630952591e-05
68,5,84,0.5048859946493585,2.3853412460139722e-05
68,5,85,0.504988692241467,0.00012655100456870905
68,5,86,0.5049634202275851,0.0001012789906867928
68,5,87,0.5048429816972853,-1.9159539613067267e-05
68,5,88,0.5048167626146044,-4.537862229392342e-05
68,5,89,0.5049036637392281,4.152250232980492e-05
68,5,90,0.499165892671907,-0.005696248564991346
68,5,91,0.505034939557029,0.00017279832013072927
68,5,92,0.5049879626258457,0.00012582138894734474
68,5,93,0.5049368401431684,7.469890627009868e-05
68,5,94,0.50491446180626,5.2320569361663516e-05
68,5,95,0.5050288899835788,0.00016674874668043405
68,5,96,0.5048203960820143,-4.1745154883976454e-05
68,5,97,0.5009785394582944,-0.003883601778603918
68,5,98,0.5051140410991588,0.0002518998622604851
68,5,99,0.5050991835063773,0.0002370422694789598
68,5,100,0.5028097609285549,-0.0020523803083434267
68,5,101,0.5050803879289885,0.00021824669209014047
68,5,102,0.5051318398891904,0.0002696986522920941
68,5,103,0.504842399095444,-1.9742141454281992e-05
68,5,104,0.5049448015447071,8.266030780879063e-05
68,5,105,0.5048930272224976,3.088598559930489e-05
68,5,106,0.5048833864765595,2.1245239661182858e-05
68,5,107,0.5049132972232188,5.115598632043916e-05
68,5,108,0.5048993225604896,3.718132359131765e-05
68,5,109,0.5051067200651024,0.0002445788282040562
68,5,110,0.5048536410981672,-8.500138731104556e-06
68,5,111,0.5051555432985391,0.0002934020616407462
68,5,112,0.5049190041460496,5.6862909151300656e-05
68,5,113,0.5050352083732755,0.00017306713637721405
68,5,114,0.5050524395010901,0.00019029826419181273
68,5,115,0.5052585320531131,0.00039639081621478667
68,5,116,0.5048957860651113,3.3644828212997524e-05
68,5,117,0.5048743780015574,1.2236764659112609e-05
68,5,118,0.5052574454816711,0.00039530424477274284
68,5,119,0.5049184762833803,5.633504648194787e-05
68,5,120,0.5050614698868704,0.00019932864997207478
68,5,121,0.5051729560921976,0.00031081485529926844
68,5,122,0.504885406219386,2.3264982487725128e-05
68,5,123,0.5048117957150215,-5.0345521876771215e-05
68,5,124,0.5049962043016096,0.00013406306471130947
68,5,125,0.5048762300056671,1.4088768768738547e-05
68,5,126,0.504861964044544,-1.7719235434476843e-07
68,5,127,0.5051477256621867,0.0002855844252883655
68,6,0,0.5049263296615423,6.418842464395169e-05
68,6,1,0.5051067812425227,0.000244640005624408
68,6,2,0.5049171458411414,5.5004604243125144e-05
68,6,3,0.5047137041778451,-0.00014843705905320803
68,6,4,0.5050977720456855,0.00023563080878719056
68,6,5,0.5051335141131119,0.00027137287621359363
68,6,6,0.504978822584506,0.00011668134760767224
68,6,7,0.5050158777174993,0.00015373648060101885
68,6,8,0.5049228384475641,6.069721066581657e-05
68,6,9,0.5049026638056036,4.052256870523685e-05
68,6,10,0.5049765268653188,0.00011438562842047695
68,6,11,0.504946757317284,8.461608038567991e-05
68,6,12,0.5049339760816856,7.183484478723301e-05
68,6,13,0.5048527590145994,-9.382222298959242e-06
68,6,14,0.5049088341561967,4.669291929837449e-05
68,6,15,0.5049334022919989,7.12610551005799e-05
68,6,16,0.5049968676527922,0.00013472641589384882
68,6,17,0.5049073990243093,4.5257787410935e-05
68,6,18,0.5049088991696473,4.675793274899753e-05
68,6,19,0.5049624340870388,0.00010029285014045985
68,6,20,0.505129619992191,0.0002674787552926494
68,6,21,0.5049282528351837,6.611159828540103e-05
68,6,22,0.5048784425791207,1.6301342222413417e-05
68,6,23,0.5049402127826708,7.807154577244013e-05
68,6,24,0.504909059756792,4.691851989369056e-05
68,6,25,0.5051340907937008,0.00027194955680243105
68,6,26,0.5049415349525952,7.939371569687381e-05
68,6,27,0.5049104295263169,4.828828941860763e-05
68,6,28,0.5025722514695258,-0.002289889767372544
68,6,29,0.5050600712170494,0.00019792998015111252
68,6,30,0.5049281200137247,6.597877682634756e-05
68,6,31,0.5052264900011636,0.0003643487642652765
68,6,32,0.5050466656799876,0.0001845244430892512
68,6,33,0.5045683552614962,-0.0002937859754020833
68,6,34,0.5052737391578299,0.00041159792093159453
68,6,35,0.5049064347170193,4.4293480121027073e-05
68,6,36,0.5049719865763226,0.00010984533942426378
68,6,37,0.5050245929757513,0.0001624517388529867
68,6,38,0.5049599369127558,9.77956758574372e-05
68,6,39,0.5051995544645718,0.0003374132276734443
68,6,40,0.5051479673565222,0.0002858261196239109
68,6,41,0.5050440189330475,0.0001818776961491908
68,6,42,0.50495654236155,9.440112465164407e-05
68,6,43,0.504977664478613,0.00011552324171471007
68,6,44,0.5039182858194201,-0.0009438554174782121
68,6,45,0.5052027197555224,0.0003405785186241239
68,6,46,0.5048481562643816,-1.3984972516700722e-05
68,6,47,0.5049858879476087,0.0001237467107103596
68,6,48,0.5048827069816257,2.056574472741879e-05
68,6,49,0.5050260321554908,0.00016389091859247973
68,6,50,0.5049645047479192,0.00010236351102088648
68,6,51,0.5050251967885842,0.0001630555516858312
68,6,52,0.5050573965874203,0.0001952553505220056
68,6,53,0.5049705592231938,0.00010841798629546151
68,6,54,0.5051744084723342,0.0003122672354358702
68,6,55,0.5049582021276471,9.606089074876145e-05
68,6,56,0.5051236441577597,0.0002615029208613562
68,6,57,0.5052202134186113,0.0003580721817130206
68,6,58,0.5049630097487308,0.0001008685118324415
68,6,59,0.5049899154001345,0.00012777416323617174
68,6,60,0.5049324523063516,7.031106945332155e-05
68,6,61,0.5034250564967955,-0.0014370847401028453
68,6,62,0.5049092906360054,4.7149399107104806e-05
68,6,63,0.5052491828783386,0.00038704164144032216
68,6,64,0.5050340147522969,0.00017187351539860174
68,6,65,0.5053454671495275,0.00048332591262922886
68,6,66,0.5050504284368865,0.00018828719998820187
68,6,67,0.5049801858963531,0.0001180446594547524
68,6,68,0.5049665936837526,0.00010445244685430843
68,6,69,0.5052034746974536,0.0003413334605553153
68,6,70,0.5048990143086047,3.687307170641141e-05
68,6,71,0.5052232769701196,0.0003611357332212739
68,6,72,0.5049547272503053,9.258601340700334e-05
68,6,73,0.5050821976997588,0.00022005646286049618
68,6,74,0.5055163351515386,0.0006541939146402775
68,6,75,0.5050491684749956,0.0001870272380972704
68,6,76,0.5050826159495319,0.0002204747126335338
68,6,77,0.504849903460708,-1.223777619030475e-05
68,6,78,0.5051107417742399,0.00024860053734154786
68,6,79,0.5048949924996172,3.2851262718902596e-05
68,6,80,0.5051762019130331,0.0003140606761348197
68,6,81,0.5051814198045601,0.00031927856766178486
68,6,82,0.504899520917262,3.737968036365835e-05
68,6,83,0.49168413990806825,-0.013178001328830069
68,6,84,0.5051390224689903,0.00027688123209201887
68,6,85,0.5050538202560902,0.00019167901919192598
68,6,86,0.5034834787665727,-0.0013786624703255868
68,6,87,0.5049404340928888,7.829285599048053e-05
68,6,88,0.5051307648587233,0.00026862362182500377
68,6,89,0.5049021660172255,4.002478032716361e-05
68,6,90,0.504908051741138,4.591050423963239e-05
68,6,91,0.5052119783694191,0.00034983713252079163
68,6,92,0.5049384765938164,7.633535691808913e-05
68,6,93,0.50497306259001,0.00011092135311163709
68,6,94,0.5049845677821776,0.000122426545279275
68,6,95,0.5056249905943397,0.0007628493574414197
68,6,96,0.504933218216884,7.107697998565143e-05
68,6,97,0.5051069957659081,0.000244854529009797
68,6,98,0.5049630518240309,0.00010091058713257439
68,6,99,0.5049049432342381,4.2801997339747544e-05
68,6,100,0.5052054877498338,0.0003433465129354385
68,6,101,0.5050892236905173,0.0002270824536190208
68,6,102,0.5050753964097153,0.00021325517281700623
68,6,103,0.5049349130094838,7.277177258546708e-05
68,6,104,0.5050443796438026,0.00018223840690423376
68,6,105,0.5051065244138255,0.0002443831769272098
68,6,106,0.5048629888009666,8.475640682625851e-07
68,6,107,0.5049134076359478,5.1266399049509914e-05
68,6,108,0.5048771076551221,1.4966418223738565e-05
68,6,109,0.5048810735893592,1.893235246086533e-05
68,6,110,0.5049282413511488,6.610011425045581e-05
68,6,111,0.5050290564284754,0.00016691519157707724
68,6,112,0.5049743406841943,0.00011219944729601306
68,6,113,0.5049364424296154,7.430119271711888e-05
68,6,114,0.504927386991505,6.52457546066465e-05
68,6,115,0.5049337234427798,7.158220588143749e-05
68,6,116,0.5053816576449124,0.0005195164080140646
68,6,117,0.5049738105190771,0.00011166928217876126
68,6,118,0.5049447513676278,8.261013072952128e-05
68,6,119,0.5050916391248964,0.0002294978879980869
68,6,120,0.5049243634074615,6.222217056317536e-05
68,6,121,0.5050184350297726,0.0001562937928742958
68,6,122,0.5051472312190152,0.00028508998211684844
68,6,123,0.5048964660041205,3.432476722220468e-05
68,6,124,0.5049636968950599,0.00010155565816161172
68,6,125,0.5049920910286638,0.00012994979176550459
68,6,126,0.5051793240892095,0.00031718285231119303
68,6,127,0.5050503666606845,0.00018822542378615914
68,7,0,0.5050676585628295,0.00020551732593121486
68,7,1,0.5048585813867805,-3.559850117795804e-06
68,7,2,0.5048413055594475,-2.0835677450814494e-05
68,7,3,0.5052845261283511,0.00042238489145274283
68,7,4,0.5049736363244501,0.00011149508755181614
68,7,5,0.5049302874899071,6.814625300877175e-05
68,7,6,0.5049320037573432,6.986252044482999e-05
68,7,7,0.5048588584280735,-3.2828088247782716e-06
68,7,8,0.5051561287222531,0.00029398748535480745
68,7,9,0.5049512672442424,8.912600734412024e-05
68,7,10,0.5050721435025164,0.00021000226561807
68,7,11,0.5056340649623933,0.0007719237254949496
68,7,12,0.5050100465773197,0.000147905340421417
68,7,13,0.5049468766695834,8.47354326850569e-05
68,7,14,0.5049869259854067,0.00012478474850841081
68,7,15,0.5049072096805044,4.506844360607776e-05
68,7,16,0.504550894070163,-0.00031124716673536224
68,7,17,0.50491304845135,5.090721445166757e-05
68,7,18,0.5048454915859264,-1.6649650971922725e-05
68,7,19,0.5052160376816391,0.00035389644474081994
68,7,20,0.5048772765826381,1.5135345739825112e-05
68,7,21,0.5050424498346633,0.00018030859776496655
68,7,22,0.5046797968756997,-0.000182344361198572
68,7,23,0.5049443112988159,8.21700619175747e-05
68,7,24,0.5049354304089878,7.328917208948571e-05
68,7,25,0.5047157846981769,-0.00014635653872141496
68,7,26,0.5050162551482975,0.00015411391139918962
68,7,27,0.5051809588022482,0.0003188175653499048
68,7,28,0.5053503051664313,0.00048816392953299204
68,7,29,0.504943821783352,8.168054645363299e-05
68,7,30,0.5049964312267715,0.00013428998987319307
68,7,31,0.5050386144680954,0.0001764732311970718
68,7,32,0.5047734780672567,-8.866316964162291e-05
68,7,33,0.5048947329349285,3.259169803015993e-05
68,7,34,0.5051751363761773,0.00031299513927895983
68,7,35,0.5052310500377093,0.0003689088008109742
68,7,36,0.5049197645345567,5.762329765834906e-05
68,7,37,0.5049172054680741,5.5064231175738776e-05
68,7,38,0.5051689094801043,0.0003067682432059682
68,7,39,0.5048790946609225,1.6953424024190866e-05
68,7,40,0.502135369862229,-0.002726771374669368
68,7,41,0.5049178264489149,5.5685212016598484e-05
68,7,42,0.5049897676551278,0.00012762641822949838
68,7,43,0.5048693564127311,7.215175832797627e-06
68,7,44,0.504857064917294,-5.076319604335744e-06
68,7,45,0.5050033369727536,0.00014119573585524847
68,7,46,0.5054366957314043,0.0005745544945059411
68,7,47,0.5049258099874071,6.366875050878296e-05
68,7,48,0.5049619261822262,9.97849453279187e-05
68,7,49,0.5048950695916801,3.292835478174716e-05
68,7,50,0.5051738108898194,0.00031166965292106497
68,7,51,0.5048586919511711,-3.4492857272638844e-06
68,7,52,0.5048939976752604,3.185643836212115e-05
68,7,53,0.5048664943687009,4.353131802581345e-06
68,7,54,0.5047819946452168,-8.014659168154026e-05
68,7,55,0.5049302653864652,6.812414956691715e-05
68,7,56,0.5050228949942893,0.00016075375739099673
68,7,57,0.5049932451446196,0.0001311039077213083
68,7,58,0.5047671990470023,-9.49421898960301e-05
68,7,59,0.5050734012110902,0.000211259974191913
68,7,60,0.5049144136807201,5.227244382177698e-05
68,7,61,0.5050799592023206,0.0002178179654223067
68,7,62,0.5048758425161387,1.3701279240385666e-05
68,7,63,0.5047508950448346,-0.00011124619206370756
68,7,64,0.5047497862851306,-0.0001123549517677569
68,7,65,0.5049298187215991,6.767748470082324e-05
68,7,66,0.5049627299315076,0.00010058869460927156
68,7,67,0.5049791962971484,0.00011705506025005974
68,7,68,0.5046326891591804,-0.00022945207771796206
68,7,69,0.5047546416454832,-0.00010749959141509446
68,7,70,0.5053435671513598,0.0004814259144614308
68,7,71,0.504897577869675,3.543663277671971e-05
68,7,72,0.504875986289832,1.3845052933669777e-05
68,7,73,0.504999975418509,0.0001378341816107298
68,7,74,0.5049838448288031,0.00012170359190477598
68,7,75,0.5012532313948005,-0.0036089098420978294
68,7,76,0.5049993743311108,0.00013723309421243002
68,7,77,0.5053335659980349,0.00047142476113659626
68,7,78,0.5050701533270312,0.0002080120901328808
68,7,79,0.5050567941117413,0.0001946528748429932
68,7,80,0.504892669933164,3.052869626563037e-05
68,7,81,0.5049167666658227,5.4625428924426345e-05
68,7,82,0.5050000721462948,0.00013793090939651087
68,7,83,0.5049817118767744,0.00011957063987610983
68,7,84,0.5050221123153118,0.0001599710784134789
68,7,85,0.5034242776900661,-0.0014378635468321743
68,7,86,0.505005224589146,0.00014308335224766378
68,7,87,0.5048989532376245,3.681200072613855e-05
68,7,88,0.5031183391410304,-0.0017438020958678857
68,7,89,0.5055220213849296,0.000659880148031311
68,7,90,0.5051370436231086,0.00027490238621030727
68,7,91,0.50488062073564,1.847949874167476e-05
68,7,92,0.5049221452778493,6.000404095096723e-05
68,7,93,0.5049060426143179,4.390137741960842e-05
68,7,94,0.504903844610997,4.170337409870051e-05
68,7,95,0.5049113209775574,4.917974065909991e-05
68,7,96,0.5025794969703091,-0.0022826442665891955
68,7,97,0.5048378922560278,-2.4248980870500425e-05
68,7,98,0.5051342058368464,0.0002720645999481075
68,7,99,0.5045115275827514,-0.00035061365414690293
68,7,100,0.5048973393548832,3.519811798491368e-05
68,7,101,0.5050126487495028,0.0001505075126044808
68,7,102,0.5048384198470361,-2.3721389862174647e-05
68,7,103,0.505169790487643,0.0003076492507446682
68,7,104,0.5049991111232954,0.00013696988639710916
68,7,105,0.5049849393004773,0.00012279806357895495
68,7,106,0.5050175654937624,0.00015542425686410066
68,7,107,0.5047636009560246,-9.8540280873749e-05
68,7,108,0.5051011950029146,0.00023905376601629502
68,7,109,0.5048970521853673,3.491094846896914e-05
68,7,110,0.5048589430261623,-3.198210736021778e-06
68,7,111,0.50509913456499,0.0002369933280916836
68,7,112,0.5048451435174581,-1.6997719440192682e-05
68,7,113,0.5050852435177257,0.0002231022808273364
68,7,114,0.5048776297290267,1.5488492128401532e-05
68,7,115,0.5050635446607995,0.00020140342390118082
68,7,116,0.5048958649002879,3.372366338960653e-05
68,7,117,0.5050755702450516,0.00021342900815324306
68,7,118,0.5050312073134675,0.00016906607656919093
68,7,119,0.5049344425699657,7.230133306734832e-05
68,7,120,0.5048130072569542,-4.9133979944104844e-05
68,7,121,0.5038327490565953,-0.0010293921803030681
68,7,122,0.5049184297038688,5.6288466970477735e-05
68,7,123,0.5048403527257184,-2.1788511179954284e-05
68,7,124,0.5049164895081772,5.434827127892561e-05
68,7,125,0.5048221285728698,-4.001266402853254e-05
68,7,126,0.5048760633615805,1.3922124682208548e-05
68,7,127,0.5049250484825094,6.290724561108796e-05
68,8,0,0.5050069119354715,0.00014477069857321556
68,8,1,0.504931690220901,6.95489840026875e-05
68,8,2,0.5050359542379811,0.00017381300108276765
68,8,3,0.5052099809810138,0.0003478397441154524
68,8,4,0.5050931567906018,0.00023101555370352855
68,8,5,0.5050383635256324,0.00017622228873404033
68,8,6,0.503933097368474,-0.0009290438684242952
68,8,7,0.5049793193076002,0.00011717807070188435
68,8,8,0.5050030653091782,0.0001409240722798355
68,8,9,0.5051497915070626,0.000287650270164308
68,8,10,0.5049337025050143,7.156126811602714e-05
68,8,11,0.5055022573993987,0.0006401161625003704
68,8,12,0.5049986956065846,0.00013655436968629253
68,8,13,0.5052602848799352,0.00039814364303691896
68,8,14,0.5050188815431158,0.00015674030621748436
68,8,15,0.5051804545668543,0.00031831332995602146
68,8,16,0.5049864641143963,0.00012432287749797322
68,8,17,0.5050054636907857,0.0001433224538873734
68,8,18,0.5049746773907421,0.00011253615384376747
68,8,19,0.5050751905009782,0.00021304926407983427
68,8,20,0.5053624450940009,0.0005003038571025353
68,8,21,0.5050764340816313,0.00021429284473295507
68,8,22,0.5049331096786795,7.09684417812273e-05
68,8,23,0.5051148217526943,0.0002526805157959666
68,8,24,0.504966764253836,0.00010462301693769938
68,8,25,0.5050049010249247,0.0001427597880263587
68,8,26,0.504742631607325,-0.00011950962957330002
68,8,27,0.5050830482967175,0.00022090705981914205
68,8,28,0.5051425045523983,0.0002803633154999652
68,8,29,0.5050484093659237,0.0001862681290253354
68,8,30,0.5050167362466497,0.000154595009751346
68,8,31,0.5049763034132903,0.00011416217639192983
68,8,32,0.5050237688955557,0.0001616276586573484
68,8,33,0.5050696117530966,0.0002074705161982937
68,8,34,0.5050237411830193,0.00016159994612097162
68,8,35,0.5050601498510506,0.00019800861415231186
68,8,36,0.5048870353871595,2.4894150261189907e-05
68,8,37,0.5053917622902653,0.0005296210533669576
68,8,38,0.5050911011283648,0.00022895989146642926
68,8,39,0.5051109973854052,0.00024885614850689297
68,8,40,0.5011844930065079,-0.0036776482303904068
68,8,41,0.5051588770744087,0.0002967358375103313
68,8,42,0.5041864873547419,-0.0006756538821564018
68,8,43,0.5051880245935122,0.00032588335661387635
68,8,44,0.5049465055557123,8.436431881397866e-05
68,8,45,0.5049351256321424,7.298439524405786e-05
68,8,46,0.5049397323946734,7.759115777505876e-05
68,8,47,0.505033925538333,0.00017178430143471868
68,8,48,0.5050686840009695,0.00020654276407117145
68,8,49,0.5048798309476266,1.7689710728241437e-05
68,8,50,0.5050314271240601,0.00016928588716180748
68,8,51,0.5049606363471393,9.849511024095925e-05
68,8,52,0.5050237175580918,0.00016157632119351284
68,8,53,0.5060380725721044,0.001175931335206104
68,8,54,0.5052227021742077,0.0003605609373094065
68,8,55,0.5050803545105387,0.00021821327364035525
68,8,56,0.5046906410194218,-0.00017150021747647237
68,8,57,0.5050737283374775,0.0002115871005792247
68,8,58,0.5050621057343432,0.00019996449744486
68,8,59,0.5050794157990273,0.00021727456212894403
68,8,60,0.5051101767975781,0.0002480355606797602
68,8,61,0.5051690389248141,0.00030689768791580807
68,8,62,0.5050561589609318,0.0001940177240334906
68,8,63,0.5050980587634719,0.00023591752657359244
68,8,64,0.5051386253239303,0.0002764840870319585
68,8,65,0.5051917572155828,0.00032961597868452763
68,8,66,0.5051738148690097,0.00031167363211137555
68,8,67,0.5051167867899861,0.00025464555308774006
68,8,68,0.5049716410756337,0.00010949983873542735
68,8,69,0.5049297373676526,6.759613075424387e-05
68,8,70,0.5050876280986193,0.00022548686172096932
68,8,71,0.5049852892357224,0.00012314799882406913
68,8,72,0.5049566193553082,9.447811840990195e-05
68,8,73,0.5052532542326341,0.0003911129957357984
68,8,74,0.48816172754587783,-0.016700413691020488
68,8,75,0.5049360942560739,7.395301917556552e-05
68,8,76,0.5049862466247615,0.000124105387863227
68,8,77,0.5038568415242745,-0.0010052997126238639
68,8,78,0.5050793786089371,0.00021723737203882543
68,8,79,0.5054101086979863,0.0005479674610879837
68,8,80,0.5052599675028195,0.0003978262659212195
68,8,81,0.5051089672134423,0.0002468259765440184
68,8,82,0.5051174760075077,0.00025533477060935006
68,8,83,0.5051895179964854,0.00032737675958705026
68,8,84,0.5050313232366365,0.00016918199973814385
68,8,85,0.5051616986495534,0.0002995574126550826
68,8,86,0.5046868239568029,-0.000175317280095455
68,8,87,0.5051345984579018,0.0002724572210034415
68,8,88,0.5052054115349914,0.0003432702980931124
68,8,89,0.5049276634010658,6.552216416744194e-05
68,8,90,0.5050529978529912,0.00019085661609286042
68,8,91,0.501413092024227,-0.003449049212671307
68,8,92,0.5048601059400494,-2.0352968489456558e-06
68,8,93,0.5054822894260931,0.000620148189194758
68,8,94,0.5050146235208313,0.00015248228393294205
68,8,95,0.5050797103943936,0.00021756915749526762
68,8,96,0.5049489871061675,8.684586926921423e-05
68,8,97,0.5052269109447813,0.000364769707883017
68,8,98,0.5050604136872557,0.00019827245035741736
68,8,99,0.505137447383218,0.0002753061463196538
68,8,100,0.5052454508549838,0.00038330961808552555
68,8,101,0.5051111661132086,0.0002490248763102887
68,8,102,0.5050319389038199,0.0001697976669216006
68,8,103,0.5049604180374202,9.827680052187926e-05
68,8,104,0.5050963340660167,0.000234192829118407
68,8,105,0.5050563633007981,0.0001942220638997405
68,8,106,0.5052407706364113,0.00037862939951294194
68,8,107,0.505229340463286,0.0003671992263877266
68,8,108,0.5051425192308641,0.00028037799396574137
68,8,109,0.5050527442028607,0.00019060296596240534
68,8,110,0.5049417759286994,7.963469180105598e-05
68,8,111,0.5049846975750256,0.00012255633812729982
68,8,112,0.5050288068306674,0.00016666559376909973
68,8,113,0.5051978119621734,0.00033567072527507236
68,8,114,0.5051084557459479,0.00024631450904955
68,8,115,0.5048712419869277,9.100750029356064e-06
68,8,116,0.5049977397790989,0.00013559854220057677
68,8,117,0.5050991585772939,0.00023701734039560662
68,8,118,0.5047065158072074,-0.00015562542969094206
68,8,119,0.5049418931823788,7.975194548048847e-05
68,8,120,0.5052712578654464,0.0004091166285480341
68,8,121,0.5050159943403154,0.0001538531034170898
68,8,122,0.5050557532376101,0.00019361200071177365
68,8,123,0.5054499528393629,0.0005878116024645719
68,8,124,0.5050793027340308,0.00021716149713246757
68,8,125,0.5050195730864492,0.00015743184955085976
68,8,126,0.5050810252940355,0.00021888405713721415
68,8,127,0.5049991920775792,0.00013705084068083018
68,9,0,0.5048826418658914,2.050062899305871e-05
68,9,1,0.5049714014363266,0.0001092601994282516
68,9,2,0.5051211625037642,0.00025902126686583316
68,9,3,0.504929048923165,6.690768626671506e-05
68,9,4,0.5049975343001425,0.00013539306324417133
68,9,5,0.505095556603448,0.00023341536654963857
68,9,6,0.5051162807060157,0.00025413946911734264
68,9,7,0.5049931172062904,0.00013097596939204426
68,9,8,0.5050211189406367,0.00015897770373840547
68,9,9,0.5049510597082006,8.891847130232389e-05
68,9,10,0.5051810714813356,0.0003189302444372988
68,9,11,0.5050171464364868,0.00015500519958844272
68,9,12,0.5049612522108655,9.911097396719803e-05
68,9,13,0.5049489606351814,8.681939828303342e-05
68,9,14,0.5049751174047459,0.00011297616784755604
68,9,15,0.5044656822398494,-0.0003964589970488763
68,9,16,0.5049301642966646,6.802305976627565e-05
68,9,17,0.5045815288729121,-0.00028061236398624345
68,9,18,0.5050325316935376,0.00017039045663924668
68,9,19,0.5041343839527481,-0.0007277572841501989
68,9,20,0.5049307429282648,6.860169136646554e-05
68,9,21,0.5050288149490455,0.00016667371214718063
68,9,22,0.5049561418297704,9.400059287212326e-05
68,9,23,0.5050343681102158,0.00017222687331752695
68,9,24,0.5051292300576136,0.0002670888207152444
68,9,25,0.5058396400199977,0.0009774987830993842
68,9,26,0.5048441051479338,-1.8036088964556996e-05
68,9,27,0.505049288736931,0.00018714750003268055
68,9,28,0.5047673164293005,-9.482480759781531e-05
68,9,29,0.5049538964672988,9.175523040050315e-05
68,9,30,0.5047605683133143,-0.0001015729235840368
68,9,31,0.5049588083144306,9.666707753230863e-05
68,9,32,0.5052729996082524,0.00041085837135412806
68,9,33,0.5047824995425599,-7.964169433838375e-05
68,9,34,0.5055639264862233,0.0007017852493249599
68,9,35,0.5052149271564845,0.0003527859195862071
68,9,36,0.5045816758015719,-0.0002804654353264491
68,9,37,0.5050259763221708,0.00016383508527251234
68,9,38,0.5048552570078841,-6.884229014181287e-06
68,9,39,0.5052817265419522,0.00041958530505392666
68,9,40,0.5049063488896852,4.420765278689842e-05
68,9,41,0.5050458956198897,0.00018375438299134128
68,9,42,0.5051916261856968,0.00032948494879847523
68,9,43,0.5048411371556647,-2.1004081233622074e-05
68,9,44,0.5010344411223344,-0.0038277001145639034
68,9,45,0.5049848628283244,0.0001227215914261226
68,9,46,0.5050675016744051,0.00020536043750674082
68,9,47,0.5049031075351359,4.0966298237576915e-05
68,9,48,0.5050707822397955,0.0002086410028971919
68,9,49,0.5049970925781956,0.0001349513412972625
68,9,50,0.5050762386249462,0.0002140973880478958
68,9,51,0.505002144537025,0.00014000330012664541
68,9,52,0.5050960050941844,0.00023386385728607628
68,9,53,0.4990880083770517,-0.005774132859846626
68,9,54,0.5042655486135017,-0.000596592623396619
68,9,55,0.5049678907535117,0.00010574951661335152
68,9,56,0.5052030259793185,0.00034088474242022215
68,9,57,0.5045498293070432,-0.0003123119298551469
68,9,58,0.505139215844386,0.00027707460748771506
68,9,59,0.5050886297834076,0.00022648854650930694
68,9,60,0.5048933959090054,3.125467210707278e-05
68,9,61,0.5050444811350208,0.0001823398981224411
68,9,62,0.5050131725703051,0.00015103133340677033
68,9,63,0.5048979822038866,3.5840966988276435e-05
68,9,64,0.5051202288220049,0.00025808758510659224
68,9,65,0.5050141062299124,0.0001519649930140643
68,9,66,0.5050512707571311,0.00018912952023275587
68,9,67,0.5049608695319443,9.872829504598002e-05
68,9,68,0.505146605269147,0.000284464032248688
68,9,69,0.5051109483997888,0.0002488071628904409
68,9,70,0.505146488067874,0.00028434683097566804
68,9,71,0.5049372426847745,7.510144787614692e-05
68,9,72,0.5047929635023836,-6.917773451475817e-05
68,9,73,0.505098597890413,0.0002364566535146828
68,9,74,0.505117338933379,0.00025519769648063573
68,9,75,0.5049956129998306,0.00013347176293232454
68,9,76,0.5049116020170965,4.9460780198185006e-05
68,9,77,0.5052245999544593,0.00036245871756102055
68,9,78,0.5049645140790389,0.00010237284214054121
68,9,79,0.5049558212295713,9.367999267295701e-05
68,9,80,0.5049321401188758,6.999888197745108e-05
68,9,81,0.5049804424575995,0.0001183012207012224
68,9,82,0.5022902265064078,-0.0025719147304905654
68,9,83,0.5051678085245164,0.00030566728761804995
68,9,84,0.5055013200401028,0.0006391788032045209
68,9,85,0.5047580991727751,-0.00010404206412317762
68,9,86,0.5048369303019506,-2.521093494767257e-05
68,9,87,0.5049910579935798,0.00012891675668147418
68,9,88,0.5048515144871614,-1.0626749736952767e-05
68,9,89,0.5048612999205075,-8.413163907761145e-07
68,9,90,0.5051756694951208,0.0003135282582225063
68,9,91,0.5049766956694937,0.00011455443259533737
68,9,92,0.5051196391843145,0.00025749794741614096
68,9,93,0.5050513603710437,0.00018921913414537972
68,9,94,0.5051864618416085,0.0003243206047102154
68,9,95,0.5049533404381502,9.11992012518903e-05
68,9,96,0.50507815368995,0.00021601245305169492
68,9,97,0.5050829594092828,0.00022081817238450707
68,9,98,0.5051463431418176,0.0002842019049192901
68,9,99,0.5022348648593864,-0.0026272763775119223
68,9,100,0.5050259407923579,0.00016379955545953173
68,9,101,0.5049738229221243,0.00011168168522601718
68,9,102,0.5051661520285076,0.0003040107916092438
68,9,103,0.5051589605323379,0.0002968192954395654
68,9,104,0.5050830963461583,0.0002209551092600126
68,9,105,0.5048608951970448,-1.246039853519676e-06
68,9,106,0.5049981238012615,0.00013598256436320177
68,9,107,0.5050072236571768,0.00014508242027844176
68,9,108,0.5051445276181656,0.00028238638126731885
68,9,109,0.5050292380318431,0.00016709679494475438
68,9,110,0.5045891387061419,-0.00027300253075646097
68,9,111,0.5031605577005205,-0.0017015835363778375
68,9,112,0.5045535113233657,-0.00030862991353264313
68,9,113,0.5051030260515375,0.0002408848146391307
68,9,114,0.505273489665715,0.0004113484288166269
68,9,115,0.5050656165544243,0.0002034753175259585
68,9,116,0.5049113869593242,4.924572242592795e-05
68,9,117,0.5049836472720393,0.00012150603514093916
68,9,118,0.5052774708083848,0.0004153295714864891
68,9,119,0.5052608436781554,0.00039870244125705945
68,9,120,0.5050726683891145,0.00021052715221614449
68,9,121,0.504623097093313,-0.00023904414358533188
68,9,122,0.5051174321854021,0.0002552909485037391
68,9,123,0.5048344045516311,-2.7736685267232275e-05
68,9,124,0.5046575538961241,-0.00020458734077422047
68,9,125,0.505202002805391,0.0003398615684926387
68,9,126,0.5051058236918339,0.00024368245493555651
68,9,127,0.5048132728573342,-4.8868379564082076e-05
136,0,0,0.6694654874143571,-0.00020863383844305083
136,0,1,0.669856078376669,0.00018195712386892549
136,0,2,0.6701390815424002,0.0004649602896000804
136,0,3,0.6696563314802388,-1.7789772561283e-05
136,0,4,0.669682321115821,8.199863020919018e-06
136,0,5,0.669532256820756,-0.00014186443204411425
136,0,6,0.6696279208439386,-4.6200408861496456e-05
136,0,7,0.669569230439133,-0.0001048908136671578
136,0,8,0.6696851244324065,1.100317960633923e-05
136,0,9,0.6697195570060173,4.5435753217137886e-05
136,0,10,0.6696528503198194,-2.1270932980765878e-05
136,0,11,0.6686961493305406,-0.0009779719222595684
136,0,12,0.6696629687199681,-1.1152532832015005e-05
136,0,13,0.6696406663311902,-3.345492160988783e-05
136,0,14,0.6694782196961153,-0.0001959015566848077
136,0,15,0.6702023734904262,0.0005282522376260923
136,0,16,0.6696854945477629,1.137329496281314e-05
136,0,17,0.669738246271677,6.41250188768705e-05
136,0,18,0.669623477632372,-5.0643620428170166e-05
136,0,19,0.6700141665085544,0.00034004525575426214
136,0,20,0.6697400947179342,6.597346513403934e-05
136,0,21,0.6708545273255289,0.0011804060727287347
136,0,22,0.6695611547284369,-0.00011296652436321164
136,0,23,0.6698192062589449,0.00014508500614474062
136,0,24,0.6696775112079112,3.389955111066101e-06
136,0,25,0.6696301273936969,-4.399385910325293e-05
136,0,26,0.6696719878710096,-2.133381790558886e-06
136,0,27,0.6695579553136526,-0.00011616593914753892
136,0,28,0.669654190642744,-1.993061005611807e-05
136,0,29,0.6698813232165257,0.00020720196372558952
136,0,30,0.6699206173106631,0.0002464960578629771
136,0,31,0.6697402111480808,6.608989528067433e-05
136,0,32,0.6697522070818784,7.808582907831152e-05
136,0,33,0.6696835788852155,9.457632415332817e-06
136,0,34,0.6695614041247089,-0.00011271712809124423
136,0,35,0.6696942070834937,2.0085830693572504e-05
136,0,36,0.6694818893160215,-0.0001922319367786418
136,0,37,0.6677888904466207,-0.0018852308061794165
136,0,38,0.6697300395770331,5.591832423301746e-05
136,0,39,0.6696632988998534,-1.0822352946693314e-05
136,0,40,0.6696141828986388,-5.9938354161293006e-05
136,0,41,0.6698239974690233,0.00014987621622319924
136,0,42,0.6697162872146699,4.216596186978894e-05
136,0,43,0.6696514541203802,-2.2667132419940117e-05
136,0,44,0.6695267415805854,-0.00014737967221467585
136,0,45,0.6696590011502497,-1.5120102550447712e-05
136,0,46,0.6698727083153946,0.00019858706259445746
136,0,47,0.6696450110173104,-2.9110235489682168e-05
136,0,48,0.6697088092396308,3.468798683070595e-05
136,0,49,0.6697457652130234,7.164396022329989e-05
136,0,50,0.6696346147428951,-3.9506509905029574e-05
136,0,51,0.6696383347376444,-3.578651515567799e-05
136,0,52,0.6696376701249048,-3.645112789529836e-05
136,0,53,0.6697499121961343,7.579094333420855e-05
136,0,54,0.6696168389253434,-5.728232745672024e-05
136,0,55,0.669541941743355,-0.00013217950944510726
136,0,56,0.6696846443793367,1.0523126536599037e-05
136,0,57,0.6696653377390017,-8.783513798404918e-06
136,0,58,0.6697629445488112,8.882329601112016e-05
136,0,59,0.6696784500886916,4.328835891520555e-06
136,0,60,0.6700468178024735,0.0003726965496734236
136,0,61,0.6697085972978797,3.4476045079556705e-05
136,0,62,0.6697644386971497,9.031744434961908e-05
136,0,63,0.6694564970796293,-0.00021762417317083838
136,0,64,0.6699592676525963,0.0002851463997961545
136,0,65,0.6696075423189521,-6.657893384798275e-05
136,0,66,0.669641726940776,-3.239431202417542e-05
136,0,67,0.669474864553963,-0.00019925669883713581
136,0,68,0.6696306847654319,-4.3436487368264665e-05
136,0,69,0.6696859862359134,1.1864983113230032e-05
136,0,70,0.6696688635795705,-5.257673229674964e-06
136,0,71,0.6694637698596697,-0.00021035139313041462
136,0,72,0.6699018859096566,0.0002277646568564773
136,0,73,0.6692135600111311,-0.0004605612416690441
136,0,74,0.6702342544067232,0.0005601331539231147
136,0,75,0.6696323585079761,-4.1762744824036524e-05
136,0,76,0.6697057554911803,3.163423838015156e-05
136,0,77,0.669811382527607,0.00013726127480684358
136,0,78,0.6696669736189194,-7.147633880766335e-06
136,0,79,0.6697612138814197,8.709262861961165e-05
136,0,80,0.6696507923590344,-2.332889376577274e-05
136,0,81,0.6692854497580263,-0.0003886714947738401
136,0,82,0.6689887539584103,-0.0006853672943898381
136,0,83,0.6696225932442073,-5.1528008592871544e-05
136,0,84,0.6697398625768798,6.574132407966005e-05
136,0,85,0.6698018479462103,0.0001277266934102128
136,0,86,0.6696914675253304,1.7346272530249784e-05
136,0,87,0.6697133105736058,3.918932080571036e-05
136,0,88,0.6696761381076477,2.016854847575189e-06
136,0,89,0.669660297956195,-1.3823296605153246e-05
136,0,90,0.6696171640371865,-5.695721561360667e-05
136,0,91,0.6695575371770391,-0.00011658407576098373
136,0,92,0.6695708297303962,-0.00010329152240395878
136,0,93,0.6706257811405949,0.0009516598877947757
136,0,94,0.6697276593955277,5.3538142727571625e-05
136,0,95,0.6698177944511943,0.00014367319839414527
136,0,96,0.6697020065265056,2.7885273705452462e-05
136,0,97,0.6697103883160613,3.626706326120832e-05
136,0,98,0.6696351429451092,-3.897830769095112e-05
136,0,99,0.669642106658372,-3.201459442814247e-05
136,0,100,0.6697232423145896,4.912106178944775e-05
136,0,101,0.6704226730718751,0.0007485518190749607
136,0,102,0.6692573027206817,-0.00041681853211839037
136,0,103,0.6697689965673705,9.487531457041953e-05
136,0,104,0.6696805033871807,6.382134380533699e-06
136,0,105,0.669613175169077,-6.094608372309018e-05
136,0,106,0.6696941126444267,1.9991391626561494e-05
136,0,107,0.6696109588840016,-6.316236879855275e-05
136,0,108,0.670031934791528,0.00035781353872788024
136,0,109,0.6696861564477259,1.2035194925763548e-05
136,0,110,0.6696355919073484,-3.852934545167663e-05
136,0,111,0.6696346565462793,-3.9464706520830894e-05
136,0,112,0.6691698696041997,-0.0005042516486004622
136,0,113,0.6697542290824994,8.010782969924968e-05
136,0,114,0.6695891384610845,-8.498279171564871e-05
136,0,115,0.6696096732470214,-6.444800577876109e-05
136,0,116,0.669910607155396,0.0002364859025958399
136,0,117,0.6697115353949566,3.741414215652217e-05
136,0,118,0.669259891699611,-0.00041422955318914934
136,0,119,0.6697045348946715,3.041364187139628e-05
136,0,120,0.6695878440281378,-8.627722466236776e-05
136,0,121,0.6698596191805024,0.0001854979277022828
136,0,122,0.6696649172342233,-9.204018576847162e-06
136,0,123,0.6697406241181529,6.650286535281325e-05
136,0,124,0.6699819953152566,0.0003078740624564702
136,0,125,0.6695157534120879,-0.00015836784071221466
136,0,126,0.6693280214894329,-0.0003460997633671914
136,0,127,0.669701148607987,2.70273551868927e-05
136,1,0,0.6790273646658721,0.009353243413071977
136,1,1,0.6709639587982479,0.0012898375454477584
136,1,2,0.6704862620931789,0.0008121408403787278
136,1,3,0.670552365207354,0.0008782439545538256
136,1,4,0.6704837088587028,0.0008095876059026619
136,1,5,0.6702167002062557,0.0005425789534555525
136,1,6,0.6705834241693271,0.0009093029165270217
136,1,7,0.6410849296626855,-0.028589191590114638
136,1,8,0.6700222771869734,0.0003481559341732554
136,1,9,0.670418266218435,0.0007441449656349075
136,1,10,0.6703622127777026,0.0006880915249024566
136,1,11,0.6705182721380831,0.0008441508852830015
136,1,12,0.6704152239049149,0.0007411026521148001
136,1,13,0.670353355400906,0.0006792341481058894
136,1,14,0.6700881021744474,0.000413980921647239
136,1,15,0.6703432553196716,0.000669134066871524
136,1,16,0.670401279158253,0.0007271579054528576
136,1,17,0.6703859644214001,0.0007118431685999571
136,1,18,0.6703615834183952,0.0006874621655951207
136,1,19,0.6704393117733937,0.0007651905205935394
136,1,20,0.6705075328435,0.0008334115906998285
136,1,21,0.6704668463193827,0.0007927250665825669
136,1,22,0.6704267509727245,0.0007526297199244025
136,1,23,0.6692660326008801,-0.0004080886519199911
136,1,24,0.6703405524054346,0.000666431152634428
136,1,25,0.6702504287150479,0.0005763074622477937
136,1,26,0.6704397345006063,0.0007656132478062183
136,1,27,0.6711950171859875,0.0015208959331873828
136,1,28,0.6705848625843758,0.0009107413315756485
136,1,29,0.6704559091426865,0.000781787889886365
136,1,30,0.6703027925861065,0.000628671333306352
136,1,31,0.6704342873983669,0.0007601661455667319
136,1,32,0.6701208716271608,0.00044675037436070486
136,1,33,0.6703247286204195,0.0006506073676193491
136,1,34,0.6703874484528723,0.0007133272000722224
136,1,35,0.6703752752938449,0.0007011540410447603
136,1,36,0.6703271605831751,0.0006530393303749715
136,1,37,0.6703688413307525,0.0006947200779523488
136,1,38,0.6704360183842953,0.000761897131495215
136,1,39,0.6704734638887218,0.0007993426359216294
136,1,40,0.6704273950254149,0.0007532737726148042
136,1,41,0.6706350246585004,0.0009609034057003196
136,1,42,0.670401535585099,0.0007274143322988369
136,1,43,0.6704316148858331,0.0007574936330330129
136,1,44,0.6704094600428199,0.0007353387900197461
136,1,45,0.6702816630078741,0.000607541755073937
136,1,46,0.6702640828302058,0.000589961577405651
136,1,47,0.6704384274225921,0.0007643061697919507
136,1,48,0.6702950948293707,0.0006209735765705382
136,1,49,0.6703458990309403,0.0006717777781402035
136,1,50,0.6703853513472722,0.0007112300944720484
136,1,51,0.6704858461965653,0.0008117249437651353
136,1,52,0.6702037328476095,0.0005296115948093538
136,1,53,0.6703638147599258,0.000689693507125666
136,1,54,0.6703342640300614,0.00066014277726123
136,1,55,0.6704264400868534,0.000752318834053245
136,1,56,0.6218024727608057,-0.047871648491994434
136,1,57,0.6704206193356499,0.0007464980828497669
136,1,58,0.6703890744088205,0.0007149531560203259
136,1,59,0.6704942108504569,0.0008200895976567812
136,1,60,0.656267949050076,-0.01340617220272411
136,1,61,0.6704461219435556,0.0007720006907554477
136,1,62,0.6703169777905409,0.0006428565377407658
136,1,63,0.6704862691245921,0.0008121478717919572
136,1,64,0.6703223007079417,0.0006481794551416176
136,1,65,0.6705078146921889,0.0008336934393887718
136,1,66,0.6703461850029071,0.000672063750106977
136,1,67,0.6703691303070087,0.0006950090542086063
136,1,68,0.6703384999791651,0.0006643787263649337
136,1,69,0.6703216933967278,0.0006475721439276327
136,1,70,0.6703745613779037,0.0007004401251036185
136,1,71,0.6703951923671964,0.0007210711143962323
136,1,72,0.6703677790207845,0.000693657767984357
136,1,73,0.6704825096200139,0.0008083883672137526
136,1,74,0.6702403704752443,0.0005662492224441928
136,1,75,0.669816802181449,0.00014268092864888615
136,1,76,0.6703326755539869,0.0006585543011867756
136,1,77,0.67023049077497,0.0005563695221698639
136,1,78,0.6703791248235738,0.0007050035707736324
136,1,79,0.6702900248252581,0.0006159035724579986
136,1,80,0.6703403559516503,0.0006662346988501877
136,1,81,0.6703144252435608,0.0006403039907606489
136,1,82,0.6704295447937767,0.0007554235409765742
136,1,83,0.6704314291575981,0.0007573079047979991
136,1,84,0.6703640995226646,0.0006899782698644996
136,1,85,0.6701978002523816,0.0005236789995815005
136,1,86,0.6705308133495423,0.0008566920967422176
136,1,87,0.6703828150078924,0.0007086937550923045
136,1,88,0.6702718859555615,0.0005977647027614053
136,1,89,0.6703600595024357,0.000685938249635587
136,1,90,0.6704412278146061,0.000767106561806008
136,1,91,0.6708716828618273,0.0011975616090271757
136,1,92,0.6703321428514195,0.0006580215986193849
136,1,93,0.6704859034670031,0.0008117822142029718
136,1,94,0.6703858448675978,0.0007117236147976547
136,1,95,0.6711670443204876,0.001492923067687446
136,1,96,0.6702969159260579,0.0006227946732577649
136,1,97,0.6703098002895144,0.0006356790367142429
136,1,98,0.670316874817952,0.0006427535651518657
136,1,99,0.670515677793429,0.0008415565406288961
136,1,100,0.6703413606423045,0.0006672393895044149
136,1,101,0.6702657986823704,0.0005916774295702254
136,1,102,0.6703799880604301,0.0007058668076299623
136,1,103,0.6701494651610027,0.00047534390820258565
136,1,104,0.670265748802591,0.0005916275497909185
136,1,105,0.6699437779928639,0.0002696567400637395
136,1,106,0.659962131085243,-0.009711990167557083
136,1,107,0.6703759764160953,0.0007018551632951286
136,1,108,0.6706055408255012,0.0009314195727010421
136,1,109,0.6704966335544444,0.0008225123016443181
136,1,110,0.670481459344068,0.0008073380912678729
136,1,111,0.6704827434436087,0.0008086221908085722
136,1,112,0.6706141704763675,0.0009400492235673852
136,1,113,0.6702670347104862,0.0005929134576860839
136,1,114,0.6700468743162631,0.00037275306346296055
136,1,115,0.6705141800493981,0.0008400587965979867
136,1,116,0.6710243300241567,0.001350208771356609
136,1,117,0.6702838908349347,0.000609769582134545
136,1,118,0.6704285862285514,0.0007544649757512678
136,1,119,0.6702527596975325,0.0005786384447323822
136,1,120,0.6703018651947273,0.0006277439419272168
136,1,121,0.6703191661885544,0.0006450449357542354
136,1,122,0.6698794601124557,0.0002053388596555683
136,1,123,0.6704062063408105,0.0007320850880103702
136,1,124,0.6703529837062175,0.000678862453417417
136,1,125,0.6703670113749192,0.0006928901221190387
136,1,126,0.6703816297049082,0.0007075084521080965
136,1,127,0.6701786213250349,0.0005045000722347925
136,2,0,0.6695928127446673,-8.130850813281576e-05
136,2,1,0.6695284493118598,-0.00014567194094028402
136,2,2,0.6695141042358788,-0.0001600170169213655
136,2,3,0.6696390811282722,-3.5040124527929706e-05
136,2,4,0.6702293351952023,0.0005552139424022107
136,2,5,0.6693152599897038,-0.0003588612630963661
136,2,6,0.6694970431690374,-0.00017707808376277168
136,2,7,0.6698843006544457,0.00021017940164558269
136,2,8,0.6696116507949127,-6.247045788743133e-05
136,2,9,0.6696831364528029,9.0152000027377e-06
136,2,10,0.6695861604099549,-8.796084284523609e-05
136,2,11,0.6696560960350163,-1.80252177838236e-05
136,2,12,0.6700206815353605,0.00034656028256041527
136,2,13,0.6697997703305072,0.00012564907770706846
136,2,14,0.669580209808708,-9.39114440920985e-05
136,2,15,0.6696588735512754,-1.5247701524723212e-05
136,2,16,0.6695669774559406,-0.00010714379685949904
136,2,17,0.6697569392635305,8.281801073040107e-05
136,2,18,0.6695266127716404,-0.00014750848115974158
136,2,19,0.6697487394376067,7.461818480658522e-05
136,2,20,0.6694991357811649,-0.00017498547163519174
136,2,21,0.6695205414580807,-0.00015357979471941618
136,2,22,0.6695921114205527,-8.200983224737612e-05
136,2,23,0.6697626280809048,8.850682810468413e-05
136,2,24,0.6697149462147163,4.08249619161527e-05
136,2,25,0.6694892462821859,-0.00018487497061425717
136,2,26,0.6696533642076743,-2.0757045125829876e-05
136,2,27,0.6699744101839235,0.000300288931123327
136,2,28,0.6697728038914786,9.868263867851557e-05
136,2,29,0.6696313703846446,-4.2750868155527755e-05
136,2,30,0.669636304677209,-3.7816575591098633e-05
136,2,31,0.6694015562958764,-0.0002725649569237376
136,2,32,0.6697044741248284,3.0352872028238664e-05
136,2,33,0.6696129902595598,-6.113099324034366e-05
136,2,34,0.6704252940787478,0.0007511728259477213
136,2,35,0.6695755501699829,-9.857108281718929e-05
136,2,36,0.6696407046108985,-3.341664190159577e-05
136,2,37,0.6699970942488563,0.00032297299605621443
136,2,38,0.6696095316160359,-6.458963676425622e-05
136,2,39,0.6699815388575645,0.00030741760476438174
136,2,40,0.6696053049313377,-6.881632146238381e-05
136,2,41,0.6696352957714646,-3.8825481335491574e-05
136,2,42,0.6695445177833721,-0.00012960346942803014
136,2,43,0.6696735639782572,-5.572745429560655e-07
136,2,44,0.6696443565661844,-2.9764686615751934e-05
136,2,45,0.6699238853356757,0.00024976408287558094
136,2,46,0.6696567997206884,-1.732153211175813e-05
136,2,47,0.6700305024303448,0.00035638117754466236
136,2,48,0.6695930423338834,-8.107891891673269e-05
136,2,49,0.6695597300669018,-0.00011439118589828823
136,2,50,0.6696011098027421,-7.301145005800258e-05
136,2,51,0.6696375356177853,-3.65856350148519e-05
136,2,52,0.6695508117560305,-0.00012330949676964131
136,2,53,0.6699090186011155,0.00023489734831538822
136,2,54,0.6696089730284014,-6.514822439873669e-05
136,2,55,0.6654084230039201,-0.004265698248880012
136,2,56,0.6695672035602827,-0.00010691769251747196
136,2,57,0.6697098010603836,3.5679807583455236e-05
136,2,58,0.6696416811590296,-3.2440093770569334e-05
136,2,59,0.6698866513054416,0.00021253005264143532
136,2,60,0.6696422910629624,-3.183018983776709e-05
136,2,61,0.6698751252587613,0.0002010040059611251
136,2,62,0.6698418307706181,0.00016770951781797105
136,2,63,0.6697556245736437,8.150332084355671e-05
136,2,64,0.6696131455115275,-6.097574127261751e-05
136,2,65,0.6699479706289291,0.000273849376128954
136,2,66,0.6695383498453351,-0.00013577140746501293
136,2,67,0.6698685453526327,0.000194424099832613
136,2,68,0.6701795207879919,0.0005053995351917973
136,2,69,0.6698225426813185,0.00014842142851834161
136,2,70,0.6699871447300301,0.0003130234772299456
136,2,71,0.669564775264758,-0.00010934598804213103
136,2,72,0.6695631986437867,-0.00011092260901346407
136,2,73,0.6695537456529849,-0.00012037559981525892
136,2,74,0.6693280541473932,-0.0003460671054069664
136,2,75,0.6697279647117195,5.384345891934483e-05
136,2,76,0.6695418144466309,-0.00013230680616926893
136,2,77,0.6697446066505732,7.048539777310125e-05
136,2,78,0.669614431243637,-5.9690009163171354e-05
136,2,79,0.6697263794124109,5.225815961074076e-05
136,2,80,0.6698783823687855,0.00020426111598537133
136,2,81,0.6698090745524745,0.00013495329967438963
136,2,82,0.6702068887187755,0.0005327674659754145
136,2,83,0.6695668416343354,-0.00010727961846468403
136,2,84,0.66980655311294,0.00013243186013989217
136,2,85,0.6702966613882821,0.0006225401354820193
136,2,86,0.6695768751060056,-9.724614679451626e-05
136,2,87,0.6697908805577443,0.00011675930494414732
136,2,88,0.6696003624190168,-7.375883378335502e-05
136,2,89,0.6695590017462443,-0.00011511950655584968
136,2,90,0.6695339652575935,-0.00014015599520667
136,2,91,0.6695990303929342,-7.509085986590058e-05
136,2,92,0.6695426873413763,-0.0001314339114237839
136,2,93,0.6701149333182972,0.00044081206549706486
136,2,94,0.669550814613657,-0.00012330663914317253
136,2,95,0.6698162236197117,0.0001421023669115895
136,2,96,0.6700603505073146,0.00038622925451448076
136,2,97,0.6695514145891064,-0.00012270666369373906
136,2,98,0.6696812123943658,7.0911415657182175e-06
136,2,99,0.6696435432093854,-3.05780434147751e-05
136,2,100,0.6695893970331996,-8.472421960048493e-05
136,2,101,0.6701484277363706,0.0004743064835704969
136,2,102,0.6695799590257265,-9.41622270735909e-05
136,2,103,0.6695517114629794,-0.00012240978982069883
136,2,104,0.6696860424840247,1.1921231224620854e-05
136,2,105,0.6696578036228606,-1.6317629939477385e-05
136,2,106,0.6696035337289967,-7.058752380340039e-05
136,2,107,0.6693439425754926,-0.0003301786773075577
136,2,108,0.6696738169987857,-3.0425401442712996e-07
136,2,109,0.6697225729316443,4.845167884415247e-05
136,2,110,0.6696319518119829,-4.216944081725238e-05
136,2,111,0.6695620337973041,-0.00011208745549606824
136,2,112,0.6698982254402717,0.00022410418747154104
136,2,113,0.6695551456646573,-0.00011897558814277787
136,2,114,0.6698320788656833,0.000157957612883175
136,2,115,0.6695744440864775,-9.967716632264256e-05
136,2,116,0.6696972307854073,2.310953260720172e-05
136,2,117,0.6699095676544993,0.00023544640169914643
136,2,118,0.6696556956813678,-1.8425571432278964e-05
136,2,119,0.6697446099925912,7.048873979109693e-05
136,2,120,0.6695380836138892,-0.00013603763891090193
136,2,121,0.6701857520265968,0.0005116307737966785
136,2,122,0.669556400445042,-0.00011772080775807048
136,2,123,0.6698535535497954,0.0001794322969952411
136,2,124,0.6695643231717383,-0.00010979808106181821
136,2,125,0.6699122305596923,0.0002381093068921647
136,2,126,0.6696000363471349,-7.408490566518378e-05
136,2,127,0.6698452839795065,0.00017116272670636423
136,3,0,0.6698087519168234,0.00013463066402330526
136,3,1,0.6696642079467557,-9.913306044384562e-06
136,3,2,0.6699246182516511,0.00025049699885093535
136,3,3,0.6696646972669955,-9.423985804613011e-06
136,3,4,0.669594470012824,-7.965123997610846e-05
136,3,5,0.6696665031363067,-7.618116493413041e-06
136,3,6,0.6695610743751267,-0.00011304687767343946
136,3,7,0.6695216225472991,-0.00015249870550104738
136,3,8,0.6697450181123139,7.089685951378044e-05
136,3,9,0.6695919230116592,-8.219824114097385e-05
136,3,10,0.6696276965054685,-4.642474733163038e-05
136,3,11,0.6696028658904064,-7.125536239371844e-05
136,3,12,0.6701570793460025,0.00048295809320242356
136,3,13,0.6696951449303361,2.1023677535980667e-05
136,3,14,0.6702607762497645,0.0005866549969644197
136,3,15,0.669762560743421,8.843949062087297e-05
136,3,16,0.6697738714450123,9.975019221220016e-05
136,3,17,0.6697781642717038,0.00010404301890365453
136,3,18,0.6696295474861769,-4.457376662325707e-05
136,3,19,0.6697560617515314,8.194049873122555e-05
136,3,20,0.6695976297091074,-7.649154369271383e-05
136,3,21,0.66965646673222,-1.765452058011263e-05
136,3,22,0.6694988100536252,-0.00017531119917491012
136,3,23,0.669833199935054,0.0001590786822538437
136,3,24,0.6696965175007346,2.2396247934430846e-05
136,3,25,0.669627564591605,-4.655666119512958e-05
136,3,26,0.6697858801350285,0.00011175888222836328
136,3,27,0.6693764100648482,-0.0002977111879519656
136,3,28,0.669518684714796,-0.00015543653800409452
136,3,29,0.6696996762806366,2.5555027836521305e-05
136,3,30,0.6697367244808234,6.260322802331686e-05
136,3,31,0.6697597223793026,8.560112650246587e-05
136,3,32,0.6695076185995578,-0.0001665026532423619
136,3,33,0.6695777884831102,-9.633276968989968e-05
136,3,34,0.6699610833557792,0.00028696210297907143
136,3,35,0.6697346086157534,6.04873629532765e-05
136,3,36,0.6696782376890915,4.116436291390357e-06
136,3,37,0.669611750092196,-6.23711606041466e-05
136,3,38,0.6695221345204532,-0.0001519867323469537
136,3,39,0.6693162459899524,-0.00035787526284769555
136,3,40,0.6696421111213047,-3.20101314954524e-05
136,3,41,0.6696187786435004,-5.534260929973556e-05
136,3,42,0.6695962326000223,-7.788865277780221e-05
136,3,43,0.6697389722805257,6.48510277255765e-05
136,3,44,0.6697790462692081,0.00010492501640801954
136,3,45,0.6695239100989595,-0.00015021115384061812
136,3,46,0.6695815405560313,-9.25806967688736e-05
136,3,47,0.6693936357035232,-0.00028048554927695424
136,3,48,0.6694200053962667,-0.0002541158565334545
136,3,49,0.6697542372794265,8.011602662638673e-05
136,3,50,0.6698568649835076,0.00018274373070747973
136,3,51,0.6700128310654181,0.0003387098126179655
136,3,52,0.6695497085832413,-0.00012441266955887098
136,3,53,0.6697079494011173,3.3828148317205375e-05
136,3,54,0.6698618029538671,0.00018768170106697735
136,3,55,0.6695188136910224,-0.00015530756177772886
136,3,56,0.6694876514621677,-0.0001864697906324153
136,3,57,0.6697268116329842,5.2690380184072794e-05
136,3,58,0.6694592563841217,-0.00021486486867838828
136,3,59,0.6697223273016235,4.820604882338486e-05
136,3,60,0.6695477151980986,-0.0001264060547014889
136,3,61,0.6696340734203208,-4.004783247935073e-05
136,3,62,0.6696570275069228,-1.7093745877327926e-05
136,3,63,0.6695934367557166,-8.068449708353853e-05
136,3,64,0.669605121288424,-6.899996437614853e-05
136,3,65,0.6695890570043682,-8.506424843190974e-05
136,3,66,0.6697239566839461,4.983543114600586e-05
136,3,67,0.6697027838246687,2.8662571868620645e-05
136,3,68,0.6698949230520761,0.00022080179927597143
136,3,69,0.6695787534487077,-9.536780409247214e-05
136,3,70,0.669044227009057,-0.0006298942437431565
136,3,71,0.6695342505537296,-0.00013987069907051008
136,3,72,0.6696456029841924,-2.851826860772455e-05
136,3,73,0.6699134532166606,0.0002393319638605007
136,3,74,0.6694758220468211,-0.0001982992059790245
136,3,75,0.6697609033049541,8.678205215395529e-05
136,3,76,0.6697921049673722,0.00011798371457205636
136,3,77,0.6698340044030626,0.00015988315026249644
136,3,78,0.6695960279150243,-7.809333777586414e-05
136,3,79,0.6695496551722349,-0.00012446608056526642
136,3,80,0.66969665178852,2.2530535719877953e-05
136,3,81,0.6696392249522737,-3.489630052644355e-05
136,3,82,0.6697372583196146,6.313706681448927e-05
136,3,83,0.6698264919433814,0.00015237069058127162
136,3,84,0.6699147618988939,0.00024064064609374824
136,3,85,0.6697458147886676,7.169353586744531e-05
136,3,86,0.6696590408340843,-1.5080418715784916e-05
136,3,87,0.6696582344284399,-1.5886824360267227e-05
136,3,88,0.6690101784125995,-0.0006639428402006597
136,3,89,0.6697628277195485,8.870646674841165e-05
136,3,90,0.6697533443465011,7.922309370100855e-05
136,3,91,0.6695567141378493,-0.00011740711495078493
136,3,92,0.669620593910347,-5.3527342453119076e-05
136,3,93,0.6695686152161112,-0.00010550603668890712
136,3,94,0.6694033356581082,-0.00027078559469195795
136,3,95,0.6696004127219489,-7.370853085120199e-05
136,3,96,0.6696661764161012,-7.944836698969837e-06
136,3,97,0.6699450228114436,0.0002709015586435104
136,3,98,0.6694965646656557,-0.00017755658714446731
136,3,99,0.6699408387878818,0.00026671753508167306
136,3,100,0.6694933606828122,-0.00018076056998794776
136,3,101,0.6695858719617077,-8.824929109241264e-05
136,3,102,0.6697291592856172,5.503803281703412e-05
136,3,103,0.6696843783780635,1.025712526336875e-05
136,3,104,0.6697472477457969,7.312649299673346e-05
136,3,105,0.6696594359236956,-1.4685329104535683e-05
136,3,106,0.6701866410517859,0.000512519798985811
136,3,107,0.6697041636263131,3.0042373513006204e-05
136,3,108,0.6698657711865232,0.00019164993372311478
136,3,109,0.6698607059553817,0.00018658470258159365
136,3,110,0.669780896971131,0.00010677571833084265
136,3,111,0.6695927779002065,-8.134335259357695e-05
136,3,112,0.6696110508724202,-6.307038037989265e-05
136,3,113,0.6695696906741604,-0.00010443057863973593
136,3,114,0.6696145262760317,-5.9594976768440056e-05
136,3,115,0.669693240317187,1.911906438689659e-05
136,3,116,0.669627693903902,-4.6427348898148146e-05
136,3,117,0.6697242445004692,5.012324766906495e-05
136,3,118,0.6695527143261698,-0.0001214069266303186
136,3,119,0.669800282035302,0.00012616078250182738
136,3,120,0.6697004614320846,2.634017928448973e-05
136,3,121,0.6698194864648886,0.00014536521208852182
136,3,122,0.669788568294779,0.00011444704197882682
136,3,123,0.6698348407781807,0.00016071952538054823
136,3,124,0.6696462041690686,-2.791708373151014e-05
136,3,125,0.669579312149806,-9.480910299408674e-05
136,3,126,0.6697337162824787,5.9595029678560785e-05
136,3,127,0.669794141020539,0.00012001976773889922
136,4,0,0.6699502456266289,0.00027612437382873445
136,4,1,0.6695998261302052,-7.42951225949362e-05
136,4,2,0.6697112413826276,3.7120129827483694e-05
136,4,3,0.6697249162067113,5.079495391113742e-05
136,4,4,0.6696015906680772,-7.253058472289631e-05
136,4,5,0.6698719002626723,0.00019777900987216768
136,4,6,0.6696656188277016,-8.502425098533273e-06
136,4,7,0.6695986967693106,-7.54244834895168e-05
136,4,8,0.6699231602688276,0.0002490390160274636
136,4,9,0.6697271199337853,5.2998680985183455e-05
136,4,10,0.6697037506740884,2.9629421288257518e-05
136,4,11,0.6693181961794973,-0.00035592507330284295
136,4,12,0.6697218887177826,4.776746498247331e-05
136,4,13,0.6698458754083985,0.00017175415559833596
136,4,14,0.6695181417420756,-0.00015597951072454652
136,4,15,0.6698326315578507,0.00015851030505054098
136,4,16,0.6697493895300537,7.526827725357066e-05
136,4,17,0.6696526498457371,-2.1471407062989556e-05
136,4,18,0.6696100906387913,-6.403061400883647e-05
136,4,19,0.6698078098409808,0.000133688588180636
136,4,20,0.6695598558479103,-0.00011426540488979064
136,4,21,0.669732283058858,5.816180605788812e-05
136,4,22,0.6695621899847553,-0.00011193126804487363
136,4,23,0.6696636031883719,-1.0518064428199914e-05
136,4,24,0.669631079761024,-4.304149177614125e-05
136,4,25,0.6698098966781103,0.0001357754253101806
136,4,26,0.66982553111237,0.00015140985956985098
136,4,27,0.6697073437548389,3.322250203874333e-05
136,4,28,0.6695853100123506,-8.881124044957112e-05
136,4,29,0.6697769939521769,0.00010287269937681032
136,4,30,0.6697763423222692,0.00010222106946911058
136,4,31,0.6696555927123415,-1.852854045858443e-05
136,4,32,0.6695844843565143,-8.963689628582738e-05
136,4,33,0.6696016203259822,-7.250092681787557e-05
136,4,34,0.6695756687998695,-9.845245293060856e-05
136,4,35,0.669575931891103,-9.818936169714299e-05
136,4,36,0.6695873062269029,-8.681502589724666e-05
136,4,37,0.6696281718068146,-4.594944598557138e-05
136,4,38,0.6696106096461831,-6.351160661699495e-05
136,4,39,0.6696090282639786,-6.509298882151349e-05
136,4,40,0.6696152970989077,-5.88241538924672e-05
136,4,41,0.6701175416888039,0.0004434204360037608
136,4,42,0.6696397169556401,-3.4404297160062214e-05
136,4,43,0.6696218117471823,-5.2309505617853524e-05
136,4,44,0.6695721607485332,-0.00010196050426691805
136,4,45,0.66994894920269,0.0002748279498898665
136,4,46,0.6695667919813194,-0.00010732927148071614
136,4,47,0.6695326393477716,-0.00014148190502849545
136,4,48,0.6697880401855593,0.00011391893275913834
136,4,49,0.6696062589024948,-6.78623503053144e-05
136,4,50,0.6696620459631368,-1.2075289663293631e-05
136,4,51,0.669572845471384,-0.00010127578141616578
136,4,52,0.6694437129216617,-0.00023040833113840975
136,4,53,0.669727200493317,5.307924051689561e-05
136,4,54,0.6695452538052631,-0.00012886744753703994
136,4,55,0.6696515399103316,-2.2581342468575016e-05
136,4,56,0.6691235365732332,-0.0005505846795669234
136,4,57,0.6695845550910453,-8.956616175481713e-05
136,4,58,0.669575769948597,-9.835130420310367e-05
136,4,59,0.6697381928181356,6.407156533549951e-05
136,4,60,0.6696004226674379,-7.369858536221408e-05
136,4,61,0.669655227172963,-1.889407983712843e-05
136,4,62,0.6698100756212912,0.0001359543684911202
136,4,63,0.6696315186065656,-4.260264623456855e-05
136,4,64,0.6698989092046747,0.00022478795187452771
136,4,65,0.6697537459220229,7.962466922273315e-05
136,4,66,0.6697930225353365,0.00011890128253633225
136,4,67,0.6698307132327856,0.00015659197998552088
136,4,68,0.6696688802848545,-5.240967945630004e-06
136,4,69,0.6696164433017355,-5.767795106459417e-05
136,4,70,0.6695653565554965,-0.00010876469730358718
136,4,71,0.6695958819564638,-7.823929633632432e-05
136,4,72,0.6696048064292129,-6.931482358718544e-05
136,4,73,0.6695904739391211,-8.364731367904721e-05
136,4,74,0.6699460420160548,0.00027192076325466275
136,4,75,0.6695777513479406,-9.63699048595057e-05
136,4,76,0.6696260908810927,-4.8030371707419306e-05
136,4,77,0.6699945010357808,0.00032037978298071756
136,4,78,0.6696243713841337,-4.974986866645992e-05
136,4,79,0.6695626184035008,-0.00011150284929928311
136,4,80,0.6697002129306847,2.609167788458766e-05
136,4,81,0.6697046515662005,3.053031340038981e-05
136,4,82,0.6695762138359478,-9.790741685233861e-05
136,4,83,0.6695863211226488,-8.780013015130539e-05
136,4,84,0.6695715057521074,-0.0001026155006926821
136,4,85,0.6698076394755336,0.00013351822273344194
136,4,86,0.6696674185756246,-6.702677175507432e-06
136,4,87,0.6695900117957321,-8.410945706804895e-05
136,4,88,0.6696083237134753,-6.57975393247856e-05
136,4,89,0.6696334708721037,-4.065038069644977e-05
136,4,90,0.6695456040987041,-0.0001285171540960084
136,4,91,0.6696372880213484,-3.683323145176054e-05
136,4,92,0.6695498139350313,-0.00012430731776880144
136,4,93,0.6697272732491205,5.3151996320388584e-05
136,4,94,0.6695534226387574,-0.00012069861404273574
136,4,95,0.6695522319374241,-0.00012188931537604475
136,4,96,0.6696734182756605,-7.029771396105389e-07
136,4,97,0.6702659321360748,0.000591810883274646
136,4,98,0.6695568762018514,-0.00011724505094867776
136,4,99,0.6695891195836909,-8.500166910918594e-05
136,4,100,0.6696669634335906,-7.1578192095689275e-06
136,4,101,0.6695854886773565,-8.863257544367009e-05
136,4,102,0.6696981454461738,2.4024193373661795e-05
136,4,103,0.6695974206418971,-7.670061090303548e-05
136,4,104,0.6697065667720516,3.2445519251522725e-05
136,4,105,0.6695485936539927,-0.00012552759880746223
136,4,106,0.6695525779024081,-0.00012154335039205044
136,4,107,0.6697222839741221,4.8162721322020374e-05
136,4,108,0.6696925420230792,1.8420770279026222e-05
136,4,109,0.6697648022825011,9.068102970100078e-05
136,4,110,0.6697308255146339,5.67042618337954e-05
136,4,111,0.669612369316712,-6.175193608815022e-05
136,4,112,0.669252964057981,-0.00042115719481916614
136,4,113,0.6699771421051423,0.0003030208523421285
136,4,114,0.6694301541639878,-0.00024396708881235796
136,4,115,0.6697002466774379,2.6125424637757355e-05
136,4,116,0.6697631766208527,8.905536805259295e-05
136,4,117,0.6700664341360798,0.0003923128832796774
136,4,118,0.6698537550250458,0.0001796337722457242
136,4,119,0.6698056405883235,0.0001315193355233557
136,4,120,0.669530779766103,-0.00014334148669714608
136,4,121,0.6695298075149461,-0.00014431373785406265
136,4,122,0.669593094065823,-8.102718697711175e-05
136,4,123,0.6695507905389899,-0.0001233307138102102
136,4,124,0.670365130804516,0.0006910095517158599
136,4,125,0.6695058150397808,-0.00016830621301933135
136,4,126,0.6696895745926256,1.5453339825444168e-05
136,4,127,0.6699278836663067,0.00025376241350660855
136,5,0,0.6695940668001554,-8.005445264469557e-05
136,5,1,0.6699241956448014,0.0002500743920013093
136,5,2,0.6697652038009495,9.108254814937933e-05
136,5,3,0.6697133205251018,3.919927230167097e-05
136,5,4,0.6697518136535668,7.769240076671569e-05
136,5,5,0.6698864474937604,0.00021232624096023667
136,5,6,0.6697154121219713,4.12908691711511e-05
136,5,7,0.669872973898589,0.00019885264578889394
136,5,8,0.669734396807256,6.027555445586863e-05
136,5,9,0.6698272610373961,0.0001531397845959681
136,5,10,0.6699036938495153,0.00022957259671518848
136,5,11,0.6696391295908598,-3.499166194032011e-05
136,5,12,0.669623534411329,-5.0586841471078614e-05
136,5,13,0.6697234676201449,4.934636734477138e-05
136,5,14,0.6696270051695442,-4.7116083255915875e-05
136,5,15,0.6698402903083318,0.00016616905553168415
136,5,16,0.669716792827717,4.2671574916886e-05
136,5,17,0.6695638262720036,-0.00011029498079651034
136,5,18,0.669642247160331,-3.1874092469075244e-05
136,5,19,0.6694989226440404,-0.00017519860875969684
136,5,20,0.6697431864431089,6.906519030880354e-05
136,5,21,0.6697923738271574,0.00011825257435726932
136,5,22,0.6697233626974469,4.924144464679703e-05
136,5,23,0.6699672399714269,0.00029311871862680583
136,5,24,0.6696536392976282,-2.0481955171902655e-05
136,5,25,0.6695429831603987,-0.00013113809240139496
136,5,26,0.6697790152475778,0.00010489399477764394
136,5,27,0.6697820025363492,0.00010788128354910498
136,5,28,0.6697648210635447,9.069981074460998e-05
136,5,29,0.6696516591674825,-2.246208531764271e-05
136,5,30,0.6699417793982596,0.00026765814545948174
136,5,31,0.6696076773851726,-6.64438676275525e-05
136,5,32,0.6696369432154057,-3.717803739444747e-05
136,5,33,0.6699105152864921,0.00023639403369202228
136,5,34,0.6698319007653408,0.0001577795125407011
136,5,35,0.6695775779095281,-9.65433432720264e-05
136,5,36,0.6697158054817461,4.168422894601509e-05
136,5,37,0.6695803822568007,-9.373899599940394e-05
136,5,38,0.6696483796279218,-2.574162487833931e-05
136,5,39,0.669857888874037,0.0001837676212368411
136,5,40,0.6697423539715379,6.823271873779291e-05
136,5,41,0.6699733094423285,0.00029918818952834325
136,5,42,0.6696246956401721,-4.942561262799572e-05
136,5,43,0.669604977479987,-6.914377281308504e-05
136,5,44,0.6695649332219564,-0.00010918803084369877
136,5,45,0.6696547867464667,-1.9334506333401613e-05
136,5,46,0.6698803677900004,0.00020624653720024977
136,5,47,0.6694505479228138,-0.0002235733299863485
136,5,48,0.6696101091634876,-6.401208931250402e-05
136,5,49,0.6696991912062096,2.5069953409451173e-05
136,5,50,0.6696606193901705,-1.3501862629605732e-05
136,5,51,0.6695156232222635,-0.00015849803053658018
136,5,52,0.6697443278748103,7.020662201018268e-05
136,5,53,0.6698099484770594,0.0001358272242593106
136,5,54,0.6696243826895991,-4.9738563201007224e-05
136,5,55,0.6696029815401863,-7.113971261385466e-05
136,5,56,0.6696638822694239,-1.0238983376265054e-05
136,5,57,0.6697637020240959,8.95807712957275e-05
136,5,58,0.6695977045011476,-7.641675165248607e-05
136,5,59,0.6695925436436048,-8.157760919536017e-05
136,5,60,0.6696160457704152,-5.807548238490057e-05
136,5,61,0.669553956038351,-0.00012016521444913053
136,5,62,0.6697822486163194,0.00010812736351928365
136,5,63,0.6695647294525893,-0.00010939180021085626
136,5,64,0.6697841820315158,0.00011006077871567044
136,5,65,0.6698481093052229,0.00017398805242274662
136,5,66,0.6695757896458616,-9.833160693850651e-05
136,5,67,0.6698966111735594,0.000222489920759239
136,5,68,0.6696659405451235,-8.180707676608279e-06
136,5,69,0.6695995799323655,-7.454132043460682e-05
136,5,70,0.669593460230537,-8.066102226311767e-05
136,5,71,0.6696397316072256,-3.438964557456181e-05
136,5,72,0.669730771972632,5.6650719831852214e-05
136,5,73,0.6687656637740198,-0.0009084574787803223
136,5,74,0.6699097259516713,0.00023560469887118352
136,5,75,0.6695971753644967,-7.694588830342575e-05
136,5,76,0.6695206099542734,-0.00015351129852669843
136,5,77,0.6697194889348421,4.5367682041996815e-05
136,5,78,0.6696171937883233,-5.692746447683028e-05
136,5,79,0.6695508565848902,-0.00012326466790990587
136,5,80,0.6699342542890284,0.00026013303622829387
136,5,81,0.6693075081981021,-0.000366613054697984
136,5,82,0.6696532249314837,-2.0896321316410393e-05
136,5,83,0.6696426118428034,-3.15094099967439e-05
136,5,84,0.6695193886177124,-0.00015473263508769541
136,5,85,0.6697222671325349,4.814587973478446e-05
136,5,86,0.6696612527320918,-1.2868520708364528e-05
136,5,87,0.6695298653030037,-0.00014425594979639023
136,5,88,0.6695576580632802,-0.00011646318951996637
136,5,89,0.6696183322737458,-5.578897905433866e-05
136,5,90,0.6693645443181815,-0.00030957693461863833
136,5,91,0.669724920348585,5.0799095784870296e-05
136,5,92,0.6697015425803616,2.7421327561505393e-05
136,5,93,0.6696589262823256,-1.5194970474530223e-05
136,5,94,0.6695988927252611,-7.522852753905074e-05
136,5,95,0.6697613158487455,8.719459594541679e-05
136,5,96,0.6695548122317061,-0.0001193090210940273
136,5,97,0.6685252452442823,-0.001148876008517874
136,5,98,0.6698706078685318,0.00019648661573168358
136,5,99,0.6698734085640993,0.00019928731129914556
136,5,100,0.6697386477472431,6.452649444299574e-05
136,5,101,0.6698443726220975,0.0001702513692973806
136,5,102,0.6698886571251197,0.0002145358723195656
136,5,103,0.6689950616736589,-0.0006790595791412724
136,5,104,0.6696103586842743,-6.376256852580475e-05
136,5,105,0.6696725147471472,-1.6065056529512844e-06
136,5,106,0.6695796763353635,-9.4444917436598e-05
136,5,107,0.6696288809510245,-4.524030177566196e-05
136,5,108,0.6697185849940257,4.4463741225575504e-05
136,5,109,0.669824319159269,0.000150197906468863
136,5,110,0.6695301408221374,-0.00014398043066277122
136,5,111,0.6699069138833511,0.00023279263055098198
136,5,112,0.6696970884393961,2.2967186596001277e-05
136,5,113,0.6697901191243922,0.00011599787159211061
136,5,114,0.6697418735759687,6.775232316857949e-05
136,5,115,0.6701403274501301,0.0004662061973299547
136,5,116,0.6693198272083862,-0.0003542940444138942
136,5,117,0.6695983780911565,-7.57431616436044e-05
136,5,118,0.6699504338156342,0.00027631256283411343
136,5,119,0.669628352166287,-4.5769086513103296e-05
136,5,120,0.6698149267441348,0.00014080549133466125
136,5,121,0.6699114190375637,0.00023729778476355712
136,5,122,0.6695827238479518,-9.13974048483146e-05
136,5,123,0.6695253010002273,-0.00014882025257278997
136,5,124,0.6697133992902077,3.927803740755298e-05
136,5,125,0.6695670697149745,-0.00010705153782564203
136,5,126,0.6695532297123709,-0.00012089154042926875
136,5,127,0.6698464727337359,0.0001723514809357507
136,6,0,0.669889217817056,0.00021509656425588997
136,6,1,0.6699245390781262,0.00025041782532608803
136,6,2,0.6697778887675062,0.00010376751470608792
136,6,3,0.6699476439711682,0.00027352271836811326
136,6,4,0.6698829273979281,0.00020880614512797102
136,6,5,0.6699456052772784,0.0002714840244782968
136,6,6,0.6697556552634258,8.153401062571675e-05
136,6,7,0.6697999937100794,0.00012587245727924135
136,6,8,0.6697010666446868,2.6945391886634695e-05
136,6,9,0.6697278323449013,5.3711092101171864e-05
136,6,10,0.6697746570245715,0.00010053577177138173
136,6,11,0.6697511860415752,7.706478877511636e-05
136,6,12,0.669710422211491,3.630095869089356e-05
136,6,13,0.6695696622361289,-0.00010445901667122115
136,6,14,0.6697011022880128,2.698103521270312e-05
136,6,15,0.6697346097285682,6.048847576811678e-05
136,6,16,0.6698009019627055,0.00012678070990534973
136,6,17,0.6696739105232017,-2.107295984377089e-07
136,6,18,0.6696912324059789,1.7111153178817062e-05
136,6,19,0.669760960671135,8.683941833487197e-05
136,6,20,0.6698842710655356,0.00021014981273548283
136,6,21,0.6697154549742319,4.1333721431779935e-05
136,6,22,0.6696593270198719,-1.4794232928272422e-05
136,6,23,0.6696339818726134,-4.013938018676555e-05
136,6,24,0.6697237505147398,4.962926193963213e-05
136,6,25,0.6699700082232323,0.0002958869704321465
136,6,26,0.6697275460999941,5.342484719395024e-05
136,6,27,0.6697035419874182,2.9420734618090805e-05
136,6,28,0.6519038828054112,-0.017770238447388897
136,6,29,0.6699472631080147,0.0002731418552145426
136,6,30,0.6697126739681356,3.8552715335482546e-05
136,6,31,0.67006248984299,0.00038836859018986924
136,6,32,0.6697912985391623,0.00011717728636218006
136,6,33,0.6688712058008464,-0.0008029154519537673
136,6,34,0.6700725857607882,0.0003984645079880833
136,6,35,0.6696844080070814,1.0286754281274568e-05
136,6,36,0.6697436945440043,6.957329120416134e-05
136,6,37,0.6698104049032989,0.00013628365049878077
136,6,38,0.6697880345233924,0.00011391327059229184
136,6,39,0.669967173065037,0.000293051812236822
136,6,40,0.6699117172620798,0.0002375960092796392
136,6,41,0.6698749839316613,0.00020086267886121334
136,6,42,0.6697496853993672,7.556414656706423e-05
136,6,43,0.6698423355596006,0.00016821430680047378
136,6,44,0.6699817563488493,0.0003076350960491414
136,6,45,0.6700051821487545,0.0003310608959543604
136,6,46,0.6696916535787654,1.753232596524157e-05
136,6,47,0.6697678038195407,9.368256674058273e-05
136,6,48,0.6696824057166084,8.284463808294618e-06
136,6,49,0.6698699808716959,0.0001958596188957884
136,6,50,0.669733869895196,5.974864239588484e-05
136,6,51,0.669807902563399,0.00013378131059882392
136,6,52,0.669892233902291,0.00021811264949089804
136,6,53,0.6699080258568819,0.0002339046040817916
136,6,54,0.6700016175939706,0.00032749634117046345
136,6,55,0.6697359267015506,6.180544875045157e-05
136,6,56,0.6699597542366064,0.0002856329838062388
136,6,57,0.6700223659494297,0.0003482446966295294
136,6,58,0.6697347346431707,6.061339037055635e-05
136,6,59,0.6697626506489301,8.852939613002153e-05
136,6,60,0.6697368846070102,6.27633542100714e-05
136,6,61,0.6693442639057658,-0.00032985734703427916
136,6,62,0.6696872014585402,1.3080205740090278e-05
136,6,63,0.6700748064657385,0.00040068521293834536
136,6,64,0.6699081091781034,0.0002339879253032695
136,6,65,0.6701728844357171,0.0004987631829169725
136,6,66,0.6698554598293168,0.0001813385765166986
136,6,67,0.6697721078394068,9.79865866066465e-05
136,6,68,0.6697589655914952,8.484433869504482e-05
136,6,69,0.670123701257429,0.00044958000462891334
136,6,70,0.6697040425199225,2.99212671224236e-05
136,6,71,0.6700078836585268,0.0003337624057266897
136,6,72,0.6697357893418537,6.166808905361254e-05
136,6,73,0.6698800979194122,0.00020597666661203995
136,6,74,0.6703988639466563,0.0007247426938561397
136,6,75,0.6699068304506912,0.00023270919789109001
136,6,76,0.6698624162918823,0.0001882950390821314
136,6,77,0.6695600023228294,-0.00011411892997070794
136,6,78,0.6698940613210426,0.00021994006824244128
136,6,79,0.6697212074185797,4.708616577953073e-05
136,6,80,0.6699968255706146,0.0003227043178144484
136,6,81,0.6699810124771095,0.0003068912243093802
136,6,82,0.6697266179418526,5.2496689052494716e-05
136,6,83,0.6698302237934084,0.00015610254060827167
136,6,84,0.6691873435495773,-0.0004867777032228071
136,6,85,0.6698529963394094,0.00017887508660929807
136,6,86,0.6694377671834079,-0.0002363540693922639
136,6,87,0.6697371897768942,6.306852409410091e-05
136,6,88,0.6699118791399916,0.00023775788719149205
136,6,89,0.6696920218934693,1.7900640669199497e-05
136,6,90,0.6697305040856727,5.638283287257018e-05
136,6,91,0.6700842245054157,0.0004101032526155901
136,6,92,0.669717489627862,4.3368375061914044e-05
136,6,93,0.6697784318560688,0.0001043106032686536
136,6,94,0.6697885568053412,0.00011443555254109228
136,6,95,0.6704342638263132,0.0007601425735130896
136,6,96,0.6697193317317489,4.521047894878727e-05
136,6,97,0.6699955322456546,0.00032141099285443175
136,6,98,0.6697515303294888,7.740907668862818e-05
136,6,99,0.6696904109118469,1.628965904676427e-05
136,6,100,0.6700311733233675,0.0003570520705673541
136,6,101,0.6698929286414262,0.00021880738862611882
136,6,102,0.6699373629576381,0.0002632417048379354
136,6,103,0.6696987030312451,2.4581778444998648e-05
136,6,104,0.6698406059415966,0.00016648468879643108
136,6,105,0.6699450869755357,0.00027096572273555
136,6,106,0.6696928794438306,1.8758191030476823e-05
136,6,107,0.6696910601804118,1.6938927611676036e-05
136,6,108,0.66966372236579,-1.0398887010154567e-05
136,6,109,0.669837358162715,0.0001632369099148212
136,6,110,0.6697420970643833,6.797581158313193e-05
136,6,111,0.6698116152936074,0.00013749404080731775
136,6,112,0.6697944990601198,0.00012037780731966041
136,6,113,0.6697771385970983,0.0001030173442981841
136,6,114,0.6696981008409351,2.3979588134936947e-05
136,6,115,0.6697084384970855,3.4317244285375637e-05
136,6,116,0.6702578582303671,0.0005837369775669732
136,6,117,0.669740548071768,6.64268189678463e-05
136,6,118,0.6697171899469381,4.306869413794878e-05
136,6,119,0.6698462052701739,0.00017208401737378587
136,6,120,0.6697339769431336,5.9855690333510125e-05
136,6,121,0.6698107249994021,0.00013660374660195984
136,6,122,0.6700223656441856,0.00034824439138547714
136,6,123,0.6696821170078189,7.995755018752604e-06
136,6,124,0.6697370539858296,6.293273302948599e-05
136,6,125,0.6697933563696062,0.00011923511680611565
136,6,126,0.6699950036945974,0.00032088244179728775
136,6,127,0.6698953895101266,0.00022126825732649014
136,7,0,0.6701399933712924,0.00046587211849224985
136,7,1,0.6698389669208376,0.00016484566803742773
136,7,2,0.6698958364651872,0.0002217152123871191
136,7,3,0.6702675728422912,0.0005934515894910897
136,7,4,0.6699596438567996,0.0002855226039994996
136,7,5,0.6699329415473487,0.00025882029454860067
136,7,6,0.6699384078142239,0.0002642865614237433
136,7,7,0.66987857315153,0.0002044518987298627
136,7,8,0.6701677121756673,0.0004935909228671598
136,7,9,0.6699506149232367,0.0002764936704365839
136,7,10,0.6700693863762652,0.000395265123465105
136,7,11,0.6706374768807223,0.0009633556279221578
136,7,12,0.669987356934511,0.0003132356817108217
136,7,13,0.6699850204561297,0.0003108992033296065
136,7,14,0.6700028306002972,0.00032870934749706926
136,7,15,0.6698969209071484,0.000222799654348238
136,7,16,0.6691479604912508,-0.0005261607615493213
136,7,17,0.6699088296944989,0.00023470844169881655
136,7,18,0.6700070151249814,0.0003328938721812724
136,7,19,0.67026102182613,0.0005869005733298849
136,7,20,0.6698439848418798,0.00016986358907966626
136,7,21,0.6699947697045586,0.00032064845175849843
136,7,22,0.6697998132889946,0.00012569203619450242
136,7,23,0.6699254239195411,0.00025130266674100454
136,7,24,0.670000089342851,0.000325968090050921
136,7,25,0.6698990754009269,0.00022495414812673253
136,7,26,0.6700125095924825,0.0003383883396823606
136,7,27,0.6702146862234246,0.0005405649706244908
136,7,28,0.670394814998087,0.0007206937452868267
136,7,29,0.6699429487778624,0.00026882752506229846
136,7,30,0.669988348605306,0.0003142273525058581
136,7,31,0.6700485389240527,0.0003744176712525693
136,7,32,0.6695804011535051,-9.372009929498049e-05
136,7,33,0.6698454848144958,0.0001713635616956699
136,7,34,0.6701988292499677,0.0005247079971675284
136,7,35,0.6703076999825488,0.0006335787297486739
136,7,36,0.6698870096213059,0.0002128883685057481
136,7,37,0.6699068696337853,0.00023274838098519268
136,7,38,0.670209189262241,0.0005350680094409199
136,7,39,0.6698467645081371,0.00017264325533694613
136,7,40,0.6352264083040149,-0.034447712948785236
136,7,41,0.6698854579179548,0.0002113366651547155
136,7,42,0.6699690546742493,0.0002949334214491506
136,7,43,0.6698658706559266,0.00019174940312649547
136,7,44,0.6698422254331551,0.00016810418035495545
136,7,45,0.6699931943522985,0.00031907309949841256
136,7,46,0.6705272128283224,0.000853091575522269
136,7,47,0.6699031358887885,0.00022901463598834493
136,7,48,0.6699447323320473,0.0002706110792471961
136,7,49,0.6699027411394778,0.0002286198866776612
136,7,50,0.6701523054507466,0.00047818419794642963
136,7,51,0.6698370638094271,0.000162942556626966
136,7,52,0.6699083731385345,0.00023425188573433786
136,7,53,0.6698527787273749,0.00017865747457479486
136,7,54,0.6698712641487302,0.00019714289593009138
136,7,55,0.6699132087939611,0.00023908754116097608
136,7,56,0.6700144832439532,0.00034036199115305976
136,7,57,0.6700108819327499,0.0003367606799498102
136,7,58,0.6699149234932649,0.00024080224046474363
136,7,59,0.6700624876584242,0.0003883664056241187
136,7,60,0.6698871932077878,0.00021307195498765363
136,7,61,0.6700677350216071,0.0003936137688069774
136,7,62,0.6699074694071441,0.00023334815434394862
136,7,63,0.6698241776351814,0.0001500563823813028
136,7,64,0.6697418260665913,6.770481379114734e-05
136,7,65,0.6699296833866645,0.000255562133864351
136,7,66,0.6699656785521754,0.00029155729937524466
136,7,67,0.6699850286860007,0.0003109074332006134
136,7,68,0.669677959834727,3.8385819268738075e-06
136,7,69,0.6698096145277613,0.000135493274961207
136,7,70,0.6703466458072205,0.0006725245544203506
136,7,71,0.6698806186351696,0.0002064973823694416
136,7,72,0.6698547423397772,0.0001806210869770286
136,7,73,0.6699530361799626,0.0002789149271624769
136,7,74,0.6700230802814375,0.0003489590286374078
136,7,75,0.6706765970087898,0.0010024757559896624
136,7,76,0.6699965220400526,0.0003224007872524304
136,7,77,0.6703365614161872,0.0006624401633871235
136,7,78,0.6700341527927167,0.0003600315399165943
136,7,79,0.6700514220941656,0.0003773008413654466
136,7,80,0.669872113702326,0.00019799244952589667
136,7,81,0.6699431367701245,0.0002690155173243891
136,7,82,0.6700153054482316,0.0003411841954314987
136,7,83,0.669979459573925,0.0003053383211248928
136,7,84,0.6700066108710415,0.0003324896182413939
136,7,85,0.6682413444280573,-0.001432776824742854
136,7,86,0.6700076849761141,0.00033356372331394546
136,7,87,0.669883184671151,0.0002090634183509188
136,7,88,0.6699683405790411,0.00029421932624096314
136,7,89,0.6705248522216279,0.0008507309688278175
136,7,90,0.6700874563731409,0.00041333512034080755
136,7,91,0.6698856905521742,0.00021156929937404811
136,7,92,0.669940264952291,0.0002661436994908506
136,7,93,0.6698813003839444,0.0002071791311443194
136,7,94,0.6698897608236518,0.00021563957085168894
136,7,95,0.6699024773175646,0.0002283560647644567
136,7,96,0.6687032290946151,-0.0009708921581850216
136,7,97,0.66980311812263,0.00012899686982992264
136,7,98,0.6701574364385542,0.00048331518575406296
136,7,99,0.6685451545687168,-0.0011289666840833545
136,7,100,0.6698819325601191,0.00020781130731895026
136,7,101,0.6699808613578943,0.00030674010509412764
136,7,102,0.6698119217733574,0.0001378005205572297
136,7,103,0.670125358386932,0.0004512371341318655
136,7,104,0.6700106603794409,0.000336539126640778
136,7,105,0.6699521313233263,0.0002780100705261912
136,7,106,0.6697603426310289,8.622137822877907e-05
136,7,107,0.6697805451496638,0.00010642389686366105
136,7,108,0.6701137201693189,0.0004395989165187908
136,7,109,0.6699040695607722,0.0002299483079720721
136,7,110,0.66985365533776,0.00017953408495985368
136,7,111,0.6701130052233288,0.000438883970528714
136,7,112,0.6698204286138354,0.00014630736103526942
136,7,113,0.6700782878020816,0.00040416654928143725
136,7,114,0.6698762450290612,0.00020212377626105393
136,7,115,0.670104246921688,0.00043012566888789294
136,7,116,0.6698770498693765,0.00020292861657633665
136,7,117,0.6700662192415989,0.00039209798879880076
136,7,118,0.6700060166744677,0.0003318954216675607
136,7,119,0.6699214091760699,0.0002472879232697789
136,7,120,0.6697995358210256,0.00012541456822545705
136,7,121,0.6695716795902251,-0.00010244166257500353
136,7,122,0.6699345763565658,0.000260455103765711
136,7,123,0.6698774865898438,0.00020336533704368165
136,7,124,0.6699502278195584,0.00027610656675824963
136,7,125,0.6698173216714566,0.00014320041865645283
136,7,126,0.6697482930298981,7.417177709800882e-05
136,7,127,0.6699063980543386,0.00023227680153847796
136,8,0,0.6700129849709402,0.00033886371814007
136,8,1,0.6699068427964703,0.00023272154367015574
136,8,2,0.6700630588340302,0.0003889375812300422
136,8,3,0.6701959657335346,0.0005218444807344458
136,8,4,0.6700948095190806,0.00042068826628050005
136,8,5,0.6700645602692321,0.0003904390164319871
136,8,6,0.6685357590451819,-0.0011383622076182043
136,8,7,0.6699526518382916,0.00027853058549143217
136,8,8,0.6699881279733473,0.0003140067205471553
136,8,9,0.6701246611054924,0.0004505398526922777
136,8,10,0.6699177395188651,0.00024361826606500436
136,8,11,0.6706257710042447,0.0009516497514445721
136,8,12,0.6700050427357104,0.00033092148291025136
136,8,13,0.6702368601736604,0.0005627389208602285
136,8,14,0.6699922030926119,0.00031808183981174576
136,8,15,0.6701796994783482,0.0005055782255480867
136,8,16,0.6699619313426652,0.0002878100898651148
136,8,17,0.6699836750949634,0.000309553842163246
136,8,18,0.6699640159861951,0.00028989473339502414
136,8,19,0.6700731228690193,0.0003990016162191967
136,8,20,0.6703976886808358,0.0007235674280356985
136,8,21,0.6700470229217385,0.0003729016689383302
136,8,22,0.6699216673977635,0.000247546144963362
136,8,23,0.6701530132621174,0.0004788920093172777
136,8,24,0.6699565180776497,0.0002823968248495401
136,8,25,0.6700040322624463,0.0003299110096461888
136,8,26,0.6698227679745605,0.00014864672176040372
136,8,27,0.6700975029943796,0.00042338174157952047
136,8,28,0.6701361622457331,0.0004620409929330105
136,8,29,0.6700929025846676,0.00041878133186745714
136,8,30,0.6700493717982634,0.0003752505454632793
136,8,31,0.669948110412007,0.0002739891592068444
136,8,32,0.6700524943724804,0.0003783731196802531
136,8,33,0.6700615102624722,0.0003873890096720567
136,8,34,0.6699987442511922,0.00032462299839208786
136,8,35,0.670055684774176,0.0003815635213758606
136,8,36,0.6698666337685162,0.00019251251571605899
136,8,37,0.6703760525448893,0.0007019312920891752
136,8,38,0.6700781247821808,0.00040400352938063655
136,8,39,0.6701347246394591,0.0004606033866589865
136,8,40,0.6667029469944568,-0.0029711742583433676
136,8,41,0.6701614068024514,0.0004872855496512729
136,8,42,0.6685816077775174,-0.0010925134752827192
136,8,43,0.670401297673574,0.0007271764207739118
136,8,44,0.6699403111652213,0.0002661899124212219
136,8,45,0.6699184299582706,0.0002443087054704307
136,8,46,0.6699439754184133,0.00026985416561320363
136,8,47,0.6700555691345872,0.000381447881787067
136,8,48,0.6700520737926594,0.0003779525398592831
136,8,49,0.6696752024407651,1.0811879649352818e-06
136,8,50,0.6700468009632761,0.0003726797104759427
136,8,51,0.6699380842126069,0.00026396295980679607
136,8,52,0.6700010236475712,0.000326902394771067
136,8,53,0.6710843786837974,0.0014102574309973193
136,8,54,0.6702310322628424,0.0005569110100422936
136,8,55,0.6700838799964555,0.0004097587436553418
136,8,56,0.669745533222488,7.141196968785124e-05
136,8,57,0.6700704836854474,0.0003963624326472903
136,8,58,0.6701017073395996,0.00042758608679949184
136,8,59,0.6700783949145397,0.0004042736617395626
136,8,60,0.6701845057248412,0.0005103844720411033
136,8,61,0.6701465494882769,0.00047242823547677393
136,8,62,0.6700482508565409,0.0003741296037407249
136,8,63,0.6701261857575868,0.0004520645047866312
136,8,64,0.670136771697753,0.00046265044495286123
136,8,65,0.6701926382129761,0.0005185169601760187
136,8,66,0.6702630927148824,0.000588971462082255
136,8,67,0.6701038650031712,0.00042974375037108103
136,8,68,0.6700154249160722,0.0003413036632721189
136,8,69,0.6698936170799809,0.0002194958271807268
136,8,70,0.6700897254867858,0.00041560423398567803
136,8,71,0.6699651169955174,0.00029099574271729267
136,8,72,0.6698845713870526,0.00021045013425247117
136,8,73,0.6701782080258154,0.0005040867730152776
136,8,74,0.625355097855621,-0.04431902339717908
136,8,75,0.669918802560783,0.0002446813079828303
136,8,76,0.6699593332502439,0.00028521199744380166
136,8,77,0.6688124289228633,-0.0008616923299368251
136,8,78,0.6700621829689235,0.0003880617161233779
136,8,79,0.6704211513363253,0.0007470300835251686
136,8,80,0.6702811049601171,0.0006069837073169326
136,8,81,0.6701416606147376,0.0004675393619374413
136,8,82,0.6701012471474804,0.0004271258946803025
136,8,83,0.6702031594804128,0.0005290382276126326
136,8,84,0.6700450234017215,0.000370902148921326
136,8,85,0.6702468990942454,0.0005727778414452711
136,8,86,0.6699446617238958,0.00027054047109564827
136,8,87,0.6701411365971854,0.0004670153443853131
136,8,88,0.6702019308741656,0.0005278096213654493
136,8,89,0.6699152826218964,0.0002411613690962433
136,8,90,0.6700290470820087,0.0003549258292085966
136,8,91,0.6679703157941068,-0.0017038054586933082
136,8,92,0.6698791180494441,0.00020499679664398585
136,8,93,0.6707692417000978,0.0010951204472976483
136,8,94,0.6699926773802837,0.0003185561274835491
136,8,95,0.6700915419858429,0.0004174207330427393
136,8,96,0.6700096406067105,0.0003355193539104073
136,8,97,0.67027217633656,0.0005980550837598742
136,8,98,0.6700546745452365,0.0003805532924363586
136,8,99,0.6701607046552105,0.0004865834024103677
136,8,100,0.670313040433984,0.0006389191811838613
136,8,101,0.6701317730832856,0.00045765183048551705
136,8,102,0.6700013787599619,0.00032725750716178226
136,8,103,0.6699307103125068,0.0002565890597067133
136,8,104,0.6700714646694206,0.0003973434166204548
136,8,105,0.6700496536507226,0.000375532397922429
136,8,106,0.6702311354913151,0.0005570142385149524
136,8,107,0.6702273596808386,0.0005532384280384495
136,8,108,0.6701391347402695,0.0004650134874694123
136,8,109,0.6700858345211462,0.00041171326834610333
136,8,110,0.6699099052998143,0.00023578404701418698
136,8,111,0.6699740414289486,0.00029992017614843824
136,8,112,0.6700214289425315,0.0003473076897313465
136,8,113,0.670188823244691,0.0005147019918908535
136,8,114,0.6700938776497053,0.00041975639690516875
136,8,115,0.6699048977207192,0.00023077646791902495
136,8,116,0.6699704453598259,0.0002963241070257361
136,8,117,0.6700872328505412,0.0004131115977410449
136,8,118,0.6695945311573899,-7.959009541025353e-05
136,8,119,0.6701490073808813,0.00047488612808122
136,8,120,0.670261814680551,0.0005876934277508905
136,8,121,0.6700093806777674,0.00033525942496726024
136,8,122,0.6700481526885754,0.0003740314357753016
136,8,123,0.6704553625104823,0.000781241257682197
136,8,124,0.6701140725369936,0.00043995128419349605
136,8,125,0.6701124967833153,0.0004383755305151782
136,8,126,0.6700827380542076,0.0004086168014074687
136,8,127,0.6699984221088402,0.00032430085604007175
136,9,0,0.6697355304589703,6.140920617014878e-05
136,9,1,0.6697782645745077,0.00010414332170760598
136,9,2,0.6699756496068292,0.0003015283540290792
136,9,3,0.6697459022385945,7.178098579441183e-05
136,9,4,0.6698063444452709,0.00013222319247074843
136,9,5,0.669885532943821,0.00021141169102090185
136,9,6,0.6699663234994595,0.00029220224665937877
136,9,7,0.6697910787453953,0.00011695749259521548
136,9,8,0.6698130695629985,0.0001389483101983391
136,9,9,0.6697469825088127,7.286125601257964e-05
136,9,10,0.6699896674154722,0.0003155461626720424
136,9,11,0.6698167150555887,0.00014259380278858202
136,9,12,0.6697614065435685,8.728529076840186e-05
136,9,13,0.6697321374779386,5.80162251384575e-05
136,9,14,0.6697714309696097,9.730971680954603e-05
136,9,15,0.6689685644637916,-0.0007055567890085213
136,9,16,0.6697409463019821,6.68250491819844e-05
136,9,17,0.6695317499636595,-0.00014237128914063035
136,9,18,0.6698283170874539,0.00015419583465381415
136,9,19,0.6693838185531911,-0.0002903026996090574
136,9,20,0.6696329285491521,-4.119270364799643e-05
136,9,21,0.6699207525112142,0.0002466312584140651
136,9,22,0.6698801007476527,0.0002059794948525706
136,9,23,0.669936069764886,0.00026194851208583003
136,9,24,0.6699350531485119,0.0002609318957117468
136,9,25,0.6708925622437931,0.0012184409909929972
136,9,26,0.6696695801841173,-4.541068682861749e-06
136,9,27,0.669858897812496,0.00018477655969584283
136,9,28,0.6693105719589777,-0.0003635492938224294
136,9,29,0.6697606215859924,8.650033319224093e-05
136,9,30,0.6694888733138797,-0.00018524793892038538
136,9,31,0.6697694615230688,9.534027026869563e-05
136,9,32,0.6701809461631039,0.0005068249103037381
136,9,33,0.6695512012674331,-0.00012291998536706483
136,9,34,0.6704056015288871,0.0007314802760869377
136,9,35,0.6700367705635252,0.00036264931072504947
136,9,36,0.6699500032412044,0.0002758819884042252
136,9,37,0.6698485621756864,0.00017444092288632085
136,9,38,0.6697734621539954,9.934090119523287e-05
136,9,39,0.6700489318568976,0.00037481060409749745
136,9,40,0.6697433053257725,6.918407297240581e-05
136,9,41,0.6698453787707394,0.00017125751793922728
136,9,42,0.6700002955044067,0.0003261742516065258
136,9,43,0.6697208836815023,4.676242870216285e-05
136,9,44,0.6689217633022695,-0.0007523579505306355
136,9,45,0.6698177087865538,0.00014358753375365296
136,9,46,0.6698874984360522,0.00021337718325209476
136,9,47,0.6697217809009139,4.7659648113818065e-05
136,9,48,0.6698862415122806,0.00021212025948047497
136,9,49,0.6698000352422862,0.00012591398948602617
136,9,50,0.6698853633114841,0.00021124205868394696
136,9,51,0.6697943986025385,0.00012027734973840687
136,9,52,0.6699902397362657,0.00031611848346557725
136,9,53,0.6689103408226138,-0.0007637804301863227
136,9,54,0.6699163875081899,0.0002422662553898114
136,9,55,0.6697663551673088,9.223391450863261e-05
136,9,56,0.6700066938791365,0.0003325726263363471
136,9,57,0.6695951103959658,-7.90108568343717e-05
136,9,58,0.669949677327413,0.00027555607461282605
136,9,59,0.6699091942011826,0.00023507294838243098
136,9,60,0.669022325918837,-0.00065179533396309
136,9,61,0.6699047797174771,0.00023065846467695827
136,9,62,0.6698712048873514,0.0001970836345512872
136,9,63,0.6697950349580528,0.00012091370525268985
136,9,64,0.6699257774218087,0.0002516561690085739
136,9,65,0.6698193374038499,0.00014521615104978736
136,9,66,0.6698688061526871,0.00019468489988694326
136,9,67,0.6697552178728137,8.109662001354323e-05
136,9,68,0.6699635193339284,0.00028939808112826704
136,9,69,0.6699076192454663,0.0002334979926661429
136,9,70,0.669992767890304,0.00031864663750391653
136,9,71,0.6697484179436202,7.429669082004153e-05
136,9,72,0.6696723456005922,-1.7756522079359627e-06
136,9,73,0.669965537255992,0.0002914160031918245
136,9,74,0.6699681523312072,0.00029403107840708653
136,9,75,0.669809738037479,0.0001356167846788825
136,9,76,0.6697052041869382,3.10829341381158e-05
136,9,77,0.670059377972601,0.00038525671980083054
136,9,78,0.669757367516804,8.324626400391111e-05
136,9,79,0.6697478302522757,7.370899947556353e-05
136,9,80,0.6697572677487529,8.314649595275725e-05
136,9,81,0.6697854191106456,0.00011129785784547153
136,9,82,0.6561102284583653,-0.013563892794434818
136,9,83,0.6699692978610319,0.00029517660823175085
136,9,84,0.6703466371241911,0.000672515871390944
136,9,85,0.6696410213326826,-3.309992011757412e-05
136,9,86,0.6697546450019765,8.05237491763311e-05
136,9,87,0.6698144410677656,0.00014031981496542834
136,9,88,0.669726724162798,5.260290999786754e-05
136,9,89,0.6696919879741924,1.7866721392256757e-05
136,9,90,0.6699828039392568,0.00030868268645667385
136,9,91,0.6697849255501361,0.00011080429733600905
136,9,92,0.6699240596569064,0.00024993840410625356
136,9,93,0.6698401547809869,0.00016603352818678196
136,9,94,0.6700267974787875,0.00035267622598733617
136,9,95,0.6697904399977017,0.000116318744901589
136,9,96,0.6699027396131261,0.0002286183603259495
136,9,97,0.6698952669725233,0.00022114571972320363
136,9,98,0.6699722546955705,0.00029813344277040965
136,9,99,0.667274181835768,-0.002399939417032093
136,9,100,0.6698305094588671,0.0001563882060670041
136,9,101,0.6697710257207229,9.690446792276486e-05
136,9,102,0.6699443328602133,0.00027021160741314
136,9,103,0.6699261755695209,0.0002520543167208178
136,9,104,0.6698970627175702,0.0002229414647700878
136,9,105,0.6697444496061633,7.032835336318044e-05
136,9,106,0.6698277863250679,0.00015366507226777237
136,9,107,0.6698974163338953,0.00022329508109519836
136,9,108,0.67000681996014,0.0003326987073398735
136,9,109,0.6698223307620965,0.0001482095092963931
136,9,110,0.6690185379094307,-0.0006555833433694591
136,9,111,0.6687314047574209,-0.0009427164953792477
136,9,112,0.6696112622506283,-6.285900217184448e-05
136,9,113,0.6699179426830499,0.00024382143024981318
136,9,114,0.6702027473105561,0.0005286260577559432
136,9,115,0.6698542451711119,0.00018012391831179198
136,9,116,0.6697052299336541,3.1108680853986215e-05
136,9,117,0.6697785804385956,0.0001044591857954913
136,9,118,0.6700703992807003,0.00039627802790020983
136,9,119,0.6700679763790849,0.00039385512628475894
136,9,120,0.6698923692976912,0.00021824804489112282
136,9,121,0.6698870849344173,0.00021296368161716206
136,9,122,0.6699588703433804,0.0002847490905802941
136,9,123,0.6699480987971981,0.00027397754439795197
136,9,124,0.6681531307968123,-0.0015209904559878584
136,9,125,0.6700652054642192,0.00039108421141909044
136,9,126,0.669942407337527,0.0002682860847268431
136,9,127,0.6696733297275463,-7.915252537848971e-07
272,0,0,1.2286887627438485,0.0010269093697041765
272,0,1,1.2289129115158957,0.0012510581417513045
272,0,2,1.2282696870589411,0.0006078336847967769
272,0,3,1.2287583378003608,0.0010964844262164597
272,0,4,1.2286808424580355,0.0010189890838911975
272,0,5,1.2286044906122886,0.0009426372381442505
272,0,6,1.2286010794699327,0.0009392260957883369
272,0,7,1.2285558183675949,0.0008939649934505134
272,0,8,1.2287535242942307,0.0010916709200863295
272,0,9,1.2287060314086786,0.001044178034534271
272,0,10,1.2286243140988842,0.000962460724739822
272,0,11,1.2206956482232019,-0.006966205150942484
272,0,12,1.2286343155691455,0.0009724621950011336
272,0,13,1.2286074912610736,0.0009456378869292514
272,0,14,1.2285082792841469,0.0008464259100025018
272,0,15,1.2295296061202918,0.0018677527461474774
272,0,16,1.228708469982752,0.001046616608607609
272,0,17,1.2287552765109904,0.0010934231368460168
272,0,18,1.2285921774655206,0.0009303240913762778
272,0,19,1.229140714408387,0.0014788610342426622
272,0,20,1.2287375523594766,0.0010756989853322185
272,0,21,1.2302049108274535,0.002543057453309183
272,0,22,1.2285080599890064,0.0008462066148620107
272,0,23,1.2288124032827061,0.001150549908561782
272,0,24,1.2286966918253597,0.0010348384512153253
272,0,25,1.2285993220095135,0.000937468635369143
272,0,26,1.2287110590043184,0.001049205630174077
272,0,27,1.228541771864813,0.0008799184906687074
272,0,28,1.2286286052117863,0.0009667518376419437
272,0,29,1.22894422820021,0.0012823748260657464
272,0,30,1.2290230416019094,0.0013611882277650977
272,0,31,1.228774635259584,0.0011127818854397287
272,0,32,1.2287793228934578,0.0011174695193134632
272,0,33,1.2288850095613535,0.00122315618720914
272,0,34,1.2285110774478556,0.0008492240737112411
272,0,35,1.2287876660450012,0.0011258126708568739
272,0,36,1.2285740293659146,0.0009121759917702921
272,0,37,1.2291818399227452,0.0015199865486008601
272,0,38,1.228779931266066,0.0011180778919217538
272,0,39,1.2286967124108117,0.001034859036667335
272,0,40,1.2285763068397753,0.0009144534656309045
272,0,41,1.228892972890894,0.0012311195167495903
272,0,42,1.2286949653820367,0.0010331120078923561
272,0,43,1.2286193226660935,0.0009574692919491756
272,0,44,1.2284934633591205,0.0008316099849761116
272,0,45,1.2286881405775647,0.0010262872034203507
272,0,46,1.228923521517068,0.001261668142923611
272,0,47,1.2286152499196805,0.000953396545536167
272,0,48,1.2289467305967683,0.0012848772226239369
272,0,49,1.2289622593929028,0.001300406018758471
272,0,50,1.2286141919451146,0.0009523385709702126
272,0,51,1.2287698280927448,0.0011079747186004685
272,0,52,1.2286287403872889,0.0009668870131445129
272,0,53,1.2288818485919735,0.0012199952178291174
272,0,54,1.2286187988715833,0.0009569454974389657
272,0,55,1.228612727782437,0.0009508744082926679
272,0,56,1.22886190887961,0.001200055505465647
272,0,57,1.2286748323682393,0.0010129789940949152
272,0,58,1.2288348917170464,0.0011730383429020552
272,0,59,1.2286733537692327,0.0010115003950883494
272,0,60,1.2294279602465223,0.0017661068723779927
272,0,61,1.2287006735322406,0.0010388201580961987
272,0,62,1.2287614137465424,0.0010995603723980008
272,0,63,1.228460346113005,0.0007984927388606788
272,0,64,1.2290093063803764,0.0013474530062320689
272,0,65,1.2285724684764423,0.0009106151022979514
272,0,66,1.2286247397180627,0.0009628863439183899
272,0,67,1.2287188674376697,0.001057014063525319
272,0,68,1.2286900228787379,0.0010281695045935013
272,0,69,1.228666598010265,0.001004744636120547
272,0,70,1.2286369115440354,0.0009750581698910743
272,0,71,1.2288056981541737,0.0011438447800293794
272,0,72,1.2292222288073027,0.0015603754331583453
272,0,73,1.2277292195811036,6.736620695924067e-05
272,0,74,1.22952083097119,0.0018589775970456746
272,0,75,1.2286873293151834,0.001025475941039078
272,0,76,1.228679925435063,0.001018072060918751
272,0,77,1.2288665423463851,0.0012046889722407972
272,0,78,1.228634659011361,0.0009728056372166893
272,0,79,1.2288163791767006,0.001154525802556261
272,0,80,1.228623867803404,0.0009620144292596944
272,0,81,1.228270403088924,0.0006085497147796382
272,0,82,1.2286204243301246,0.0009585709559802869
272,0,83,1.228590289034562,0.0009284356604175592
272,0,84,1.228892764784606,0.0012309114104616103
272,0,85,1.2290577082863066,0.0013958549121622088
272,0,86,1.2286816231225188,0.0010197697483744772
272,0,87,1.2287143122588402,0.0010524588846958505
272,0,88,1.228688801309328,0.001026947935183653
272,0,89,1.2286397738415287,0.000977920467384319
272,0,90,1.2285765356899874,0.0009146823158430184
272,0,91,1.2286734494204794,0.0010115960463350504
272,0,92,1.228664389408299,0.0010025360341545664
272,0,93,1.07547911080452,-0.15218274256962427
272,0,94,1.228754037490291,0.001092184116146644
272,0,95,1.2288805816622614,0.001218728288117088
272,0,96,1.2287032179793926,0.001041364605248285
272,0,97,1.2287149624805338,0.0010531091063894493
272,0,98,1.2286136531509952,0.0009517997768508923
272,0,99,1.228620245222062,0.0009583918479176834
272,0,100,1.2288533242995292,0.0011914709253848521
272,0,101,1.2295506710834576,0.0018888177093132619
272,0,102,1.2285144465528688,0.0008525931787244367
272,0,103,1.22876493796866,0.0011030845945156909
272,0,104,1.228672368257224,0.0010105148830796828
272,0,105,1.2285807459172102,0.0009188925430658745
272,0,106,1.2286554207020621,0.000993567327917777
272,0,107,1.228626965229308,0.0009651118551636806
272,0,108,1.2292372857623721,0.001575432388227771
272,0,109,1.228690455126762,0.0010286017526175417
272,0,110,1.2286559606896774,0.000994107315533066
272,0,111,1.228599491544224,0.0009376381700796355
272,0,112,1.2285870434203878,0.0009251900462434737
272,0,113,1.2288508483508507,0.0011889949767063257
272,0,114,1.2285575586267032,0.0008957052525588871
272,0,115,1.2285629840459302,0.0009011306717858769
272,0,116,1.228952109184587,0.0012902558104426198
272,0,117,1.2286994947446588,0.0010376413705144305
272,0,118,1.2292583031525794,0.001596449778435094
272,0,119,1.2287053977222528,0.0010435443481084938
272,0,120,1.2286528922650901,0.0009910388909457613
272,0,121,1.2289507700947726,0.0012889167206282526
272,0,122,1.2286608630635043,0.0009990096893599532
272,0,123,1.2287757123376226,0.0011138589634782647
272,0,124,1.2293290454426617,0.001667192068517398
272,0,125,1.2285530887441136,0.0008912353699692677
272,0,126,1.2285127023672169,0.0008508489930725283
272,0,127,1.2287525142526,0.0010906608784555516
272,1,0,0.9627015060444879,-0.26496034732965645
272,1,1,1.229898826640839,0.0022369732666946973
272,1,2,1.2293476865963302,0.0016858332221858507
272,1,3,1.2296386893308058,0.001976835956661427
272,1,4,1.230936119473064,0.003274266098919565
272,1,5,1.2292159306898238,0.0015540773156794696
272,1,6,1.2295711724072544,0.0019093190331100907
272,1,7,1.2134634557916386,-0.01419839758250574
272,1,8,1.228765906593339,0.0011040532191946006
272,1,9,1.2292321853078767,0.0015703319337323496
272,1,10,1.2291942482594937,0.0015323948853493974
272,1,11,1.2298115133338248,0.0021496599596804167
272,1,12,1.2292489512826468,0.0015870979085024217
272,1,13,1.2291612034704944,0.0014993500963500495
272,1,14,1.2290804699848006,0.0014186166106562315
272,1,15,1.2291687153041204,0.0015068619299760666
272,1,16,1.229210503055098,0.0015486496809535844
272,1,17,1.2292291830518016,0.0015673296776572698
272,1,18,1.2292507534765744,0.0015889001024300686
272,1,19,1.2294557181393675,0.001793864765223141
272,1,20,1.2293662118452207,0.001704358471076306
272,1,21,1.2293398133024023,0.0016779599282579216
272,1,22,1.2292775460072287,0.0016156926330843646
272,1,23,1.2276763709066794,1.451753253500776e-05
272,1,24,1.2292098999861865,0.0015480466120421088
272,1,25,1.2290723130368832,0.0014104596627388943
272,1,26,1.2293917335674232,0.0017298801932787988
272,1,27,1.2307449457157376,0.0030830923415932077
272,1,28,1.229604326614594,0.0019424732404496048
272,1,29,1.2293153908026992,0.0016535374285548965
272,1,30,1.2291005933658248,0.0014387399916804267
272,1,31,1.2292792018980132,0.0016173485238688556
272,1,32,1.2302974493961725,0.0026355960220281194
272,1,33,1.2291458069193952,0.0014839535452508823
272,1,34,1.2292431164528523,0.001581263078707984
272,1,35,1.2292122913530097,0.0015504379788653377
272,1,36,1.2292752106913774,0.0016133573172329996
272,1,37,1.2292394887436977,0.001577635369553354
272,1,38,1.2293064634546953,0.0016446100805509456
272,1,39,1.229362346921237,0.001700493547092563
272,1,40,1.2293013201884417,0.0016394668142973856
272,1,41,1.2295904618915552,0.0019286085174108347
272,1,42,1.2292234149797479,0.0015615616056035009
272,1,43,1.2291860825486465,0.001524229174502123
272,1,44,1.229240958685178,0.0015791053110336684
272,1,45,1.2291494764289066,0.0014876230547622438
272,1,46,1.229117572455256,0.0014557190811117504
272,1,47,1.2292961522462091,0.0016342988720647877
272,1,48,1.2291051750102104,0.001443321636066086
272,1,49,1.2291588965452453,0.001497043171100998
272,1,50,1.229181483779615,0.00151963040547054
272,1,51,1.229354668953916,0.0016928155797717448
272,1,52,1.229068412727798,0.0014065593536536358
272,1,53,1.2291936237524028,0.001531770378258468
272,1,54,1.229165600917642,0.00150374754349758
272,1,55,1.2292308682694393,0.001569014895294929
272,1,56,1.22885705130589,0.0011951979317457173
272,1,57,1.229266388882648,0.0016045355085037016
272,1,58,1.2292265510613798,0.001564697687235439
272,1,59,1.2293024705659066,0.001640617191762228
272,1,60,1.2351281497578532,0.007466296383708881
272,1,61,1.2293319695420881,0.0016701161679437693
272,1,62,1.2291317118219074,0.0014698584477630394
272,1,63,1.22936265586731,0.0017008024931657317
272,1,64,1.2291482758107661,0.0014864224366217815
272,1,65,1.2293200589369908,0.0016582055628464598
272,1,66,1.2292851508989688,0.0016232975248244852
272,1,67,1.229176819084658,0.0015149657105135717
272,1,68,1.2291718205375586,0.0015099671634142275
272,1,69,1.2291540591413481,0.0014922057672037692
272,1,70,1.2292118539504955,0.0015500005763511293
272,1,71,1.2291864292542702,0.001524575880125889
272,1,72,1.2292704687016183,0.0016086153274739168
272,1,73,1.229339562480171,0.0016777091060267146
272,1,74,1.2290558308243467,0.0013939774502023106
272,1,75,1.229043761752379,0.0013819083782347086
272,1,76,1.2291526855219546,0.001490832147810206
272,1,77,1.229041654363161,0.0013798009890166885
272,1,78,1.2292439393052852,0.001582085931140842
272,1,79,1.2290900976340418,0.0014282442598974043
272,1,80,1.229181447184487,0.0015195938103427231
272,1,81,1.22918857386745,0.0015267204933056
272,1,82,1.230018762759627,0.0023569093854827194
272,1,83,1.2292998622762075,0.001638008902063115
272,1,84,1.2292156723351417,0.0015538189609973774
272,1,85,1.2290804870271346,0.00141863365299022
272,1,86,1.2294353713510122,0.0017735179768678666
272,1,87,1.2291908522844348,0.0015289989102904578
272,1,88,1.2290486589533547,0.0013868055792103373
272,1,89,1.2291815965472792,0.0015197431731348576
272,1,90,1.229311849779025,0.001649996404880616
272,1,91,1.2300719437943977,0.002410090420253308
272,1,92,1.2291360894553949,0.001474236081250524
272,1,93,1.2294167018824294,0.0017548485082850007
272,1,94,1.2293218283753382,0.0016599750011938585
272,1,95,1.2304565908119478,0.0027947374378034517
272,1,96,1.2291025851003832,0.0014407317262388197
272,1,97,1.229131937911039,0.001470084536894678
272,1,98,1.229133180147673,0.0014713267735286806
272,1,99,1.2294507068617815,0.001788853487637132
272,1,100,1.2291767615422753,0.001514908168130935
272,1,101,1.2290515834537097,0.0013897300795653322
272,1,102,1.2292116918597156,0.00154983848557122
272,1,103,1.228982555642326,0.001320702268181595
272,1,104,1.2293553190367181,0.0016934656625737787
272,1,105,1.229318460129966,0.001656606755821688
272,1,106,1.22893834264491,0.001276489270765735
272,1,107,1.2292085720812849,0.0015467187071405153
272,1,108,1.2294078614319917,0.0017460080578473036
272,1,109,1.2293615209501474,0.0016996675760030389
272,1,110,1.2293474897916088,0.0016856364174644423
272,1,111,1.2293572474568233,0.001695394082678936
272,1,112,1.2295114202987338,0.0018495669245894852
272,1,113,1.228994553389435,0.0013327000152907331
272,1,114,1.2291133658966416,0.0014515125224972003
272,1,115,1.2294666149448026,0.001804761570658231
272,1,116,1.2302354632199248,0.002573609845780478
272,1,117,1.22923937737919,0.0015775240050457384
272,1,118,1.2293731102197227,0.0017112568455783794
272,1,119,1.229084138706675,0.0014222853325307483
272,1,120,1.2291821782476182,0.0015203248734738661
272,1,121,1.2291629080536588,0.0015010546795144464
272,1,122,1.2291010954990131,0.0014392421248687892
272,1,123,1.22918877057826,0.0015269172041156853
272,1,124,1.2292023856628618,0.0015405322887174222
272,1,125,1.2292630163192009,0.0016011629450565223
272,1,126,1.2291966631536384,0.0015348097794940507
272,1,127,1.229037635385142,0.0013757820109976393
272,2,0,1.22745646349607,-0.00020538987807428022
272,2,1,1.2274461082388555,-0.00021574513528888062
272,2,2,1.2275047855514536,-0.00015706782269075958
272,2,3,1.2275507487784658,-0.00011110459567853503
272,2,4,1.2283001359594607,0.0006382825853163965
272,2,5,1.2272123124207501,-0.00044954095339422295
272,2,6,1.227116232127986,-0.0005456212461583121
272,2,7,1.2279890535441855,0.0003272001700411753
272,2,8,1.227375397225294,-0.00028645614885025594
272,2,9,1.2275676486229152,-9.420475122912109e-05
272,2,10,1.2274905254621995,-0.00017132791194485186
272,2,11,1.227725220898869,6.336752472457796e-05
272,2,12,1.2280658798582516,0.00040402648410720055
272,2,13,1.2277620381004024,0.00010018472625805686
272,2,14,1.2274537760415187,-0.00020807733262562245
272,2,15,1.227574352886695,-8.750048744943228e-05
272,2,16,1.2274595407488158,-0.000202312625328549
272,2,17,1.2276825758894576,2.0722515313265077e-05
272,2,18,1.2274011492239942,-0.00026070415015011505
272,2,19,1.2277317283014375,6.987492729315647e-05
272,2,20,1.2274310691948003,-0.00023078417934407902
272,2,21,1.2273926131135326,-0.0002692402606117028
272,2,22,1.227511962539622,-0.000149890834522326
272,2,23,1.2277244455195688,6.259214542447822e-05
272,2,24,1.2277283481529808,6.649477883646782e-05
272,2,25,1.2273827453133968,-0.00027910806074760153
272,2,26,1.2275280284844383,-0.00013382488970603568
272,2,27,1.2280120600722169,0.00035020669807250826
272,2,28,1.2276994711889773,3.7617814832913155e-05
272,2,29,1.2275245913760984,-0.00013726199804597883
272,2,30,1.2275745251556536,-8.732821849077865e-05
272,2,31,1.2277180689815412,5.621560739688114e-05
272,2,32,1.2278130201698334,0.00015116679568905056
272,2,33,1.227487609563437,-0.00017424381070729744
272,2,34,1.2285828022112864,0.0009209488371419994
272,2,35,1.2274775694927487,-0.00018428388139568597
272,2,36,1.2275445765613082,-0.00011727681283613123
272,2,37,1.2280035045831743,0.0003416512090299584
272,2,38,1.2274869983493468,-0.00017485502479752668
272,2,39,1.2282288703365454,0.0005670169624010235
272,2,40,1.2275265529773633,-0.0001353003967810018
272,2,41,1.2275315620468907,-0.0001302913272536177
272,2,42,1.227400127317158,-0.00026172605698637774
272,2,43,1.2275806136496006,-8.123972454376904e-05
272,2,44,1.227667437481648,5.584107503731062e-06
272,2,45,1.227963339228738,0.0003014858545935528
272,2,46,1.2275384500762747,-0.00012340329786963977
272,2,47,1.2280872281365693,0.0004253747624249904
272,2,48,1.2274843056464422,-0.00017754772770217642
272,2,49,1.227592405510073,-6.944786407125925e-05
272,2,50,1.2275170353828344,-0.00014481799130994233
272,2,51,1.2275244589729875,-0.00013739440115689838
272,2,52,1.2274143131135862,-0.0002475402605581767
272,2,53,1.2279340454423524,0.00027219206820805475
272,2,54,1.2274668771664472,-0.00019497620769715063
272,2,55,1.227183123403083,-0.0004787299710613535
272,2,56,1.2274397330552265,-0.00022212031891788442
272,2,57,1.2276578320617495,-4.021312394852927e-06
272,2,58,1.227576037675831,-8.58156983134517e-05
272,2,59,1.2279081947379729,0.00024634136382850613
272,2,60,1.2275374844229157,-0.00012436895122869274
272,2,61,1.227844966271233,0.0001831128970886109
272,2,62,1.2277728566536092,0.00011100327946489408
272,2,63,1.2276633932980294,1.5399238850744013e-06
272,2,64,1.2276158357500524,-4.601762409195409e-05
272,2,65,1.2278619830288466,0.00020012965470228572
272,2,66,1.227420124587822,-0.00024172878632233719
272,2,67,1.2278900963953077,0.0002282430211633102
272,2,68,1.2284423763233299,0.0007805229491855137
272,2,69,1.2277464187833422,8.45654091978787e-05
272,2,70,1.2279996283841015,0.00033777500995713083
272,2,71,1.2274647589181462,-0.0001970944559981369
272,2,72,1.2274225624365707,-0.00023929093757368847
272,2,73,1.227410239935557,-0.0002516134385872615
272,2,74,1.227676580326472,1.4726952327626108e-05
272,2,75,1.2276903747410208,2.8521366876477217e-05
272,2,76,1.2274178534279747,-0.00024399994616963738
272,2,77,1.227654632579252,-7.2207948924596366e-06
272,2,78,1.227523005746251,-0.00013884762789340144
272,2,79,1.2276567690169724,-5.084357171947218e-06
272,2,80,1.2279095170779963,0.00024766370385198577
272,2,81,1.2277106717595165,4.8818385372184636e-05
272,2,82,1.2284410481863675,0.0007791948122231052
272,2,83,1.2276277955137385,-3.405786040588943e-05
272,2,84,1.2277807531072507,0.00011889973310630353
272,2,85,1.2286500932807367,0.0009882399065923586
272,2,86,1.2274495149395177,-0.0002123384346266466
272,2,87,1.2277761991278537,0.00011434575370938838
272,2,88,1.227502665763872,-0.00015918761027244877
272,2,89,1.2274221765069366,-0.00023967686720771653
272,2,90,1.2274331264925327,-0.00022872688161168497
272,2,91,1.227488162182846,-0.00017369119129839738
272,2,92,1.2274127396405528,-0.0002491137335915994
272,2,93,1.22819132584361,0.0005294724694655528
272,2,94,1.227417283795592,-0.000244569578552456
272,2,95,1.2277920854151945,0.00013023204105011565
272,2,96,1.2281270109511142,0.0004651575769698546
272,2,97,1.2274148029347667,-0.0002470504393776718
272,2,98,1.227591477501302,-7.037587284242086e-05
272,2,99,1.2275272490104197,-0.00013460436372469964
272,2,100,1.227501250933214,-0.00016060244093041298
272,2,101,1.2282606927984214,0.0005988394242770756
272,2,102,1.2274458139744033,-0.00021603939974101927
272,2,103,1.2276019888416698,-5.98645324745295e-05
272,2,104,1.2275972412735103,-6.461210063402056e-05
272,2,105,1.227838058971201,0.00017620559705666672
272,2,106,1.2276621654041935,3.120300491321615e-07
272,2,107,1.2274871331956616,-0.00017472017848274568
272,2,108,1.2275810705815564,-8.078279258794119e-05
272,2,109,1.2276598367604399,-2.0166137044697052e-06
272,2,110,1.2276490790140437,-1.2774360100609172e-05
272,2,111,1.227434732122981,-0.00022712125116330917
272,2,112,1.2278778603155576,0.00021600694141321597
272,2,113,1.2274497707777754,-0.00021208259636895654
272,2,114,1.227791210936843,0.00012935756269860654
272,2,115,1.2275047111077122,-0.00015714226643215312
272,2,116,1.2276256736672921,-3.6179706852212945e-05
272,2,117,1.2278951524491266,0.00023329907498226277
272,2,118,1.2275458383264437,-0.00011601504770064608
272,2,119,1.227663805441316,1.9520671716843907e-06
272,2,120,1.2275102416999466,-0.00015161167419774912
272,2,121,1.2281136588278698,0.0004518054537254734
272,2,122,1.2274097673089248,-0.0002520860652195367
272,2,123,1.2278292053180433,0.00016735194389894126
272,2,124,1.2274225774891918,-0.00023927588495253893
272,2,125,1.2279854285826342,0.00032357520848980137
272,2,126,1.2274952735936928,-0.00016657978045153676
272,2,127,1.2277989295527605,0.00013707617861613564
272,3,0,1.2278518878963884,0.0001900345222440869
272,3,1,1.2276518259850653,-1.0027389079070304e-05
272,3,2,1.2279116201722362,0.000249766798091855
272,3,3,1.2276588454139776,-3.0079601667232225e-06
272,3,4,1.2276464418618158,-1.541151232853366e-05
272,3,5,1.22759773637628,-6.411699786434966e-05
272,3,6,1.2275179878018556,-0.0001438655722887372
272,3,7,1.2275549761337836,-0.00010687724036073654
272,3,8,1.2277407110082121,7.885763406778601e-05
272,3,9,1.2275145343790024,-0.00014731899514197622
272,3,10,1.227559983891999,-0.00010186948214530034
272,3,11,1.227559090804004,-0.00010276257014041335
272,3,12,1.2283140654761353,0.0006522121019909566
272,3,13,1.227677115964002,1.52625898577341e-05
272,3,14,1.2283917432186446,0.0007298898445002866
272,3,15,1.2278902672832628,0.00022841390911843007
272,3,16,1.227752973421633,9.112004748867975e-05
272,3,17,1.2277986402125862,0.00013678683844187134
272,3,18,1.2275673892801429,-9.446409400148958e-05
272,3,19,1.2277146901588047,5.2836784660392766e-05
272,3,20,1.2275111033412183,-0.00015075003292608358
272,3,21,1.2276117640197761,-5.0089354368232364e-05
272,3,22,1.2273857654722857,-0.00027608790185862375
272,3,23,1.227825726087541,0.0001638727133965734
272,3,24,1.2278040550296345,0.0001422016554901706
272,3,25,1.2275843319235167,-7.752145062767113e-05
272,3,26,1.227759749287995,9.789591385067631e-05
272,3,27,1.2275168447791793,-0.00014500859496502372
272,3,28,1.2274301075257752,-0.00023174584836915813
272,3,29,1.227628024355549,-3.3829018595277205e-05
272,3,30,1.227628667354038,-3.318602010637939e-05
272,3,31,1.2277445233164113,8.266994226691082e-05
272,3,32,1.2273996629603798,-0.0002621904137645181
272,3,33,1.227495742032295,-0.00016611134184940646
272,3,34,1.2281262848165346,0.00046443144239027845
272,3,35,1.2277025272824695,4.0673908325183916e-05
272,3,36,1.2276741852486823,1.233187453797413e-05
272,3,37,1.2275694619309583,-9.23914431860684e-05
272,3,38,1.2274107195779838,-0.0002511337961605964
272,3,39,1.2274712811411597,-0.00019057223298468706
272,3,40,1.2275897913101774,-7.206206396692671e-05
272,3,41,1.2278293385284358,0.00016748515429143573
272,3,42,1.227546241978164,-0.00011561139598037506
272,3,43,1.2276855884115716,2.3735037427252692e-05
272,3,44,1.2277399373207112,7.808394656683149e-05
272,3,45,1.227475656552586,-0.00018619682155840422
272,3,46,1.227487213845886,-0.0001746395282582469
272,3,47,1.2276862654958123,2.4412121667927167e-05
272,3,48,1.226571595463371,-0.00109025791077344
272,3,49,1.2277482406364437,8.638726229937e-05
272,3,50,1.2278625065546258,0.0002006531804814582
272,3,51,1.2282251610804145,0.0005633077062701108
272,3,52,1.2274507913222876,-0.00021106205185672522
272,3,53,1.2276974049267737,3.555155262935372e-05
272,3,54,1.227878774746576,0.00021692137243167764
272,3,55,1.2274635115899373,-0.00019834178420707893
272,3,56,1.2273824031518081,-0.0002794502223362194
272,3,57,1.2277342458784697,7.239250432533595e-05
272,3,58,1.227406615885266,-0.000255237488878457
272,3,59,1.2278990272141035,0.0002371738399591372
272,3,60,1.2274489129849477,-0.00021294038919661418
272,3,61,1.227580669861209,-8.118351293529003e-05
272,3,62,1.2276015591913123,-6.0294182832043575e-05
272,3,63,1.2275498004434813,-0.00011205293066307576
272,3,64,1.2275331908564069,-0.00012866251773746562
272,3,65,1.2275006254506478,-0.00016122792349659854
272,3,66,1.2278068047257003,0.00014495135155589978
272,3,67,1.2276392761788304,-2.25771953139553e-05
272,3,68,1.227869382430358,0.00020752905621357343
272,3,69,1.2275067452609085,-0.00015510811323582452
272,3,70,1.2274707791776116,-0.00019107419653274782
272,3,71,1.2274620919863601,-0.00019976138778421415
272,3,72,1.2275857517307762,-7.610164336813163e-05
272,3,73,1.2279860235475375,0.0003241701733931457
272,3,74,1.2273975983318155,-0.00026425504232885366
272,3,75,1.2277414978515577,7.964447741337644e-05
272,3,76,1.2277962335977903,0.00013438022364598012
272,3,77,1.2278788512065029,0.000216997832358512
272,3,78,1.2275174179055177,-0.0001444354686266358
272,3,79,1.2274551297936103,-0.00020672358053408502
272,3,80,1.2276245650692563,-3.728830488802792e-05
272,3,81,1.2275892691031838,-7.258427096057396e-05
272,3,82,1.227663303392518,1.450018373594375e-06
272,3,83,1.228423549016946,0.0007616956428015964
272,3,84,1.2279957344380128,0.0003338810638684464
272,3,85,1.2277020341159584,4.018074181399989e-05
272,3,86,1.227611391753155,-5.046162098931717e-05
272,3,87,1.2277991636221686,0.00013731024802421388
272,3,88,1.2268265917985683,-0.0008352615755760073
272,3,89,1.227772445358119,0.00011059198397456171
272,3,90,1.2278966400667803,0.00023478669263599095
272,3,91,1.227455996784915,-0.00020585658922933625
272,3,92,1.2275539163188836,-0.00010793705526079833
272,3,93,1.22749572819927,-0.0001661251748743542
272,3,94,1.2275653681152154,-9.648525892891335e-05
272,3,95,1.2275104481224481,-0.00015140525169621277
272,3,96,1.2276115735235158,-5.0279850628554e-05
272,3,97,1.2279911174328826,0.0003292640587382323
272,3,98,1.2273853304138527,-0.0002765229602916808
272,3,99,1.2280001356579309,0.00033828228378651737
272,3,100,1.2274609306466961,-0.00020092272744820505
272,3,101,1.2275197375991604,-0.0001421157749839086
272,3,102,1.2276783017919695,1.6448417825110084e-05
272,3,103,1.2276395776762348,-2.2275697909579506e-05
272,3,104,1.227710311227649,4.84578535047131e-05
272,3,105,1.2276426072009345,-1.924617320980815e-05
272,3,106,1.228436780242532,0.0007749268683876487
272,3,107,1.2276373844556785,-2.4468918465858636e-05
272,3,108,1.2278380182724749,0.00017616489833049975
272,3,109,1.2278843738484175,0.0002225204742731801
272,3,110,1.2278582319474396,0.00019637857329524167
272,3,111,1.227500075165474,-0.00016177820867024906
272,3,112,1.2275391157894444,-0.000122737584699939
272,3,113,1.2274833611022076,-0.00017849227193678097
272,3,114,1.2275448239669569,-0.00011702940718749666
272,3,115,1.227669539585743,7.686211598745274e-06
272,3,116,1.2275952389057612,-6.661446838318597e-05
272,3,117,1.2277340900024736,7.223662832922528e-05
272,3,118,1.2274592108010882,-0.0002026425730561332
272,3,119,1.2277920896779995,0.00013023630385511353
272,3,120,1.2276584844758456,-3.3688982987722937e-06
272,3,121,1.227853516804271,0.0001916634301266651
272,3,122,1.2278383832667599,0.00017652989261551788
272,3,123,1.2277595991191146,9.774574497023458e-05
272,3,124,1.2276709506567154,9.097282571035592e-06
272,3,125,1.2275059754660285,-0.00015587790811588675
272,3,126,1.2276998389651737,3.7985591029299215e-05
272,3,127,1.2277964168977977,0.00013456352365337487
272,4,0,1.2280639369504478,0.00040208357630344693
272,4,1,1.2275127532377295,-0.0001491001364148925
272,4,2,1.2276615394275976,-3.139465467594249e-07
272,4,3,1.2277164037818709,5.455040772650577e-05
272,4,4,1.227537691836332,-0.0001241615378122507
272,4,5,1.227867330520303,0.0002054771461585947
272,4,6,1.227660392752294,-1.4606218503576684e-06
272,4,7,1.2276104703769195,-5.138299722484696e-05
272,4,8,1.2279663418456936,0.00030448847154929126
272,4,9,1.2277014855836332,3.963220948888235e-05
272,4,10,1.2278244409429842,0.0001625875688398004
272,4,11,1.2277178954241315,5.604204998710394e-05
272,4,12,1.2277306902563692,6.883688222480977e-05
272,4,13,1.227897825471988,0.00023597209784353979
272,4,14,1.227495320143833,-0.0001665332303113498
272,4,15,1.2278386956774336,0.00017684230328929296
272,4,16,1.2277248408156023,6.298744145794011e-05
272,4,17,1.227579114204947,-8.273916919732116e-05
272,4,18,1.2275229296089358,-0.00013892376520852068
272,4,19,1.2278001607539417,0.0001383073797973644
272,4,20,1.2274584085667188,-0.0002034448074255124
272,4,21,1.2277322314403045,7.03780661601705e-05
272,4,22,1.227509669674392,-0.0001521836997524506
272,4,23,1.2276117790324603,-5.007434168402547e-05
272,4,24,1.22772895768842,6.710431427570107e-05
272,4,25,1.2280163859543753,0.0003545325802309929
272,4,26,1.2278396874216198,0.00017783404747540033
272,4,27,1.2276519246141453,-9.92875999905607e-06
272,4,28,1.227485918420998,-0.00017593495314627283
272,4,29,1.2277934805199961,0.00013162714585179813
272,4,30,1.227701195338281,3.934196413668545e-05
272,4,31,1.227629510513477,-3.234286066744474e-05
272,4,32,1.2275066959794565,-0.00015515739468785483
272,4,33,1.2275181251229106,-0.00014372825123376565
272,4,34,1.2275189001398519,-0.00014295323429247553
272,4,35,1.2277979591542296,0.00013610578008527163
272,4,36,1.227495036143985,-0.00016681723015943284
272,4,37,1.2275515952807234,-0.00011025809342091186
272,4,38,1.227525727691741,-0.00013612568240328748
272,4,39,1.227641641536717,-2.0211837427286383e-05
272,4,40,1.227527148253856,-0.0001347051202884586
272,4,41,1.2282555726788362,0.0005937193046918754
272,4,42,1.227624710879466,-3.714249467834385e-05
272,4,43,1.2275976307291026,-6.422264504180042e-05
272,4,44,1.2274745838314085,-0.00018726954273584617
272,4,45,1.2279816761095006,0.0003198227353562455
272,4,46,1.2276801791668794,1.83257927350855e-05
272,4,47,1.227467210511278,-0.00019464286286630106
272,4,48,1.2277902171349666,0.00012836376082225875
272,4,49,1.2275242801495008,-0.00013757322464358346
272,4,50,1.2275716549947144,-9.019837942991771e-05
272,4,51,1.2274974452960075,-0.00016440807813689062
272,4,52,1.2277508364465155,8.898307237115155e-05
272,4,53,1.2276636711160676,1.8177419232046077e-06
272,4,54,1.227502991201495,-0.00015886217264937663
272,4,55,1.2275919513004077,-6.990207373669399e-05
272,4,56,1.2268721690011983,-0.0007896843729460201
272,4,57,1.22753951198052,-0.00012234139362443663
272,4,58,1.2274824948538785,-0.00017935852026584875
272,4,59,1.2276968147755258,3.4961401381483626e-05
272,4,60,1.227515558921466,-0.00014629445267844154
272,4,61,1.2276024813372024,-5.937203694195148e-05
272,4,62,1.227816517899959,0.00015466452581458512
272,4,63,1.227616395506569,-4.545786757526038e-05
272,4,64,1.2279258918157039,0.00026403844155953315
272,4,65,1.227857815951693,0.00019596257754872504
272,4,66,1.2277657107132025,0.00010385733905815542
272,4,67,1.2279079624156768,0.0002461090415324385
272,4,68,1.2276345608212988,-2.7292552845503693e-05
272,4,69,1.2275505256134018,-0.00011132776074251893
272,4,70,1.2274740479351058,-0.0001878054390385131
272,4,71,1.2275136010325967,-0.0001482523415476944
272,4,72,1.2275754590347072,-8.63943394371347e-05
272,4,73,1.2274931176203272,-0.00016873575381715078
272,4,74,1.2279901658334247,0.00032831245928033326
272,4,75,1.2275125482388454,-0.0001493051352989827
272,4,76,1.227575692642768,-8.616073137646119e-05
272,4,77,1.2280268843742859,0.0003650310001415136
272,4,78,1.2275827633345835,-7.909003956085847e-05
272,4,79,1.2274721159117372,-0.00018973746240713574
272,4,80,1.2276569453251533,-4.908048991003611e-06
272,4,81,1.2276935168192742,3.166344512983699e-05
272,4,82,1.227492072706033,-0.00016978066811135228
272,4,83,1.2275626466737952,-9.920670034913037e-05
272,4,84,1.2274783236564526,-0.00018352971769175497
272,4,85,1.227807912947661,0.00014605957351654375
272,4,86,1.2275966633042967,-6.519006984762044e-05
272,4,87,1.2275670243437289,-9.482903041546642e-05
272,4,88,1.2275181739398804,-0.0001436794342639658
272,4,89,1.2275812417653518,-8.061160879258011e-05
272,4,90,1.2275165135255246,-0.00014533984861975213
272,4,91,1.2275970047184295,-6.484865571487752e-05
272,4,92,1.227565227121466,-9.662625267825575e-05
272,4,93,1.2276945651434705,3.271176932617692e-05
272,4,94,1.2274574604889552,-0.0002043928851891419
272,4,95,1.227451704329979,-0.00021014904416527536
272,4,96,1.2276353594511322,-2.6493923012127496e-05
272,4,97,1.2289730568220447,0.0013112034479003665
272,4,98,1.2274618176712735,-0.00020003570287085992
272,4,99,1.2274910692828873,-0.00017078409125703686
272,4,100,1.227621165252452,-4.068812169233382e-05
272,4,101,1.2274908857068088,-0.00017096766733559754
272,4,102,1.2276367310085146,-2.5122365629792753e-05
272,4,103,1.2275167034413672,-0.00014514993277714439
272,4,104,1.227678878510611,1.7025136466619628e-05
272,4,105,1.2274760573610557,-0.00018579601308865712
272,4,106,1.227457360005682,-0.00020449336846239952
272,4,107,1.2277082820780838,4.6428703939449534e-05
272,4,108,1.2276580121312561,-3.841242888213969e-06
272,4,109,1.2277828048270276,0.0001209514528832667
272,4,110,1.2277048499171919,4.2996543047513214e-05
272,4,111,1.22754692708573,-0.00011492628841436314
272,4,112,1.2274757922373094,-0.0001860611368349474
272,4,113,1.228040892960909,0.0003790395867646623
272,4,114,1.2276035535567698,-5.829981737459633e-05
272,4,115,1.2276614466364426,-4.067377017413776e-07
272,4,116,1.2277425062557779,8.065288163350282e-05
272,4,117,1.2282051327583465,0.0005432793842021777
272,4,118,1.2278484503445628,0.00018659697041845114
272,4,119,1.227763110729108,0.00010125735496369082
272,4,120,1.2274523599668845,-0.000209493407259842
272,4,121,1.2274386547735134,-0.0002231986006309139
272,4,122,1.2275288894890388,-0.00013296388510553037
272,4,123,1.2274593956972955,-0.00020245767684889948
272,4,124,1.2286494370392713,0.0009875836651269676
272,4,125,1.227461294876348,-0.00020055849779643253
272,4,126,1.2277079029430915,4.6049568947159614e-05
272,4,127,1.2279618217116166,0.00029996833747225615
272,5,0,1.227506062875128,-0.00015579049901637276
272,5,1,1.2279177843839961,0.0002559310098517731
272,5,2,1.2277443790603284,8.252568618405398e-05
272,5,3,1.2276897876740454,2.793429990100016e-05
272,5,4,1.2277150963698178,5.3242995673441484e-05
272,5,5,1.2278865202542102,0.00022466688006583801
272,5,6,1.2276586732169033,-3.180157241100545e-06
272,5,7,1.22789157999331,0.00022972661916553783
272,5,8,1.2276628395152334,9.86141089009962e-07
272,5,9,1.2277799310884165,0.00011807771427219116
272,5,10,1.227932684838752,0.00027083146460760155
272,5,11,1.227665729212146,3.875838001654586e-06
272,5,12,1.2276197614435629,-4.2091930581467096e-05
272,5,13,1.2276657243101443,3.870935999961134e-06
272,5,14,1.2275385326852954,-0.00012332068884890468
272,5,15,1.2278714693046355,0.00020961593049118044
272,5,16,1.2276606700013133,-1.1833728310595149e-06
272,5,17,1.227456349695985,-0.00020550367815941328
272,5,18,1.2275476093404196,-0.0001142440337247308
272,5,19,1.2277875590506202,0.0001257056764758513
272,5,20,1.2277351872755844,7.333390144004248e-05
272,5,21,1.2277542545156994,9.240114155506518e-05
272,5,22,1.227665557010784,3.703636639595942e-06
272,5,23,1.2279743461422017,0.0003124927680573375
272,5,24,1.2275698855120152,-9.196786212917196e-05
272,5,25,1.2274837856098442,-0.00017806776430018267
272,5,26,1.227901070996194,0.0002392176220495923
272,5,27,1.227753369677322,9.151630317760784e-05
272,5,28,1.2277661191531908,0.00010426577904643075
272,5,29,1.2275751061210882,-8.674725305612974e-05
272,5,30,1.227968786752936,0.00030693337879172944
272,5,31,1.2274985914610088,-0.00016326191313553728
272,5,32,1.2275865201900613,-7.533318408303735e-05
272,5,33,1.2279198234295958,0.000257970055451473
272,5,34,1.2279307569760987,0.00026890360195430674
272,5,35,1.2274918352046138,-0.00017001816953055027
272,5,36,1.2276970625485275,3.520917438315507e-05
272,5,37,1.2275349085972238,-0.00012694477692054562
272,5,38,1.2275808208773862,-8.103249675817104e-05
272,5,39,1.2279285141556333,0.0002666607814889588
272,5,40,1.2276818042684126,1.9950894268205843e-05
272,5,41,1.228036346905243,0.00037449353109875183
272,5,42,1.2275471912986657,-0.00011466207547861096
272,5,43,1.227534788790398,-0.0001270645837463391
272,5,44,1.227734768398733,7.291502458861565e-05
272,5,45,1.2275829054036407,-7.89479705036733e-05
272,5,46,1.2278942705054032,0.00023241713125887742
272,5,47,1.2292696164796133,0.0016077631054689512
272,5,48,1.2275225792869335,-0.0001392740872108167
272,5,49,1.2276486445245378,-1.3208849606538564e-05
272,5,50,1.2276857342029517,2.388082880733222e-05
272,5,51,1.22742977675505,-0.00023207661909441235
272,5,52,1.2277024858790846,4.0632504940241176e-05
272,5,53,1.2277800466250293,0.00011819325088491262
272,5,54,1.2275378988902685,-0.00012395448387580998
272,5,55,1.2275331995219516,-0.0001286538521927394
272,5,56,1.227574344785316,-8.750858882833334e-05
272,5,57,1.2277121389517311,5.028557758679497e-05
272,5,58,1.2275181287993848,-0.0001437245747595295
272,5,59,1.2275672815458263,-9.457182831806854e-05
272,5,60,1.227556057178003,-0.00010579619614126123
272,5,61,1.2277729221369855,0.00011106876284117106
272,5,62,1.2277965493713339,0.00013469599718951564
272,5,63,1.2274756668125169,-0.00018618656162749936
272,5,64,1.2277424862093436,8.06328351992125e-05
272,5,65,1.227856839153404,0.00019498577925958216
272,5,66,1.2274863975775236,-0.00017545579662070487
272,5,67,1.227931564452401,0.0002697110782565737
272,5,68,1.227603457640273,-5.839573387134145e-05
272,5,69,1.2275240935481744,-0.00013775982596997416
272,5,70,1.2275078372528205,-0.00015401612132381892
272,5,71,1.227604172648305,-5.76807258394485e-05
272,5,72,1.227681041519912,1.918814576762351e-05
272,5,73,1.2273865627300429,-0.00027529064410147797
272,5,74,1.227973768798887,0.0003119154247426259
272,5,75,1.227509071254732,-0.00015278211941227582
272,5,76,1.2275304898763588,-0.00013136349778553047
272,5,77,1.227671276960058,9.423585913603816e-06
272,5,78,1.227244991400946,-0.00041686197319834584
272,5,79,1.227694129689624,3.227631547964016e-05
272,5,80,1.227980672491705,0.00031881911756070913
272,5,81,1.2260953249951958,-0.0015665283789485507
272,5,82,1.2275871118182125,-7.47415559319009e-05
272,5,83,1.2276062932395777,-5.556013456664566e-05
272,5,84,1.2274687738008656,-0.0001930795732787427
272,5,85,1.2276783921768175,1.6538802673160546e-05
272,5,86,1.2275902343964926,-7.161897765173286e-05
272,5,87,1.2274424837229057,-0.0002193696512386989
272,5,88,1.2275664927000436,-9.536067410076399e-05
272,5,89,1.2275588044431665,-0.00010304893097790035
272,5,90,1.2276540939137481,-7.759460396217222e-06
272,5,91,1.2276404760029305,-2.1377371213882057e-05
272,5,92,1.2276674492391342,5.595864989826893e-06
272,5,93,1.227613622868208,-4.8230505936386336e-05
272,5,94,1.2275114346415708,-0.0001504187325735984
272,5,95,1.2277194505899511,5.7597215806781676e-05
272,5,96,1.2275198720108618,-0.00014198136328258393
272,5,97,1.2275601037045736,-0.00010174966957077203
272,5,98,1.2278874574325964,0.00022560405845206688
272,5,99,1.2279032429012413,0.00024138952709695793
272,5,100,1.2281779759983351,0.0005161226241907624
272,5,101,1.2279341022881742,0.00027224891402988227
272,5,102,1.227911294849654,0.00024944147550964857
272,5,103,1.2242195341514202,-0.0034423192227241994
272,5,104,1.227619424704355,-4.242866978931836e-05
272,5,105,1.2278510394541828,0.0001891860800384837
272,5,106,1.2274873656408671,-0.00017448773327721767
272,5,107,1.2275724833317325,-8.937004241182933e-05
272,5,108,1.2277577942236,9.594084945563353e-05
272,5,109,1.2278207586874996,0.00015890531335527314
272,5,110,1.2274152681450052,-0.00024658522913911796
272,5,111,1.2279236104589442,0.0002617570847998074
272,5,112,1.2279367375444596,0.00027488417031529266
272,5,113,1.227832694437677,0.00017084106353260076
272,5,114,1.227687914959575,2.6061585430614542e-05
272,5,115,1.2285860155303472,0.0009241621562028346
272,5,116,1.227616581584275,-4.527178986934999e-05
272,5,117,1.227516908544019,-0.00014494483012539305
272,5,118,1.227920256967037,0.00025840359289275305
272,5,119,1.227560001918025,-0.00010185145611929514
272,5,120,1.2278456808924587,0.00018382751831436117
272,5,121,1.2279702687130312,0.00030841533888681383
272,5,122,1.2275142973102795,-0.00014755606386485098
272,5,123,1.2274599879581134,-0.0002018654160309552
272,5,124,1.2276740943586983,1.2240984553990586e-05
272,5,125,1.2274926737247307,-0.00016917964941365327
272,5,126,1.2277403858173157,7.8532443171353e-05
272,5,127,1.227856464566755,0.00019461119261054982
272,6,0,1.2278967981911744,0.0002349448170300139
272,6,1,1.2277130035953916,5.1150221247242555e-05
272,6,2,1.2275425269261862,-0.00011932644795820124
272,6,3,1.22792755358527,0.00026570021112570785
272,6,4,1.2276899996331452,2.8146259000827456e-05
272,6,5,1.2278084906443123,0.00014663727016794859
272,6,6,1.2276055474731211,-5.630590102323474e-05
272,6,7,1.22754526327639,-0.00011659009775444318
272,6,8,1.2274374960924663,-0.0002243572816780226
272,6,9,1.2275172366366511,-0.00014461673749321946
272,6,10,1.2275455133656858,-0.00011634000845850423
272,6,11,1.227506859438901,-0.00015499393524343041
272,6,12,1.2274435270264328,-0.00021832634771157267
272,6,13,1.2273847931658142,-0.0002770602083301821
272,6,14,1.2274390946985965,-0.00022275867554788498
272,6,15,1.2274912982866202,-0.00017055508752417126
272,6,16,1.227657021957885,-4.831416259287735e-06
272,6,17,1.2274052156764208,-0.0002566376977235496
272,6,18,1.2274926934704848,-0.0001691599036595104
272,6,19,1.227522171110192,-0.0001396822639523343
272,6,20,1.2276234717277068,-3.838164643754638e-05
272,6,21,1.227450187129474,-0.00021166624467028328
272,6,22,1.2274660616856106,-0.00019579168853378626
272,6,23,1.2274525810519255,-0.0002092723222189008
272,6,24,1.2274783451377302,-0.0001835082364141094
272,6,25,1.2278276994779314,0.00016584610378700404
272,6,26,1.2274771246602907,-0.00018472871385366574
272,6,27,1.227454201401825,-0.00020765197231931154
272,6,28,1.2277552031900523,9.334981590791713e-05
272,6,29,1.2278343723432807,0.00017251896913639264
272,6,30,1.2274450400596444,-0.000216813314499964
272,6,31,1.227927583493797,0.0002657301196526962
272,6,32,1.2275716632355873,-9.019013855704472e-05
272,6,33,1.229200941864344,0.0015390884901995694
272,6,34,1.2280607406459252,0.0003988872717808345
272,6,35,1.227421686555178,-0.00024016681896643632
272,6,36,1.2274787082069962,-0.00018314516714812434
272,6,37,1.2275438272790429,-0.00011802609510147555
272,6,38,1.2275537375770504,-0.00010811579709391061
272,6,39,1.2277527444921874,9.089111804305716e-05
272,6,40,1.2277659777822936,0.00010412440814921986
272,6,41,1.227718455142493,5.6601768348540915e-05
272,6,42,1.2274868445706357,-0.00017500880350862502
272,6,43,1.2276630990158828,1.245641738423231e-06
272,6,44,1.2285461148776375,0.0008842615034931889
272,6,45,1.2278168854828901,0.00015503210874578954
272,6,46,1.2274677174979742,-0.00019413587617012062
272,6,47,1.2275051954662617,-0.00015665790788266243
272,6,48,1.2274266990761649,-0.0002351542979794896
272,6,49,1.2276992178651231,3.736449097879735e-05
272,6,50,1.227472998511141,-0.00018885486300335153
272,6,51,1.2275504896894056,-0.00011136368473874114
272,6,52,1.227709367780682,4.7514406537718656e-05
272,6,53,1.227825031882456,0.00016317850831160108
272,6,54,1.2278463371571071,0.00018448378296276324
272,6,55,1.227461712950425,-0.0002001404237192972
272,6,56,1.2278015235530884,0.0001396701789440069
272,6,57,1.2278910026970544,0.00022914932291007162
272,6,58,1.2274721761426284,-0.00018967723151597227
272,6,59,1.2274943288971798,-0.00016752447696455341
272,6,60,1.2274839369087145,-0.0001779164654298615
272,6,61,1.2275587750970665,-0.00010307827707789485
272,6,62,1.227420921326822,-0.00024093204732245077
272,6,63,1.2279198455473848,0.0002579921732404067
272,6,64,1.2278530272416182,0.00019117386747380394
272,6,65,1.228095979493797,0.0004341261196525448
272,6,66,1.2276333753305924,-2.8478043551993792e-05
272,6,67,1.2275349429567213,-0.00012691041742307618
272,6,68,1.2275197063902292,-0.0001421469839151257
272,6,69,1.228114553266491,0.0004526998923466419
272,6,70,1.227460774879948,-0.0002010784941963717
272,6,71,1.2278306346742887,0.00016878130014430504
272,6,72,1.2274831871320557,-0.00017866624208862092
272,6,73,1.2276587717125742,-3.0816615701478867e-06
272,6,74,1.2284527642721037,0.0007909108979593515
272,6,75,1.2277551694177335,9.331604358919776e-05
272,6,76,1.2276101469134593,-5.1706460685085887e-05
272,6,77,1.227488679980181,-0.00017317339396338838
272,6,78,1.2276854611862624,2.3607812118076055e-05
272,6,79,1.2274995766471402,-0.00016227672700419582
272,6,80,1.227824737391253,0.0001628840171086221
272,6,81,1.2277931999278706,0.0001313465537262637
272,6,82,1.2274964440491145,-0.00016540932502984163
272,6,83,1.227718321102062,5.646772791756405e-05
272,6,84,1.2274986045812621,-0.00016324879288220906
272,6,85,1.2276272872272438,-3.4566146900560923e-05
272,6,86,1.228531864331716,0.0008700109575716652
272,6,87,1.2274758118155482,-0.00018604155859613947
272,6,88,1.227725498937012,6.364556286775347e-05
272,6,89,1.227442354502586,-0.00021949887155825465
272,6,90,1.227544880092482,-0.0001169732816623803
272,6,91,1.2280135094991738,0.00035165612502940924
272,6,92,1.2274569601423517,-0.00020489323179262442
272,6,93,1.227543836177288,-0.00011801719685644585
272,6,94,1.2275660816203193,-9.577175382502467e-05
272,6,95,1.228564214581688,0.0009023612075436116
272,6,96,1.2274570834437772,-0.00020476993036711022
272,6,97,1.227888193744973,0.00022634037082869263
272,6,98,1.2274863050053164,-0.000175548368827938
272,6,99,1.2274248808361112,-0.00023697253803312002
272,6,100,1.2279114086701022,0.0002495552959578262
272,6,101,1.227681594818878,1.9741444733600844e-05
272,6,102,1.2277795175930715,0.00011766421892711598
272,6,103,1.227751508648851,8.965527470672363e-05
272,6,104,1.227598893350095,-6.29600240493744e-05
272,6,105,1.22784486224917,0.00018300887502564755
272,6,106,1.227530844498707,-0.00013100887543737727
272,6,107,1.2274251963704887,-0.00023665700365560483
272,6,108,1.2274097240660438,-0.0002521293081005904
272,6,109,1.2279054308254005,0.0002435774512561384
272,6,110,1.2274897093936674,-0.00017214398047693535
272,6,111,1.2275753326865095,-8.65206876348168e-05
272,6,112,1.2275671710521519,-9.468232199250082e-05
272,6,113,1.227571954015303,-8.989935884140543e-05
272,6,114,1.2274239409356458,-0.00023791243849857757
272,6,115,1.22745291894402,-0.00020893443012437452
272,6,116,1.2282290664598845,0.0005672130857401481
272,6,117,1.22747198054223,-0.00018987283191429505
272,6,118,1.2274503326659412,-0.00021152070820318336
272,6,119,1.2275758918488244,-8.596152531992196e-05
272,6,120,1.2275152267516232,-0.0001466266225211843
272,6,121,1.2275645701354951,-9.728323864921506e-05
272,6,122,1.22788166106691,0.00021980769276574996
272,6,123,1.2274569762432463,-0.00020487713089800685
272,6,124,1.227466460630411,-0.0001953927437332581
272,6,125,1.2275412998581436,-0.00012055351600070985
272,6,126,1.2278401067919649,0.0001782534178205175
272,6,127,1.2277118978226207,5.004444847633849e-05
272,7,0,1.2279851817903957,0.0003233284162513783
272,7,1,1.2274691840467111,-0.00019266932743322585
272,7,2,1.2276150870036924,-4.676637045197829e-05
272,7,3,1.2279480030596972,0.00028614968555285003
272,7,4,1.2276018779392566,-5.997543488778234e-05
272,7,5,1.227585547394193,-7.630597995134103e-05
272,7,6,1.2276067835211835,-5.506985296088729e-05
272,7,7,1.2275646114794239,-9.724189472049005e-05
272,7,8,1.2278417910127006,0.0001799376385562823
272,7,9,1.2276277456713591,-3.410770278522435e-05
272,7,10,1.2277546724438146,9.28190696702913e-05
272,7,11,1.2286030351397994,0.0009411817656550525
272,7,12,1.2276693242654724,7.470891328020812e-06
272,7,13,1.2277130284363618,5.1175062217412304e-05
272,7,14,1.2276853578751816,2.350450103727475e-05
272,7,15,1.2275152454630025,-0.00014660791114184946
272,7,16,1.22782532295309,0.00016346957894564085
272,7,17,1.2275946580902115,-6.719528393284158e-05
272,7,18,1.2276586954173216,-3.15795682270803e-06
272,7,19,1.2281311505186443,0.0004692971444999472
272,7,20,1.227452680420898,-0.00020917295324629492
272,7,21,1.227633455140228,-2.8398233916426818e-05
272,7,22,1.2274387710250731,-0.00022308234907120195
272,7,23,1.2275539102300885,-0.00010794314405582206
272,7,24,1.2277447158713128,8.286249716848992e-05
272,7,25,1.2277738233214022,0.00011196994725781728
272,7,26,1.2276865592154051,2.4705841260797e-05
272,7,27,1.228098771910083,0.0004369185359387462
272,7,28,1.2282146888973449,0.0005528355232005122
272,7,29,1.2275945374938668,-6.731588027752977e-05
272,7,30,1.2276372360951393,-2.4617279005045845e-05
272,7,31,1.2277107936340872,4.8940259942842346e-05
272,7,32,1.2270629547432723,-0.0005988986308720357
272,7,33,1.227467040001871,-0.00019481337227333917
272,7,34,1.227911399379615,0.00024954600547055783
272,7,35,1.2281713167774035,0.0005094634032591916
272,7,36,1.2275078822075662,-0.00015397116657811516
272,7,37,1.2275317516720634,-0.00013010170208094252
272,7,38,1.2279755945973927,0.00031374122324834275
272,7,39,1.2275153892028734,-0.00014646417127095468
272,7,40,1.2244983892609729,-0.003163464113171477
272,7,41,1.2274927301294345,-0.00016912324470985673
272,7,42,1.227622998808928,-3.885456521635078e-05
272,7,43,1.227491989514152,-0.00016986385999229192
272,7,44,1.2274606010547653,-0.00020125231937906385
272,7,45,1.2276318366550258,-3.001671911850856e-05
272,7,46,1.2284569493703799,0.0007950959962355064
272,7,47,1.227549574344991,-0.00011227902915345034
272,7,48,1.2275964585806753,-6.539479346900912e-05
272,7,49,1.2275347789287558,-0.00012707444538850865
272,7,50,1.2278652889335337,0.00020343555938939772
272,7,51,1.2274608850749191,-0.00020096829922522375
272,7,52,1.2275814544631467,-8.039891099764773e-05
272,7,53,1.2274654547057813,-0.00019639866836307363
272,7,54,1.2275454904358538,-0.00011636293829053734
272,7,55,1.2275407762676385,-0.00012107710650588466
272,7,56,1.2277341287286498,7.227535450549105e-05
272,7,57,1.2276956981545464,3.3844780402025876e-05
272,7,58,1.2276125352815659,-4.931809257846531e-05
272,7,59,1.2277238183418537,6.196496770938253e-05
272,7,60,1.2274980009164966,-0.0001638524576477174
272,7,61,1.2277693914739762,0.00010753809983188312
272,7,62,1.2276439224621956,-1.7930911948793593e-05
272,7,63,1.2274898709014563,-0.0001719824726880148
272,7,64,1.2275239429768066,-0.00013791039733779265
272,7,65,1.2275540896707802,-0.00010776370336418317
272,7,66,1.2276192848003245,-4.256857381990109e-05
272,7,67,1.2276245221958884,-3.733117825599486e-05
272,7,68,1.227772790536584,0.00011093716243970597
272,7,69,1.227648040000095,-1.3813374049265192e-05
272,7,70,1.2281017433798203,0.00043989000567590253
272,7,71,1.2275075561738,-0.00015429720034432215
272,7,72,1.2274598011985343,-0.00020205217561009015
272,7,73,1.2275690052091615,-9.284816498289494e-05
272,7,74,1.2277694365745766,0.00010758320043224856
272,7,75,1.2293855304549344,0.0017236770807900204
272,7,76,1.2276716338436253,9.78046948096889e-06
272,7,77,1.2281446275132994,0.0004827741391550955
272,7,78,1.2276425035581364,-1.9349816007929732e-05
272,7,79,1.2277451756808753,8.332230673091523e-05
272,7,80,1.2274968846615135,-0.0001649687126308308
272,7,81,1.2276360687191348,-2.5784655009575275e-05
272,7,82,1.2277370541022952,7.520072815081491e-05
272,7,83,1.2276550951511385,-6.758223005887132e-06
272,7,84,1.2276555117938848,-6.341580259583424e-06
272,7,85,1.227584221147744,-7.763222640044809e-05
272,7,86,1.2277009419785352,3.908860439083561e-05
272,7,87,1.2275181428501776,-0.00014371052396677797
272,7,88,1.2279810013189307,0.00031914794478637987
272,7,89,1.2283601191702138,0.0006982657960694638
272,7,90,1.2277259471131992,6.409373905480464e-05
272,7,91,1.227599363117418,-6.249025672633302e-05
272,7,92,1.2276063751481585,-5.547822598583885e-05
272,7,93,1.2275054908901166,-0.0001563624840277278
272,7,94,1.2275165793215534,-0.00014527405259090465
272,7,95,1.2275400318805922,-0.00012182149355211003
272,7,96,1.2277913618168994,0.00012950844275505524
272,7,97,1.2274016294619436,-0.00026022391220070773
272,7,98,1.227880507427914,0.0002186540537696402
272,7,99,1.227208072390417,-0.00045378098372728104
272,7,100,1.2275163425683369,-0.00014551080580749165
272,7,101,1.2276186310067962,-4.3222367348105806e-05
272,7,102,1.2274089907582988,-0.0002528626158455616
272,7,103,1.2278079328864733,0.0001460795123289227
272,7,104,1.227698455777138,3.660240299363515e-05
272,7,105,1.2276584837268851,-3.3696472592215088e-06
272,7,106,1.2287681028412991,0.001106249467154763
272,7,107,1.2274783540438898,-0.0001834993302545218
272,7,108,1.2278278256309203,0.00016597225677594807
272,7,109,1.2275542752198156,-0.00010757815432871354
272,7,110,1.2274773618748271,-0.00018449149931720754
272,7,111,1.2277975587479129,0.0001357053737685021
272,7,112,1.2274257799410904,-0.00023607343305398487
272,7,113,1.2277629030307886,0.00010104965664425869
272,7,114,1.227523421630448,-0.00013843174369632116
272,7,115,1.2279764310081112,0.00031457763396680605
272,7,116,1.2274950630346106,-0.0001667903395337067
272,7,117,1.227758414136553,9.6560762408604e-05
272,7,118,1.227642922663832,-1.8930710312448085e-05
272,7,119,1.2275782237519706,-8.362962217378644e-05
272,7,120,1.2274696640182947,-0.0001921893558496368
272,7,121,1.227524996605823,-0.000136856768321314
272,7,122,1.227614752854654,-4.710051949041727e-05
272,7,123,1.227691130101643,2.9276727498750432e-05
272,7,124,1.2276287218167183,-3.3131557426013813e-05
272,7,125,1.227465607062947,-0.00019624631119730118
272,7,126,1.2275395873675818,-0.0001222660065625103
272,7,127,1.2275232468896633,-0.00013860648448105195
272,8,0,1.2275869685804048,-7.488479373951584e-05
272,8,1,1.2274224339981925,-0.0002394193759518437
272,8,2,1.2276807802288998,1.8926854755463296e-05
272,8,3,1.2277846231591636,0.00012276978501923885
272,8,4,1.2276611068756136,-7.46498530768136e-07
272,8,5,1.2276551924913996,-6.6608827447023344e-06
272,8,6,1.2261404765940214,-0.001521376780122985
272,8,7,1.2274774559664536,-0.00018439740769071733
272,8,8,1.2275255913488559,-0.00013626202528849163
272,8,9,1.2276923908011994,3.053742705505513e-05
272,8,10,1.2274466890531972,-0.00021516432094714766
272,8,11,1.2284489028511798,0.0007870494770354508
272,8,12,1.2275697847300642,-9.206864408017879e-05
272,8,13,1.22781123326891,0.00014937989476559999
272,8,14,1.227534756908459,-0.00012709646568542787
272,8,15,1.2277739912633525,0.0001121378892081637
272,8,16,1.2274931142346965,-0.0001687391394478155
272,8,17,1.2275235193995007,-0.00013833397464368957
272,8,18,1.2274889045977924,-0.0001729487763519888
272,8,19,1.227656655301708,-5.198072436263246e-06
272,8,20,1.2280942923226292,0.0004324389484848812
272,8,21,1.2275074107131065,-0.00015444266103781246
272,8,22,1.2274655669896155,-0.00019628638452884317
272,8,23,1.2277841176745241,0.00012226430037975966
272,8,24,1.2274905427668719,-0.00017131060727249015
272,8,25,1.2275471550374268,-0.0001146983367175114
272,8,26,1.227561193291208,-0.00010066008293629913
272,8,27,1.2276885566441575,2.670327001319528e-05
272,8,28,1.2277162415781775,5.438820403314004e-05
272,8,29,1.2277078489885749,4.5995614430527354e-05
272,8,30,1.227649236317942,-1.2617056202257615e-05
272,8,31,1.2274664706024863,-0.00019538277165809248
272,8,32,1.2276480997868118,-1.37535873325767e-05
272,8,33,1.2276350474185365,-2.680595560788923e-05
272,8,34,1.2275204299851645,-0.0001414233889798222
272,8,35,1.2276221011401567,-3.9752233987666585e-05
272,8,36,1.227556591305211,-0.00010526206893324286
272,8,37,1.2280253487557176,0.00036349538157320893
272,8,38,1.2276283692987242,-3.3484075420142645e-05
272,8,39,1.2277754701084937,0.00011361673434939767
272,8,40,1.2275268622549578,-0.00013499111918657825
272,8,41,1.2277513233447297,8.9469970585343e-05
272,8,42,1.227482641598475,-0.00017921177566937452
272,8,43,1.2283045795257583,0.0006427261516139815
272,8,44,1.2274968957164392,-0.00016495765770518922
272,8,45,1.2275101188455593,-0.00015173452858507908
272,8,46,1.2274977094131112,-0.00016414396103314743
272,8,47,1.2276126839941974,-4.916937994692283e-05
272,8,48,1.2276106972999146,-5.115607422978563e-05
272,8,49,1.2273415529581482,-0.00032030041599617753
272,8,50,1.227663651011269,1.797637124711926e-06
272,8,51,1.2274689567769526,-0.00019289659719179397
272,8,52,1.2275346487890049,-0.0001272045851394843
272,8,53,1.2289348351050904,0.0012729817309460323
272,8,54,1.2278509906911794,0.00018913731703507075
272,8,55,1.2276604694214643,-1.3839526800119017e-06
272,8,56,1.2274445913939886,-0.00021726198015570297
272,8,57,1.2276324715761298,-2.938179801459384e-05
272,8,58,1.2277588779015876,9.702452744320134e-05
272,8,59,1.2276320088332082,-2.9844540936130315e-05
272,8,60,1.2278231470902572,0.0001612937161128425
272,8,61,1.2277051599981275,4.330662398310814e-05
272,8,62,1.2276161965573165,-4.5656816827888136e-05
272,8,63,1.2277525447926707,9.069141852635632e-05
272,8,64,1.2277072819197408,4.5428545596415404e-05
272,8,65,1.227767439184077,0.0001055858099325846
272,8,66,1.2279271447517728,0.00026529137762842936
272,8,67,1.2276366239206447,-2.522945349969774e-05
272,8,68,1.2276195222492698,-4.233112487450619e-05
272,8,69,1.2274034055609002,-0.0002584478132441337
272,8,70,1.2276527588285389,-9.094545605492499e-06
272,8,71,1.2274960132913368,-0.00016584008280751128
272,8,72,1.2275249308918839,-0.00013692248226049308
272,8,73,1.2278856767710928,0.00022382339694848596
272,8,74,1.228283851002249,0.0006219976281045536
272,8,75,1.2274403512249354,-0.00022150214920890754
272,8,76,1.2274836632298745,-0.00017819014426989632
272,8,77,1.2278249137134443,0.00016306033929991415
272,8,78,1.2276005012077067,-6.135216643765595e-05
272,8,79,1.2281076121254069,0.00044575875126251496
272,8,80,1.2279084236825326,0.0002465703083882609
272,8,81,1.2277442204618976,8.236708775322121e-05
272,8,82,1.2276596488357727,-2.2045383716307043e-06
272,8,83,1.227813894820602,0.0001520414464577513
272,8,84,1.227631384296407,-3.0469077737294015e-05
272,8,85,1.2279033325263478,0.00024147915220340543
272,8,86,1.2276735917099664,1.1738335822020218e-05
272,8,87,1.2277491242187137,8.727084456938705e-05
272,8,88,1.2277741593800002,0.0001123060058558778
272,8,89,1.2274384619546037,-0.00022339141954064168
272,8,90,1.2275748282054104,-8.702516873393407e-05
272,8,91,1.2274271294903085,-0.0002347238838358301
272,8,92,1.2274634029773095,-0.00019845039683485943
272,8,93,1.2287920980366278,0.0011302446624834595
272,8,94,1.227523329278945,-0.00013852409519943265
272,8,95,1.227674047476195,1.21941020505556e-05
272,8,96,1.227658784426716,-3.068947428408464e-06
272,8,97,1.2279597606306036,0.0002979072564592844
272,8,98,1.2276067535670696,-5.509980707474327e-05
272,8,99,1.227741379444086,7.952606994154898e-05
272,8,100,1.228036612105762,0.0003747587316176304
272,8,101,1.2277587623734019,9.690899925751673e-05
272,8,102,1.2275529379434544,-0.00010891543068991538
272,8,103,1.2274376918518843,-0.0002241615222600135
272,8,104,1.227612259640702,-4.959373344237683e-05
272,8,105,1.227605101627093,-5.6751747051331236e-05
272,8,106,1.2278234714229108,0.00016161804876646535
272,8,107,1.2278079542507643,0.00014610087661992566
272,8,108,1.2277165521434314,5.469876928709816e-05
272,8,109,1.2276908975983676,2.9044224223229165e-05
272,8,110,1.2274221067869673,-0.00023974658717706987
272,8,111,1.2275174413895291,-0.00014441198461523364
272,8,112,1.2275664631063428,-9.539026780158721e-05
272,8,113,1.2277764677626173,0.00011461438847293337
272,8,114,1.2276554565425641,-6.3968315802132025e-06
272,8,115,1.2275182960228015,-0.00014355735134286007
272,8,116,1.2275019831148077,-0.00015987025933661414
272,8,117,1.2276391916994471,-2.2661674697221912e-05
272,8,118,1.225995920598571,-0.0016659327755732534
272,8,119,1.22800434763985,0.00034249426570553965
272,8,120,1.2278673053529803,0.00020545197883592436
272,8,121,1.2275715509602734,-9.030241387097959e-05
272,8,122,1.2276159084664786,-4.594490766574033e-05
272,8,123,1.2281711846507095,0.0005093312765651614
272,8,124,1.2276879276865575,2.6074312413193468e-05
272,8,125,1.2278027039143171,0.00014085054017276555
272,8,126,1.227659742325711,-2.1110484333952684e-06
272,8,127,1.2275489357695777,-0.00011291760456666466
272,9,0,1.2276541353822028,-7.717991941547098e-06
272,9,1,1.2276489739830814,-1.2879391062980972e-05
272,9,2,1.2279172028110286,0.0002553494368842113
272,9,3,1.2276014159832391,-6.043739090522138e-05
272,9,4,1.227700623146972,3.876977282768479e-05
272,9,5,1.2277768463256675,0.00011499295152317401
272,9,6,1.227926444456406,0.00026459108226162265
272,9,7,1.2276539589901785,-7.894383965867391e-06
272,9,8,1.227678603550428,1.675017628355313e-05
272,9,9,1.2276067240769615,-5.512929718287651e-05
272,9,10,1.2279015131462414,0.00023965977209705613
272,9,11,1.2277049713598074,4.31179856630326e-05
272,9,12,1.2276383211213162,-2.3532252828140088e-05
272,9,13,1.227570364733734,-9.148864041041982e-05
272,9,14,1.227623251738202,-3.860163594238131e-05
272,9,15,1.2277208859628639,5.9032588719531986e-05
272,9,16,1.2275958131578673,-6.604021627709677e-05
272,9,17,1.2276241754714008,-3.767790274356031e-05
272,9,18,1.227814616017017,0.00015276264287256147
272,9,19,1.2255696811908992,-0.0020921721832452
272,9,20,1.2276245050525008,-3.734832164359325e-05
272,9,21,1.2278629615474848,0.00020110817334040298
272,9,22,1.2278089068955873,0.00014705352144295247
272,9,23,1.227996128513299,0.00033427513915462725
272,9,24,1.227843114466684,0.00018126109253957523
272,9,25,1.2300047013774862,0.0023428480033418353
272,9,26,1.227570056738829,-9.179663531533322e-05
272,9,27,1.2277699299358913,0.00010807656174693925
272,9,28,1.2272832556499698,-0.0003785977241745897
272,9,29,1.2276318912900557,-2.9962084088674956e-05
272,9,30,1.227580670865628,-8.11825085162976e-05
272,9,31,1.2276307866416518,-3.106673249253511e-05
272,9,32,1.2283358678771814,0.000674014503037057
272,9,33,1.2275189277740526,-0.00014292560009177002
272,9,34,1.2283500090312294,0.0006881556570850211
272,9,35,1.227965743494538,0.00030389012039355734
272,9,36,1.229062107162868,0.00140025378872366
272,9,37,1.2277496367808984,8.77834067540828e-05
272,9,38,1.2277871345984532,0.0001252812243088819
272,9,39,1.227961121139432,0.0002992677652875475
272,9,40,1.2277335126198774,7.165924573304672e-05
272,9,41,1.2277258487334897,6.399535934531464e-05
272,9,42,1.2279468031082643,0.0002849497341199658
272,9,43,1.2276323641026867,-2.9489271457627808e-05
272,9,44,1.2275141375920413,-0.0001477157821030417
272,9,45,1.2277579998251036,9.614645095923358e-05
272,9,46,1.2278623637519344,0.00020051037779000858
272,9,47,1.227603644639484,-5.82087346603366e-05
272,9,48,1.2277721314448895,0.00011027807074515117
272,9,49,1.2276429497733103,-1.8903600834008216e-05
272,9,50,1.2277804353950053,0.0001185820208609023
272,9,51,1.2276609680484918,-8.853256525664932e-07
272,9,52,1.2279805494101004,0.00031869603595602314
272,9,53,1.2275906102986267,-7.12430755176463e-05
272,9,54,1.2286027274493314,0.0009408740751870592
272,9,55,1.2276199725017436,-4.1880872400756886e-05
272,9,56,1.227904611394977,0.000242758020832623
272,9,57,1.2276075373196549,-5.431605448946719e-05
272,9,58,1.2278729988498311,0.00021114547568679143
272,9,59,1.2279212652089981,0.0002594118348537844
272,9,60,1.2265599182483504,-0.0011019351257939292
272,9,61,1.227825942655677,0.00016408928153266444
272,9,62,1.2277662054786815,0.00010435210453718646
272,9,63,1.2277358429585317,7.398958438731285e-05
272,9,64,1.2278668955878669,0.0002050422137225283
272,9,65,1.2277049161025138,4.306272836940295e-05
272,9,66,1.2277728783595168,0.0001110249853724099
272,9,67,1.2276233836981805,-3.84696759638814e-05
272,9,68,1.2278965824692945,0.0002347290951500991
272,9,69,1.2277894490768182,0.0001275957026738439
272,9,70,1.2279368336393446,0.0002749802652002309
272,9,71,1.227622193925015,-3.965944912942554e-05
272,9,72,1.2277599051153831,9.805174123878047e-05
272,9,73,1.2279328396523412,0.00027098627819688303
272,9,74,1.2279627817103071,0.0003009283361627979
272,9,75,1.227702184253376,4.0330879231609273e-05
272,9,76,1.2275883728195016,-7.348055464273529e-05
272,9,77,1.2280124853453946,0.00035063197125029255
272,9,78,1.2276147146149645,-4.7138759179832235e-05
272,9,79,1.2276095881441784,-5.226522996593097e-05
272,9,80,1.2276438275216397,-1.802585250465505e-05
272,9,81,1.2276586933183176,-3.1600558267896872e-06
272,9,82,1.2283101407526587,0.0006482873785143006
272,9,83,1.2279018882626007,0.00024003488845636411
272,9,84,1.2283759479943304,0.0007140946201860121
272,9,85,1.2276170336144907,-4.481975965364704e-05
272,9,86,1.227684912815115,2.3059440970696343e-05
272,9,87,1.2277356996954902,7.384632134588287e-05
272,9,88,1.2276540493815988,-7.803992545518668e-06
272,9,89,1.227614585106017,-4.726826812739837e-05
272,9,90,1.2278816284846334,0.00021977511048909548
272,9,91,1.227766254608731,0.0001044012345865486
272,9,92,1.227804624698842,0.00014277132469775466
272,9,93,1.2277105271611455,4.867378700113001e-05
272,9,94,1.2279709200373534,0.0003090666632090677
272,9,95,1.2277103449758646,4.849160172026856e-05
272,9,96,1.2277705937110557,0.00010874033691132823
272,9,97,1.2277974256310669,0.00013557225692251151
272,9,98,1.2279680971101794,0.00030624373603505006
272,9,99,1.2265134399543671,-0.0011484134197772278
272,9,100,1.227705534023082,4.368064893767176e-05
272,9,101,1.2276264402851496,-3.541308899479567e-05
272,9,102,1.2278085181084613,0.00014666473431690363
272,9,103,1.2277881376754836,0.00012628430133920787
272,9,104,1.2277987447993566,0.00013689142521222664
272,9,105,1.2277728765660891,0.00011102319194478127
272,9,106,1.2277576056438357,9.575226969138484e-05
272,9,107,1.2279128956577976,0.00025104228365324666
272,9,108,1.2281297963401518,0.0004679429660074952
272,9,109,1.2276940978019488,3.224442780447312e-05
272,9,110,1.2275436736155223,-0.0001181797586220501
272,9,111,1.2272989642616154,-0.000362889112528908
272,9,112,1.2281696662394954,0.000507812865351065
272,9,113,1.227828061859364,0.00016620848521964326
272,9,114,1.228353769007139,0.0006919156329947551
272,9,115,1.2277437497404404,8.189636629607477e-05
272,9,116,1.227564879103259,-9.697427088539712e-05
272,9,117,1.227625621627536,-3.6231746608272886e-05
272,9,118,1.2280358994580995,0.0003740460839551929
272,9,119,1.2280365724233877,0.000374719049243355
272,9,120,1.2277866213417634,0.00012476796761906606
272,9,121,1.2280551315905412,0.0003932782163968973
272,9,122,1.2279148648589087,0.00025301148476430946
272,9,123,1.2280048951626314,0.0003430417884870973
272,9,124,1.212560878980616,-0.015100974393528421
272,9,125,1.2280627956713943,0.0004009422972499621
272,9,126,1.2278631652628635,0.00020131188871919115
272,9,127,1.2276923184306132,3.046505646886466e-05
