class,K,step_index,sigma_j,sigma_next,ell_j,n_segments,r_D_sync_subset,sigma_E_sync_subset,sigma_Q_sync_subset,E_sync_subset,E_sync_subset_plus,Q_sync_subset,lambda_par_3,lambda_par_5,lambda_par_9,lambda_rand_3,lambda_rand_5,lambda_rand_9,lambda_max_3,lambda_max_5,lambda_max_9,lambda_par_integral,ess,max_weight,lambda_par_9_loo_max_abs_change,lambda_max_9_loo_max_abs_change,n_zero,n_invalid,invalid_ids,valid,lanczos_half_drift,lanczos_residual,gap_sync_to_directional,gap_directional_to_segment,gap_directional_to_random,secant_integral_gap,lambda_par_9_boot_lo,lambda_par_9_boot_hi,lambda_rand_9_boot_lo,lambda_rand_9_boot_hi,lambda_max_9_boot_lo,lambda_max_9_boot_hi
0,68,24,8.400935173034668,7.5133056640625,0.887629508972168,8,0.6255079549473335,-0.37449204505266653,0.42516819944603823,-0.044577423505743924,0.0,0.05060962746275482,-0.044476613078886465,-0.044476613078886465,-0.044476613078886465,-0.11879912537622705,-0.11879912537622705,-0.11879912421012007,-0.023577367810273135,-0.023577343630572838,-0.023577248314141052,-0.044593349232744585,6.556875615658837,0.21535527893671016,0.002830112550901452,0.003504487053624099,0,0,,True,1.0408340855860843e-16,2.4738577571720408e-29,0.00010081042685745889,0.020899364764745413,0.0743225111312336,-1.5925727000661027e-05,,,,,,
0,68,33,2.8655147552490234,2.51521897315979,0.3502957820892334,8,1.2425072281286755,0.24250722812867553,0.8671820464802672,0.0846295513517957,0.0846295513517957,0.3026269695145597,0.09063882401387492,0.09063925011521747,0.09063938679482153,-0.34612155139965356,-0.34612155139965356,-0.34612155139965356,0.39533298401744127,0.39533298401744127,0.39533298401744127,0.08454740655767835,7.01481445566289,0.19907967441806382,0.06803053101419344,0.14189436512329773,0,0,,True,1.0014489237875068e-12,3.0070859006613303e-22,0.006009835443025829,0.30469359722261974,0.4367609381944751,-8.214479411734754e-05,,,,,,
0,68,41,0.936654269695282,0.803593099117279,0.13306117057800293,8,1.1819258007068765,0.18192580070687647,0.5850529215681101,0.19422940416004475,0.19422940416004475,0.6246199270072649,0.24583200169589128,0.24583200169589128,0.24583200169589128,-1.0419438298701078,-1.0419438298701078,-1.0419438298701078,1.474237334615584,1.474237334615584,1.474237334615584,0.1942629955166119,6.402988113841072,0.22681773182960122,0.12986308244611147,0.13643030806314216,0,0,,True,1.530566273721945e-08,8.095364872177006e-14,0.051602597535846534,1.2284053329196927,1.287775831565999,3.3591356567164166e-05,,,,,,
0,68,48,0.29644227027893066,0.24737493693828583,0.049067333340644836,8,1.1548162468954148,0.15481624689541484,0.3783134708966728,0.5222475416537055,0.5222475416537055,1.2761792390157694,0.7841493475433782,0.804899066188632,0.8558159426154129,-3.1718218515303587,-3.171700794116714,-3.1716191953344284,4.6925129517657185,4.775717216720479,4.955386548383211,0.5210695103876097,6.139018159295411,0.2622767067396474,0.38125037695309305,0.7337810126381807,0,0,,True,0.13813633380167034,4.7520328951861905e-06,0.3335684009617075,4.099570605767798,4.027435137949841,-0.0011780312660957248,,,,,,
0,68,54,0.09262494742870331,0.07476816326379776,0.017856784164905548,8,1.082035975089411,0.08203597508941107,0.19114130744501895,0.8856790461614789,0.8856790461614789,2.063605030298637,1.1208954515039424,1.373593790832806,1.7885819362493938,-9.379596495807359,-9.376824760325375,-9.376774644453914,14.820454459113819,14.821991791383757,15.158133419864798,0.8818653578812579,5.4520714456828525,0.28503235282011935,1.0167785389106463,1.261068135455492,0,0,,True,0.010448861950432153,2.873141722131606e-06,0.9029028900879149,13.369551483615405,11.165356580703307,-0.003813688280220995,,,,,,
0,68,59,0.029532548040151596,0.02293451875448227,0.006598029285669327,8,1.025336662330732,0.025336662330732063,0.07594160386106742,0.8579233426213366,0.8579233426213366,2.571454510386961,0.7708672096347584,1.71058290679199,1.9913743983892938,-24.673632582306688,-24.656669604168332,-24.656669604168332,31.086887577480248,31.223675174965095,31.236118717127116,0.8303056638216681,5.186961392968524,0.28886265223511776,1.0138494527459625,6.88722726758569,0,0,,True,0.06596769749526743,3.2011739038186905e-05,1.1334510557679571,29.244744318737823,26.648044002557626,-0.027617678799668477,,,,,,
0,68,63,0.010116739198565483,0.007528020069003105,0.002588719129562378,8,1.0053450675925466,0.005345067592546604,0.03359705203288475,0.528338972433382,0.528338972433382,3.320936852622305,0.4502299687780421,0.7661901389703065,1.4803460228619145,-51.33839052265429,-51.323272480838945,-51.28851088505563,107.41522759373275,108.01712153508369,108.01712153508369,0.500099003863346,5.142163950829756,0.28808678450623326,0.8942241638003421,16.15994737411671,0,0,,True,0.8796848723906265,1.192267734821225e-06,0.9520070504285325,106.53677551222178,52.768856907917545,-0.028239968570035967,,,,,,
0,68,66,0.004003689158707857,0.00285416841506958,0.001149520743638277,8,1.0013312212569474,0.0013312212569474013,0.015525750885220523,0.33249865416051355,0.33249865416051355,3.8778612099425005,0.31157069743641563,0.41781026186515857,0.807672466578601,-79.54009913743877,-79.54009913743877,-79.50842593548344,153.81341165426534,154.4758856013272,158.360742976739,0.3097071342163479,5.139282289461522,0.2875872060930461,0.4804667006802828,14.691998366437616,0,0,,True,0.8969995888163567,0.0011641815535505535,0.4751738124180875,157.5530705101604,80.31609840206204,-0.022791519944165672,,,,,,
0,272,98,7.946503162384033,7.727302551269531,0.21920061111450195,8,0.6478350825856364,-0.3521649174143636,0.41076034712337167,-0.044316966874359175,0.0,0.051690704543825954,-0.044535558354774296,-0.044535558354774296,-0.044535558354774296,-0.12557201185746855,-0.12557201112765087,-0.12557201064789425,-0.02163029228287371,-0.02163029228287371,-0.0216301535191271,-0.04456768265637375,6.600286591475286,0.21461384922566268,0.0031730871232914307,0.0036611439713672006,0,0,,True,1.8041124150158794e-16,5.718398482506493e-29,-0.0002185914804151215,0.022905404835647195,0.08103645229311995,-0.00025071578201457667,,,,,,
0,272,131,2.959348201751709,2.8655147552490234,0.09383344650268555,8,1.411504618065591,0.411504618065591,1.1330935731621143,0.13905245007059716,0.13905245007059716,0.3828861951734538,0.1398025081561172,0.1398025081561172,0.1398025081561172,-0.3351984873439395,-0.3351984652118008,-0.3351984550400345,0.40467201134854297,0.40467201134854297,0.40467201134854297,0.13917350958023456,6.817245945028152,0.19669208164874535,0.11825984055508776,0.17651908592481755,0,0,,True,8.306177967654094e-11,4.9097704380203535e-21,0.0007500580855200334,0.26486950319242575,0.4750009631961517,0.00012105950963739454,,,,,,
0,272,162,1.0099793672561646,0.9727247357368469,0.03725463151931763,8,1.1740678870856467,0.1740678870856467,0.8044497632884415,0.17234796346240333,0.17234796346240333,0.7965011854389755,0.2705610576476595,0.2705610576476595,0.2705610576476595,-0.9683271204437445,-0.9683245810523219,-0.968324574162154,1.3458056687873632,1.3458508257591855,1.3458570621170294,0.17318930203365202,2.5454235972432104,0.6025015078197169,0.07269065985829731,0.1299453144338243,0,0,,True,1.9596138045585576e-09,1.1582390025801944e-14,0.09821309418525614,1.07529600446937,1.2388856318098136,0.0008413385712486843,,,,,,
0,272,192,0.29644227027893066,0.28345468640327454,0.012987583875656128,8,1.2072364158412414,0.20723641584124142,0.4493950624143857,0.6990784939214202,0.6990784939214202,1.5159614787443692,0.940256523346931,0.940256523346931,0.940256523346931,-3.1722137771210006,-3.1722137771210006,-3.1722137771210006,4.320667352558678,4.320683154354412,4.320683154354412,0.6979294860223411,2.3056408917758824,0.6416620113456524,0.5486068572902822,1.232737085162631,0,0,,True,0.002801270281004742,4.867696005943988e-09,0.2411780294255108,3.380426631007481,4.1124703004679315,-0.0011490078990791242,,,,,,
0,272,215,0.09762091189622879,0.09262494742870331,0.004995964467525482,8,1.0931796969480514,0.0931796969480514,0.3134674580503316,0.9545054961902177,0.9545054961902177,3.2110687347762954,1.2035219553189236,1.2035219553189236,1.2035219553189236,-8.781742422930357,-8.781742422930357,-8.781742422930357,14.791165189333555,14.791165189333555,14.902120619156896,0.9531484027116233,2.1190206133371983,0.6737643627264066,0.648855274611329,4.328825345471172,0,0,,True,0.020369207897730668,7.162924665558757e-07,0.24901645912870585,13.698598663837974,9.98526437824928,-0.0013570934785944733,,,,,,
0,272,236,0.029532548040151596,0.027747107669711113,0.001785440370440483,8,1.070870308558116,0.07087030855811594,0.21635382254528282,2.399735656461566,2.399735656461566,7.325944996386172,3.2998811718672085,3.2999134876769194,3.4697112051493177,-22.81835932062784,-22.81835932062784,-22.81835932062784,45.399400047390266,49.32520670247448,49.32520670247448,2.3775094726429735,1.8940162985040048,0.7172894458775975,3.0845712254860667,18.408644974595337,0,0,,True,0.0006332919366833778,6.561364214556402e-08,1.0699755486877516,45.855495497325165,26.288070525777158,-0.02222618381859265,,,,,,
0,272,252,0.010116739198565483,0.009407086297869682,0.0007096529006958008,8,1.0395894768999314,0.03958947689993142,0.12760375719312253,3.9132645532213646,3.9132645532213646,12.613131038429485,6.617472394408387,6.617630701943671,6.617656287308965,-43.06325004393106,-43.06325004393106,-43.06325004393106,152.913742075494,152.913742075494,161.33228350353997,3.869030099244378,1.769219729685669,0.7444649730640636,6.236144545384741,66.21590083797618,0,0,,True,0.14366811650421596,9.990269536674305e-07,2.7043917340876007,154.714627216231,49.68090633124003,-0.044234453976986554,,,,,,
0,272,264,0.004003689158707857,0.003684478346258402,0.00031921081244945526,8,1.0161757435526313,0.016175743552631294,0.05544270912049671,4.040209644509921,4.040209644509921,13.847905499834104,6.675337960406469,7.845761403392731,8.24227677790548,-59.50678167717034,-59.50678167717034,-59.50678167717034,237.34348274551238,237.3619469741438,237.3693919198313,3.9617084444848967,1.7204188638433555,0.7557963011490069,7.8201903185841655,98.02063681799123,0,0,,True,10.005635224822399,0.002371675191995652,4.20206713339556,229.1271151419258,67.74905845507581,-0.07850120002502425,,,,,,
1,68,24,8.400935173034668,7.5133056640625,0.887629508972168,8,0.9479230180322515,-0.05207698196774846,0.4864358654009932,-0.006198950580514563,0.0,0.05790258529340348,-0.005508339491519896,-0.005508339491519896,-0.005508339491519896,-0.11871777721446383,-0.11871777347695041,-0.11871777230565694,0.019386438359288258,0.019386438359288258,0.019386457593482974,-0.006233240659811857,4.822267264788375,0.3412090641669456,0.02139806107296637,0.01839877906648645,0,0,,True,2.3592239273284576e-16,2.3724174459861544e-27,0.0006906110889946665,0.02489479708500287,0.11320943281413705,-3.4290079297294614e-05,,,,,,
1,68,33,2.8655147552490234,2.51521897315979,0.3502957820892334,8,1.4951984838593242,0.4951984838593242,1.4483313103630275,0.172813098572333,0.172813098572333,0.505434951158422,0.217438750193084,0.21750899440600657,0.21751762898234814,-0.3451219182322898,-0.3451219182322898,-0.3451219182322898,0.68893796014166,0.68893796014166,0.68893796014166,0.17290716858116945,5.111169430144213,0.29019568898822606,0.08009266202418439,0.13629982755949666,0,0,,True,6.525335827234358e-14,1.483617367777415e-20,0.044704530410015125,0.4714203311593118,0.5626395472146379,9.407000883643324e-05,,,,,,
1,68,41,0.936654269695282,0.803593099117279,0.13306117057800293,8,1.3723148538245566,0.37231485382455665,0.740815505956944,0.39749442870279167,0.39749442870279167,0.7909167020590752,0.4538290053374936,0.568173383793887,0.568173383793887,-1.0356801144766772,-1.0355468442353035,-1.035519264052694,1.3203773118799331,1.5665550775049781,1.5665712316315235,0.3961246124530769,4.5858715659377065,0.3083098242531198,0.4063616210275497,0.43568001330549366,0,0,,True,0.0009218011965230755,3.399814091974915e-09,0.17067895509109537,0.9983978478376364,1.603692647846581,-0.0013698162497147726,,,,,,
1,68,48,0.29644227027893066,0.24737493693828583,0.049067333340644836,8,1.1857692894766945,0.18576928947669447,0.30407489153860645,0.6266626190047021,0.6266626190047021,1.0257474119749996,1.1456556592189961,1.1456556592189961,1.1845927126536142,-3.1196922472864506,-3.117903743396832,-3.117782601917706,2.576727824443411,2.5782061792700306,2.7436612333532135,0.6226470348146554,2.966761774165051,0.5272808996468205,0.810801597846897,0.935203688574842,0,0,,True,0.028359334551963933,0.0030367227288768334,0.5579300936489121,1.5590685206995993,4.30237531457132,-0.0040155841900466616,,,,,,
1,68,54,0.09262494742870331,0.07476816326379776,0.017856784164905548,8,1.0532745446788145,0.05327454467881454,0.11562315437625587,0.5751641016565416,0.5751641016565416,1.2482938731517779,0.825579447268279,0.9081166418746177,0.9726298503395612,-9.015441809020366,-9.008918549375817,-9.008902524059042,8.396450492714804,9.726175767946192,9.769677457040356,0.5625795265500835,2.6706590851408527,0.5732173304613236,0.5200220153955621,3.1108488220397437,0,0,,True,0.12016846232091716,0.009369541646947347,0.39746574868301954,8.797047606700794,9.981532374398604,-0.012584575106458162,,,,,,
1,68,59,0.029532548040151596,0.02293451875448227,0.006598029285669327,8,1.0118692728271699,0.011869272827169874,0.051600135106500175,0.40190480046058863,0.40190480046058863,1.7472293632214235,0.49695865856032195,0.6605747511971567,0.6684619223525328,-23.453786167195442,-23.453786167195442,-23.444821583875143,53.44791667380106,54.445890633237795,56.460012748924406,0.379845274777447,2.6070831382835857,0.5828938899544989,0.2281769693214616,3.9564489258495925,0,0,,True,0.00041412914849559,2.6334335715356782e-09,0.26655712189194414,55.79155082657187,24.113283506227674,-0.022059525683141623,,,,,,
1,68,63,0.010116739198565483,0.007528020069003105,0.002588719129562378,8,1.0025228065358727,0.002522806535872668,0.02961700417494399,0.24936953363692452,0.24936953363692452,2.927524728436567,0.3580859439364875,0.3988091075875478,0.44679832467587055,-54.95285874458902,-54.93536367120279,-54.92424553554614,192.64864738084987,194.20792039283882,196.90066935512965,0.23716367689325196,2.6030425343832584,0.5834882777046471,0.026997686881090943,32.61485661413636,0,0,,True,0.08234893891450668,0.0001164432795246892,0.19742879103894603,196.45387103045377,55.37104386022201,-0.012205856743672555,,,,,,
1,68,66,0.004003689158707857,0.00285416841506958,0.001149520743638277,8,1.0007775892940558,0.0007775892940558027,0.01433792780795728,0.19421819807478768,0.19421819807478768,3.5811790675040003,0.3429766365256677,0.3595175945776223,0.37752560054227025,-100.27027739554572,-100.22681129358809,-100.16410252997133,224.8649075923779,244.23140035595105,282.01993286526783,0.18767051640014018,2.6054964712710986,0.5831086099373185,0.1518195146687097,20.87367784352432,0,0,,True,1.7340865783963437,0.44531115187017506,0.18330740246748256,281.6424072647256,100.5416281305136,-0.006547681674647504,,,,,,
1,272,98,7.946503162384033,7.727302551269531,0.21920061111450195,8,1.014889129468019,0.014889129468018902,0.4920321148179424,0.0018736706150824722,0.0018736706150824722,0.06191806694887512,0.002879057968494424,0.0028790608605477326,0.0028790608605477326,-0.12547430839711654,-0.12547429883760258,-0.1254742931270018,0.032259213077723725,0.032259213077723725,0.032259213077723725,0.002519656530908478,4.827505828167396,0.2970799389600051,0.027412858863808842,0.020890115195131537,0,0,,True,3.400058012914542e-16,1.0210572496860977e-26,0.0010053902454652604,0.029380152217175992,0.12835335398754955,0.0006459859158260059,,,,,,
1,272,131,2.959348201751709,2.8655147552490234,0.09383344650268555,8,1.846706354022372,0.846706354022372,2.0139557164205875,0.28611244649115175,0.28611244649115175,0.6805403011475564,0.31154855581782803,0.31154855581782803,0.31154855581782803,-0.3342671775145708,-0.3342671775145708,-0.3342671775145708,0.6992668177557176,0.6992668177557176,0.6992687002486466,0.2885025838883183,5.182919320528521,0.3300023995447044,0.15672651262202128,0.20240899403169804,0,0,,True,1.5121237595394632e-13,1.5744279752347555e-20,0.02543610932667628,0.3877201444308186,0.6458157333323988,0.0023901373971665363,,,,,,
1,272,162,1.0099793672561646,0.9727247357368469,0.03725463151931763,8,1.9709517176505837,0.9709517176505837,1.0620731101072478,0.9613579733696856,0.9613579733696856,1.051579016898739,14.625147238567099,14.625147238567099,14.625147238567099,-0.9628779529238382,-0.9628779529238382,-0.9628778398346746,26.117689794688715,26.11769157765743,26.117694930783067,1.8321556425224759,1.1137353273491746,0.9467022639932455,13.340605118821525,23.715829657771543,0,0,,True,0.003926856248709976,9.748897532103176e-09,13.663789265197414,11.492547692215968,15.588025078401774,0.8707976691527902,,,,,,
1,272,192,0.29644227027893066,0.28345468640327454,0.012987583875656128,8,1.171096250235356,0.1710962502353559,0.2354677818280828,0.5771654969258154,0.5771654969258154,0.7943124359644281,2.778372205445927,2.7846966835789004,2.7849383299997705,-3.1092959345713993,-3.1092959345713993,-3.1092959345713993,5.935348612321246,5.935380645109392,5.93538674635013,0.2142323713431062,1.1507184109240292,0.9301210240324249,1.7007862414941035,1.7451324277267917,0,0,,True,0.037779453121537854,9.990245165060097e-06,2.207772833073955,3.15044841635036,5.894234264571169,-0.36293312558270924,,,,,,
1,272,215,0.09762091189622879,0.09262494742870331,0.004995964467525482,8,1.0407493875744436,0.040749387574443574,0.08465849695312452,0.41742477900391106,0.41742477900391106,0.8672168217719238,1.3212251201762957,1.3217749359189954,1.3309828340770895,-8.44627822444976,-8.446278220738316,-8.429498840138752,9.46830291030049,9.847665098688221,9.847665098688221,0.2135579870262723,1.1726148225733053,0.9206344518730488,0.0746966033158647,3.2792221028414783,0,0,,True,0.11570706137596432,0.0024145893846165742,0.9135580550731784,8.516682264611132,9.760481674215841,-0.20386679197763877,,,,,,
1,272,236,0.029532548040151596,0.027747107669711113,0.001785440370440483,8,1.0064414735959635,0.006441473595963476,0.029484148947982132,0.21811438644595907,0.21811438644595907,0.9983611609772491,0.9088469781779576,0.9171413386026217,0.9298163055113225,-22.286357623314228,-22.133962850707746,-22.133962850707746,54.1650559953229,54.1650559953229,54.59689482135784,0.1634002842473467,1.180615125378466,0.9172186309766075,0.16870403276856882,14.11985322929376,0,0,,True,0.001150856485040208,3.6663990034501326e-07,0.7117019190653635,53.66707851584652,23.06377915621907,-0.05471410219861236,,,,,,
1,272,252,0.010116739198565483,0.009407086297869682,0.0007096529006958008,8,1.0010006064339405,0.0010006064339405096,0.01582737647652267,0.09890602241504773,0.09890602241504773,1.5644741023636286,0.46446603095208094,0.4659071031023553,0.46856877916456974,-49.178043794576666,-48.89976345734857,-48.85528407678509,178.92269526896303,178.92343941857436,181.9092145727265,0.0894235469106128,1.1821078812441523,0.916584133035753,0.018242668064752943,146.78464909446126,0,0,,True,0.06959818529978179,4.2403677269491724e-05,0.369662756749522,181.44064579356194,49.32385285594966,-0.009482475504434928,,,,,,
1,272,264,0.004003689158707857,0.003684478346258402,0.00031921081244945526,8,1.0001973808119584,0.00019738081195841417,0.006446783133999232,0.0492997343535322,0.0492997343535322,1.6102107027908865,0.20485459482535276,0.20485468028216056,0.22994904061973814,-83.5489869759517,-83.54144838959036,-83.44233555872125,224.07857614572418,224.07857614572418,254.63160870722174,0.042516061486956226,1.182575429732313,0.9163859494081549,0.7885215164709751,335.45999584200945,0,0,,True,0.49995670526959657,0.1707425317706591,0.18064930626620596,254.401659666602,83.672284599341,-0.006783672866575975,,,,,,
2,68,24,8.400935173034668,7.5133056640625,0.887629508972168,8,0.7947834953335895,-0.2052165046664105,0.3355980594095176,-0.024427816717966674,0.0,0.039947702547059365,-0.024606464235096936,-0.02460646225487232,-0.02460646225487232,-0.11881776669074301,-0.11881776669074301,-0.11881776669074301,0.015348163131998549,0.015348163131998549,0.015348163131998549,-0.0246767648354817,4.1604520774354015,0.4299137072450457,0.016175707048862675,0.040762553410239905,0,0,,True,1.5612511283791264e-16,1.2211152919499693e-30,-0.00017864553690564652,0.03995462538687087,0.0942113044358707,-0.0002489481175150278,,,,,,
2,68,33,2.8655147552490234,2.51521897315979,0.3502957820892334,8,1.1157460018008782,0.11574600180087824,0.5455487946317105,0.04039274325454294,0.04039274325454294,0.19038422106617292,0.04562853649313531,0.04562853649313531,0.04562853649313531,-0.34643137101882726,-0.34643137101882726,-0.34643137101882726,0.12822622383763113,0.12822622383763113,0.12822622383763113,0.04047663653728345,2.6468358000580405,0.5783971166083389,0.08710032211283186,0.1250033556006099,0,0,,True,5.825120941160833e-10,1.002010891480102e-18,0.0052357932385923706,0.08259768734449582,0.39205990751196257,8.389328274051311e-05,,,,,,
2,68,41,0.936654269695282,0.803593099117279,0.13306117057800293,8,1.1327729668649065,0.13277296686490647,0.5589987852796385,0.14175237455342085,0.14175237455342085,0.5968037549879481,0.1689395358111119,0.1689395358111119,0.1689395358111119,-1.039875800038028,-1.039875800038028,-1.039875800038028,1.2538709347319772,1.2538709347319772,1.2538709347319772,0.14179186101657604,4.251162184658326,0.3300553537702217,0.08327208828218827,0.31312001671683576,0,0,,True,7.521901990159563e-10,5.489813186393618e-14,0.02718716125769105,1.0849313989208653,1.2088153358491398,3.948646315518611e-05,,,,,,
2,68,48,0.29644227027893066,0.24737493693828583,0.049067333340644836,8,1.2173202260084104,0.2173202260084104,0.4956180545161908,0.7330945947888196,0.7330945947888196,1.6718872583516857,0.8910896228717546,0.9828748268666045,0.9828748268666045,-3.1253991300852357,-3.1253991300852357,-3.1253666699866045,3.5274073907683587,3.659381254621676,3.659381254621676,0.7303367355419882,5.9948019273500925,0.21496347209134126,0.5413202669015568,0.5575041699214136,0,0,,True,0.045832965717316654,6.072653429057306e-07,0.249780232077785,2.676506427755071,4.108241496853209,-0.0027578592468313623,,,,,,
2,68,54,0.09262494742870331,0.07476816326379776,0.017856784164905548,8,1.0756484527226535,0.07564845272265353,0.16721526388861388,0.8167179018469383,0.8167179018469383,1.8052940220810962,1.2840317561494334,1.2977561279242866,1.2977561279242866,-8.75108212720328,-8.75108212720328,-8.75108212720328,6.770413558044376,6.770413558044376,6.770413558044376,0.8146368826067948,5.349677254656378,0.31689897798700295,0.7309961759450847,0.40754700758636275,0,0,,True,0.4284888813343839,0.021881054777069014,0.48103822607734836,5.472657430120089,10.048838255127565,-0.002081019240143478,,,,,,
2,68,59,0.029532548040151596,0.02293451875448227,0.006598029285669327,8,1.0182518221986583,0.018251822198658285,0.061169186608826774,0.6180239569522967,0.6180239569522967,2.071246494737363,0.8262475784102995,0.8262475784102995,0.9025628887339289,-21.160136154088132,-21.15967897069211,-21.15967897069211,22.43930933710867,22.4405040429567,22.46257975628632,0.6158373693456326,5.183203387729603,0.334015625538757,0.30416671036873943,3.806550133616973,0,0,,True,0.3888117273076439,0.03975414620559997,0.28453893178163214,21.56001686755239,22.062241859426038,-0.0021865876066641254,,,,,,
2,68,63,0.010116739198565483,0.007528020069003105,0.002588719129562378,8,1.0039183436697092,0.003918343669709223,0.025581590908259837,0.38731290713363753,0.38731290713363753,2.528639950695498,0.4459997590519631,0.5009533453216147,0.5009858847098656,-41.39747796473523,-41.39747796473523,-41.39747796473523,93.18790570453633,93.19633081813268,93.35676846265629,0.38560680550575377,5.173011796027668,0.3351499571098954,0.05508025583049331,37.698124893968824,0,0,,True,6.371304156506213,0.02945808107793549,0.11367297757622807,92.85578257794643,41.89846384944509,-0.0017061016278837604,,,,,,
2,68,66,0.004003689158707857,0.00285416841506958,0.001149520743638277,8,1.0009862001102245,0.0009862001102245443,0.011475805034944343,0.24632284653757403,0.24632284653757403,2.8663076927400684,0.28341292326688206,0.30529491784760987,0.30562427877448606,-61.25766642234957,-61.25766642234957,-61.25766642234957,125.49502757116504,125.49502757116504,125.49502757116504,0.24535949815934105,5.175674981182409,0.3350069006623322,0.029822550928332137,46.571682883777,0,0,,True,6.764321662881738,0.03185621033283869,0.05930143223691203,125.18940329239055,61.56329070112406,-0.0009633483782329755,,,,,,
2,272,98,7.946503162384033,7.727302551269531,0.21920061111450195,8,0.8782785317883742,-0.12172146821162577,0.3435845129153516,-0.015317614015157337,0.0,0.043237195769550624,-0.015593099318025497,-0.015593099318025497,-0.015593099318025497,-0.1255917174174021,-0.1255917174174021,-0.12559171514378803,0.030355467457055148,0.03036016617125758,0.03036954532471286,-0.015611050098503658,3.7073661492502583,0.47112559900719064,0.024497704668659543,0.054161992833878556,0,0,,True,2.233456475320139e-16,6.556099129572926e-30,-0.00027548530286816003,0.04596264464273836,0.10999861582576254,-0.0002934360833463205,,,,,,
2,272,131,2.959348201751709,2.8655147552490234,0.09383344650268555,8,1.1259210029072237,0.12592100290722374,0.5077600357136661,0.04255024901520142,0.04255024901520142,0.1715783345174153,0.043010868051811195,0.043010868051811195,0.043010868051811195,-0.33552536700367996,-0.33552536700367996,-0.33552536700367996,0.11094791531685617,0.11094791531685617,0.11094791531685617,0.041538841590987974,2.6912247510200586,0.5670404481760561,0.07731252133779998,0.10027204438455879,0,0,,True,5.067074745901401e-10,4.647543092837774e-19,0.00046061903660977316,0.06793704726504499,0.37853623505549117,-0.001011407424213448,,,,,,
2,272,162,1.0099793672561646,0.9727247357368469,0.03725463151931763,8,1.1578354940949604,0.15783549409496045,0.5593261131413992,0.15627595890771112,0.15627595890771112,0.5537995441044841,0.16336934080524035,0.16336934080524035,0.16336934080524035,-0.9659684308217176,-0.9659684308217176,-0.9659684308217176,1.0414998297916833,1.0414998297916833,1.0414998297916833,0.15572923461209312,4.347491846810299,0.3217110482537395,0.07911041588775558,0.26821174632082756,0,0,,True,1.426136814197676e-08,4.676966048789777e-13,0.007093381897529227,0.878130488986443,1.129337771626958,-0.0005467242956180007,,,,,,
2,272,192,0.29644227027893066,0.28345468640327454,0.012987583875656128,8,1.228164041852568,0.2281640418525679,0.6952524034512506,0.7696744517503596,0.7696744517503596,2.3453214104623763,0.8118615282919927,0.8118615282919927,0.8120992497148922,-3.1203758315319945,-3.120363748460017,-3.1203467145314123,3.937904940347341,3.995271311541214,3.995271311541214,0.7683478548651825,6.539095678241592,0.2400717603803536,0.35243009163996075,1.1517592584190717,0,0,,True,0.0032595884805286524,1.777786719766238e-06,0.04242479796453258,3.1831720618263217,3.9324459642463045,-0.0013265968851771115,,,,,,
2,272,215,0.09762091189622879,0.09262494742870331,0.004995964467525482,8,1.1541275039976036,0.15412750399760355,0.29835696109391685,1.5788369623246439,1.5788369623246439,3.0562812341998082,2.805672014828723,2.8235570080193786,2.825682431027186,-8.444672103908768,-8.443997749596761,-8.443915750024065,8.679018408455345,8.679018408455345,8.679018408455345,1.576664677847555,5.08454597122106,0.3420289638416035,1.5715326082517327,1.9894431487756714,0,0,,True,0.5640018206327833,0.009085406077592256,1.246845468702542,5.853335977428159,11.26959818105125,-0.002172284477088837,,,,,,
2,272,236,0.029532548040151596,0.027747107669711113,0.001785440370440483,8,1.0358684504929812,0.03586845049298115,0.11841011258675799,1.2145396477207264,1.2145396477207264,4.009478370297444,1.358848848363472,1.4149803159499221,1.4236268392441394,-22.277439147475604,-22.277439147475604,-22.277439147475604,29.083812252600428,29.445667137703396,29.445667137703396,1.2114781035480038,4.670146187287637,0.36077166657295173,0.5509532274639525,4.995861578771539,0,0,,True,0.31142500398378914,0.00318093654124075,0.20908719152341293,28.022040298459256,23.701065986719744,-0.003061544172722641,,,,,,
2,272,252,0.010116739198565483,0.009407086297869682,0.0007096529006958008,8,1.0139944870472837,0.013994487047283677,0.08836931668842347,1.3833001694130895,1.3833001694130895,8.73496044070741,1.6114311242475314,1.6141602974731775,1.6252131793223261,-47.68671838915295,-47.68671838915295,-47.68661013575245,128.69656544552623,128.69656544552623,130.9310517289341,1.3778318894756183,4.626882629713104,0.35422095334681725,1.2361004323804885,13.734141144800816,0,0,,True,2.7557653886567017,0.004712944517543691,0.2419130099092366,129.3058385496118,49.311823315074776,-0.005468279937471232,,,,,,
2,272,264,0.004003689158707857,0.003684478346258402,0.00031921081244945526,8,1.0069015231132665,0.006901523113266528,0.047118756193648414,1.7237909437239909,1.7237909437239909,11.768834773590523,2.412738846935447,2.423172041442705,2.423172041442705,-77.64281015941613,-77.64281015941613,-77.64281015941613,201.37058242644304,209.05262652440047,209.12122368912128,1.7089553407676794,4.61004575518359,0.348603115975378,2.110996493897531,65.10565944377723,0,0,,True,4.36426506523156,0.008009563870995015,0.699381097718714,206.69805164767857,80.06598220085884,-0.014835602956311478,,,,,,
3,68,24,8.400935173034668,7.5133056640625,0.887629508972168,8,0.6420047639848865,-0.3579952360151135,0.44565964971548455,-0.042613736285480104,0.0,0.05304881427319704,-0.040911369022051405,-0.040911369022051405,-0.040911369022051405,-0.11872719455758213,-0.11872719455758213,-0.11872719455758213,-0.0175008198635324,-0.0175008198635324,-0.0175008198635324,-0.04254892749041136,3.607220045234418,0.46718246315201484,0.013243448189328585,0.00774952328261426,0,0,,True,1.3183898417423734e-16,4.949056608541823e-27,0.0017023672634286988,0.023410549158519006,0.07781582553553072,6.480879506874648e-05,,,,,,
3,68,33,2.8655147552490234,2.51521897315979,0.3502957820892334,8,0.8614972142075846,-0.13850278579241537,0.5375452421136019,-0.04833434744619872,0.0,0.18759116180746635,-0.043229343305538286,-0.043229343305538286,-0.043229343305538286,-0.3457650467656023,-0.3457650467656023,-0.3457650467656023,0.2446419293866275,0.2446419293866275,0.24464972773035026,-0.04854540098117259,5.425890160038738,0.31109362994304235,0.028512848326268644,0.018048297398992053,0,0,,True,1.6129320101754274e-11,2.3278444950962468e-20,0.005105004140660431,0.28787907103588856,0.30253570346006403,-0.00021105353497387347,,,,,,
3,68,41,0.936654269695282,0.803593099117279,0.13306117057800293,8,1.1162848264751002,0.11628482647510019,0.42811252468301436,0.12414914471369534,0.12414914471369534,0.45706568424899247,0.14637446089819783,0.14637446089819783,0.14637446089819783,-1.03744070426269,-1.03744070426269,-1.03744070426269,1.4451359748839536,1.445369755722505,1.445369755722505,0.12431958461086862,7.567227549724611,0.16091632253241275,0.027577201877989788,0.1992611439512202,0,0,,True,0.0006906009164677762,1.6879139682348167e-10,0.02222531618450249,1.298995294824307,1.183815165160888,0.00017043989717327457,,,,,,
3,68,48,0.29644227027893066,0.24737493693828583,0.049067333340644836,8,1.0944658873508468,0.09446588735084682,0.3038696902277405,0.31866537542692974,0.31866537542692974,1.025055198578196,0.37215345622567686,0.37215345622567686,0.37215345622567686,-3.1256196054857495,-3.1256196054857495,-3.1256196054857495,3.8706214885115995,3.871057890372566,3.8714503304296124,0.3184979794160781,7.496177584457929,0.16215980010361453,0.098557581359909,0.5435718068996791,0,0,,True,0.09115345415686038,2.1956673502414818e-07,0.05348808079874712,3.4992968742039356,3.497773061711426,-0.00016739601085163924,,,,,,
3,68,54,0.09262494742870331,0.07476816326379776,0.017856784164905548,8,1.0351931974032675,0.03519319740326754,0.11202793459521028,0.3799537638642871,0.3799537638642871,1.2094790626622718,0.42535043571306724,0.4279551566460352,0.42844990335972516,-8.950193603268922,-8.950193603268922,-8.950193603268922,6.024280609510606,6.026021908878776,6.026021908878776,0.3797257157052337,7.358834481125409,0.18184954213882293,0.052252432218927114,0.5863616060902013,0,0,,True,0.6091036812018338,0.01493923824370301,0.04849613949543807,5.5975720055190505,9.378643506628647,-0.0002280481590533623,,,,,,
3,68,59,0.029532548040151596,0.02293451875448227,0.006598029285669327,8,1.008721753026866,0.008721753026865953,0.041477714503597204,0.295326804006485,0.295326804006485,1.4044746307431824,0.31771536511050114,0.3180783657743247,0.31873527998177376,-22.5490601450222,-22.5490601450222,-22.5490601450222,21.18114095785808,21.183013040906417,21.183013040906417,0.2952570397960664,7.3338182730710315,0.18622577462019957,0.030048162738480877,2.3562809905082034,0,0,,True,0.5766045746685986,0.004692048640933578,0.02340847597528878,20.864277760924644,22.867795425003973,-6.976421041859915e-05,,,,,,
3,68,63,0.010116739198565483,0.007528020069003105,0.002588719129562378,8,1.0018614858549826,0.0018614858549825808,0.019541295984677513,0.18400057750293025,0.18400057750293025,1.9315804827160512,0.20689853085045884,0.20701455543599906,0.20707341343449087,-45.89962509199691,-45.89962509199691,-45.89962509199691,86.16270865033306,86.16270865033306,86.16270865033306,0.18397266764793013,7.329407858401508,0.18702944930989274,0.0178624336079021,11.057525143389043,0,0,,True,3.7015583453371548,0.048607142059128,0.02307283593156062,85.95563523689857,46.1066985054314,-2.790985500011889e-05,,,,,,
3,68,66,0.004003689158707857,0.00285416841506958,0.001149520743638277,8,1.000494482660292,0.0004944826602919505,0.008616013712208314,0.12350675606683185,0.12350675606683185,2.152018643472569,0.13877345570789895,0.13877345570789895,0.1387800933421168,-68.68723450052063,-68.68723450052063,-68.68723450052063,91.64693991601064,91.64693991601064,91.64693991601064,0.12340545817370874,7.328623176732416,0.18721685152280343,0.017971907777080937,12.525786558696296,0,0,,True,5.216343847861729,9.507368799221696,0.015273337275284946,91.50815982266852,68.82601459386275,-0.00010129789312311732,,,,,,
3,272,98,7.946503162384033,7.727302551269531,0.21920061111450195,8,0.6142453451486338,-0.3857546548513662,0.46289448880636874,-0.04854395033495913,0.0,0.058251343936733,-0.04830002508338499,-0.04830001813138497,-0.04829974346928346,-0.12549528085871337,-0.12549528085052636,-0.12549527994413562,-0.018543965525915494,-0.018543955383025387,-0.018543688102466642,-0.04867270501474478,3.558282379444725,0.47314812314259946,0.00441443087076452,0.0020007304182058892,0,0,,True,1.8634399578942862e-14,7.472950626364172e-26,0.0002442068656756738,0.029756055366816817,0.07719553647485217,-0.0001287546797856462,,,,,,
3,272,131,2.959348201751709,2.8655147552490234,0.09383344650268555,8,0.8691942546252046,-0.1308057453747954,0.5388994725016224,-0.04420086331759417,0.0,0.1821007315673887,-0.04370356034841707,-0.04370356034841707,-0.04370356034841707,-0.3349390690547174,-0.3349390690547174,-0.3349390690547174,0.22183693160371398,0.22183693160371398,0.22184046559075138,-0.044755560489672906,5.6896685131302815,0.28621942682942575,0.03160732833007815,0.02094800829734053,0,0,,True,6.825980197744386e-10,2.4122398946261077e-19,0.0004973029691771047,0.2655440259391684,0.29123550870630033,-0.000554697172078733,,,,,,
3,272,162,1.0099793672561646,0.9727247357368469,0.03725463151931763,8,1.1289336402869061,0.12893364028690613,0.44877941419493395,0.12765967748151458,0.12765967748151458,0.44434513094474776,0.13107151025884517,0.13107151025884517,0.13107151025884517,-0.9636850556982168,-0.9636850556982168,-0.9636850556982168,1.2202789935853517,1.2202789935853517,1.2202810336601193,0.1279282710225626,7.494301971981563,0.18424413085895783,0.02631129956159811,0.1476914277768675,0,0,,True,1.9070870205251111e-07,5.040872318078944e-13,0.0034118327773305923,1.0892095234012742,1.094756565957062,0.00026859354104802335,,,,,,
3,272,192,0.29644227027893066,0.28345468640327454,0.012987583875656128,8,1.0922404497164142,0.09224044971641421,0.2598443058742642,0.31115822190142667,0.31115822190142667,0.8765426928817188,0.32502508978182876,0.32502508978182876,0.32502508978182876,-3.12254307694735,-3.1225429772075213,-3.122540418596198,3.539871351908543,3.539871351908543,3.539871351908543,0.3109433254303878,7.327359929673774,0.19187627593290116,0.03624034631049344,0.3884559077318057,0,0,,True,0.037065590135501036,3.5039419860931428e-06,0.01386686788040209,3.214846262126714,3.4475655083780268,-0.00021489647103889453,,,,,,
3,272,215,0.09762091189622879,0.09262494742870331,0.004995964467525482,8,1.0545566287714125,0.05455662877141254,0.1583032609909448,0.558862109682056,0.558862109682056,1.6216121926746747,0.628700249676649,0.628700249676649,0.6287101954814364,-8.516327745278765,-8.516327745278765,-8.516327745278765,5.993978604321319,5.993978604321319,5.994073182558724,0.5585242161806458,7.2319238484594655,0.18146598910481102,0.188833375548784,0.6178907375719414,0,0,,True,0.6287197040337063,0.0013207028457408179,0.0698480857993804,5.365362987077288,9.145037940760202,-0.00033789350141011365,,,,,,
3,272,236,0.029532548040151596,0.027747107669711113,0.001785440370440483,8,1.0139605345728377,0.013960534572837746,0.05638274707035419,0.47271690048069703,0.47271690048069703,1.9091731263315934,0.5641939933148956,0.5641939933148956,0.5641939933148956,-22.266652289585142,-22.266652289585142,-22.266652289585142,22.03105397434959,22.03105397434959,22.03126568738776,0.47250371717932393,7.220354156548779,0.19178467408848088,0.12870570081998023,2.2667843617581944,0,0,,True,0.7061019448064378,5.432682288795115e-05,0.09147709283419858,21.467071694072864,22.830846282900037,-0.00021318330137309882,,,,,,
3,272,252,0.010116739198565483,0.009407086297869682,0.0007096529006958008,8,1.0027491547018663,0.0027491547018663187,0.023795281563382,0.2717431622885108,0.2717431622885108,2.352070276434138,0.2884013474746945,0.2884350718127039,0.288473805230553,-44.5395959281573,-44.5395959281573,-44.5395959281573,77.76327114245963,77.76575457927257,77.76575457927257,0.2716292700684913,7.210496887405236,0.19425026032506196,0.06160625432417163,12.625604653266151,0,0,,True,0.4683476105849529,0.003061778729482613,0.016730642942042184,77.47728077404201,44.82806973338785,-0.00011389222001950694,,,,,,
3,272,264,0.004003689158707857,0.003684478346258402,0.00031921081244945526,8,1.000728160113255,0.0007281601132549387,0.010955308777328001,0.18187228937871483,0.18187228937871483,2.736303529833394,0.2008669706540873,0.2008669706540873,0.2008669706540873,-65.00335367016902,-65.00335367016902,-65.00335367016902,77.23837228954292,77.26392624642814,77.4443268028761,0.18090356957176548,7.209013536096644,0.19470095429692053,0.026964399057388094,15.904811772869337,0,0,,True,14.157070641462596,1.0457227411292813,0.01899468127537246,77.24345983222202,65.20422064082311,-0.0009687198069493475,,,,,,
4,68,24,8.400935173034668,7.5133056640625,0.887629508972168,8,0.7770190417048228,-0.22298095829517717,0.3590200140721196,-0.02654239720964658,0.0,0.042735720092746635,-0.026480932949430783,-0.026480932949430783,-0.026480932949430783,-0.11883815253571361,-0.11883815253571361,-0.11883815188805769,-0.015657665377273346,-0.015657665377273346,-0.015656655054883162,-0.02659044274698911,4.339508540002692,0.3792636324792948,0.020547114712673335,0.01614819424980064,0,0,,True,1.457167719820518e-16,1.7892336373353303e-29,6.146426021579748e-05,0.01082427789454762,0.0923572189386269,-4.8045537342528144e-05,,,,,,
4,68,33,2.8655147552490234,2.51521897315979,0.3502957820892334,8,1.082106909647405,0.08210690964740497,0.3076905257720887,0.02865345903279761,0.02865345903279761,0.10737705161296554,0.03068559135941317,0.030685881276318556,0.030685881276318556,-0.3464002823425245,-0.3464002823425245,-0.3464002823425245,0.14110663200635334,0.14110663200635334,0.14110663200635334,0.028542390120631176,5.548698824413726,0.31482582876522636,0.015184957625536037,0.017759528460666904,0,0,,True,1.5738160011324887e-09,5.520658587864356e-18,0.0020324222435209455,0.1104207507300348,0.37708616361884306,-0.00011106891216643502,,,,,,
4,68,41,0.936654269695282,0.803593099117279,0.13306117057800293,8,1.0906378614056778,0.09063786140567776,0.35792611844861505,0.09676768081691936,0.09676768081691936,0.38213258619432516,0.10603589391341336,0.10603589391341336,0.10603589391341336,-1.0396857955785552,-1.0396857955785552,-1.0396857955785552,1.4649690289875301,1.4650841056588675,1.4650841056588675,0.09671380524867462,6.127330891582029,0.27542689366225104,0.02028189924182619,0.27901791292645384,0,0,,True,3.531343526486097e-07,2.2883862904283058e-12,0.009268213096494005,1.359048211745454,1.1457216894919686,-5.3875568244737826e-05,,,,,,
4,68,48,0.29644227027893066,0.24737493693828583,0.049067333340644836,8,1.0737784971535755,0.07377849715357554,0.3087023650533656,0.2488798142186515,0.2488798142186515,1.0413574446144238,0.2960562507191352,0.2960562507191352,0.29613262328201445,-3.1290880548328746,-3.1290880548328746,-3.1290840820501753,3.392183422889861,3.4060707904166323,3.4060707904166323,0.24908961270141303,6.592780460232791,0.23280412030513,0.05477668988936668,0.30255478847698836,0,0,,True,0.0073357558526252475,8.621461294641619e-06,0.04725280906336296,3.109938167134618,3.42521670533219,0.00020979848276153623,,,,,,
4,68,54,0.09262494742870331,0.07476816326379776,0.017856784164905548,8,1.0368399157712427,0.03683991577124268,0.13524390313451165,0.39773210991131375,0.39773210991131375,1.4601239394884802,0.5066789265405064,0.5072905240149259,0.5087958282341594,-8.820795658986583,-8.820795658986583,-8.820795658986583,6.594292838674921,6.61651933670324,6.616942437782055,0.3977183551213027,6.6918632988337725,0.20922225715583445,0.15555860967871799,0.7545234093539364,0,0,,True,0.07192411933859866,6.094725905205038e-06,0.11106371832284562,6.108146609547895,9.329591487220743,-1.3754790011033524e-05,,,,,,
4,68,59,0.029532548040151596,0.02293451875448227,0.006598029285669327,8,1.0128923277359432,0.012892327735943176,0.0593958243043267,0.43654640698171865,0.43654640698171865,2.011198770372738,0.4629634985280716,0.5168394701005756,0.5170074588671608,-21.721228780045344,-21.721228780045344,-21.721228780045344,28.80125389213388,28.816027896802836,28.816027896802836,0.43590976550343374,6.740080466840883,0.19946176388964706,0.2007762002144401,3.8145819465872464,0,0,,True,0.9676563839301231,5.651103467034431e-05,0.08046105188544217,28.299020437935674,22.238236238912506,-0.000636641478284905,,,,,,
4,68,63,0.010116739198565483,0.007528020069003105,0.002588719129562378,8,1.0034725129488886,0.0034725129488886175,0.03657510989652365,0.34324428857284445,0.34324428857284445,3.615306194876494,0.4231315289534855,0.4231315289534855,0.43488376148568875,-46.48637619215314,-46.48637619215314,-46.48637619215314,149.28292736184954,149.28292736184954,149.28292736184954,0.3428423213450571,6.757294921092089,0.19645951259670774,0.11166037459918954,19.553509812365405,0,0,,True,0.6090634088263513,0.014692867779646492,0.0916394729128443,148.84804360036387,46.921259953638824,-0.0004019672277873476,,,,,,
4,68,66,0.004003689158707857,0.00285416841506958,0.001149520743638277,8,1.0012420207433084,0.0012420207433083696,0.022170418586188314,0.3102190739775655,0.3102190739775655,5.537497469794471,0.37770580175690094,0.37908122920123,0.3917919848769204,-80.44225524974769,-80.44225524974769,-80.44225524974769,148.098776557005,148.10969483714277,148.1243155777811,0.3097814076145993,6.765551991099173,0.19573677494553104,0.11772429588772759,25.223403431551176,0,0,,True,5.829944375265498,3.1419591315949447,0.08157291089935492,147.73252359290416,80.8340472346246,-0.00043766636296616035,,,,,,
4,272,98,7.946503162384033,7.727302551269531,0.21920061111450195,8,0.8074492394367956,-0.19255076056320442,0.34093506506422816,-0.024230879498629333,0.0,0.04290378523702042,-0.02392647152059762,-0.023926282665807944,-0.023926282665807944,-0.1256145050548046,-0.12561450281000575,-0.1256145027599251,-0.012589711216922494,-0.012589707709087395,-0.012589678517164487,-0.023964523727435613,4.196262151224192,0.39467410003290676,0.022257733648416544,0.01768582970915348,0,0,,True,1.1275702593849246e-16,2.911269318974227e-29,0.00030459683282138897,0.011336604148643457,0.10168822009411717,0.00026635577119371937,,,,,,
4,272,131,2.959348201751709,2.8655147552490234,0.09383344650268555,8,1.0959949786933545,0.0959949786933545,0.3170389616098099,0.03243787893446698,0.03243787893446698,0.10713134784955246,0.03264008580044732,0.03264008580044732,0.03264008580044732,-0.3354879591382943,-0.3354879591382943,-0.3354879591382943,0.12975269885599494,0.12975269885599494,0.12976127271711216,0.032071049198696404,5.404933793370199,0.32711808803770837,0.018023581946726448,0.014539085134845059,0,0,,True,2.489273613626164e-10,4.1008448983563094e-18,0.00020220686598033943,0.09712118691666484,0.3681280449387416,-0.0003668297357705755,,,,,,
4,272,162,1.0099793672561646,0.9727247357368469,0.03725463151931763,8,1.1049281099844086,0.1049281099844086,0.40543267102886593,0.10389134014635304,0.10389134014635304,0.4014266866959022,0.10602745736002986,0.10602745736002986,0.10602745736002986,-0.9660220154061182,-0.9660220154061182,-0.9660220154061182,1.323365230214574,1.3233705016104707,1.3233989690827088,0.10407598732904673,5.992897205134559,0.2881992876288596,0.021689512112130216,0.2527177846382296,0,0,,True,2.0313816662120843e-07,1.5666589458746034e-12,0.002136117213676819,1.2173715117226789,1.072049472766148,0.00018464718269368963,,,,,,
4,272,192,0.29644227027893066,0.28345468640327454,0.012987583875656128,8,1.109695911144868,0.1096959111448681,0.3958246631341735,0.37004139470950687,0.37004139470950687,1.335250410684452,0.3957779397374023,0.3957779397374023,0.3957779397374023,-3.126303327660118,-3.126303327660118,-3.126303327660118,3.3492550867348863,3.3492671423475406,3.3492876084672396,0.3708353858480236,6.4630992745953755,0.22592643457243328,0.15755817505022476,0.49360089684561625,0,0,,True,0.17615498249441153,8.571044958897951e-06,0.025736545027895408,2.9535096687298372,3.5220812673975206,0.0007939911385167475,,,,,,
4,272,215,0.09762091189622879,0.09262494742870331,0.004995964467525482,8,1.0477578542367416,0.047757854236741615,0.14084941633302453,0.4892174566808831,0.4892174566808831,1.4428201252898325,0.5030088231846304,0.5046229348247115,0.504911126457259,-8.408624786109755,-8.408624786109755,-8.408624786109755,5.288228735417763,5.288228735417763,5.288228735417763,0.48903639645412766,6.104816427797323,0.256954515454334,0.228550635237035,0.2248175172829061,0,0,,True,0.9653836076471567,0.0007675649054082651,0.015693669776375874,4.7833176089605045,8.913535912567013,-0.0001810602267554584,,,,,,
4,272,236,0.029532548040151596,0.027747107669711113,0.001785440370440483,8,1.0144175189233402,0.0144175189233402,0.05797449091787278,0.4881908226726173,0.4881908226726173,1.9630710780205063,0.5040790441028563,0.5054025744060571,0.5065581413614936,-21.492823306988015,-21.492823306988015,-21.492823306988015,27.5892751850877,27.5892751850877,27.589368756041303,0.48745255471280985,5.952625567371817,0.276256852810091,0.1906402308895907,3.624520994613473,0,0,,True,0.11129991991579935,2.2246543761313127e-05,0.018367318688876255,27.082810614679808,21.99938144834951,-0.0007382679598074704,,,,,,
4,272,252,0.010116739198565483,0.009407086297869682,0.0007096529006958008,8,1.0041100790350537,0.004110079035053671,0.054517305428365026,0.4062651961648339,0.4062651961648339,5.388821868225622,0.470592282738845,0.470592282738845,0.48370200715641953,-46.10925389468984,-46.10925389468984,-46.10925389468984,142.79394946411793,142.79394946411793,142.98485084380516,0.40625937536028156,5.931879796996628,0.27947319141718163,0.21034542192414046,44.066591043447815,0,0,,True,0.9974981984499802,0.06813768085528278,0.07743681099158561,142.50114883664875,46.59295590184626,-5.820804552358894e-06,,,,,,
4,272,264,0.004003689158707857,0.003684478346258402,0.00031921081244945526,8,1.002045549157541,0.002045549157541071,0.028181027068400474,0.5109160767618752,0.5109160767618752,7.038764986814202,0.5241452168096932,0.5411297238054809,0.5411297238054809,-79.68384988796015,-79.68384988796015,-79.68384988796015,160.23954149961259,160.23954149961259,160.23954149961259,0.5083997718804041,5.916865427843314,0.2812203114528586,0.3247326555699364,56.60141611946254,0,0,,True,5.873437769655987,5.18556384685696,0.03021364704360563,159.6984117758071,80.22497961176563,-0.002516304881471143,,,,,,
5,68,24,8.400935173034668,7.5133056640625,0.887629508972168,8,0.5241898400327147,-0.47581015996728526,0.50457436117666,-0.056637761173844225,0.0,0.06006168965524736,-0.05663329002112234,-0.05663329002112234,-0.05663329002112234,-0.1187027739994447,-0.1187027739994447,-0.1187027739994447,-0.02204451968044455,-0.02204451968044455,-0.022044164063017804,-0.056700036747351135,6.69975736811035,0.21176370742223385,0.0014886376877182236,0.004739117938009123,0,0,,True,1.1796119636642288e-16,3.471793775031346e-27,4.4711527218826985e-06,0.03458912595810454,0.06206948397832236,-6.227557350690915e-05,,,,,,
5,68,33,2.8655147552490234,2.51521897315979,0.3502957820892334,8,0.986506624047229,-0.013493375952771003,0.321670911276151,-0.004708883780149434,0.0,0.11225589073897357,-0.0033482226165358377,-0.0033482226165358377,-0.0033482226165358377,-0.34520290311539964,-0.34520290311539964,-0.34520290311539964,0.2108586110865997,0.2108586110865997,0.2108586110865997,-0.005011246184090139,6.461245355628752,0.22115409186392887,0.012358425749432888,0.07247045946264688,0,0,,True,5.538337188581988e-07,4.968034799980185e-15,0.0013606611636135966,0.21420683370313554,0.3418546804988638,-0.00030236240394070513,,,,,,
5,68,41,0.936654269695282,0.803593099117279,0.13306117057800293,8,1.0952111854856676,0.09521118548566765,0.3532377418529947,0.10165029783790162,0.10165029783790162,0.3771271356803959,0.11454445774877006,0.11454445774877006,0.11454445774877006,-1.0385897058259994,-1.0385897058259994,-1.0385897058259994,1.270714876395333,1.2713751811251885,1.271384595036059,0.10163802476296567,7.25554523321128,0.1677624013209063,0.023622068203313126,0.25574587135632565,0,0,,True,7.157417470537997e-06,1.3664958323027014e-10,0.012894159910868438,1.156840137287289,1.1531341635747694,-1.227307493595342e-05,,,,,,
5,68,48,0.29644227027893066,0.24737493693828583,0.049067333340644836,8,1.0388427556334974,0.03884275563349737,0.15939377142003475,0.13102974686082777,0.13102974686082777,0.5376890794624423,0.14345961128197526,0.14345961128197526,0.14345961128197526,-3.1412324742607476,-3.1412324742607476,-3.1412324742607476,2.619077055281647,2.619077055281647,2.619077055281647,0.131020642075053,7.439127536953671,0.16021268474153555,0.010843021778147888,0.2579925056610448,0,0,,True,0.011993233484935306,3.3331450493631672e-06,0.01242986442114749,2.475617443999672,3.284692085542723,-9.104785774760593e-06,,,,,,
5,68,54,0.09262494742870331,0.07476816326379776,0.017856784164905548,8,1.0161396875355009,0.01613968753550088,0.07384445256699042,0.17424773760788548,0.17424773760788548,0.7972415058462635,0.1839036758354281,0.1839036758354281,0.1839036758354281,-9.096533020169357,-9.096533020169357,-9.096533020169357,5.879415680330262,5.879415680330262,5.879415680330262,0.17414891793818127,7.5106305909744,0.15963737758973937,0.026719288864539725,0.316826120422224,0,0,,True,0.19510507521746945,0.0021103750154175347,0.009655938227542626,5.695512004494834,9.280436696004784,-9.881966970420875e-05,,,,,,
5,68,59,0.029532548040151596,0.02293451875448227,0.006598029285669327,8,1.0055877112157137,0.005587711215713664,0.04134967473483917,0.18920518500864789,0.18920518500864789,1.4001390831099758,0.20144613325215271,0.20148220596544797,0.20157779859421188,-23.496574913838653,-23.496574913838653,-23.496574913838653,32.258394410876576,32.263719981993276,32.37403370834267,0.18922165806462515,7.545577976072916,0.15798362394895152,0.021643144840725603,7.221104014711766,0,0,,True,1.7883469611336054,0.021731003453008286,0.01237261358556399,32.17245590974846,23.698152712432865,1.6473055977267448e-05,,,,,,
5,68,63,0.010116739198565483,0.007528020069003105,0.002588719129562378,8,1.002497331672929,0.002497331672929093,0.040004919602858756,0.24685144332703618,0.24685144332703618,3.954329435370965,0.32884874254092294,0.3623141025745283,0.3628833846974851,-52.53014523019668,-52.51783458289273,-52.51783458289273,149.90603101436045,153.6613357162722,156.50714629039632,0.24641338092626017,7.5570888399507075,0.15730965829331406,0.18110065322850036,21.108210352498304,0,0,,True,12.803399303049538,0.17010937913942925,0.11603194137044892,156.14426290569884,52.880717967590215,-0.00043806240077601255,,,,,,
5,68,66,0.004003689158707857,0.00285416841506958,0.001149520743638277,8,1.0010214918831066,0.0010214918831066289,0.018046994905803818,0.2551376599466836,0.2551376599466836,4.507591421415011,0.3742236742065444,0.44221632034217956,0.4838704719916129,-90.62058362728368,-90.62058362728368,-90.61777149730341,172.60761614816792,172.60761614816792,178.63260824374126,0.2532869784691316,7.56051986297805,0.15700952827460224,0.3372024650488944,21.18239046533182,0,0,,True,9.79700686070791,0.018735430216053034,0.22873281204492935,178.14873777174964,91.10164196929502,-0.001850681477551963,,,,,,
5,272,98,7.946503162384033,7.727302551269531,0.21920061111450195,8,0.553980254134676,-0.446019745865324,0.48547014723461385,-0.05612780071322761,0.0,0.061092299004253815,-0.05586591414726243,-0.05586591414726243,-0.0558658323897495,-0.12545943065357668,-0.12545943065357668,-0.12545943060220105,-0.017979909705617143,-0.017979891790829743,-0.017979887264507877,-0.055887345679079124,6.679271084353926,0.21607554330248124,0.0018265353568223952,0.004763885155149403,0,0,,True,1.8171228410857054e-16,2.2503310552344392e-26,0.0002619683234781067,0.03788594512524163,0.06959359821245155,0.00024045503414848318,,,,,,
5,272,131,2.959348201751709,2.8655147552490234,0.09383344650268555,8,0.9907648199724101,-0.00923518002758994,0.33231252061930633,-0.0031206804329829843,0.0,0.11229247049150978,-0.0031972242747588496,-0.0031972242747588496,-0.0031972242747588496,-0.3343591448397071,-0.3343591448397071,-0.3343591448397071,0.2045595097836998,0.2045595097836998,0.20456720198451017,-0.0036127082168362374,6.497418954154195,0.2187054642216804,0.011735425166995364,0.07683097998706001,0,0,,True,4.239947596820087e-07,2.0586716293255948e-16,-7.654384177586526e-05,0.20776442625926902,0.33116192056494825,-0.0004920277838532531,,,,,,
5,272,162,1.0099793672561646,0.9727247357368469,0.03725463151931763,8,1.0996452729601929,0.09964527296019288,0.34883937095750783,0.09866070158532209,0.09866070158532209,0.34539257163758524,0.10166014280281677,0.10166014280281677,0.10166014280281677,-0.9648371559554912,-0.9648371559554912,-0.9648371559554912,0.9619654265612223,0.9619654265612223,0.9619741914423703,0.09867944800907072,7.250166890879119,0.1693061364813115,0.015141009763103203,0.12025563439765019,0,0,,True,0.00017499168967133327,9.766809161201523e-10,0.0029994412174946805,0.8603140486395535,1.066497298758308,1.8746423748633445e-05,,,,,,
5,272,192,0.29644227027893066,0.28345468640327454,0.012987583875656128,8,1.042816533927381,0.04281653392738094,0.1626860864037241,0.14443464451643043,0.14443464451643043,0.5487951709810085,0.14748599688855976,0.14748599688855976,0.14748599688855976,-3.1391965984444448,-3.1391965984444448,-3.1391965984444448,2.6003478388637506,2.600450036325332,2.600492890972045,0.14425182583465684,7.415866422220035,0.17145069404869653,0.018814596500251107,0.2652562609310247,0,0,,True,0.0008838145284024712,1.422509822751343e-06,0.0030513523721293345,2.4530068940834853,3.2866825953330046,-0.0001828186817735833,,,,,,
5,272,215,0.09762091189622879,0.09262494742870331,0.004995964467525482,8,1.0180412837872201,0.01804128378722014,0.07598201282349175,0.18480962159417297,0.18480962159417297,0.7783374622054419,0.18737258693099867,0.18737258693099867,0.18737258693099867,-8.658383160477769,-8.658383160477769,-8.658383160477769,5.364728282424776,5.36473845251857,5.36473845251857,0.1847530793429777,7.480796193379671,0.17270486721662434,0.025241553490028934,0.33855550376852683,0,0,,True,0.6442929199436982,0.0005053525510536631,0.0025629653368257066,5.177365865587571,8.845755747408766,-5.654225119527956e-05,,,,,,
5,272,236,0.029532548040151596,0.027747107669711113,0.001785440370440483,8,1.0060594379151977,0.006059437915197696,0.04179688753319399,0.20517829707614324,0.20517829707614324,1.4152821313070634,0.2083753359273425,0.2083753359273425,0.2083753359273425,-23.269428700068193,-23.269428700068193,-23.269428700068193,25.492688476949837,25.492688476949837,25.492688476949837,0.20523693197719425,7.529827017519122,0.1698842496671774,0.02099912739735979,2.8715106577108536,0,0,,True,0.02032630100275412,0.00021893411641732516,0.003197038851199263,25.284313141022494,23.477804035995536,5.863490105101343e-05,,,,,,
5,272,252,0.010116739198565483,0.009407086297869682,0.0007096529006958008,8,1.0020653388644307,0.0020653388644307213,0.0282930593954073,0.2041506481380462,0.2041506481380462,2.7966579784343115,0.2284553653542446,0.2284553653542446,0.2284553653542446,-51.624560315873794,-51.624560315873794,-51.624560315873794,126.21919478233784,126.21919478233784,126.21919478233784,0.2043354253373641,7.544286118845965,0.1688503435413827,0.059883961155261595,17.083137991818774,0,0,,True,2.301867397010575,0.026986838320509122,0.024304717216198396,125.99073941698359,51.85301568122804,0.0001847771993178926,,,,,,
5,272,264,0.004003689158707857,0.003684478346258402,0.00031921081244945526,8,1.0006932923281133,0.0006932923281133263,0.012900045780200873,0.17316337523492412,0.17316337523492412,3.2220397910121994,0.21831197162059557,0.21831197162059557,0.21831197162059557,-88.01679778692974,-88.01679778692974,-88.01679778692974,131.85166396097978,131.85166396097978,131.85166396097978,0.17320266636985449,7.547848430057848,0.16852780854301916,0.07966234308465645,17.659098138241575,0,0,,True,16.674678602494986,1.8956649562573764,0.04514859638567145,131.63335198935917,88.23510975855034,3.929113493036929e-05,,,,,,
6,68,24,8.400935173034668,7.5133056640625,0.887629508972168,8,0.5056201976589982,-0.49437980234100176,0.5254188393226954,-0.05884818679804395,0.0,0.06254289891549043,-0.05819607731979843,-0.05819607731979843,-0.05819607731979843,-0.1187652182766824,-0.1187652182766824,-0.1187652182766824,-0.0363228710552438,-0.0363228710552438,-0.0363228710552438,-0.058793825299767795,2.9877394846098415,0.5273953386536969,0.007867414368669987,0.0014585902065263404,0,0,,True,1.0755285551056204e-16,1.7105418869326556e-29,0.0006521094782455175,0.021873206264554627,0.060569140956883975,5.4361498276152276e-05,,,,,,
6,68,33,2.8655147552490234,2.51521897315979,0.3502957820892334,8,0.976165103201737,-0.023834896798263006,0.4123733947888667,-0.008317841237635388,0.0,0.14390901112391236,-0.00451710501332481,-0.00451710501332481,-0.00451710501332481,-0.3457062630861841,-0.3457062630861841,-0.3457062630861841,0.15405985352094903,0.15405985352094903,0.15405985352094903,-0.008250766481528575,6.110079569841321,0.2557307194309539,0.03580283578996053,0.018531622071334575,0,0,,True,1.5122090495089946e-07,3.714731937712522e-15,0.003800736224310578,0.15857695853427384,0.34118915807285927,6.707475610681288e-05,,,,,,
6,68,41,0.936654269695282,0.803593099117279,0.13306117057800293,8,1.1597300383619604,0.15973003836196042,0.43247619105219437,0.170532547098648,0.170532547098648,0.4617244644524923,0.18409740402953662,0.18409740402953662,0.18409740402953662,-1.0248082082365655,-1.0248082082365655,-1.0248082082365655,1.4864073425633384,1.486520715445927,1.4865633491594168,0.17041138429069164,5.99526584600848,0.2877989968622761,0.05311975226307855,0.15665072218136267,0,0,,True,3.996183051135915e-09,4.2846600814614405e-13,0.013564856930888602,1.3024659451298801,1.2089056122661022,-0.00012116280795637646,,,,,,
6,68,48,0.29644227027893066,0.24737493693828583,0.049067333340644836,8,1.1558515287600377,0.15585152876003772,0.42085549770432157,0.5257398973951749,0.5257398973951749,1.4196878782109146,0.6969228118159723,0.7299607327831137,0.7300005836816508,-2.9713512738845473,-2.9713512738845473,-2.9713436898492778,3.5563456130923843,3.68022538649274,3.6805513910343644,0.5256383435441895,6.063963776352862,0.28620311847978913,0.18771201977801832,0.8116206997132531,0,0,,True,0.019984529902824733,1.861945899116249e-05,0.20426068628647587,2.9505508073527134,3.7013442735309283,-0.00010155385098542524,,,,,,
6,68,54,0.09262494742870331,0.07476816326379776,0.017856784164905548,8,1.0545167308185759,0.05451673081857589,0.13704984161021644,0.5885750257568496,0.5885750257568496,1.479621262033196,0.8350799432470561,0.8380710730554839,1.0129257055214231,-7.93023348953542,-7.93023348953542,-7.93023348953542,6.41559736889461,6.611703348139719,7.064695456007693,0.587713173810956,5.960854563664957,0.24938933886836853,0.6047417763353798,1.1322921853074641,0,0,,True,0.27138035123219373,0.0001858645245049963,0.4243506797645735,6.051769750486271,8.943159195056843,-0.0008618519458936102,,,,,,
6,68,59,0.029532548040151596,0.02293451875448227,0.006598029285669327,8,1.0115703978660753,0.011570397866075277,0.059269524060946766,0.39178461168824646,0.39178461168824646,2.006922124713575,0.5303139358547744,0.5303139358547744,0.6230437743009092,-18.362028050156127,-18.362028050156127,-18.362028050156127,47.36649275216055,47.53079877041523,47.720684216753085,0.3910707035085232,5.83930457454167,0.26897113786415033,0.3123955810622528,9.651042533670918,0,0,,True,0.0002699439708493401,6.479016657532282e-08,0.23125916261266272,47.097640442452175,18.985071824457037,-0.0007139081797232771,,,,,,
6,68,63,0.010116739198565483,0.007528020069003105,0.002588719129562378,8,1.003902803208773,0.003902803208772898,0.05292096575662336,0.3857767935073686,0.3857767935073686,5.231029951244306,0.5353879107102137,0.5371274176645724,0.5371274176645724,-38.02042565017429,-38.02042565017429,-38.02042565017429,173.07858716676583,183.19448961287316,185.25810628509953,0.384728487187063,5.83891974694457,0.27049541663151927,0.16039599232361235,56.985045477809734,0,0,,True,1.0693416134409688,2.167755170973127e-05,0.1513506241572038,184.72097886743495,38.55755306783886,-0.0010483063203056142,,,,,,
6,68,66,0.004003689158707857,0.00285416841506958,0.001149520743638277,8,1.0018496221682205,0.0018496221682204883,0.02392833706738577,0.4619794631652752,0.4619794631652752,5.976572136061721,0.8084342082044697,0.8149377533684374,0.8153663720279687,-59.90421078890995,-59.90421078890995,-59.90421078890995,218.5524200599096,218.5524200599096,221.65772698822315,0.4594597674581076,5.847459789056491,0.2703683170806819,0.284357486427235,96.90303006552996,0,0,,True,4.705746887422606,0.012661168520264277,0.35338690886269347,220.84236061619518,60.71957716093792,-0.0025196957071675907,,,,,,
6,272,98,7.946503162384033,7.727302551269531,0.21920061111450195,8,0.5085122877083827,-0.49148771229161725,0.5292946981085199,-0.06184955850998061,0.0,0.06660724689748013,-0.06153022355000327,-0.06153022355000327,-0.061530207651566304,-0.12553821451207314,-0.1255382144773012,-0.1255382138068803,-0.034416008625995614,-0.034416008625995614,-0.034415406285633984,-0.06167222585798602,3.1891615056701137,0.5036608605804505,0.011388543317860066,0.001974992060916822,0,0,,True,1.0061396160665481e-16,1.8704497773994739e-28,0.0003193508584143079,0.02711480136593232,0.06400800615531399,0.00017733265199459253,,,,,,
6,272,131,2.959348201751709,2.8655147552490234,0.09383344650268555,8,0.9794535184159634,-0.020546481584036602,0.4178619310722345,-0.006942907756469701,0.0,0.14120066399246026,-0.005760259338811529,-0.005760259338811529,-0.005760259338811529,-0.33488878366263203,-0.33488878366263203,-0.33488878366263203,0.1375640255178583,0.1375640255178583,0.1375640255178583,-0.0066741905913505015,6.078404882242545,0.26575632964142293,0.03290381814927849,0.013365186640085847,0,0,,True,2.92877766483457e-09,2.881111741698549e-16,0.0011826484176581716,0.14332428485666981,0.3291285243238205,0.0002687171651191995,,,,,,
6,272,162,1.0099793672561646,0.9727247357368469,0.03725463151931763,8,1.1805213168472652,0.18052131684726525,0.4589885668665219,0.17873762841085744,0.17873762841085744,0.45445340939336937,0.18257108737228145,0.18258073212602835,0.18258073212602835,-0.9526579021187923,-0.9526579021187923,-0.9526579021187923,1.2539769052064964,1.2539784072935656,1.2539862347753554,0.17932232288379793,5.752509764866394,0.3062490627464176,0.057071274571543984,0.09575760582149107,0,0,,True,2.6365107874681826e-09,8.241921474168603e-14,0.003843103715170909,1.071405502649327,1.1352386342448206,0.000584694472940489,,,,,,
6,272,192,0.29644227027893066,0.28345468640327454,0.012987583875656128,8,1.1144822344695786,0.11448223446957861,0.27409593081755407,0.3861872814624552,0.3861872814624552,0.9246182420599116,0.3974391009650539,0.3974391009650539,0.3974391009650539,-2.9621813827186076,-2.9621813827186076,-2.9621813827186076,2.272773224136806,2.272773224136806,2.272808445695248,0.38601610136961895,5.830660949739204,0.3091254782345696,0.064177950851464,0.265347593879405,0,0,,True,0.1495265885516166,1.3917254752083289e-05,0.011251819502598737,1.8753693447301942,3.3596204836836616,-0.0001711800928362317,,,,,,
6,272,215,0.09762091189622879,0.09262494742870331,0.004995964467525482,8,1.0376439841381733,0.03764398413817327,0.10401634508355832,0.38561393667566735,0.38561393667566735,1.0655129424946153,0.3989663012440806,0.3989663012440806,0.3989663012440806,-7.545168707225811,-7.545168707225811,-7.545168707225811,4.634201974822653,4.634201974822653,4.634201974822653,0.385175545126511,6.143676953081497,0.2837842196005441,0.06271921655403417,0.24906858170437562,0,0,,True,0.26848604749436467,0.00025569391050072026,0.013352364568413266,4.235235673578572,7.944135008469892,-0.00043839154915636946,,,,,,
6,272,236,0.029532548040151596,0.027747107669711113,0.001785440370440483,8,1.0095576560184916,0.009557656018491567,0.06248148935918735,0.3236312696587255,0.3236312696587255,2.1156823066617663,0.3292291034591736,0.3292335062047353,0.3292671072805894,-17.84880479579045,-17.84880479579045,-17.84880479579045,39.553557493400085,39.553557493400085,39.553557493400085,0.3236323667677979,6.224383106968596,0.27688305131904334,0.041768492414552216,10.087046722368356,0,0,,True,0.00018206184060254316,1.01897568174293e-07,0.005635837621863871,39.2242903861195,18.17807190307104,1.097109072367708e-06,,,,,,
6,272,252,0.010116739198565483,0.009407086297869682,0.0007096529006958008,8,1.0048095315862056,0.004809531586205562,0.04777424403442608,0.47540333815144076,0.47540333815144076,4.722296690340727,0.49615608586249316,0.49615608586249316,0.496254172847985,-35.66648503485631,-35.66648503485631,-35.66648503485631,95.62646427699096,95.62646427699096,95.63131505872843,0.475108839881417,6.250890623130994,0.2744906224752631,0.14207299874089446,28.894517411595928,0,0,,True,0.019536435788623407,7.961003897248643e-05,0.02085083469654425,95.13506088588045,36.16273920770429,-0.0002944982700237575,,,,,,
6,272,264,0.004003689158707857,0.003684478346258402,0.00031921081244945526,8,1.0020911666875028,0.0020911666875027546,0.02168996631021505,0.5223099507998902,0.5223099507998902,5.417495077768532,0.5575589157499249,0.559283064451215,0.5611325108183531,-53.32076607188371,-53.32076607188371,-53.32076607188371,84.08996250587299,84.09109153293454,84.09203457622769,0.521780091026975,6.2636102415918185,0.2731777236936704,0.1681848131539213,27.098793527483778,0,0,,True,4.487368767212592,0.11418769519041737,0.03882256001846296,83.53090206540934,53.881898582702064,-0.0005298597729151977,,,,,,
7,68,24,8.400935173034668,7.5133056640625,0.887629508972168,8,0.7686198110947213,-0.23138018890527867,0.3680060926887714,-0.027542194308076924,0.0,0.043805372272124866,-0.027506982257105322,-0.027506982257105322,-0.027506982257105322,-0.1187124056071604,-0.1187124056071604,-0.1187124056071604,-0.0030862911427312536,-0.0030862911427312536,-0.0030862911427312536,-0.027667069547686787,6.5648436389231515,0.24227082030340047,0.008126767581365886,0.008066294809928152,0,0,,True,2.3592239273284576e-16,3.41868669736987e-27,3.521205097160168e-05,0.024420691114374067,0.09120542335005508,-0.0001248752396098632,,,,,,
7,68,33,2.8655147552490234,2.51521897315979,0.3502957820892334,8,1.0263399758601663,0.026339975860166343,0.3586752015845302,0.009192057312535912,0.009192057312535912,0.1251695531937193,0.010852650973214126,0.010852650973214126,0.010854003285142758,-0.3452161571795037,-0.3452161571795037,-0.3452161571795037,0.1547093404183571,0.1547093404183571,0.1547093404183571,0.009075362194963837,5.365869002317324,0.278806463373709,0.0335927393850939,0.044611713718827994,0,0,,True,5.5790282081635834e-08,2.5849730717518417e-13,0.0016619459726068455,0.14385533713321436,0.35607016046464646,-0.00011669511757207533,,,,,,
7,68,41,0.936654269695282,0.803593099117279,0.13306117057800293,8,1.1011372363561949,0.10113723635619487,0.3865640899475768,0.1079771262763767,0.1079771262763767,0.4127073376533437,0.13487837439953043,0.13487837439953043,0.13487837439953043,-1.0340714294127755,-1.0340714294127755,-1.0340714294127755,1.1840107614289648,1.1840107614289648,1.1840107614289648,0.10788446523846557,6.761045995169882,0.23213091350438916,0.04781134355713468,0.28253971825619917,0,0,,True,3.821963792172145e-06,2.294103224234443e-10,0.026901248123153726,1.0491323870294345,1.168949803812306,-9.266103791114033e-05,,,,,,
7,68,48,0.29644227027893066,0.24737493693828583,0.049067333340644836,8,1.0614428150153803,0.06144281501538029,0.20340334657300876,0.20726738787139587,0.20726738787139587,0.6861482553807896,0.21876555488964894,0.21876555488964894,0.21876555488964894,-3.0809580228687183,-3.0809580228687183,-3.0809580228687183,3.2168398941184835,3.2198300440764926,3.220822010207682,0.20697451536975608,7.104250885757552,0.2077338450827955,0.022361387386165166,0.3642805866897163,0,0,,True,0.01489360181203958,2.1446716445502142e-05,0.01149816701825307,3.002056455318033,3.299723577758367,-0.00029287250163978484,,,,,,
7,68,54,0.09262494742870331,0.07476816326379776,0.017856784164905548,8,1.0265291895416946,0.026529189541694587,0.09928577027398454,0.2864151643607144,0.2864151643607144,1.0719117584429216,0.31433732717151525,0.31433732717151525,0.31433732717151525,-8.607770242511995,-8.607770242511995,-8.607762391252198,6.733619220631526,6.733619220631526,6.733619220631526,0.28631218211432374,7.214868933958551,0.20071696197669403,0.024927183506439687,1.2034195410401107,0,0,,True,0.3365788272945909,0.009631752039349125,0.027922162810800844,6.4192818934600115,8.922099718423713,-0.00010298224639065934,,,,,,
7,68,59,0.029532548040151596,0.02293451875448227,0.006598029285669327,8,1.0087397011668877,0.008739701166887714,0.05653304777150674,0.2959345449977926,0.2959345449977926,1.9142624501836432,0.3213983466253669,0.3213983466253669,0.32148074163853385,-21.28390069970211,-21.28390069970211,-21.28390069970211,43.74040780528038,43.85069486278418,43.85239683209153,0.2957868276694091,7.280764113766532,0.19663133774746375,0.027929175799172368,5.00798242828229,0,0,,True,0.0005112112713980821,7.828319945968774e-06,0.02554619664074126,43.530916090453,21.605381441340644,-0.00014771732838347873,,,,,,
7,68,63,0.010116739198565483,0.007528020069003105,0.002588719129562378,8,1.0044188582570992,0.004418858257099201,0.05568551757124352,0.4367868114783248,0.4367868114783248,5.504295057753344,0.5364997271340146,0.5527662441503711,0.5532283739515964,-47.64847512086314,-47.64847512086314,-47.64847512086314,182.55391546423033,183.65408340719134,185.20052613213312,0.4361720856451812,7.311683775389251,0.19495549133567613,0.08941652488100194,17.63466349152131,0,0,,True,0.014853003107532459,2.4760073335877167e-06,0.11644156247327159,184.64729775818154,48.20170349481474,-0.0006147258331436478,,,,,,
7,68,66,0.004003689158707857,0.00285416841506958,0.001149520743638277,8,1.0023490895231633,0.0023490895231632614,0.030983036622666035,0.5867312446207492,0.5867312446207492,7.738621904569994,0.9551723108997064,0.9699937013613371,0.9830675914042963,-82.07773608970246,-82.07773608970246,-82.07773608970246,225.58971157509905,233.61455957988898,235.60299770919954,0.5854084281215379,7.326864061021764,0.19398910565760974,0.2699081000957456,30.28388206901306,0,0,,True,2.891834662220191,0.005681142393433135,0.3963363467835471,234.61993011779523,83.06080368110675,-0.0013228164992112879,,,,,,
7,272,98,7.946503162384033,7.727302551269531,0.21920061111450195,8,0.8194409086463353,-0.18055909135366466,0.3505091038118599,-0.02272182967325405,0.0,0.044108596781417944,-0.02330735522095371,-0.023307353874104077,-0.02330719402877563,-0.12546667669993777,-0.12546667524138055,-0.12546667439013462,0.000334018790914087,0.000334018790914087,0.00033414983184045996,-0.023390994707055354,6.3816853905909845,0.24121446329574692,0.008142289145159326,0.007671049049707645,0,0,,True,1.3877787807814457e-16,2.3643883224612533e-28,-0.0005853643555215823,0.02364134386061609,0.102159480361359,-0.0006691650338013048,,,,,,
7,272,131,2.959348201751709,2.8655147552490234,0.09383344650268555,8,1.040132612938879,0.04013261293887904,0.37077154048968547,0.013561301409250723,0.013561301409250723,0.12528824430670812,0.014391539953757648,0.014393556362236746,0.014393556362236746,-0.33440617743861034,-0.33440617743861034,-0.33440617743861034,0.1565857246976036,0.1565857246976036,0.1565857246976036,0.014001997595909713,5.315091113231313,0.2816306091924571,0.03785936262029725,0.05506217463773991,0,0,,True,2.822850440897806e-07,6.173593215958394e-13,0.0008322549529860227,0.14219216833536685,0.3487997338008471,0.00044069618665898945,,,,,,
7,272,162,1.0099793672561646,0.9727247357368469,0.03725463151931763,8,1.0987055970523814,0.09870559705238136,0.3719843745830277,0.09773031039291154,0.09773031039291154,0.3683088849563399,0.10157298932261587,0.10157298932261587,0.10157298932261587,-0.9613474414503208,-0.9613474414503208,-0.9613474414503208,0.8952107825953035,0.8952107825953035,0.8952107825953035,0.09822729458066809,6.623339028536022,0.24931164243254905,0.03211103090605484,0.16312807544333097,0,0,,True,0.0010220845510321985,1.240653702193732e-09,0.0038426789297043296,0.7936377932726877,1.0629204307729367,0.0004969841877565523,,,,,,
7,272,192,0.29644227027893066,0.28345468640327454,0.012987583875656128,8,1.0598192695050503,0.05981926950505034,0.191772854250887,0.2017906199705081,0.2017906199705081,0.64691467269645,0.20518973809866858,0.20518973809866858,0.20518973809866858,-3.0782154587074584,-3.0782154587074584,-3.0782154587074584,2.9662866242696344,2.966291112341336,2.966291112341336,0.20259089326442786,7.005723117866709,0.22376119983550352,0.01883735777313858,0.33028871440571006,0,0,,True,0.052161657927180194,0.00022970714596827555,0.0033991181281604887,2.761101374242667,3.283405196806127,0.0008002732939197676,,,,,,
7,272,215,0.09762091189622879,0.09262494742870331,0.004995964467525482,8,1.0269426101687702,0.026942610168770198,0.09783449646875583,0.2759921992678192,0.2759921992678192,1.0021878977401284,0.2809405125022197,0.2809405125022197,0.2809405125022197,-8.195370091976365,-8.195370091976365,-8.195364806773458,6.0293542333851144,6.0293542333851144,6.0293542333851144,0.27596874628202167,7.181786804308619,0.21099942385748474,0.028233057965671937,1.0565227589514112,0,0,,True,0.26525651234984293,0.04289994907000018,0.004948313234400481,5.748413720882895,8.476305319275678,-2.3452985797534076e-05,,,,,,
7,272,236,0.029532548040151596,0.027747107669711113,0.001785440370440483,8,1.0098253794366834,0.009825379436683379,0.07364604369525878,0.3326966377342408,0.3326966377342408,2.493724672694403,0.34003138333865524,0.3401162234333189,0.3401359227267928,-20.97483706528504,-20.97483706528504,-20.97483706528504,41.31112278124783,41.31112278124783,41.31211649509335,0.3326234926763867,7.2691816050181215,0.20523030159016645,0.04438896815727378,3.714766210648186,0,0,,True,1.2527787935666872,0.002305936227674552,0.007439284992552031,40.971980572366554,21.31497298801183,-7.314505785410708e-05,,,,,,
7,272,252,0.010116739198565483,0.009407086297869682,0.0007096529006958008,8,1.0065460434402715,0.006546043440271543,0.0809880606383458,0.6470507257120701,0.6470507257120701,8.005352223553377,0.6889386339997899,0.6890208692795606,0.689053188753906,-46.43773587867435,-46.43773587867435,-46.43773587867435,147.93154646816666,147.93154646816666,148.01815977577706,0.6463055889001833,7.330341747174524,0.2024993163104326,0.19742905586656168,17.486014240529073,0,0,,True,4.203345218924184,1.4601381287296027e-05,0.04200246304183586,147.32910658702315,47.126789067428255,-0.0007451368118868151,,,,,,
7,272,264,0.004003689158707857,0.003684478346258402,0.00031921081244945526,8,1.0035988077325784,0.0035988077325783685,0.037476154459182835,0.8988729119370098,0.8988729119370098,9.360405609330025,0.9746426917813782,0.9877766890490909,0.9889131790748196,-78.91299465874297,-78.91299465874297,-78.91299465874297,139.89365559614947,139.94802711057883,140.05641932507967,0.8984993757748407,7.369937992065435,0.20073819315281063,0.34581245551929085,14.438916162037145,0,0,,True,7.218170839648053,0.00750634918725611,0.09004026713780977,139.06750614600486,79.90190783781779,-0.0003735361621690636,,,,,,
8,68,24,8.400935173034668,7.5133056640625,0.887629508972168,8,0.6414986028158614,-0.35850139718413865,0.4024374061064359,-0.042673986859803045,0.0,0.047903881867602076,-0.04249071172022833,-0.04249071172022833,-0.042490705175007346,-0.11877296238623292,-0.11877296238623292,-0.11877296238623292,-0.02986393954687357,-0.02986393954687357,-0.02986393954687357,-0.042610973335947724,4.696959992150019,0.27007104748223193,0.004309581512792211,0.0031749429780625338,0,0,,True,1.457167719820518e-16,1.9600989481499083e-27,0.00018328168479569973,0.012626765628133776,0.07628225721122557,6.301352385532089e-05,,,,,,
8,68,33,2.8655147552490234,2.51521897315979,0.3502957820892334,8,0.9830015739731007,-0.01699842602689927,0.35593309010377727,-0.0059320671777249485,0.0,0.12421261815238688,-0.004310058273498264,-0.004308614648923879,-0.004307900265977497,-0.3459032283456728,-0.3459032283456728,-0.3459032283456728,0.11460862925406155,0.11460862925406155,0.11460891474715701,-0.006004124584451364,5.135673943088374,0.31229851737978764,0.020602614995563172,0.026348833349626177,0,0,,True,1.8269062874304298e-07,1.8698279625466905e-15,0.0016241669117474516,0.1189168150131345,0.3415953280796953,-7.205740672641507e-05,,,,,,
8,68,41,0.936654269695282,0.803593099117279,0.13306117057800293,8,1.2674180217144368,0.26741802171443685,0.5923830394272884,0.28550344600621413,0.28550344600621413,0.6324457791880947,0.30843980363990126,0.30843980363990126,0.30843980363990126,-1.0378595517803961,-1.0378594631792615,-1.0378594631792615,1.0471607207627738,1.0471607207627738,1.0471607207627738,0.28544171061862894,5.555216742342631,0.3119853349339912,0.20791573965370075,0.20581536519048194,0,0,,True,1.7473176489701814e-05,1.7427436001296843e-11,0.02293635763368712,0.7387209171228726,1.3462992668191627,-6.173538758519337e-05,,,,,,
8,68,48,0.29644227027893066,0.24737493693828583,0.049067333340644836,8,1.1590209015444768,0.1590209015444768,0.3047501489222706,0.5364312633108957,0.5364312633108957,1.0280252834237265,0.6022328436107403,0.6022328436107403,0.6052802056423494,-3.079136439981286,-3.079136439981286,-3.079136439981286,3.1819891194220165,3.1819891194220165,3.1819891194220165,0.5362381257123147,3.4296559829067226,0.4989506281878591,0.35403649734127174,0.43711597810609293,0,0,,True,0.10718296760069124,7.638993733171013e-06,0.06884894233145367,2.576708913779667,3.6844166456236356,-0.00019313759858108348,,,,,,
8,68,54,0.09262494742870331,0.07476816326379776,0.017856784164905548,8,1.0355801434118987,0.035580143411898746,0.10675350127432387,0.38413132098440367,0.38413132098440367,1.152535080859245,0.45197984370892424,0.45197984370892424,0.45537131811880754,-8.600956476488852,-8.600956476488852,-8.600956476488852,6.7064540958089225,6.7064540958089225,6.7064540958089225,0.38394043227425906,3.043987305261096,0.5412246108370151,0.17111660788149047,0.49885169927719986,0,0,,True,0.23686854137627655,0.0015902600584339968,0.07123999713440388,6.251082777690115,9.05632779460766,-0.00019088871014460995,,,,,,
8,68,59,0.029532548040151596,0.02293451875448227,0.006598029285669327,8,1.0094627887370373,0.00946278873703732,0.05358810756180113,0.3204189738105898,0.3204189738105898,1.8145439902085079,0.4090869359138469,0.4090869359138469,0.4090869359138469,-21.107272502530897,-21.107272502530897,-21.107272502530897,42.51478860126879,42.54567558601539,42.54567558601539,0.3203341055093317,3.0131075268348817,0.5449549642680128,0.08735781968526635,1.8431852463141638,0,0,,True,0.012292256908772003,3.4833039373423786e-08,0.08866796210325711,42.136588650101544,21.516359438444745,-8.486830125808975e-05,,,,,,
8,68,63,0.010116739198565483,0.007528020069003105,0.002588719129562378,8,1.002895108170452,0.002895108170452021,0.038960891584111354,0.2861700903451714,0.2861700903451714,3.851131359562562,0.36454447201164425,0.3649228297012321,0.36507833492701164,-46.30251072899375,-46.30251072899375,-46.30251072899375,111.08459445740385,111.08459445740385,112.04059691337223,0.2861392813345842,3.0258167315282787,0.5435335090542437,0.09177579307468225,39.74113372159978,0,0,,True,3.242913951862292,0.0007873646079034481,0.07890824458184026,111.67551857844522,46.667589063920765,-3.080901058716279e-05,,,,,,
8,68,66,0.004003689158707857,0.00285416841506958,0.001149520743638277,8,1.0013038479967067,0.0013038479967066863,0.021211758774057492,0.3256616448034861,0.3256616448034861,5.298053353598343,0.466834072536695,0.4755789672306723,0.47575924417941484,-76.78390393559899,-76.78390393559899,-76.78390393559899,160.86972464999639,161.08338136031966,177.4997351952976,0.3250518385066403,3.037827768119714,0.5421224134133942,0.3984194631053102,70.50455974813343,0,0,,True,5.411119970574987,0.02541988070931727,0.15009759937592876,177.0239759511182,77.2596631797784,-0.0006098062968457607,,,,,,
8,272,98,7.946503162384033,7.727302551269531,0.21920061111450195,8,0.6654169367860424,-0.3345830632139576,0.3844626972906193,-0.04210443969842695,0.0,0.04838136843769613,-0.041940328969379895,-0.04194028680559107,-0.04194010929279572,-0.12554355943091572,-0.12554355458815236,-0.12554355304850928,-0.028008196847973565,-0.028008196847973565,-0.02800814344214855,-0.041979458705083496,4.675495694307838,0.2866584096219393,0.00483986530194723,0.0033002275334135488,0,0,,True,2.2065682614424986e-15,1.2827128167450284e-26,0.00016433040563122725,0.013931965850647172,0.08360344375571356,0.00012498099334345286,,,,,,
8,272,131,2.959348201751709,2.8655147552490234,0.09383344650268555,8,0.9817125092670044,-0.018287490732995626,0.3585539016948268,-0.006179567082430794,0.0,0.12115975453060582,-0.005955840837171664,-0.005955840837171664,-0.005955840837171664,-0.3350385060021195,-0.3350384895890781,-0.3350384895890781,0.10047913595469349,0.10047938172546311,0.10047938172546311,-0.006377861737807803,5.212652276936882,0.30639471782766864,0.020999595704511716,0.02230615478577637,0,0,,True,0.00041353722446298147,4.47931259039624e-14,0.00022372624525913033,0.10643522256263478,0.32908264875190646,-0.00019829465537700864,,,,,,
8,272,162,1.0099793672561646,0.9727247357368469,0.03725463151931763,8,1.7829211991225205,0.7829211991225205,1.294881287709993,0.7751853399238259,0.7751853399238259,1.2820868719603928,0.7825182588155172,0.7846078461689667,0.7855234127787629,-0.9609721002330907,-0.9609451971333591,-0.9609451971333591,1.4693014494472365,1.4720222200447375,1.472212246814591,0.7726231139407431,3.340516299560738,0.5070791542653728,0.6941819223129478,0.727105607069608,0,0,,True,9.302419881634938e-05,5.345930518930484e-11,0.010338072854937042,0.6866888340358281,1.746468609912122,-0.0025622259830827554,,,,,,
8,272,192,0.29644227027893066,0.28345468640327454,0.012987583875656128,8,1.1845663025096445,0.18456630250964445,0.3438276402213096,0.6226045372543563,0.6226045372543563,1.1598468730447677,0.7499329324008362,0.7499329324008362,0.7499329324008362,-3.007565968466882,-3.007565968466882,-3.007565968466882,2.9201948914525366,2.9221827147505732,2.9221827147505732,0.6224984331037349,1.506349607043077,0.8110691120665392,0.5377161118264464,0.38935453477099813,0,0,,True,0.26436236706488225,2.6047238492020332e-05,0.12732839514647998,2.172249782349737,3.757498900867718,-0.0001061041506214,,,,,,
8,272,215,0.09762091189622879,0.09262494742870331,0.004995964467525482,8,1.0592626283837674,0.05926262838376739,0.1424861286735017,0.607068989959484,0.607068989959484,1.4595861266381605,0.6334067081719056,0.6334067081719056,0.6334067081719056,-7.868397214921448,-7.868397214921448,-7.868397214921448,8.061578022355329,8.061616903447508,8.069900870146414,0.6068956955194094,1.430691127455927,0.8332634996401707,0.4009341143116761,1.5056563731319965,0,0,,True,0.5411107060241775,0.006421259394124616,0.02633771821242159,7.436494161974508,8.501803923093354,-0.0001732944400746339,,,,,,
8,272,236,0.029532548040151596,0.027747107669711113,0.001785440370440483,8,1.0113406223249362,0.011340622324936156,0.058315476357717194,0.38400419460988516,0.38400419460988516,1.9746171674192543,0.3918038684727489,0.3918038684727489,0.3918038684727489,-19.51105222729705,-19.51105222729705,-19.51105222729705,49.834991069158875,49.834991069158875,49.834991069158875,0.38367984575169706,1.4198553065985102,0.8365811593950074,0.04214154424499583,15.121816829249077,0,0,,True,0.004813457122075704,1.1998824024013468e-09,0.007799673862863732,49.443187200686125,19.9028560957698,-0.000324348858188106,,,,,,
8,272,252,0.010116739198565483,0.009407086297869682,0.0007096529006958008,8,1.0036078276973905,0.003607827697390542,0.04235005718613319,0.3566196208657943,0.3566196208657943,4.18613708971941,0.3688165534444362,0.3689620725516039,0.37156676806306227,-41.705033421529436,-41.705033421529436,-41.705033421529436,87.66534719503542,87.66901571944679,87.67963324754265,0.35644089396950285,1.4240970004216236,0.8352868722956655,0.34793107417884733,44.73750737837713,0,0,,True,0.12644997765002586,0.00014178362407895782,0.014947147197267974,87.30806647947959,42.0766001895925,-0.0001787268962914479,,,,,,
8,272,264,0.004003689158707857,0.003684478346258402,0.00031921081244945526,8,1.0020294330608643,0.0020294330608643385,0.03098319454709933,0.506890765096088,0.506890765096088,7.738661349298852,0.5593426993454679,0.5870489261108176,0.587323121185345,-66.14571233907424,-66.14571233907424,-66.14571233907424,108.6287318151317,108.6287318151317,109.22969290739756,0.5054054344818849,1.430246799695197,0.8334134468886744,1.8917529463724585,89.57656045266931,0,0,,True,12.232491629916908,0.012615908886019158,0.08043235608925703,108.64236978621221,66.73303546025959,-0.0014853306142030842,,,,,,
9,68,24,8.400935173034668,7.5133056640625,0.887629508972168,8,0.5890314074100687,-0.41096859258993135,0.46542487150507417,-0.04891938624988547,0.0,0.05540155493628798,-0.04880014088331794,-0.04880014088331794,-0.04880006010945702,-0.11877204839269032,-0.1187720479917953,-0.11877204762878801,-0.029539139779721293,-0.029539139779721293,-0.029539139779721293,-0.048949830000752786,5.095493241850207,0.31836809932441335,0.005573237274373664,0.0033235042624541328,0,0,,True,3.2612801348363973e-15,1.1962544765261923e-26,0.00011932614042844958,0.019260920329735726,0.069971987519331,-3.0443750867317765e-05,,,,,,
9,68,33,2.8655147552490234,2.51521897315979,0.3502957820892334,8,0.9455941202908866,-0.05440587970911337,0.34127726583667584,-0.018986424554071193,0.0,0.11909806613681793,-0.01717890973661085,-0.01717890973661085,-0.01717890973661085,-0.34563594875341697,-0.34563594875341697,-0.34563594875341697,0.17458609365381914,0.17458609365381914,0.17459091437700727,-0.018989900049921765,6.010427651823418,0.24058691523877765,0.013744369013209305,0.048706725586302985,0,0,,True,9.967791180648389e-08,2.243189504940423e-17,0.0018075148174603421,0.19176982411361812,0.3284570390168061,-3.4754958505717193e-06,,,,,,
9,68,41,0.936654269695282,0.803593099117279,0.13306117057800293,8,1.0733745743879164,0.07337457438791639,0.4065664452100559,0.07833688134661154,0.07833688134661154,0.43406244797487825,0.09778966237633926,0.09778966237633926,0.09778966237633926,-1.0347555657552632,-1.0347555657552632,-1.0347555657552632,1.0600851930148683,1.0600851930148683,1.0600851930148683,0.07818282344991527,6.576909491866407,0.23497815076860046,0.03452389816369199,0.07102436796072731,0,0,,True,0.0017200039552697222,1.7002685550313125e-09,0.019452781029727723,0.962295530638529,1.1325452281316024,-0.0001540578966962719,,,,,,
9,68,48,0.29644227027893066,0.24737493693828583,0.049067333340644836,8,1.048053924949672,0.04805392494967209,0.18099619991890764,0.16210213511202984,0.16210213511202984,0.6105613742217105,0.1875911767934703,0.1875911767934703,0.1875911767934703,-3.0887001973985777,-3.0887001973985777,-3.0887001973985777,2.5797945400091593,2.5797945400091593,2.5797945400091593,0.16210930197872916,6.33390169924589,0.27095812768852173,0.028691382328982468,0.19776603509662039,0,0,,True,0.257091437396352,4.109720158557749e-05,0.02548904168144045,2.392203363215689,3.276291374192048,7.166866699326313e-06,,,,,,
9,68,54,0.09262494742870331,0.07476816326379776,0.017856784164905548,8,1.026723342704569,0.026723342704568998,0.09952605772046395,0.2885112860672758,0.2885112860672758,1.074505956368533,0.31070678861730383,0.3112515670468814,0.3112515670468814,-8.599855523206523,-8.599855523206523,-8.599855523206523,10.191853386244691,10.191853386244691,10.191853386244691,0.28834541025252863,6.2708180401877085,0.28016336340261244,0.032675979924471854,0.7179868709098081,0,0,,True,0.29681255770138204,1.5194435908644231e-06,0.02274028097960562,9.88060181919781,8.911107090253404,-0.00016587581474714064,,,,,,
9,68,59,0.029532548040151596,0.02293451875448227,0.006598029285669327,8,1.010543429899544,0.010543429899543932,0.061964791884132744,0.3570105053315884,0.3570105053315884,2.0981864416130707,0.40258563860223023,0.4077831030406658,0.4077831030406658,-20.81050980205498,-20.81050980205498,-20.81050980205498,35.04311749396145,35.04311749396145,35.04311749396145,0.35672123209468853,6.28844159425377,0.28070269800483527,0.06985945274277183,1.4541291651273482,0,0,,True,0.021615901852239716,1.1679809785219115e-07,0.05077259770907738,34.63533439092078,21.218292905095645,-0.0002892732368998674,,,,,,
9,68,63,0.010116739198565483,0.007528020069003105,0.002588719129562378,8,1.00356569373336,0.0035656937333599092,0.03729214263348385,0.3524548437371512,0.3524548437371512,3.686182069294792,0.4220739296643825,0.4220739296643825,0.4220739296643825,-42.84036565271366,-42.84036565271366,-42.84036565271366,108.85653268351398,108.85653268351398,108.88421088081834,0.3523162841524351,6.295451664566178,0.28083545480964195,0.05814932719516752,13.15898803597291,0,0,,True,0.9248153917090605,4.928201483495325e-05,0.06961908592723132,108.46213695115397,43.26243958237804,-0.00013855958471609142,,,,,,
9,68,66,0.004003689158707857,0.00285416841506958,0.001149520743638277,8,1.0012628401772499,0.0012628401772498687,0.018188995505832226,0.3154191364989572,0.3154191364989572,4.543058860169481,0.3788951760291028,0.4264802188901847,0.4293338304873616,-68.78070413550628,-68.78070413550628,-68.78070413550628,142.85681316139107,150.32018950646864,152.53317828472203,0.314428542523463,6.2973457895633445,0.280908602686846,0.09976591468628304,27.56879219482454,0,0,,True,18.889502638830862,0.15058812339350972,0.11391469398840443,152.10384445423466,69.21003796599365,-0.000990593975494225,,,,,,
9,272,98,7.946503162384033,7.727302551269531,0.21920061111450195,8,0.6136169119162118,-0.3863830880837882,0.4461578754302302,-0.04862303332524809,0.0,0.05614518314699547,-0.04826329940495689,-0.04826329839745695,-0.04826329839745695,-0.12554144052389732,-0.12554144016553767,-0.12554143935756937,-0.02843434822241884,-0.02843434822241884,-0.02843417954139125,-0.048308318028579746,5.0535702038903025,0.31959101210173096,0.0046597262475164755,0.0027143559973239993,0,0,,True,1.3183898417423734e-16,2.2633531265041737e-26,0.00035973492779113603,0.0198291188560657,0.07727814096011242,0.0003147152966683428,,,,,,
9,272,131,2.959348201751709,2.8655147552490234,0.09383344650268555,8,0.9428201948864081,-0.057179805113591886,0.33575980260893495,-0.019321756419114787,0.0,0.11345734929407451,-0.01908821970713054,-0.01908821243890066,-0.019087951515188294,-0.3347943441497047,-0.3347943441497047,-0.3347943441497047,0.1543849755904644,0.15440368126651702,0.1544040438674238,-0.019512760397314845,6.070278779432059,0.23829235605504212,0.01337348199320142,0.045711055784634635,0,0,,True,4.444718812099402e-07,8.820572160364169e-17,0.00023380490392649333,0.1734919953826121,0.31570639263451644,-0.00019100397820005777,,,,,,
9,272,162,1.0099793672561646,0.9727247357368469,0.03725463151931763,8,1.0698913617813317,0.0698913617813317,0.4123120437541487,0.0692007817656783,0.0692007817656783,0.4082380859663369,0.07396458075922666,0.07396458075922666,0.07396458075922666,-0.961524157114729,-0.961524157114729,-0.961524157114729,0.9450717875587913,0.9450717875587913,0.9450717875587913,0.06921175004901274,6.548938806533837,0.23624917775051596,0.025345321751989155,0.07637173719573231,0,0,,True,3.991857574037194e-05,4.442128013278284e-11,0.004763798993548354,0.8711072067995647,1.0354887378739557,1.0968283334439333e-05,,,,,,
9,272,192,0.29644227027893066,0.28345468640327454,0.012987583875656128,8,1.0483492522140958,0.048349252214095806,0.181501266679091,0.16309837382031472,0.16309837382031472,0.6122651351587325,0.16855694983392747,0.16855694983392747,0.16855694983392747,-3.082238630338111,-3.082238630338111,-3.082238630338111,2.3909418443057624,2.3909428413400056,2.390978989858594,0.16288291247404732,6.200472301517776,0.2833761907829979,0.03879055313857924,0.12999368185242988,0,0,,True,0.054855323435217596,3.923499912146835e-06,0.005458576013612743,2.222422040024666,3.2507955801720385,-0.00021546134626740376,,,,,,
9,272,215,0.09762091189622879,0.09262494742870331,0.004995964467525482,8,1.0277560860363357,0.027756086036335725,0.10292355567689923,0.28432520755225577,0.28432520755225577,1.0543187282076114,0.29147567928092855,0.29147567928092855,0.29147567928092855,-8.16909501309145,-8.16909501309145,-8.16909501309145,9.53470051156839,9.53477529033233,9.53477529033233,0.28522437871456097,6.094716697951989,0.29417994128889746,0.031607519067158474,0.7027635277209274,0,0,,True,0.006911418302787631,3.037696666683066e-07,0.00715047172867278,9.243299611051402,8.460570692372379,0.0008991711623052012,,,,,,
9,272,236,0.029532548040151596,0.027747107669711113,0.001785440370440483,8,1.0184069626363843,0.018406962636384305,0.14097560739234588,0.6232771588607503,0.6232771588607503,4.773567360346948,0.6470632209940963,0.6585776560045158,0.6585776560045158,-20.242717656199375,-20.242717656199375,-20.242717656199375,49.9325973138067,49.9325973138067,49.9325973138067,0.6219263196985776,6.015622957141111,0.301064596131264,0.32452874013513405,18.736645223254918,0,0,,True,2.240913269827388,7.722483299407902e-08,0.035300497143765486,49.274019657802185,20.901295312203892,-0.0013508391621727123,,,,,,
9,272,252,0.010116739198565483,0.009407086297869682,0.0007096529006958008,8,1.0032236596510034,0.003223659651003352,0.052286006893589254,0.3186461158809407,0.3186461158809407,5.1682667574353625,0.7271400641289134,0.7271400641289134,0.7271400641289134,-40.576023503516566,-40.576023503516566,-40.576023503516566,99.88525718266607,99.89539842189473,99.89539842189473,0.3215203169801072,5.882043548617075,0.3111114830481244,0.1998804792177603,13.944481747518736,0,0,,True,1.3038949094461145,8.047718629719778e-05,0.4084939482479727,99.16825835776581,41.30316356764548,0.0028742010991664735,,,,,,
9,272,264,0.004003689158707857,0.003684478346258402,0.00031921081244945526,8,1.0006559995394693,0.0006559995394692653,0.01825065355356077,0.16384876883923258,0.16384876883923258,4.55845916855617,0.29999977575183945,0.29999977575183945,0.29999977575183945,-63.94065371126264,-63.94065371126264,-63.94065371126264,112.43248735856474,112.49386981635732,112.49386981635732,0.1647689773325054,5.897073131585867,0.3101912371659304,0.06295179754570138,32.15101072716905,0,0,,True,8.31993004195914,0.01557425677623434,0.13615100691260687,112.19387004060547,64.24065348701448,0.0009202084932728172,,,,,,
all,68,24,8.400935173034668,7.5133056640625,0.887629508972168,80,0.6868870993933749,-0.3131129006066251,0.44843015485147936,-0.037271195903481706,0.0,0.05337859959815557,-0.03675762879348094,-0.036757628672105705,-0.03675762337854484,-0.11875411103673544,-0.11875411042629427,-0.11875411006813887,-0.013438298823412456,-0.013438296761491627,-0.013438169793969112,-0.037292430387655694,36.83688799754593,0.07939082280350203,0.0038116622908925743,0.0034822184522749246,0,0,,True,3.2612801348363973e-15,1.1962544765261923e-26,0.0005135725249368686,0.023319453584575725,0.08199648668959403,-2.1234484173987545e-05,-0.04534739114263113,-0.02749518038556774,-0.11877259404652257,-0.11873605218780732,-0.02119543592268899,-0.004342659619261723
all,68,33,2.8655147552490234,2.51521897315979,0.3502957820892334,80,1.1304498088603534,0.1304498088603534,0.8269331829123849,0.04552404018209875,0.04552404018209875,0.2885810241938613,0.05901553459597553,0.05903315353652282,0.05903548296436785,-0.3456126905199886,-0.3456126905199886,-0.3456126905199886,0.3136966125233903,0.3136966125233903,0.31369789549388505,0.045473981435015486,40.28231965987798,0.07224277378523224,0.024589899040820665,0.034207359710688945,0,0,,True,5.538337188581988e-07,2.5849730717518417e-13,0.013511442782269102,0.2546624125295172,0.40464817348435644,-5.005874708326197e-05,0.01289422793510998,0.11680571387512743,-0.34584451440636454,-0.345383893526501,0.2428703066618925,0.39874969944731387
all,68,41,0.936654269695282,0.803593099117279,0.13306117057800293,80,1.2065779362974387,0.2065779362974387,0.5601956455544732,0.22054875847055486,0.22054875847055486,0.5980815586702225,0.2533199936351874,0.2878980051605099,0.2878980051605099,-1.03606394086659,-1.0360236334854065,-1.0360152931727034,1.3125064618002977,1.3870479454226068,1.387057624778517,0.22011753874955514,34.79583658851814,0.09323362285326621,0.12255553869885438,0.11895825762934065,0,0,,True,0.0017200039552697222,3.399814091974915e-09,0.06734924668995504,1.099159619618007,1.3239132983332134,-0.00043121972099971484,0.13673262045465173,0.5064932048298662,-1.0381518309240378,-1.0338362259133747,1.1704865986888189,1.6298602254280559
all,68,48,0.29644227027893066,0.24737493693828583,0.049067333340644836,80,1.1417847153754594,0.14178471537545945,0.32500852604831126,0.4782877800863228,0.4782877800863228,1.0963636385003455,0.7222895949583154,0.7342428849242482,0.7517102989177518,-3.1043459928206625,-3.1037145198924336,-3.1036629399969162,3.1410192414414686,3.171157542466648,3.2418057276863204,0.4765440083851942,20.330461584376923,0.18360442820345294,0.26083128474986994,0.1470484317484413,0,0,,True,0.257091437396352,0.0030367227288768334,0.273422518831429,2.4900954287685684,3.8553732389146678,-0.0017437717011286047,0.3883373941972357,1.1167304233290398,-3.122305840268845,-3.0826682292694207,2.8198311057929573,3.625252033183495
all,68,54,0.09262494742870331,0.07476816326379776,0.017856784164905548,80,1.0489851542026194,0.048985154202619396,0.1275868701590262,0.5288548664529608,0.5288548664529608,1.3774568698917138,0.7215486583086728,0.7723334378942915,0.8462634256253982,-8.81929786364412,-8.816772077154795,-8.816762024377418,7.983434644546462,8.476017515600308,8.56496503804894,0.5237735534614179,17.887992085796807,0.2028836538800803,0.13070802321209352,0.8961365524468299,0,0,,True,0.6091036812018338,0.021881054777069014,0.3174085591724375,7.718701612423542,9.663025450002817,-0.005081312991542908,0.5148460083392278,1.1012353166930355,-8.943876006106422,-8.669496777977578,7.134828290889424,9.840415525097496
all,68,59,0.029532548040151596,0.02293451875448227,0.006598029285669327,80,1.0125895290946212,0.012589529094621188,0.056032960131474435,0.4262933586869927,0.4262933586869927,1.8973290098535909,0.5007891914325522,0.639181592192323,0.6820160342459733,-22.211890959251,-22.21044917802282,-22.207295674429524,40.893312665075854,41.28301600219392,42.020874123049566,0.4159079716178373,17.6202782483703,0.20504667208811317,0.09250239765446377,3.7142223312900953,0,0,,True,1.7883469611336054,0.03975414620559997,0.25572267555898065,41.33885808880359,22.889311708675496,-0.010385387069155372,0.4796555373884574,0.885682354191179,-22.846569932967054,-21.318037912976408,34.259941678565255,48.03814510993735
all,68,63,0.010116739198565483,0.007528020069003105,0.002588719129562378,80,1.0032279138111333,0.0032279138111332983,0.03623560462700056,0.3190666229283646,0.3190666229283646,3.5817474302528858,0.3977605881555497,0.4466408175544171,0.523952958059564,-48.667216446173626,-48.65913007509687,-48.652325774394285,150.7561742097039,152.69007215711076,154.189404089912,0.3120634068680438,17.697121026283455,0.204454151613218,0.07812919721410105,16.960041428869346,0,0,,True,12.803399303049538,0.17010937913942925,0.20488633513119942,153.66545113185242,49.17627873245385,-0.007003216060320783,0.39602434629605365,0.707615144594037,-51.42236977676715,-44.72351883111699,122.06295209301518,180.9878980676914
all,68,66,0.004003689158707857,0.00285416841506958,0.001149520743638277,80,1.0011310255766457,0.0011310255766456834,0.01795316868394648,0.2824958511541162,0.2824958511541162,4.484156479755449,0.4195374391042482,0.4446962124945077,0.487720177485952,-82.32773760058933,-82.31253145864832,-82.28778028832019,183.2910879512158,190.96265669370626,206.6699059825209,0.2776318546129632,17.757231219061563,0.20399419065392296,0.05605632044272979,18.924102265936796,0,0,,True,18.889502638830862,9.507368799221696,0.2052243263318358,206.18218580503495,82.77550046580615,-0.004863996541152993,0.35565199089188754,0.6716278783566709,-89.68712546158015,-72.35161178261394,163.18992341425943,239.12870209827656
all,272,98,7.946503162384033,7.727302551269531,0.21920061111450195,80,0.7196846087482724,-0.28031539125172755,0.4446169503354217,-0.03527531362205235,0.0,0.055951270797963415,-0.035029793157618956,-0.035029772689525444,-0.03502969072567571,-0.12551972827222252,-0.12551972593460378,-0.12551972431876024,-0.008233234665054767,-0.008232934926002433,-0.008232183121744922,-0.03519225219824277,37.43563993455697,0.07935180881303772,0.0053217732088388925,0.004614711539671733,0,0,,True,1.8634399578942862e-14,7.472950626364172e-26,0.0002456228963766405,0.026797507603930786,0.09049003359308452,8.306142380958004e-05,-0.0453506005774762,-0.023868060626772544,-0.12554414774624983,-0.1254998741601177,-0.018147270127180922,0.002098150300778247
all,272,131,2.959348201751709,2.8655147552490234,0.09383344650268555,80,1.248409674809273,0.248409674809273,1.1257651875309018,0.08394067134858729,0.08394067134858729,0.3804098439191895,0.09105105184985257,0.09105124538651267,0.0910512624836155,-0.3347497085245495,-0.3347497063115567,-0.3347497057164564,0.3167126842249876,0.31671392366837653,0.3167163246206619,0.08440377844514135,39.016037268046524,0.08766411319803843,0.044961119956669335,0.06115301783965266,0,0,,True,0.00041353722446298147,6.173593215958394e-13,0.00711059113502821,0.2256650621370464,0.4258009682000719,0.0004631070965540607,0.010549110650226077,0.19812012169919618,-0.33496477312644896,-0.33453764436154537,0.21806008691578505,0.444563718853332
all,272,162,1.0099793672561646,0.9727247357368469,0.03725463151931763,80,1.935523470507836,0.9355234705078359,1.0471773444871204,0.9262797843577688,0.9262797843577688,1.0368304328156845,13.955083112198164,13.955094480239648,13.955099438141014,-0.9628895253973377,-0.9628893560341245,-0.9628892481451581,24.95733210933614,24.957348992724143,24.957353485663795,1.756540129317478,1.2250445431524708,0.9026320413886693,13.174062464043825,23.13410470137861,0,0,,True,0.003926856248709976,9.748897532103176e-09,13.028819653783245,11.002254047522781,14.917988686286172,0.8302603449597092,0.2027395573422152,15.023243114462565,-0.9639700781280585,-0.9612384745720649,1.1525937557126982,26.842455289501235
all,272,192,0.29644227027893066,0.28345468640327454,0.012987583875656128,80,1.17022341235427,0.17022341235427008,0.24088584542039185,0.5742211196605066,0.5742211196605066,0.8125893962211791,2.7103058102615787,2.7164355626063577,2.716670353554202,-3.108462113218494,-3.108462083227536,-3.108462034286109,5.8522353043024795,5.852422351221293,5.852428603353663,0.2224530234888208,1.2249027802327759,0.9014833173770284,1.7939334042706367,1.9588434888942703,0,0,,True,0.26436236706488225,0.00022970714596827555,2.1424492338936956,3.1357582497994607,5.825132387840311,-0.3517680961716858,0.4241203996933605,2.87761364396787,-3.11022915699046,-3.0724452619991633,2.7275295101903363,6.022207282394131
all,272,215,0.09762091189622879,0.09262494742870331,0.004995964467525482,80,1.041627851883761,0.04162785188376095,0.09111402566509938,0.4264235098316991,0.4264235098316991,0.9333453652016052,1.3073370539379245,1.3079411547214557,1.3168543877385839,-8.44041997958237,-8.440417387852102,-8.424190784895801,9.438123569269763,9.804981184723708,9.805799352565925,0.22925638658566558,1.2538056351455285,0.8902873188460807,0.16690227458908447,2.6337052929196005,0,0,,True,0.9653836076471567,0.04289994907000018,0.8904308779068848,8.488944964827342,9.741045172634385,-0.1971671232460335,0.6742157098954943,1.3337444269170236,-8.53861866658762,-8.242172174832008,6.61576204821673,10.107833476937124
all,272,236,0.029532548040151596,0.027747107669711113,0.001785440370440483,80,1.007206794011413,0.007206794011413109,0.037204850212285166,0.24402885933225135,0.24402885933225135,1.259791405797513,0.918631525538182,0.9269070527703355,0.9405332455399603,-22.246057061528816,-22.099050256937062,-22.099050256937062,53.64298368950226,53.67599151806854,54.092565494889755,0.19105040847948557,1.2686003743331595,0.8847900603525002,0.034628540588932055,5.913636834210045,0,0,,True,2.240913269827388,0.00318093654124075,0.6965043862077089,53.152032249349794,23.039583502477022,-0.052978450852765785,0.5810658745269807,1.30939013826495,-22.706049633841232,-21.34130310464736,36.82442889815879,66.34357849630607
all,272,252,0.010116739198565483,0.009407086297869682,0.0007096529006958008,80,1.001471753351868,0.0014717533518679993,0.021809967203325748,0.145477047789933,0.145477047789933,2.15582973676126,0.5240895608464221,0.5254932590407907,0.5281625113438543,-48.96958699573486,-48.70152917143487,-48.65868321843392,176.71450718790976,176.71527891170388,179.67774643250928,0.13592337188610665,1.273823727689639,0.8829137945454629,0.46189861500050267,83.90561682272667,0,0,,True,4.203345218924184,0.06813768085528278,0.3826854635539213,179.14958392116543,49.18684572977777,-0.009553675903826359,0.4633305608540856,1.929075124751693,-51.991126938242516,-44.69080574220898,110.87121264435844,311.82671860985806
all,272,264,0.004003689158707857,0.003684478346258402,0.00031921081244945526,80,1.00041628283429,0.0004162828342899605,0.009755895303431019,0.10397481367517322,0.10397481367517322,2.436726458199771,0.2828594952670932,0.2941920044549543,0.32208093329556214,-82.94377188211224,-82.93651503397967,-82.84110632906734,221.48119990083043,221.518115983884,250.9352872485347,0.09661563325407627,1.2760070806379666,0.8821380225568436,1.2280506529114241,201.42396503755427,0,0,,True,16.674678602494986,5.18556384685696,0.21810611962038892,250.61320631523915,83.16318726236291,-0.007359180421096956,0.1660442610688345,3.0025000837493336,-92.43190402516335,-70.29075385459528,132.60926787591478,555.6468221153468
