class,latent,K,step_index,sigma_j,delta2,weight,exact,trap_9,simpson_9,max_9,trap_17,simpson_17,max_17,trap_33,simpson_33,max_33,trap_65,simpson_65,max_65
0,0,272,98,7.946503162384033,0.00444025250433132,0.21461384922566268,-0.04849461653155958,-0.04809433873116162,-0.04809431201121492,-0.048065370214897395,-0.04809430646794714,-0.04809429571354232,-0.048065370214897395,-0.04809434918496004,-0.04809436342396434,-0.048065370214897395,-0.048094384245986346,-0.04809439593299511,-0.048065370214897395
0,1,272,98,7.946503162384033,0.003149077443829083,0.15220657633110157,-0.03980204115565014,-0.04029202016942614,-0.040292070657768096,-0.04024291597746102,-0.04029227249499729,-0.04029235660352101,-0.04024291597746102,-0.040292123791058725,-0.040292074223079205,-0.04024291597746102,-0.04029197230964235,-0.040291921815836886,-0.04024258608007243
0,2,272,98,7.946503162384033,0.003233235223977269,0.15627423354705292,-0.040350822558200626,-0.04090727173533179,-0.04090734698297467,-0.04086696015267903,-0.04090731860645998,-0.04090733423016938,-0.04086696015267903,-0.0409072679984286,-0.040907251129084804,-0.04086696015267903,-0.04090735643511757,-0.040907385914013904,-0.04086696015267903
0,3,272,98,7.946503162384033,0.0033940897162536956,0.1640489269274426,-0.027999209302671798,-0.028384352052667882,-0.028384236656360612,-0.02836632369813517,-0.02838383775357861,-0.028383666320548857,-0.02836632369813517,-0.028383822714807667,-0.02838381770188401,-0.02836632369813517,-0.028383786277516757,-0.02838377413175312,-0.028365604554840766
0,4,272,98,7.946503162384033,0.0015882345875020444,0.0767652600757843,-0.05453569576368169,-0.05531256034066978,-0.055312680566980264,-0.05530182826417366,-0.055312442394108964,-0.05531240307858868,-0.05530182826417366,-0.05531244727676245,-0.0553124489043136,-0.05530182826417366,-0.05531238025700751,-0.05531235791708921,-0.05530110517949491
0,5,272,98,7.946503162384033,0.0007650246773504214,0.036976476134777836,-0.03589906779247019,-0.0352226898618718,-0.03522295803936773,-0.03515526508894432,-0.03522334132853761,-0.03522355848409288,-0.03515526508894432,-0.03522315579707588,-0.0352230939532553,-0.03515526508894432,-0.03522298210263095,-0.03522292420448265,-0.03515335194514838
0,6,272,98,7.946503162384033,0.0029693584788412237,0.1435200931148267,-0.06209526761505875,-0.06238875427643646,-0.06238859813223855,-0.06235564821110122,-0.062388576101439455,-0.06238851670977379,-0.06235564821110122,-0.06238878445862246,-0.062388853911016784,-0.06235564821110122,-0.062388621849938104,-0.062388567647043314,-0.06235564821110122
0,7,272,98,7.946503162384033,0.0011502239700772435,0.055594584643351416,-0.045443230904836,-0.046075569777522835,-0.04607565923466428,-0.04605564441283753,-0.04607544389578845,-0.046075401935210335,-0.04605480317385036,-0.04607551228297687,-0.04607553507870634,-0.04605480317385036,-0.04607551164983486,-0.04607551143878752,-0.04605480317385036
0,0,272,131,2.959348201751709,0.007003265776011177,0.14801549345400322,-0.024831966403902846,-0.024886389819423142,-0.024886193290943614,-0.024876787283794676,-0.024885608081045524,-0.02488534750158632,-0.024876787283794676,-0.02488505810881092,-0.024884874784732714,-0.024876787283794676,-0.024885374466877542,-0.02488547991956642,-0.024876787283794676
0,1,272,131,2.959348201751709,0.009161891079054137,0.1936384927276625,0.07835163934534901,0.07870964097679994,0.0787098140624893,0.07958618236197722,0.07872110444342825,0.07872492559897103,0.07958618236197722,0.07872454701336748,0.07872569453668056,0.07958618236197722,0.07872533843464936,0.07872560224174334,0.07958618236197722
0,2,272,131,2.959348201751709,0.009306369837905636,0.19669208164874535,0.6231532760967993,0.6214067028211562,0.6214159697882619,0.6227861930916944,0.6213555131050498,0.6213384498663478,0.6227861930916944,0.6213538950972609,0.6213533557613312,0.6227861930916944,0.6213550793160377,0.6213554740556302,0.6228765774394996
0,3,272,131,2.959348201751709,0.007173918044058478,0.1516222649905895,0.04252331712435714,0.044688511374052164,0.04468784730104964,0.04554512450432088,0.04468853642591497,0.04468854477653591,0.04554512450432088,0.04468916410986123,0.04468937333784331,0.04554512450432088,0.04468789470905317,0.04468747157545048,0.04554789132446745
0,4,272,131,2.959348201751709,0.004765783083974335,0.10072582669723838,-0.008283575326360839,-0.005794070383141116,-0.005793230660261727,-0.005552303858775862,-0.0057945439773170815,-0.005794701842042403,-0.005552303858775862,-0.0057943710865382535,-0.005794313456278646,-0.005552303858775862,-0.005794174057135342,-0.005794108380667704,-0.005552303858775862
0,5,272,131,2.959348201751709,0.003929015350192095,0.0830405648517698,0.07864945689709035,0.07848300419966892,0.07848004600632845,0.07878740564858926,0.07848028891828292,0.07847938382448759,0.07878740564858926,0.07847969870198895,0.07847950196322433,0.07878740564858926,0.07847891857567602,0.07847865853357171,0.07878740564858926
0,6,272,131,2.959348201751709,0.003801369348241673,0.08034273978409352,-0.07589781383227578,-0.07739376988974779,-0.07739387630199131,-0.07731864021324507,-0.0773943874111784,-0.07739459325165528,-0.07731864021324507,-0.07739463096133857,-0.07739471214472529,-0.07731864021324507,-0.07739486801701131,-0.07739494703556889,-0.07731864021324507
0,7,272,131,2.959348201751709,0.0021727976992973654,0.04592253584589778,-0.023073884316931845,-0.023982116952502002,-0.023982684476220716,-0.023961153772517525,-0.02398285480847532,-0.023983100760466423,-0.023961153772517525,-0.023983158573459177,-0.0239832598284538,-0.023961153772517525,-0.023982557224124474,-0.023982356774346236,-0.023961153772517525
0,0,272,162,1.0099793672561646,0.03406086261114276,0.10987011684327201,0.3411327420678389,0.340127483233676,0.34010797444206425,0.3802644837486684,0.34012035873415725,0.3401179839009843,0.3802644837486684,0.3401136977690527,0.34011147744735126,0.3802644837486684,0.34011870681714473,0.340120376499842,0.3802644837486684
0,1,272,162,1.0099793672561646,0.02574488822278936,0.08304528013419986,0.003382493403563195,0.005283183017757365,0.005281354305956088,0.007836643508870889,0.005289236313286657,0.005291254078463088,0.007836643508870889,0.0052907698294176585,0.005291281001461326,0.007836643508870889,0.00528949515878002,0.005289070268567474,0.007836643508870889
0,2,272,162,1.0099793672561646,0.1867816442766475,0.6025015078197169,0.1653362199565253,0.16648248685940897,0.16624584351128083,0.31851849662732395,0.16628246061682653,0.1662157852026324,0.31851849662732395,0.16622910717144096,0.16621132268964578,0.31851849662732395,0.16624679059254174,0.16625268506624202,0.31851849662732395
0,3,272,162,1.0099793672561646,0.025990052550224577,0.08383610664991757,0.24487061500799606,0.2462213502027923,0.2462215908147134,0.2576513250087824,0.2462045259482517,0.24619891786340484,0.2576513250087824,0.2461919356437802,0.24618773887562306,0.2576513250087824,0.24618985840708776,0.24618916599485696,0.2576513250087824
0,4,272,162,1.0099793672561646,0.01225913776770959,0.039544297932589324,0.08246677972064795,0.0845162695710935,0.08451849239426351,0.08751478143650213,0.08451261626447033,0.08451139849559593,0.08751478143650213,0.08451610357887088,0.08451726601700442,0.08751478143650213,0.08451565999698447,0.08451551213635566,0.08751478143650213
0,5,272,162,1.0099793672561646,0.01082551570156216,0.0349198635571316,0.10315508468762143,0.0987823294848878,0.09878505745954731,0.0996020811062823,0.09878471030348253,0.09878550390968077,0.0996020811062823,0.09878159890494208,0.09878056177209525,0.0996020811062823,0.09877936629650763,0.09877862209369614,0.0996020811062823
0,6,272,162,1.0099793672561646,0.007566218179910392,0.024406348276584448,0.14440397604683936,0.1442829866150922,0.14428450992116235,0.14495944918322196,0.14426965074224002,0.14426520545128926,0.14495944918322196,0.14425951512347132,0.14425613658388178,0.14495944918322196,0.1442484496504287,0.14424476115941448,0.14495944918322196
0,7,272,162,1.0099793672561646,0.006781932701759882,0.021876478786588376,0.18535076975302,0.18830730451554412,0.18830630167818388,0.18949433395611806,0.18830291175217526,0.18830144749771902,0.18949433395611806,0.18830600259102218,0.1883070328706378,0.18949433395611806,0.18830582290461925,0.1883057630091516,0.18949433395611806
0,0,272,192,0.29644227027893066,0.056870622877432206,0.09788164061808871,0.37722573171727103,0.37937343654922934,0.3793864734580376,0.4310145870390788,0.379289267779253,0.37926121152259423,0.4310145870390788,0.37927212704730223,0.3792664134699853,0.4310145870390788,0.3792724109635974,0.3792725056023624,0.4310145870390788
0,1,272,192,0.29644227027893066,0.02806075828576378,0.04829616626351605,0.07821307417150726,0.07760798151931997,0.07761050421846749,0.07931886908998621,0.07760901294031766,0.07760935674731688,0.07931886908998621,0.0776098186072229,0.077610087162858,0.07931886908998621,0.07760864215311303,0.07760825000174308,0.07931886908998621
0,2,272,192,0.29644227027893066,0.372814738612682,0.6416620113456524,0.8841941143143792,0.8821403559945351,0.8820801562593065,1.2466276035215809,0.8821281885088504,0.8821241326802888,1.2466276035215809,0.8821849514325083,0.8822038724070609,1.2466276035215809,0.8822048573592186,0.882211492668122,1.2466276035215809
0,3,272,192,0.29644227027893066,0.03978160023730358,0.06846923948823887,0.2927773554653973,0.29307835600188564,0.29307665839567476,0.29841194317450015,0.29308729280741924,0.293090271742597,0.29841194317450015,0.29309448787062437,0.2930968862250261,0.29841194317450015,0.29309874142134246,0.29310015927158184,0.29841194317450015
0,4,272,192,0.29644227027893066,0.02451509628715804,0.04219362692174172,0.34693110066365496,0.34803683885795716,0.34804141902128133,0.3581604399330998,0.3480315804737498,0.3480298276790141,0.3581604399330998,0.34803699418542355,0.3480387987559815,0.3581604399330998,0.3480421404633105,0.34804385588927284,0.3581604399330998
0,5,272,192,0.29644227027893066,0.02582982001590268,0.04445643518755593,0.7740923488650372,0.7727554362670364,0.7727458703176299,0.8210145573604142,0.7727924777584756,0.7728048249222886,0.8210145573604142,0.7727979922419183,0.7727998304030658,0.8210145573604142,0.772831345221707,0.7728424628816365,0.8210145573604142
0,6,272,192,0.29644227027893066,0.01737897507165458,0.029911446476339747,0.2158974702933711,0.21696324558661623,0.2169654833145228,0.2234114105310856,0.21698120482435743,0.2169871912369378,0.2234114105310856,0.21699562089962265,0.21700042625804442,0.2234114105310856,0.21699109718449858,0.21698958927945722,0.2234114105310856
0,7,272,192,0.29644227027893066,0.01576258615021025,0.027129433698866584,0.570160766477648,0.5682478923835762,0.5682668887600606,0.5749355253535114,0.5682435078204544,0.5682420462994139,0.5749355253535114,0.5682254619509053,0.5682194466610556,0.5749355253535114,0.5682388818915279,0.5682433552050687,0.5749355253535114
0,0,272,215,0.09762091189622879,0.07032863311949916,0.08718728026647425,0.40686872737597146,0.40602098364474754,0.4060226170267514,0.44028715293199167,0.40603777632815996,0.4060433738892974,0.44028715293199167,0.4060324230346438,0.4060306386034717,0.44028715293199167,0.4060310551049586,0.406030599128397,0.44028715293199167
0,1,272,215,0.09762091189622879,0.029980952092457543,0.037167758803150874,0.08644338335891061,0.08657321598382695,0.08657129014095959,0.09062473424969401,0.08656017752930961,0.08655583137780383,0.09062473424969401,0.08656896677096894,0.08657189651818871,0.09062473424969401,0.08657185984226914,0.08657282419936922,0.09062473424969401
0,2,272,215,0.09762091189622879,0.5434843996779577,0.6737643627264066,1.2012269629633332,1.1988562466912314,1.2018364210112702,1.5176966503884046,1.2002311930898422,1.2006895085560458,1.5363109027951778,1.200848182112745,1.201053845120379,1.5363109027951778,1.2009474563266147,1.2009805477312379,1.5363109027951778
0,3,272,215,0.09762091189622879,0.0454042044294864,0.05628815634939947,0.26626681190225615,0.26619749838957535,0.2661992047496493,0.27779788039319675,0.2662003673891627,0.26620132372235844,0.27779788039319675,0.2662045959510317,0.2662060054716547,0.27779788039319675,0.2662035902579969,0.2662032550269853,0.27779788039319675
0,4,272,215,0.09762091189622879,0.031014085257410343,0.038448546823760865,0.37069876168183125,0.37194058436979643,0.3719415466865479,0.3734807383690567,0.3719404254292522,0.3719403724490708,0.3734807383690567,0.3719272066996722,0.37192280045647896,0.3734807383690567,0.3719292527396601,0.3719299347529894,0.3734807383690567
0,5,272,215,0.09762091189622879,0.04346628482160492,0.05388569333409862,0.8816750200719689,0.8854525580698204,0.8830364115123026,1.4595607245334947,0.8834901254031476,0.8828359811809233,1.4595607245334947,0.8830724741207089,0.8829332570265626,1.4595607245334947,0.8830016906262014,0.8829780961280322,1.4595607245334947
0,6,272,215,0.09762091189622879,0.020069863049161273,0.024880858577241753,0.14796118395076474,0.14785601785975985,0.14785746074057393,0.15422605759879324,0.14785666473943748,0.14785688036599673,0.15422605759879324,0.14785013252580118,0.14784795512125568,0.15422605759879324,0.14784944987655788,0.14784922232681014,0.15422605759879324
0,7,272,215,0.09762091189622879,0.022890262743091846,0.028377343119467623,0.9177506372540036,0.9200241755095749,0.9200213071506306,0.9413508787183675,0.9199590229034796,0.9199373053681145,0.9413508787183675,0.9199617688781061,0.9199626842029814,0.9413508787183675,0.9199792082255275,0.9199850213413345,0.9413508787183675
0,0,272,236,0.029532548040151596,0.07500393749588316,0.07526535736009148,0.3626785091427592,0.3635898477813234,0.3635999515124608,0.3766702432648036,0.3636083010977179,0.3636144522031828,0.3766702432648036,0.3636021553593442,0.36360010677988625,0.3766702432648036,0.3635968598367069,0.36359509466249446,0.3766702432648036
0,1,272,236,0.029532548040151596,0.03056341554868593,0.03066994174196636,0.0671822050325105,0.06800403990222793,0.06799962961030666,0.06935821977429144,0.06800968305489188,0.06801156410577987,0.06935821977429144,0.0680144661604061,0.06801606052891083,0.06935821977429144,0.06801290738150563,0.0680123877885388,0.06935821977429144
0,2,272,236,0.029532548040151596,0.7147980777885276,0.7172894458775975,3.1994561637297543,3.16842404918876,3.2007468918497355,4.685455907834096,3.192521242257337,3.2005536399468633,4.769469433975711,3.1977621897999753,3.1995091723141873,4.792220341120132,3.198615183555651,3.1988995148075428,4.803332027687701
0,3,272,236,0.029532548040151596,0.047221635860401276,0.04738622286805001,0.21097926343445253,0.21085448487438457,0.21085403685961243,0.21973930308053133,0.2108487739211055,0.21084687027001245,0.21973930308053133,0.21084847147677188,0.21084837066199405,0.21973930308053133,0.210849161971986,0.21084939213705733,0.21973930308053133
0,4,272,236,0.029532548040151596,0.03356781496637294,0.033684812739066684,0.33774204648313905,0.33734038192146565,0.3373436940709953,0.342376061894495,0.3373297318386813,0.3373261818110866,0.342376061894495,0.33732951115657384,0.3373294375958715,0.342376061894495,0.33732518047430554,0.33732373691354933,0.342376061894495
0,5,272,236,0.029532548040151596,0.048494523514037075,0.04866354706366848,0.6158632050587117,0.6133622199780561,0.6134478576410055,0.6586567615863691,0.6134056665988794,0.6134201488058205,0.6586567615863691,0.6134139824133137,0.6134167543514585,0.6586567615863691,0.6134262306820041,0.6134303134382342,0.6586567615863691
0,6,272,236,0.029532548040151596,0.020781574010267506,0.02085400642431373,0.15444846655475425,0.1554361081898766,0.155437116608258,0.15941760907049918,0.15543610747628198,0.1554361072384171,0.15941760907049918,0.15543538812820373,0.155435148345511,0.15941760907049918,0.15543363827793502,0.1554330549945121,0.15941760907049918
0,7,272,236,0.029532548040151596,0.026095711535465978,0.026186665925245784,0.7972252157809673,0.7995003053946497,0.7995800515896828,0.8051099314811468,0.7995657892419155,0.7995876171910042,0.8051099314811468,0.7995849379543548,0.7995913208585014,0.8051837545031155,0.7995899448072543,0.799591613758221,0.8051837545031155
0,0,272,252,0.010116739198565483,0.07610691356097606,0.06781865301962194,0.24198582150040396,0.24163016147461874,0.24164714935983764,0.24925047054630245,0.24162549964596627,0.24162394570308213,0.24925047054630245,0.24161983198579942,0.2416179427657438,0.24925047054630245,0.24160979738638677,0.2416064525199159,0.24925047054630245
0,1,272,252,0.010116739198565483,0.030787064285129798,0.027434264938009597,0.15095919305995026,0.1501605402572095,0.15016411183813713,0.15833409795812584,0.1501504034882476,0.15014702456526033,0.15833409795812584,0.1501519421761707,0.15015245507214506,0.15833409795812584,0.15015267720599515,0.15015292221593665,0.15833409795812584
0,2,272,252,0.010116739198565483,0.8354476066896811,0.7444649730640636,5.134997159074885,5.075678989477797,5.136131617747259,8.75819130246363,5.118194892261464,5.132366859856018,8.949920591112615,5.131183284253784,5.135512748251224,8.949920591112615,5.133964067227889,5.134890994885924,8.981498868239102
0,3,272,252,0.010116739198565483,0.047680130747213376,0.04248762815069018,0.19385607738568766,0.19365037643642866,0.19364057659844228,0.21950166240715469,0.19367713039565598,0.19368604838206513,0.21950166240715469,0.1936771991582434,0.19367722207910587,0.21950166240715469,0.1936718901968253,0.19367012054301927,0.21950166240715469
0,4,272,252,0.010116739198565483,0.0342230014531736,0.030496018722179167,0.34153816472518045,0.34074215529965296,0.34073976107591597,0.3529999402309741,0.34074848238141947,0.340750591408675,0.3529999402309741,0.3407513802870319,0.34075234625556944,0.3529999402309741,0.34076060970579236,0.3407636861787125,0.3529999402309741
0,5,272,252,0.010116739198565483,0.04981331570577453,0.04438850316666922,0.4891063262278782,0.4897877450953948,0.489744382323733,0.584843524350079,0.48974482354607746,0.48973051636297166,0.584843524350079,0.4897464181173821,0.4897469496411504,0.584843524350079,0.4897949703320491,0.4898111544036048,0.584843524350079
0,6,272,252,0.010116739198565483,0.021041228619090087,0.018749778647656257,0.2129700212910537,0.2134022677205983,0.2134022606078322,0.21887610786131512,0.21340183429811696,0.2134016898239565,0.21887610786131512,0.21339780872790173,0.21339646687116334,0.21887610786131512,0.2133972195147474,0.21339702311036265,0.21887610786131512
0,7,272,252,0.010116739198565483,0.02711284685204674,0.024160180291110007,1.056720048148345,1.0553347321836388,1.0560618430890636,1.0797352094624737,1.0557763594375271,1.0559235685221566,1.0807031801835993,1.0559271796057408,1.0559774529951453,1.0807031801835993,1.0559870430772569,1.0560069975677626,1.0808960434839827
0,0,272,264,0.004003689158707857,0.07634609751877111,0.0646639009693263,0.14135039062068405,0.14137415772278325,0.14137432736131564,0.14605094989551,0.14138085950870635,0.14138309343734737,0.14605094989551,0.14138869499868997,0.14139130682868448,0.14605094989551,0.14138749639407022,0.14138709685919695,0.14605094989551
0,1,272,264,0.004003689158707857,0.030879803384562532,0.026154690454488073,0.17917535013347125,0.17952497158048428,0.17953374474995534,0.18870323488908097,0.17951989984943326,0.1795182092724162,0.18870323488908097,0.1795196837111617,0.17951961166507116,0.18870323488908097,0.17952224678407824,0.17952310114171702,0.18870323488908097
0,2,272,264,0.004003689158707857,0.8923386502651598,0.7557963011490069,5.230071999202821,5.12627295012387,5.182200141894296,10.769041031271446,5.203212604059182,5.228859155370954,10.876355897433193,5.223673253155137,5.230493469520455,10.935014711445614,5.227634902161446,5.228955451830216,10.938302442098587
0,3,272,264,0.004003689158707857,0.047821046529049754,0.04050364743585905,0.304456745534555,0.3054263343113314,0.30545747470268697,0.3950890810808261,0.3054022316263778,0.30539419739806,0.3950890810808261,0.30537829064243166,0.3053703103144496,0.3950890810808261,0.305383313686134,0.30538498803403474,0.3950890810808261
0,4,272,264,0.004003689158707857,0.034436356050371875,0.029167032628461587,0.3199686553079199,0.3188619589188907,0.3188677728767355,0.3310792110219962,0.31886594712026695,0.3188672765207257,0.3310792110219962,0.31885830093432094,0.31885575220567225,0.3310792110219962,0.3188691885236508,0.3188728177200941,0.3310792110219962
0,5,272,264,0.004003689158707857,0.05014338756825567,0.04247063246661705,0.41442341906820884,0.41312372382022444,0.4132160846385505,0.4546050801682728,0.41325520800963406,0.41329903607277063,0.4546050801682728,0.41329119249350077,0.4133031873214563,0.4546050801682728,0.4133409319437842,0.4133575117605453,0.4546050801682728
0,6,272,264,0.004003689158707857,0.021144317666668962,0.01790889263626459,0.22745716818703307,0.2287407732673985,0.2287415002504419,0.23742077669286016,0.228761560632742,0.22876848975452316,0.23742077669286016,0.22874634731893753,0.22874127621433607,0.23742077669286016,0.22874449221798454,0.22874387385100017,0.23742077669286016
0,7,272,264,0.004003689158707857,0.027550591548385368,0.023334902259976382,1.2931510636338155,1.2916167637825924,1.2920897037217578,1.6917542961932928,1.2919944810731459,1.2921203868366637,1.6917542961932928,1.2922722323971072,1.2923648161717607,1.6917542961932928,1.2922236150739146,1.2922074092995173,1.6917542961932928
1,0,272,98,7.946503162384033,0.0033749520026232142,0.078665216610131,-0.02636553558177014,-0.026400742222548793,-0.026400894163694094,-0.02639880522809196,-0.02640058299469317,-0.026400529918741297,-0.02639880522809196,-0.026400694229895355,-0.02640073130829608,-0.02639872429623546,-0.026400580023901003,-0.02640054195523622,-0.026396994917452957
1,1,272,98,7.946503162384033,0.01177023647064664,0.27434707243131473,0.07237003992149092,0.07439787754497537,0.07439819957071502,0.0753865644373607,0.0743984635548288,0.07439865889144662,0.0753865644373607,0.07439709439766215,0.07439663801193992,0.0753865644373607,0.07439916145581223,0.0743998504751956,0.0753865644373607
1,2,272,98,7.946503162384033,0.0012503231434616284,0.029143211766158455,-0.07647567468008494,-0.07645636861963186,-0.07645630899085447,-0.07644171823240839,-0.07645616388456893,-0.07645609563954794,-0.07644171823240839,-0.07645617607059571,-0.07645618013260465,-0.07644171823240839,-0.07645608514447133,-0.07645605483576319,-0.07644087673120471
1,3,272,98,7.946503162384033,0.005146806766482801,0.1199645709986882,-0.0015945322129877143,-0.0012757431449892786,-0.0012753138184417084,-0.0011649980566719224,-0.0012762036752208866,-0.0012763571852980893,-0.0011649980566719224,-0.0012765033633322467,-0.0012766032593693668,-0.0011649980566719224,-0.0012763338199998104,-0.001276277305555665,-0.0011649980566719224
1,4,272,98,7.946503162384033,0.006149156735427533,0.14332788916288977,0.02285710557007607,0.023296157732403778,0.023296597154194257,0.023377101579334342,0.023295313862809565,0.023295032572944827,0.023377101579334342,0.0232950483663451,0.023294959867523602,0.023377101579334342,0.02329563734832788,0.023295833675655474,0.023377101579334342
1,5,272,98,7.946503162384033,0.001239869973725244,0.02889956360140352,-0.05175151969753775,-0.05015317967720512,-0.05015351134219768,-0.05014185295157492,-0.05015340713223455,-0.05015348295057769,-0.05014185295157492,-0.05015369720264361,-0.05015379389277997,-0.05014013028926074,-0.05015301765535492,-0.05015279113959203,-0.050139614429869896
1,6,272,98,7.946503162384033,0.012745538347670761,0.2970799389600051,-0.044785960719085784,-0.04493998200236626,-0.04493981354243145,-0.04473028411166062,-0.04493958731533909,-0.0449394557529967,-0.04473028411166062,-0.04493947666845205,-0.04493943978615637,-0.04473028411166062,-0.04493950454457642,-0.04493951383661787,-0.04473028411166062
1,7,272,98,7.946503162384033,0.0012258396192484206,0.028572536469409236,-0.06867458654471714,-0.06901564805648255,-0.06901538154755348,-0.06901318821106085,-0.06901594854619396,-0.0690160487094311,-0.06901291900518389,-0.06901615084336339,-0.0690162182757532,-0.06901271158932568,-0.06901625684356322,-0.06901629217696315,-0.06901271158932568
1,0,272,131,2.959348201751709,0.024747003133125337,0.11519092536149109,1.3641024448935517,1.3746095691169429,1.3747513215314562,1.5154024191491555,1.3749021218185034,1.3749996393856907,1.5154024191491555,1.374894420670134,1.3748918536206771,1.5154024191491555,1.3747753775950013,1.3747356965699573,1.5154024191491555
1,1,272,131,2.959348201751709,0.04281388948472131,0.19928762773978845,-0.0819650644600311,-0.08106980560989019,-0.08106891786031489,-0.07553485976109066,-0.08107189975003988,-0.08107259779675643,-0.07553485976109066,-0.08107095055215581,-0.0810706341528611,-0.07553485976109066,-0.08107288425232621,-0.0810735288190497,-0.07553485976109066
1,2,272,131,2.959348201751709,0.007810982083697361,0.036358109681521485,-0.010392016493462566,-0.01257102289662956,-0.0125704254642076,-0.011948084039329362,-0.012575808775164888,-0.012577404068009996,-0.011948084039329362,-0.01257668265851641,-0.012576973952966917,-0.011948084039329362,-0.012576263060641156,-0.012576123194682738,-0.011948084039329362
1,3,272,131,2.959348201751709,0.024983202887516723,0.11629037437889882,0.09367859512765381,0.0956821108953618,0.09568167161504533,0.09749540730323887,0.09568279036242873,0.09568301685145104,0.09749540730323887,0.09568631354607667,0.09568748794062597,0.09749540730323887,0.09569027430432483,0.09569159455707421,0.09749540730323887
1,4,272,131,2.959348201751709,0.07089595286992811,0.3300023995447044,0.29372360815146614,0.2950334086022654,0.2950340414034753,0.3038990910494281,0.29501365192454954,0.29500706636531093,0.3038990910494281,0.2950003973158657,0.2949959791129711,0.3038990910494281,0.2950031320536074,0.29500404363285454,0.3038990910494281
1,5,272,131,2.959348201751709,0.007974700748176574,0.03712017789474542,0.011084502434438362,0.009694435467147048,0.009693399446040515,0.010356436269471051,0.009695226921533477,0.009695490739662286,0.010356436269471051,0.009690619504087027,0.009689083698271544,0.010356436269471051,0.009688723396832855,0.009688091361081464,0.010356436269471051
1,6,272,131,2.959348201751709,0.022832463155025295,0.10627923490214371,0.05582586112313387,0.05467501763764945,0.0546695774020411,0.06030043483034729,0.05471992979103967,0.05473490050883642,0.06030043483034729,0.05473117653057118,0.05473492544374834,0.06030043483034729,0.05475481623659061,0.0547626961385971,0.06030043483034729
1,7,272,131,2.959348201751709,0.012776464318295839,0.05947115049670673,0.5300835403417861,0.5399926457097306,0.5399750420838562,0.5726675498559342,0.5400799482868771,0.5401090491459258,0.5726675498559342,0.5402517853437125,0.5403090643626576,0.5726675498559342,0.5402104058553593,0.5401966126925748,0.5726675498559342
1,0,272,162,1.0099793672561646,30.008158380240005,0.9467022639932455,0.959781610905433,1.8796037189474317,1.29448084719664,15.37620080071177,1.194175721747611,0.9656997226810038,15.37620080071177,0.9956749559538134,0.9295080340225476,15.37620080071177,0.9584141238993217,0.9459938465478244,15.37620080071177
1,1,272,162,1.0099793672561646,0.03239729418881593,0.0010220751092810633,-0.15619668738307876,-0.15534466050233484,-0.15535042760636994,-0.13956598690382435,-0.15534588506560174,-0.15534629325335733,-0.13956598690382435,-0.15533910821983077,-0.15533684927124045,-0.13956598690382435,-0.15533297251639575,-0.15533092728191744,-0.13956598690382435
1,2,272,162,1.0099793672561646,0.025435558170260907,0.0008024451284412776,0.012467959938847565,0.010953671106003563,0.010961581654018707,0.014949982492264192,0.010963018218413674,0.010966133922550378,0.014949982492264192,0.010968688453481784,0.01097057853183782,0.014949982492264192,0.010971263044178317,0.010972121241077165,0.014949982492264192
1,3,272,162,1.0099793672561646,0.06504558390222254,0.002052068666217969,0.2403460654639793,0.2382750244017778,0.23814509378894333,0.29829380528531424,0.2383856984636386,0.23842258981759223,0.29829380528531424,0.2383569816943431,0.2383474094379113,0.29829380528531424,0.23835306705721024,0.23835176217816598,0.29829380528531424
1,4,272,162,1.0099793672561646,0.25371357664635197,0.00800419720442052,0.41331849639375395,0.41292437122412606,0.4129332224050661,0.428005146260677,0.41294896883648424,0.4129571680406036,0.428005146260677,0.41293348353325027,0.4129283217655056,0.428005146260677,0.4129427842316903,0.41294588446450353,0.428005146260677
1,5,272,162,1.0099793672561646,0.024051043876866122,0.0007587662462026747,0.20523876967370977,0.20445743175264056,0.20445519410557425,0.21052555214089666,0.2044445162522526,0.20444021108545662,0.21052555214089666,0.20445109321260832,0.20445328553272687,0.21052555214089666,0.20446141090958062,0.2044648501419047,0.21052555214089666
1,6,272,162,1.0099793672561646,0.03585127499142678,0.0011310418577295147,0.08552152287516462,0.08395263564730918,0.0839514049896526,0.08773383892751084,0.08395265895999866,0.08395266673089517,0.08773383892751084,0.08394964762766283,0.08394864385021755,0.08773383892751084,0.08395883834661022,0.08396190191959269,0.08773383892751084
1,7,272,162,1.0099793672561646,1.2529142227707484,0.039527141794461505,1.2352586351076447,1.235514672875409,1.237023840000195,1.6266521383592538,1.2367028303351875,1.2370988828217806,1.6266521383592538,1.2369965288565743,1.237094428363703,1.6284883450730863,1.2371258642513845,1.2371689760496543,1.6284883450730863
1,0,272,192,0.29644227027893066,86.87679630020492,0.9301210240324249,0.5597778594673611,0.16978629312562976,0.1013268855147661,2.912716551620565,0.477033629807225,0.5794494087010902,8.299832001689499,0.5596730699253255,0.5872195499646923,10.8250167437928,0.5595455435621719,0.5595030347744541,12.33217468085046
1,1,272,192,0.29644227027893066,0.02955406505788115,0.0003164119583895439,-0.05015208773400714,-0.05031771812152294,-0.050332761495468135,-0.014061718165199208,-0.05035364757999611,-0.05036562406615383,-0.014061718165199208,-0.05035908883624006,-0.050360902588321384,-0.014061718165199208,-0.050357137261963975,-0.05035648673720528,-0.014061718165199208
1,2,272,192,0.29644227027893066,0.03360876127257895,0.0003598223781559807,0.15713081597345402,0.15736585033139233,0.15736752621625646,0.1584675829244143,0.15737609230554583,0.15737950629693034,0.1584675829244143,0.15737021146972036,0.15736825119111186,0.1584675829244143,0.15736471587984618,0.1573628840165548,0.1584675829244143
1,3,272,192,0.29644227027893066,0.07728699354082708,0.0008274506040505539,0.11805185378728382,0.11958803997583473,0.11960074555424031,0.1348558043514327,0.1195941696103912,0.11959621282191002,0.1348558043514327,0.11957508811551353,0.11956872761722097,0.1348558043514327,0.11958071662902016,0.11958259280018903,0.1348558043514327
1,4,272,192,0.29644227027893066,0.47302534593097284,0.005064307592907529,0.3254160600805048,0.32603265688799116,0.3260770654493112,0.32784769872534886,0.3260696811475353,0.32608202256738344,0.32784769872534886,0.326071077162843,0.32607154250127884,0.32784769872534886,0.3260740523943894,0.32607504413823823,0.32784769872534886
1,5,272,192,0.29644227027893066,0.05771403763888877,0.0006178984731922317,0.7943618974934177,0.7979226242695356,0.7980429449690799,0.8074364887900715,0.7980079680768073,0.7980364160125646,0.8079038391119671,0.7980398705065741,0.7980505046498297,0.8079038391119671,0.7980356952819315,0.798034303540384,0.8079038391119671
1,6,272,192,0.29644227027893066,0.045156320682064946,0.00048345294742688097,0.20392091616350447,0.20455394693135953,0.2045621032807378,0.21347905124292935,0.2045503705985822,0.2045491784876564,0.21347905124292935,0.2045563837439748,0.20455838812577232,0.21347905124292935,0.2045507760889609,0.2045489068706229,0.21347905124292935
1,7,272,192,0.29644227027893066,5.810613230644491,0.0622096320134524,0.8700993489051994,0.8668731513390813,0.8699024160844483,1.1788019924539463,0.8690976324971517,0.8698391262165085,1.1890884849908003,0.8696520981411555,0.8698369200224901,1.1890884849908003,0.8698681821151673,0.8699402101065044,1.1890884849908003
1,0,272,215,0.09762091189622879,105.68177441822729,0.9206344518730488,0.38792500586171685,0.16690913226604387,0.15911004504648305,1.337422237269598,0.3815800313068505,0.453136997653786,5.051943134567281,0.3801456406645772,0.3796675104504861,5.051943134567281,0.3873959431108839,0.3898127105929861,6.479349506989218
1,1,272,215,0.09762091189622879,0.03118597162064716,0.00027167295446310267,0.6223410108443471,0.6225910284175382,0.6227452304572002,0.6762768073895358,0.6226841391619051,0.622715176076694,0.6762768073895358,0.6227524983035543,0.6227752846841038,0.6762768073895358,0.622746366250986,0.6227443222334634,0.6762768073895358
1,2,272,215,0.09762091189622879,0.03673525526758889,0.0003200148917244166,0.15557252873973154,0.15624512241848837,0.15624514183323368,0.15912283070971486,0.15623289083634853,0.1562288136423019,0.15912283070971486,0.15623388507457237,0.15623421648731364,0.15912283070971486,0.15623387848562778,0.1562338762893129,0.15912283070971486
1,3,272,215,0.09762091189622879,0.0846158023227513,0.000737120692948629,0.2370271306813952,0.2374375814945534,0.23744477013127097,0.2377547151651784,0.23743785249354427,0.23743794282654127,0.2377547151651784,0.23743890254892805,0.23743925256738932,0.2377547151651784,0.23743626228623704,0.23743538219867336,0.2377547151651784
1,4,272,215,0.09762091189622879,0.5499716686606595,0.004791014046749247,0.4060702455374193,0.4058166218605006,0.40595207991063126,0.466534963403236,0.40592624650926357,0.4059627880588513,0.466534963403236,0.4059435915905199,0.40594937328427205,0.466534963403236,0.4059509256770995,0.4059533703726261,0.466534963403236
1,5,272,215,0.09762091189622879,0.07941123883829498,0.0006917817451770961,0.5250204367454132,0.5231967670542094,0.5232908216173927,0.5264986794861053,0.5232512842877702,0.5232694566989572,0.5264986794861053,0.5232592000305467,0.5232618386114724,0.5264986794861053,0.523254623123942,0.5232530974884071,0.5265110579796684
1,6,272,215,0.09762091189622879,0.04859480173179144,0.0004233279475340752,0.12291887541289458,0.12282811415759722,0.12282210260044794,0.12710988493903633,0.12282368060197812,0.12282220275010507,0.12710988493903633,0.1228291435763703,0.12283096456783436,0.12710988493903633,0.1228219411927088,0.12281954039815496,0.12710988493903633
1,7,272,215,0.09762091189622879,8.280041505317007,0.07213061584835455,0.797627388016442,0.7922200489622512,0.797819065522936,1.339829641644676,0.7963958697888361,0.7977878100643645,1.339829641644676,0.7973494137536021,0.7976672617418575,1.339829641644676,0.7976493328035255,0.7977493058201665,1.3410568615918228
1,0,272,236,0.029532548040151596,110.26232931104788,0.9172186309766075,0.19728060705189868,0.13859395255090223,0.14075441370746603,0.9450422976104083,0.17887122366045516,0.1922969806969728,1.335001375926711,0.19715620047195287,0.20325119274245207,2.0354764631125604,0.19699092506478943,0.19693583326240163,2.0354764631125604
1,1,272,236,0.029532548040151596,0.03531227361135907,0.0002937456106800828,0.6833249130618255,0.6844138915788154,0.6842612391892383,0.7114907909485371,0.6842302256967175,0.6841690037360184,0.7114907909485371,0.6841301036304548,0.6840967296083672,0.7114907909485371,0.6841724151691997,0.684186519015448,0.7114907909485371
1,2,272,236,0.029532548040151596,0.03810868816558796,0.0003170076217866801,0.16799941566696294,0.16774494631173292,0.16774860465090924,0.1703397748606524,0.16774679388092503,0.16774740973732238,0.1703397748606524,0.16774131532892597,0.1677394891449263,0.1703397748606524,0.16774351713162133,0.1677442510658531,0.1703397748606524
1,3,272,236,0.029532548040151596,0.08818881329483592,0.0007335997987994284,0.233034959268342,0.23254983864369033,0.23255915976543626,0.2492350828175288,0.23255048228928615,0.23255069683781815,0.2492350828175288,0.23255312689860372,0.23255400843504292,0.2492350828175288,0.23255625266610275,0.23255729458860241,0.2492350828175288
1,4,272,236,0.029532548040151596,0.5777606820457284,0.004806109803132889,0.21198254240693085,0.21197421289202253,0.21205350128389813,0.2745378828589982,0.21204456586671197,0.21206801685827514,0.2745378828589982,0.2120609177198362,0.21206636833754425,0.2745378828589982,0.21206934161089203,0.21207214957457732,0.2745378828589982
1,5,272,236,0.029532548040151596,0.08519933716958375,0.0007087318024848765,0.2990263631555839,0.29958304844206285,0.29961274536986227,0.3042654703224701,0.2996040181160669,0.29961100800740154,0.3042654703224701,0.2996041603161715,0.2996042077162063,0.3042654703224701,0.2996143261205291,0.29961771472198157,0.30431048087863577
1,6,272,236,0.029532548040151596,0.04970041382619232,0.00041343354356348984,0.17342912142429426,0.17384706665720576,0.17385229112004386,0.1751431008753988,0.17385466721994514,0.17385720074085828,0.1751431008753988,0.1738586602626643,0.17385999127690396,0.1751431008753988,0.17385865177173576,0.17385864894142625,0.1751431008753988
1,7,272,236,0.029532548040151596,9.077192031983172,0.07550874084294502,0.46931733013828497,0.457583321159627,0.47139176884985207,0.80722530929161,0.4664271095815488,0.46937503905552275,0.80722530929161,0.468463496778671,0.46914229251104494,0.80722530929161,0.4690500715219048,0.4692455964363162,0.8113029599618772
1,0,272,252,0.010116739198565483,110.90734486785072,0.916584133035753,0.08212509008657887,0.07232317982855228,0.07467544414629512,0.4669085662001558,0.07779249717394238,0.07961560295573906,0.4669085662001558,0.0807739705330255,0.0817677949860532,0.4669085662001558,0.0817751792204543,0.08210891544959723,0.47348910554617374
1,1,272,252,0.010116739198565483,0.03645841728959333,0.0003013074277727518,0.9042767011749265,0.9058492629253283,0.9061940062546437,0.9353371750960225,0.9060598205477575,0.9061300064219004,0.9353371750960225,0.9060589524163282,0.9060586630391851,0.9353371750960225,0.906017951904547,0.9060042850672866,0.935851196260669
1,2,272,252,0.010116739198565483,0.03848448425860569,0.0003180516825241149,0.1423666424185643,0.14077810726830217,0.14077983235241795,0.14232821598945636,0.14078084088178922,0.14078175208628493,0.14232821598945636,0.14078644665201787,0.14078831524209404,0.14234874857304,0.14078949631135765,0.14079051286447092,0.14238992841367387
1,3,272,252,0.010116739198565483,0.08891469983979974,0.0007348278255502737,0.15016884334694658,0.15030540861157493,0.15030304678402467,0.16244377072907693,0.1503330311355309,0.1503422386435162,0.16244377072907693,0.1503369582708885,0.1503382673160077,0.16244377072907693,0.15033584585770798,0.1503354750533145,0.16244377072907693
1,4,272,252,0.010116739198565483,0.5815148584456294,0.004805879114777198,0.08233744619425565,0.08230038333269234,0.08237311505306533,0.0936235601694264,0.08235325965329097,0.08237088509349051,0.0936235601694264,0.08236075179189876,0.0823632491714347,0.0936235601694264,0.08236455217728803,0.08236581897241778,0.0936235601694264
1,5,272,252,0.010116739198565483,0.08627695270697394,0.0007130283931340576,0.23430114647375314,0.23458526122511425,0.23461937444933265,0.2543039166504569,0.2346180379475704,0.23462896352172247,0.2543039166504569,0.2346331793412888,0.23463822647252827,0.2543039166504569,0.2346293459674901,0.23462806817622386,0.2543039166504569
1,6,272,252,0.010116739198565483,0.05016787739954426,0.0004146080718756308,0.41943945449384107,0.418343602930014,0.41851459252972506,0.4301404564490795,0.41842178046043343,0.41844783963723997,0.4301404564490795,0.4184647647707399,0.41847909287417534,0.4301993334934405,0.4184637227806986,0.4184633754506848,0.4301993334934405
1,7,272,252,0.010116739198565483,9.211563111718673,0.07612816444861308,0.29511685237872864,0.28857732355836857,0.2951958658886622,0.516914164386587,0.2932650160503023,0.2948275802142803,0.524810417065861,0.29477922759676684,0.2952839647789216,0.5305870295792825,0.29504171082543823,0.29512920523499536,0.5305870295792825
1,0,272,264,0.004003689158707857,110.98776003019023,0.9163859494081549,0.032606397126471634,0.025079467519783655,0.030366192940035067,0.15800175870003988,0.03008273263684183,0.03175048767586122,0.15800175870003988,0.03200287895574976,0.03264292772871907,0.15800175870003988,0.03244960847800481,0.03259851831875649,0.15952031898143082
1,1,272,264,0.004003689158707857,0.03692369444664702,0.00030486564267936646,1.0188912607909129,1.0133805730758936,1.0139515329404216,1.1398497610507259,1.0139059560010726,1.014081083642799,1.1398497610507259,1.0142030606826484,1.0143020955765072,1.1398497610507259,1.0142324008151515,1.0142421808593192,1.1401680370833016
1,2,272,264,0.004003689158707857,0.03858840557277688,0.00031861056270833066,0.12149400998016271,0.12138349401942179,0.1213822923393119,0.1242501896057336,0.12137846726343327,0.12137679167810374,0.1242501896057336,0.12137842669634807,0.12137841317398633,0.1242501896057336,0.12137375758944899,0.12137220122048263,0.1242501896057336
1,3,272,264,0.004003689158707857,0.08912732209603387,0.0007358921889671768,0.105881207601836,0.10670525176191718,0.10639957216060665,0.1942984245481277,0.10640921958096372,0.10631054218731258,0.1942984245481277,0.1062704938073809,0.10622425188285332,0.1942984245481277,0.10621546325589358,0.1061971197387311,0.1942984245481277
1,4,272,264,0.004003689158707857,0.5819670928821463,0.004805092622736441,0.027821918297335223,0.02804513553346729,0.02806815774123278,0.028954104536583376,0.028062902015386085,0.028068824176025686,0.028954104536583376,0.02806990977789412,0.02807224569873014,0.028970316191466387,0.028072206529965747,0.028072972113989625,0.028971960111472135
1,5,272,264,0.004003689158707857,0.08659610503174164,0.0007149928415797838,0.26204085713380043,0.2623617402209925,0.2624518786102718,0.3141275725556677,0.2623759430939424,0.2623806773849257,0.3141275725556677,0.2624183250170093,0.2624324523246982,0.3141275725556677,0.2624041859442901,0.26239947292005034,0.3141275725556677
1,6,272,264,0.004003689158707857,0.050562342698122965,0.00041747504774505075,0.8588372686119052,0.8592502853088367,0.8596504205394927,0.9101875732196604,0.8597453526706326,0.8599103751245645,0.910659708167567,0.8597161563069952,0.8597064241857829,0.910659708167567,0.8597187614231672,0.8597196297952245,0.910659708167567
1,7,272,264,0.004003689158707857,9.243121190681403,0.07631712168542892,0.2399573127608404,0.24144498045389481,0.2558544758150591,1.099159354262256,0.23827174986620794,0.23721400633697898,1.099159354262256,0.23951071239311245,0.23992369990208062,1.1404581516876808,0.23981279874391412,0.23991349419418137,1.1404581516876808
2,0,272,98,7.946503162384033,0.0006755469531576019,0.04187858045262915,-0.055078535041224064,-0.05514408450846803,-0.05514402924026098,-0.055135946972444685,-0.055143997268219724,-0.05514396818813696,-0.055135946972444685,-0.05514404897443082,-0.05514406620983452,-0.055135946972444685,-0.055144002750931106,-0.05514398734309787,-0.055135838911962644
2,1,272,98,7.946503162384033,0.0012698530329933115,0.07872086781926314,-0.011271993225614875,-0.01270233614719517,-0.01270233107175714,-0.012669626774922657,-0.012702498632359518,-0.012702552794080968,-0.012669626774922657,-0.012702493000391711,-0.012702491123069109,-0.012669626774922657,-0.01270248952477787,-0.01270248836623992,-0.012669626774922657
2,2,272,98,7.946503162384033,0.0013693634878268815,0.08488973079636129,-0.04834686680646566,-0.04885173369482959,-0.04885180755237179,-0.04884728416841333,-0.048851732282938834,-0.04885173181230857,-0.048847086990358134,-0.04885170192875653,-0.04885169181069576,-0.048847086990358134,-0.04885163044440526,-0.04885160661628817,-0.04884662188567725
2,3,272,98,7.946503162384033,0.002284635628970132,0.1416293812673708,-0.03541806340075046,-0.036375528315196415,-0.036375604011627184,-0.03637425416248301,-0.03637544609611745,-0.0363754186897578,-0.03637425416248301,-0.03637540258283871,-0.03637538807841246,-0.03637420069269558,-0.03637540545815309,-0.036375406416591226,-0.036374161975522075
2,4,272,98,7.946503162384033,0.007599767220473607,0.47112559900719064,0.0121196545599999,0.011881501903229655,0.011881539845364277,0.011907441776613174,0.011882064981254095,0.011882252673928909,0.011909511122392805,0.01188284522423781,0.01188310530523238,0.01191106194025155,0.01188236523901873,0.011882205243945706,0.01191106194025155
2,5,272,98,7.946503162384033,0.0011099342825557662,0.06880716718782792,-0.05043301134861361,-0.05022401865093709,-0.05022403026911948,-0.05021967524865001,-0.05022409443909693,-0.05022411970181687,-0.05021967524865001,-0.050224064995806623,-0.05022405518137652,-0.05021949140720594,-0.05022407826293825,-0.05022408268531545,-0.05021949140720594
2,6,272,98,7.946503162384033,0.00047741781689939383,0.029596137412931874,-0.05829705209990227,-0.05548509758566057,-0.05548517491315689,-0.055470433997233344,-0.05548524071817414,-0.055485288429012014,-0.055470433997233344,-0.05548504569223783,-0.05548498068359239,-0.055470433997233344,-0.05548510228933269,-0.05548512115503098,-0.055470433997233344
2,7,272,98,7.946503162384033,0.0013445668683677173,0.08335253605642502,-0.04220184081566162,-0.042022282029429585,-0.04202227434072494,-0.042004008829013596,-0.042022443148608424,-0.04202249685500137,-0.042004008829013596,-0.042022344500986124,-0.042022311618445364,-0.042004008829013596,-0.04202231175582787,-0.04202230084077511,-0.042004008829013596
2,0,272,131,2.959348201751709,0.0014975158456192513,0.02385300159695295,-0.050106931352409574,-0.04879302737112467,-0.048793212641329665,-0.04874645324753405,-0.04879351882530805,-0.04879368264336919,-0.04874645324753405,-0.04879307592766621,-0.04879292829511892,-0.04874645324753405,-0.04879335806945922,-0.048793452116723555,-0.04874645324753405
2,1,272,131,2.959348201751709,0.0025773089525141495,0.04105235663448985,0.012241706529878915,0.014372443963454004,0.014372470460515685,0.014439936485036364,0.014372422609592409,0.014372415491638542,0.014439936485036364,0.014371966274375376,0.014371814162636366,0.014439936485036364,0.014372057518674824,0.014372087933441309,0.014439936485036364
2,2,272,131,2.959348201751709,0.0029869726370117563,0.04757763551492417,-0.009564858776482882,-0.009382956993193026,-0.009383581119688704,-0.009306049924614567,-0.009382373161089802,-0.009382178550388727,-0.009306049924614567,-0.009382312685043357,-0.009382292526361207,-0.009306049924614567,-0.009381859943820903,-0.009381709030080084,-0.009306049924614567
2,3,272,131,2.959348201751709,0.004607119627469287,0.073383952599136,-0.00037215827793666,-0.0013230503645611832,-0.0013232564868717455,-0.0012556761275394055,-0.0013214670682124376,-0.001320939302762856,-0.0012517643139581562,-0.0013209170444256702,-0.0013207337031634146,-0.0012517643139581562,-0.00132090210834103,-0.00132089712964615,-0.0012517643139581562
2,4,272,131,2.959348201751709,0.03559937950782509,0.5670404481760561,-0.014562404656606322,-0.016242608626639444,-0.016242338388969883,-0.016020537399040222,-0.01624428072460201,-0.01624483809058953,-0.016020537399040222,-0.01624369590756692,-0.016243500968555223,-0.016020537399040222,-0.016244272166183887,-0.016244464252389543,-0.016020537399040222
2,5,272,131,2.959348201751709,0.0017383183634297808,0.02768859563002287,-0.04332768231206042,-0.044201447187132405,-0.044200650943336695,-0.0441024366388648,-0.044200629612121706,-0.04420035708711815,-0.0441024366388648,-0.04420073994559333,-0.044200776723417205,-0.0441024366388648,-0.04419983769621643,-0.044199536946424124,-0.0441024366388648
2,6,272,131,2.959348201751709,0.0013953270920061354,0.02222530028731083,0.014153140393517278,0.012128202598056869,0.012128197648334562,0.01214468389927245,0.012129818743224989,0.012130357458281027,0.01215387783375389,0.012129194887007895,0.012128986934935531,0.01215387783375389,0.012129279889584108,0.012129308223776178,0.01215387783375389
2,7,272,131,2.959348201751709,0.012379081130998355,0.197178709561107,0.26812164506546593,0.2678825109669701,0.2678802117453034,0.27463024958531224,0.2678744773907177,0.2678717995319668,0.27463024958531224,0.2678580723615381,0.26785260401847827,0.27463024958531224,0.26786054222645367,0.26786136551475886,0.27463024958531224
2,0,272,162,1.0099793672561646,0.005122330653271822,0.03795197952148546,0.09304482790123202,0.09362920278795095,0.09362553196011912,0.09551850322404903,0.09363765585337486,0.09364047354184947,0.09551850322404903,0.09364294897506634,0.0936447133489635,0.09551850322404903,0.09364153170991361,0.09364105928819605,0.09551850322404903
2,1,272,162,1.0099793672561646,0.006328661411375356,0.046889832879007456,0.22394298747326988,0.22576849281531589,0.22577128709707686,0.22608748307534735,0.22577266096615153,0.2257740503497634,0.22608748307534735,0.2257693206477467,0.22576820720827842,0.22608748307534735,0.225772193547693,0.22577315118100846,0.22611778174884703
2,2,272,162,1.0099793672561646,0.012172472544234982,0.09018735025033442,0.4420020659851597,0.44563416220271856,0.4456242490219909,0.4660955567363485,0.4456628256029384,0.4456723800696783,0.4660955567363485,0.44563161843017973,0.44562121603926014,0.4660955567363485,0.44563930100584,0.4456418618643934,0.4660955567363485
2,3,272,162,1.0099793672561646,0.011581341574019322,0.08580758799078353,0.14544000619229322,0.14717366786203356,0.14717443830286414,0.14822787931353967,0.1471768722684361,0.1471779404039036,0.14822787931353967,0.14717429868405119,0.14717344082258957,0.14822787931353967,0.14717355219089914,0.1471733033598485,0.14822787931353967
2,4,272,162,1.0099793672561646,0.043238945175878514,0.3203626772507168,-0.0033944157380265687,-0.0053984108822379626,-0.005398958733395333,-0.004460419932821305,-0.005396611292314483,-0.005396011429006657,-0.004460419932821305,-0.005396150103899728,-0.005395996374428144,-0.004460419932821305,-0.005396136193095159,-0.005396131556160301,-0.004460419932821305
2,5,272,162,1.0099793672561646,0.007144519536860226,0.05293462634642288,0.902984201261765,0.9004528429414382,0.900434698153543,0.9706351393221493,0.9006781015848412,0.9007531877993088,0.9706351393221493,0.9006706059656813,0.9006681074259612,0.9706351393221493,0.9006366056653052,0.9006252722318466,0.9706351393221493
2,6,272,162,1.0099793672561646,0.005959530644949655,0.04415489750751006,0.2509859633965001,0.25052143341808325,0.2505252919173688,0.25497827543520285,0.25051346194597085,0.25051080478860016,0.25497827543520285,0.25051045903564795,0.2505094580655403,0.25497827543520285,0.25051392390193167,0.2505150788573595,0.25497827543520285
2,7,272,162,1.0099793672561646,0.043420933103987924,0.3217110482537395,0.09980159677505829,0.0987624103304051,0.09875742087436586,0.10313050846647412,0.09875752671903523,0.0987558988485786,0.10313050846647412,0.09876018658594246,0.09876107320824484,0.10313050846647412,0.09875740295977903,0.09875647508439124,0.10313050846647412
2,0,272,192,0.29644227027893066,0.009442359452991673,0.039839987869645335,0.20933085426677758,0.2084890878586863,0.20848474427032604,0.21151576303411226,0.20849547568820853,0.20849760496471592,0.21151576303411226,0.20849899607806616,0.208500169541352,0.21151576303411226,0.20849821739628097,0.2084979578356859,0.21151576303411226
2,1,272,192,0.29644227027893066,0.018489298625468262,0.07801158562370981,0.8820929159211314,0.8802441332977041,0.8802396228786956,0.9162453658003016,0.8802656103050492,0.8802727693074974,0.9162453658003016,0.8802686698204951,0.8802696896589772,0.9162453658003016,0.88026808458294,0.880267889503755,0.9162453658003016
2,2,272,192,0.29644227027893066,0.02914435356158871,0.12296827907716097,0.12697884824170683,0.12806777687171494,0.12807373475456674,0.153833372790252,0.1280790628352876,0.12808282482314517,0.153833372790252,0.1280683269477603,0.12806474831858455,0.153833372790252,0.1280771361475376,0.12808007254746334,0.153833372790252
2,3,272,192,0.29644227027893066,0.022009763125981796,0.09286542207149918,0.31417443494788827,0.3132293020127176,0.3132270232500882,0.3180902110368385,0.3132310843076011,0.31323167840589555,0.3180902110368385,0.31323061265891666,0.3132304554426885,0.3180902110368385,0.3132295255782275,0.3132291632179978,0.3180902110368385
2,4,272,192,0.29644227027893066,0.04471353279938071,0.18865905425490978,0.009276875882255333,0.009591922828424124,0.009591776088393966,0.010256908970733492,0.00959325353028423,0.009593697097570934,0.010256908970733492,0.00959310768452244,0.00959305906926851,0.010256908970733492,0.009593906448800128,0.009594172703559356,0.010256908970733492
2,5,272,192,0.29644227027893066,0.02943505517569217,0.12419483149101752,1.761456647546048,1.7631960671406215,1.7639415729877637,1.8907635282828932,1.7637330438980512,1.7639120361505276,1.8907635282828932,1.7638604838580976,1.76390296384478,1.8907635282828932,1.7639053015554262,1.7639202407878691,1.8907635282828932
2,6,272,192,0.29644227027893066,0.026874015314780057,0.11338907923170383,3.4074771428327586,3.394603639942383,3.3996453244982727,3.5678176138237236,3.3975344893489643,3.3985114391511577,3.573293193814773,3.398588421132131,3.39893973172652,3.573293193814773,3.3988437316020597,3.398928835092035,3.576091626403679
2,7,272,192,0.29644227027893066,0.056898708489590805,0.2400717603803536,0.17014187807632616,0.17009723813240366,0.17009553430683647,0.17673395253198698,0.170087584064868,0.17008436604235613,0.17673395253198698,0.1700895985292282,0.17009027001734825,0.17673395253198698,0.17008798841224715,0.1700874517065868,0.17673395253198698
2,0,272,215,0.09762091189622879,0.012289282682629417,0.02697471119153451,0.4076618992462195,0.408323973577951,0.4083253326258644,0.4175403764797706,0.40832775025891227,0.408329009152566,0.4175403764797706,0.40832693407418746,0.4083266620126125,0.4175403764797706,0.4083280405490033,0.40832840937394194,0.4175403764797706
2,1,272,215,0.09762091189622879,0.03139873526478022,0.06891954863598906,1.0918569466163557,1.0932638634162475,1.093253598262253,1.136622004917073,1.0932529740052939,1.0932493442016424,1.136622004917073,1.0932486543159885,1.0932472144195533,1.136622004917073,1.093248840991959,1.0932489032172825,1.136622004917073
2,2,272,215,0.09762091189622879,0.031812505323818255,0.06982776501692002,0.19382139641100712,0.19225979087837552,0.19225496139904755,0.1926339869114162,0.1922836833724154,0.19229164753709535,0.1926339869114162,0.19228413187078328,0.19228428137023923,0.1926339869114162,0.19228033619523463,0.19227907097005179,0.1926339869114162
2,3,272,215,0.09762091189622879,0.028563036093609787,0.06269524994062942,0.5027793977372335,0.5032304965299905,0.5032354717395543,0.5126882365215089,0.5032392177370475,0.5032421248060664,0.5126882365215089,0.5032397467526302,0.5032399230911578,0.5126882365215089,0.5032390559399909,0.503238825669111,0.5126882365215089
2,4,272,215,0.09762091189622879,0.04529618222361312,0.09942414582814818,0.031507051099977014,0.031949032291404125,0.031949216239436806,0.03237948027478894,0.03194828276455668,0.0319480329222742,0.03237948027478894,0.03194580069549029,0.03194497333913483,0.03237948027478894,0.031946767874827614,0.03194709026794005,0.03237948027478894
2,5,272,215,0.09762091189622879,0.08553239842480076,0.18774177505815257,2.8447770951235314,2.8368447076220877,2.8426954640590214,3.3459601959386425,2.8411992455042516,2.8426507581316396,3.354952015871361,2.842413556161648,2.842818326380781,3.354952015871361,2.842771372448278,2.842890644543821,3.354952015871361
2,6,272,215,0.09762091189622879,0.15582337814298536,0.3420289638416035,2.490706580477024,2.4881806907959665,2.4915806423015794,5.84888527599536,2.490260992015035,2.4909544257547247,5.84888527599536,2.4910373534633616,2.491296140612804,5.84888527599536,2.491082370106972,2.4910973756548427,5.84888527599536
2,7,272,215,0.09762091189622879,0.06486981120536792,0.14238784048702277,0.4103177854410905,0.4110403258753989,0.41105528922752915,0.4115915770713373,0.4110573276258675,0.41106299487602377,0.4116281040116833,0.41106569899673956,0.4110684894536969,0.4116690871634045,0.4110626060738399,0.41106157509953994,0.4116690871634045
2,0,272,236,0.029532548040151596,0.01365321957987145,0.024548169941349538,0.38401169806898133,0.38172314521299117,0.3817238015922991,0.3917322246583978,0.381718250963307,0.3817166195467456,0.3917322246583978,0.3817220452121946,0.3817233099618238,0.3917322246583978,0.38172537401835366,0.3817264836204067,0.3917322246583978
2,1,272,236,0.029532548040151596,0.03778097863473233,0.06792931723175563,0.9836993778792651,0.9830790857657392,0.9830820965631263,1.0234860514677397,0.9830797051514294,0.9830799116133261,1.0234860514677397,0.9830743576321219,0.9830725751256862,1.0234860514677397,0.9830672846085536,0.9830649269340309,1.0234860514677397
2,2,272,236,0.029532548040151596,0.033172601467978194,0.05964356271198686,0.2310928678904469,0.23105447860583123,0.23106078920284212,0.23355051054043963,0.2310573497253087,0.23105830676513453,0.23355051054043963,0.23105727801575598,0.2310572541125718,0.23355051054043963,0.2310576226929799,0.23105773758538786,0.23355051054043963
2,3,272,236,0.029532548040151596,0.031611301542783014,0.056836381909766996,0.4563307131756129,0.4551202671881571,0.45511631953181464,0.4725825854222625,0.45511066001422856,0.45510745762291904,0.4725825854222625,0.4551122160380418,0.4551127347126462,0.4725825854222625,0.4551128942412131,0.4551131203089369,0.4725825854222625
2,4,272,236,0.029532548040151596,0.04581824143972403,0.08238012804938123,0.06152404111274868,0.06223860789570344,0.06223948597034523,0.06234035735681286,0.0622377195942901,0.06223742349381898,0.06234118643350843,0.06223624382875704,0.06223575190691269,0.062343233691247425,0.0622361956353284,0.062236179570852194,0.06235290079705502
2,5,272,236,0.029532548040151596,0.12360535186554744,0.22223953592082588,2.8009768102536294,2.7922554651533806,2.8016853235720567,3.351770001134575,2.799477875791841,2.8018853460046613,3.355833755696232,2.801179260377365,2.8017463885725404,3.359871398262322,2.8017215877320547,2.8019023635169518,3.359871398262322
2,6,272,236,0.029532548040151596,0.2006542562514902,0.36077166657295173,1.1547741803880596,1.1520651971509959,1.1547804333616627,1.3801604409683235,1.1541370359682988,1.1548276489073999,1.3801604409683235,1.154636919067336,1.1548035467670148,1.3801604409683235,1.1547473091576517,1.1547841058544235,1.380170270331275
2,7,272,236,0.029532548040151596,0.06988479965636672,0.12565123766198216,0.43298815168450255,0.43270604698622595,0.43270003323855066,0.4436244180117766,0.4326891165493513,0.4326834730703932,0.4436244180117766,0.43268655948740087,0.43268570713341736,0.4436244180117766,0.43269171196404277,0.4326934294562568,0.4436244180117766
2,0,272,252,0.010116739198565483,0.013996946850563557,0.023930450452854926,0.41050511340384666,0.4121015929942222,0.4120838923131487,0.4545390910335852,0.41209304072832814,0.4120901899730301,0.4545390910335852,0.41205109205429097,0.41203710916294517,0.4545390910335852,0.41207421872061234,0.4120819276093861,0.4545390910335852
2,1,272,252,0.010116739198565483,0.039508776969650855,0.0675477902302,0.7031603257359375,0.703062850907289,0.7030409064293769,0.7596224159882313,0.7030332314534504,0.7030233583021709,0.7596224159882313,0.7030264620142049,0.7030242055344565,0.7596224159882313,0.7030192232477903,0.7030168103256521,0.7596224159882313
2,2,272,252,0.010116739198565483,0.033613129391860126,0.05746805614575324,0.1832800423462757,0.1842596825368157,0.18425913749987535,0.18786821277371663,0.18425726310777996,0.18425645663143467,0.18786821277371663,0.1842592537733545,0.184259917328546,0.18786821277371663,0.18425777156871345,0.18425727750049978,0.18786821277371663
2,3,272,252,0.010116739198565483,0.03236332539141091,0.055331277816318795,0.3479234218331487,0.34940897764621276,0.34941220337943685,0.3645852408077295,0.34939288098076016,0.34938751542560925,0.3645852408077295,0.3493864228624036,0.3493842701562848,0.3645852408077295,0.34938769607119696,0.34938812047412804,0.3645852408077295
2,4,272,252,0.010116739198565483,0.04602086490535044,0.07868144668783089,0.07861788670055378,0.07900660178909319,0.07900288808577283,0.08125522071033149,0.07902802693841401,0.07903516865485428,0.08125522071033149,0.07902613726137321,0.07902550736902626,0.08125522071033149,0.07901888677783452,0.07901646994998827,0.08125522071033149
2,5,272,252,0.010116739198565483,0.1410698725423571,0.24118585512307736,4.571741555313501,4.548848173504551,4.572874349939382,5.51420781896219,4.565843482571095,4.571508585593276,5.554195403359016,4.57020862694528,4.571663675070007,5.554195403359016,4.571269119553016,4.571622617088928,5.557796810504407
2,6,272,252,0.010116739198565483,0.2071842261021818,0.35422095334681725,0.40490813298688993,0.40474146571783653,0.40542561094850543,0.42796238165736716,0.405188275929385,0.4053372126665679,0.429027514400876,0.40528960639394124,0.4053233832154601,0.429027514400876,0.4053174737851574,0.4053267629155628,0.42910733023351855
2,7,272,252,0.010116739198565483,0.07114396023660166,0.12163417019714763,0.3612781280297621,0.3605514260017749,0.36060068178081983,0.3627286046289344,0.36058747353433956,0.36059948937852776,0.3629766575745726,0.36059395831930513,0.3605961199142937,0.3629766575745726,0.3606088683284182,0.3606138383314558,0.3629766575745726
2,0,272,264,0.004003689158707857,0.014095810240733295,0.023622260795715975,0.366493270915437,0.3659391020299969,0.3659141409810922,0.38868617532649596,0.3658867050826642,0.36586923943355326,0.38868617532649596,0.36587394908600357,0.36586969708711675,0.38868617532649596,0.36591169945832747,0.36592428291576873,0.38868617532649596
2,1,272,264,0.004003689158707857,0.03987070733867555,0.06681675127423284,0.42769603138464823,0.4289105240006086,0.4289281998913055,0.4607000035680344,0.4289497795041366,0.4289628646719792,0.4607000035680344,0.4289455809804812,0.42894418147259605,0.4607000035680344,0.42894877081786226,0.4289498340969893,0.4607000035680344
2,2,272,264,0.004003689158707857,0.03373789799796975,0.056539170973249814,0.14736547355864027,0.14718556328459392,0.1471852611214728,0.14978223248472566,0.1471852712935395,0.147185173963188,0.14978223248472566,0.14718724575394523,0.1471879039074138,0.14978223248472566,0.14718813837309605,0.14718843591281297,0.14978223248472566
2,3,272,264,0.004003689158707857,0.03256425394398542,0.05457233647058011,0.2638933088902799,0.26326361511208957,0.26325887421668376,0.27187186896701865,0.26326940429592416,0.263271334023869,0.27187186896701865,0.2632678446880023,0.26326732481869497,0.27187186896701865,0.2632647847913308,0.2632637648257736,0.27187186896701865
2,4,272,264,0.004003689158707857,0.04609648054026408,0.07725012372400648,0.13851364713179962,0.1380053775500883,0.13804607727282162,0.14140517700832747,0.1380278708810607,0.13803536865805152,0.14140517700832747,0.13803188425823235,0.13803322205062288,0.14140517700832747,0.13803053846769278,0.13803008987084622,0.14140517700832747
2,5,272,264,0.004003689158707857,0.1507818338414166,0.2526855669470876,5.984122875733539,5.926141870640074,5.9836708672778585,8.66641806676468,5.971596453394447,5.9867479809792385,8.66641806676468,5.981795032876066,5.98519455936994,8.66641806676468,5.984443684059609,5.985326567787456,8.66641806676468
2,6,272,264,0.004003689158707857,0.20801748886831448,0.348603115975378,0.23886445078700494,0.2385548715883146,0.2389359580062157,0.24976536900360316,0.23883061673381267,0.23892253178231204,0.24976536900360316,0.23891600640732633,0.23894446963183089,0.24976536900360316,0.23891105167452187,0.23890940009692038,0.24976536900360316
2,7,272,264,0.004003689158707857,0.07155276621914616,0.11991067383974921,0.4816295079892051,0.48112108324731584,0.4820886697037814,0.6007087274936403,0.48161982625799155,0.48178607392821676,0.6007087274936403,0.48177619154827317,0.48182831331170045,0.601410637739876,0.4818037186982945,0.4818128944149683,0.6015617492440665
3,0,272,98,7.946503162384033,0.020312423154124827,0.47314812314259946,-0.04414035712022504,-0.04413562420518155,-0.04413444595850435,-0.04338426123833446,-0.04413766421621807,-0.04413834421989691,-0.04338426123833446,-0.04413702502800726,-0.04413681196527033,-0.04338426123833446,-0.044136859396426344,-0.044136804185899374,-0.04338426123833446
3,1,272,98,7.946503162384033,0.002419017012046337,0.05634745546679495,-0.03418214563132561,-0.035763932907896034,-0.03576393195509959,-0.03574825612200128,-0.03576409347543523,-0.0357641469979483,-0.03574825612200128,-0.03576426474991017,-0.035764321841401825,-0.03574825612200128,-0.03576419820963482,-0.035764176029543036,-0.03574825612200128
3,2,272,98,7.946503162384033,0.008119578936367758,0.18913368953080545,-0.062128617214728295,-0.06246500872565404,-0.06246494202682163,-0.06240562729562079,-0.06246471539147624,-0.06246461761341696,-0.06240562729562079,-0.06246493368625849,-0.062465006451185905,-0.06240562729562079,-0.06246461056417629,-0.06246450285681557,-0.06240484548153945
3,3,272,98,7.946503162384033,0.004206951207384336,0.0979947617683506,-0.04500186656581083,-0.045369496004299126,-0.045369486699225026,-0.045336989551140426,-0.045369370762629924,-0.045369329015406856,-0.045336989551140426,-0.04536937486183257,-0.04536937622823345,-0.045336989551140426,-0.045369458095788656,-0.04536948584044068,-0.045336989551140426
3,4,272,98,7.946503162384033,0.002096633981522214,0.048838015324271275,-0.059068926751857063,-0.058841387290339685,-0.058841429204266486,-0.05882779491102255,-0.058841707793683265,-0.05884181462813113,-0.05882779491102255,-0.0588417380798457,-0.05884174817523317,-0.058826309025140106,-0.05884167078421134,-0.05884164835233322,-0.058824604091125776
3,5,272,98,7.946503162384033,0.002304097859140141,0.053670582249939855,-0.034042020433507535,-0.03338894049729371,-0.03338873628631364,-0.03337925333058455,-0.03338955299648288,-0.03338975716287927,-0.03337925333058455,-0.03339019825039627,-0.03339041333503407,-0.03337925333058455,-0.03339032925572874,-0.033390372924172906,-0.03337925333058455
3,6,272,98,7.946503162384033,0.0014637883824570163,0.034096804727939876,-0.04977999211890469,-0.05012591446023401,-0.05012595391562205,-0.05012147930340964,-0.05012588112622789,-0.050125870014892514,-0.05012147930340964,-0.05012588187036575,-0.050125882118411715,-0.05012147930340964,-0.050125901193515586,-0.05012590763456553,-0.05012147930340964
3,7,272,98,7.946503162384033,0.0020078776975484035,0.04677056778929847,-0.06763188387044688,-0.06713123871658086,-0.06713122313919663,-0.06711368998352518,-0.06713128575699405,-0.0671313014371318,-0.06711368998352518,-0.06713118741361711,-0.06713115463249146,-0.06711368998352518,-0.06713122644276531,-0.0671312394524814,-0.06711368998352518
3,0,272,131,2.959348201751709,0.02605655469141104,0.28621942682942575,-0.1250987726543767,-0.1251561608919028,-0.1251518225012405,-0.122526640969306,-0.12515153921185865,-0.12514999865184392,-0.122526640969306,-0.12515445505516895,-0.12515542700293905,-0.122526640969306,-0.12515122630997372,-0.1251501500615753,-0.122526640969306
3,1,272,131,2.959348201751709,0.008381134374122932,0.09206295710048684,0.03934231950790166,0.03905182062086971,0.03905211522587348,0.03939149971569698,0.039051409928897725,0.039051273031573734,0.03939149971569698,0.03905106395452856,0.039050948629738826,0.03939149971569698,0.039051379765500015,0.039051485035823834,0.03939149971569698
3,2,272,131,2.959348201751709,0.01957441113206363,0.21501602192209807,-0.03491037434890561,-0.0362101766646964,-0.03621112326879423,-0.035664261353058516,-0.036213524965244284,-0.036214641065426906,-0.035664261353058516,-0.03621271966918525,-0.036212451237165565,-0.035664261353058516,-0.036213757030779725,-0.036214102817977885,-0.035664261353058516
3,3,272,131,2.959348201751709,0.008584795050770016,0.09430007719667652,0.010148568190063581,0.010841499663455803,0.010841186692830141,0.011205871080230415,0.010840904551253553,0.010840706180519473,0.011205871080230415,0.010841328540038107,0.010841469869632955,0.011205871080230415,0.010840162931637304,0.010839774395503703,0.011205871080230415
3,4,272,131,2.959348201751709,0.010069326414310985,0.11060698043139547,0.04804338773560917,0.046199924850604916,0.04619945103787801,0.046428839720992446,0.04620116937664161,0.04620158421865384,0.046428839720992446,0.046201526676494194,0.04620164577644506,0.046428839720992446,0.0462027877686243,0.04620320813266767,0.046428839720992446
3,5,272,131,2.959348201751709,0.011030710428985485,0.12116734748306138,-0.06894464003257011,-0.06958920869162094,-0.06959170226445431,-0.06888989569328603,-0.0695900656451151,-0.06959035129627983,-0.06888989569328603,-0.0695924794924441,-0.06959328410822042,-0.06888989569328603,-0.06959226271886894,-0.06959219046101055,-0.06888989569328603
3,6,272,131,2.959348201751709,0.0031321428211604904,0.03440516728468176,-0.05786319785812083,-0.05702436152336467,-0.05702482158394193,-0.056990200261365156,-0.057022873496481365,-0.05702237748752026,-0.056990200261365156,-0.05702342338369094,-0.057023606679427456,-0.05698803139432037,-0.05702182406360897,-0.05702129095691497,-0.05698246826214709
3,7,272,131,2.959348201751709,0.004207913666359481,0.046222021752174214,-0.009457773689504049,-0.010415160351554972,-0.010414438395857997,-0.01030398037064233,-0.01041597666498699,-0.010416248769464327,-0.01030398037064233,-0.0104165619677166,-0.010416757068626471,-0.01030398037064233,-0.010416643213956868,-0.010416670296036957,-0.01030398037064233
3,0,272,162,1.0099793672561646,0.02421055499837914,0.13809817635017102,0.12401807643421642,0.12356892071332098,0.12357457526215349,0.12475946780030284,0.12357110478586811,0.1235718328100505,0.12475946780030284,0.1235692196421166,0.1235685912608661,0.12475946780030284,0.12356677731460292,0.12356596320543169,0.12475946780030284
3,1,272,162,1.0099793672561646,0.021669486622633904,0.12360379946806314,0.15288565312374988,0.15362823380940901,0.15362652130825907,0.15854373672845967,0.1536250890477511,0.15362404079386516,0.15854373672845967,0.15362600798962858,0.1536263143035877,0.15854373672845967,0.1536270234321285,0.15362736191296184,0.15854373672845967
3,2,272,162,1.0099793672561646,0.026472924187147223,0.15100283959397542,-0.018647865762423072,-0.018697213831808394,-0.018698257081425425,-0.016860929740505255,-0.0186942509220375,-0.018693263285447202,-0.016860929740505255,-0.018694712629512986,-0.01869486653200481,-0.016860929740505255,-0.018689477698709073,-0.018687732721774434,-0.016860929740505255
3,3,272,162,1.0099793672561646,0.020016678108354728,0.11417609978528963,0.10042657109291207,0.10023311024712789,0.10023064348398114,0.10225412916614134,0.10022632406480776,0.10022406200403439,0.10225412916614134,0.10022493948098748,0.10022447795304738,0.10225412916614134,0.10022263194970989,0.10022186277261735,0.10225412916614134
3,4,272,162,1.0099793672561646,0.03230059064631404,0.18424413085895783,0.241100677749985,0.24153236303502051,0.2415213345161553,0.24305011406781138,0.2415302483834039,0.24152954349953168,0.24305011406781138,0.24152510787651194,0.24152339437421463,0.24305011406781138,0.2415159183843325,0.2415128552202727,0.24305011406781138
3,5,272,162,1.0099793672561646,0.01185247873129496,0.06760711177957732,0.05177344206819803,0.05256345609977428,0.05256049193201292,0.05840454507152598,0.05259983612612902,0.05261196280158059,0.05840454507152598,0.052589398310063006,0.052585919038041,0.05840454507152598,0.05258654783298854,0.05258559767396372,0.05840454507152598
3,6,272,162,1.0099793672561646,0.017430471156446633,0.09942425028218847,0.1567294238392273,0.1570076113703349,0.15700989785212077,0.16213935516392816,0.1570042452515802,0.15700312321199533,0.16213935516392816,0.15701264036004803,0.15701543872953727,0.16213935516392816,0.1570127381544705,0.15701277075261133,0.16213935516392816
3,7,272,162,1.0099793672561646,0.02136089744569733,0.12184359188177715,0.15988516664375194,0.16076966983444974,0.16076643428601858,0.16633795684717684,0.1607752166974284,0.16077706565175456,0.16633795684717684,0.1607807153343768,0.1607825482133596,0.16633795684717684,0.16077786390482482,0.16077691342830747,0.16633795684717684
3,0,272,192,0.29644227027893066,0.03757960704647649,0.14153062500119326,0.411634730591638,0.41204374970446095,0.412065604043291,0.42204256157192355,0.4120660085014345,0.4120734281004257,0.42204256157192355,0.4120697413464502,0.4120709856281222,0.42204256157192355,0.4120695440513925,0.41206947828637325,0.42204256157192355
3,1,272,192,0.29644227027893066,0.03039753825882103,0.11448184072142932,0.12915642184692902,0.12782267344216747,0.1278226479857946,0.13176969698785884,0.1278254650505285,0.12782639558664885,0.13176969698785884,0.1278274002681323,0.1278280453406669,0.13176969698785884,0.12782944846234578,0.1278301311937503,0.13176969698785884
3,2,272,192,0.29644227027893066,0.028908720271621002,0.10887472141385277,0.02509687466445128,0.02593720460226989,0.025936197846815237,0.028402621756346894,0.025935208311911834,0.02593454288179248,0.028402621756346894,0.02593700178749133,0.025937599612684492,0.028402621756346894,0.02593592942639876,0.02593557197270124,0.028402621756346894
3,3,272,192,0.29644227027893066,0.03161578242007013,0.11906993706135117,0.35166223724298873,0.3547359559095564,0.3547435581270468,0.3677471952240941,0.35471014694975506,0.3547015439631547,0.3677471952240941,0.35471167689558,0.35471218687752165,0.3677471952240941,0.3547128420609605,0.35471323044942066,0.3677471952240941
3,4,272,192,0.29644227027893066,0.050947524968811,0.19187627593290116,0.3089942326953712,0.3082225797158364,0.3082247684513831,0.31411422470456274,0.30822624462508563,0.30822746626150205,0.31411422470456274,0.3082297876658413,0.3082309686794266,0.31411422470456274,0.3082306778072763,0.308230974521088,0.31411422470456274
3,5,272,192,0.29644227027893066,0.013092773832397873,0.04930941564148904,0.16681792326439632,0.16385769435561812,0.16385443009661835,0.16485337508122413,0.1638702028581009,0.16387437235892846,0.16485337508122413,0.16386778383238862,0.1638669774904845,0.1649569404825569,0.1638674344073424,0.163867317932327,0.1649569404825569
3,6,272,192,0.29644227027893066,0.03331924081299251,0.12548542540628416,0.4595244374798516,0.4599149201858503,0.4599178251266592,0.4673148973895942,0.4599169644099434,0.45991764581797434,0.4673148973895942,0.4599184448716191,0.4599189383588444,0.4673148973895942,0.4599172563006264,0.4599168601102955,0.4673148973895942
3,7,272,192,0.29644227027893066,0.03966160680987357,0.14937175882149897,0.45745222959197235,0.45522594465816246,0.45525300165629806,0.5107179729787197,0.4553065104756711,0.455333365748174,0.5107179729787197,0.45535800924403713,0.4553751755001591,0.5107179729787197,0.45531870777985545,0.45530560729179487,0.5107179729787197
3,0,272,215,0.09762091189622879,0.04441206363472004,0.1350691178116555,0.329037282876305,0.32923442269194103,0.32924720841570376,0.34383420601235903,0.32924409882202715,0.32924732419872255,0.34383420601235903,0.3292368806871228,0.3292344746421547,0.34383420601235903,0.32924107198513414,0.3292424690844712,0.34383420601235903
3,1,272,215,0.09762091189622879,0.03546928065953614,0.10787169196867159,0.6988018996319191,0.6993742383636858,0.6995251637939305,0.7159326083303202,0.699535484114689,0.6995892326983569,0.7162600978070899,0.6995631607847725,0.6995723863414671,0.7162600978070899,0.6995915246582864,0.6996009792827911,0.7162609754515622
3,2,272,215,0.09762091189622879,0.030028425468444683,0.09132457727375404,0.09678812275311979,0.09702396518729131,0.09702461892740549,0.09847067953562873,0.09702399429585093,0.09702400399870413,0.09847067953562873,0.09702446631946741,0.09702462366067292,0.09847067953562873,0.09702686752504235,0.09702766792690065,0.09847067953562873
3,3,272,215,0.09762091189622879,0.037974249423092216,0.11548998063505919,0.4142257729643331,0.41141298618237265,0.41140980461002047,0.4315920173566455,0.41140626893023813,0.41140402984619323,0.4315920173566455,0.4114023496802488,0.4114010432635858,0.4315920173566455,0.4113974909790603,0.4113958714119974,0.4315920173566455
3,4,272,215,0.09762091189622879,0.059140558374132735,0.17986246061842515,0.27038225218885226,0.2709068097484582,0.2709023667160066,0.28287188638458377,0.2708948646071845,0.2708908828934266,0.28287188638458377,0.270895534443406,0.2708957577221465,0.28287188638458377,0.27089844444525546,0.2708994144458719,0.28287188638458377
3,5,272,215,0.09762091189622879,0.01712280497739071,0.05207508891681264,0.7701750229858774,0.773168649051933,0.7731895514934957,0.7740409547996077,0.7731641380020187,0.7731626343187138,0.7740693873458856,0.7731746611273353,0.7731781688357741,0.7740908349403672,0.7731861471741996,0.7731899758564875,0.7741260500399512
3,6,272,215,0.09762091189622879,0.044994706846514285,0.13684109367081093,0.6257091933612672,0.6217278076069296,0.6217494945117273,0.6310988463847994,0.6217429374319579,0.6217479807069672,0.6310988463847994,0.6217469581263055,0.6217482983577548,0.6310988463847994,0.6217518628596952,0.6217534977708251,0.6310988463847994
3,7,272,215,0.09762091189622879,0.05966781442149037,0.18146598910481102,1.1462150604405605,1.1471608336910246,1.1467448454834541,1.480476070474644,1.1469964173243037,1.14694161186873,1.480476070474644,1.1469112771375223,1.1468828970752623,1.480476070474644,1.146869135920286,1.1468550888478737,1.480476070474644
3,0,272,236,0.029532548040151596,0.046367064167211314,0.1289507631765453,0.18245209595680723,0.1819469266076349,0.18195075586694753,0.18847433471171585,0.18194811799833405,0.1819485151285671,0.18847433471171585,0.1819311442368357,0.1819254863163363,0.18847433471171585,0.18192665120078633,0.18192515352210323,0.18847433471171585
3,1,272,236,0.029532548040151596,0.041721413252892206,0.11603081144760033,1.0001782611471797,1.0005116765311852,0.9989417667106172,1.5447255978944108,0.9994468598017973,0.9990919208920009,1.5447255978944108,0.9991729928982378,0.9990817039303849,1.5447255978944108,0.9992016435943353,0.9992111938263677,1.5447255978944108
3,2,272,236,0.029532548040151596,0.03073461628770976,0.08547559129355198,0.12724237327242002,0.12755723105922154,0.12755595374925524,0.12874727818767168,0.12756003036456628,0.12756096346634785,0.12874727818767168,0.12756016700495723,0.1275602125517542,0.12874727818767168,0.12756039811287867,0.12756047514885252,0.12874727818767168
3,3,272,236,0.029532548040151596,0.04073820403875014,0.11329642269983295,0.3907936444617572,0.3906755197798927,0.3906843622803791,0.40507996663398305,0.39067196953220934,0.39067078611631495,0.40507996663398305,0.3906759262406143,0.390677245143416,0.40507996663398305,0.3906747592624419,0.3906743702697177,0.40507996663398305
3,4,272,236,0.029532548040151596,0.06156728998251456,0.17122388860606644,0.2335120771946099,0.23343483453507968,0.2334342607044022,0.24092922633791458,0.23343181184222317,0.23343080427793764,0.24092922633791458,0.233431749584308,0.23343172883166963,0.24092922633791458,0.2334301492063493,0.23342961574702978,0.24092922633791458
3,5,272,236,0.029532548040151596,0.019711637461853244,0.054819746296614215,0.4980381854362068,0.4962757960787496,0.49627855504406754,0.5090354678453113,0.496287261819899,0.49629108373361536,0.5090354678453113,0.4962896924113224,0.4962905026084636,0.5090354678453113,0.49629393174948083,0.4962953448622002,0.5090354678453113
3,6,272,236,0.029532548040151596,0.04977125282069496,0.13841810239130786,0.39062455635470633,0.3913404497424421,0.3913327737349818,0.41009626774174246,0.3913573130040208,0.3913629340912137,0.41009626774174246,0.3913427962178709,0.39133795728915427,0.41009626774174246,0.3913461887630846,0.3913473196114891,0.41009626774174246
3,7,272,236,0.029532548040151596,0.06896036960691479,0.19178467408848088,0.8167062735713382,0.8157181387928021,0.8159517778685103,0.9272517782155615,0.8158246660771981,0.8158601751719967,0.9272517782155615,0.8158648597138594,0.8158782575927465,0.9272517782155615,0.8158602565924215,0.8158587222186088,0.9272517782155615
3,0,272,252,0.010116739198565483,0.04673022934729318,0.12759294545414826,0.08952615373588063,0.08883412255053144,0.08884515352016531,0.09018389051196773,0.08882927818468044,0.08882766339606345,0.09018389051196773,0.08882859201557292,0.08882836329253707,0.09018389051196773,0.08882790370656543,0.08882767427022963,0.09018389051196773
3,1,272,252,0.010116739198565483,0.0429122262419647,0.117168210357269,0.3385949292691561,0.33835430999854854,0.3384015027922125,0.3421876150120094,0.33841692026298525,0.33843779035113086,0.3421876150120094,0.3384226726311492,0.3384245900872039,0.34226214569338786,0.3384460365988945,0.33845382458814294,0.34226214569338786
3,2,272,252,0.010116739198565483,0.0309278998641044,0.08444601910777082,0.10157104599138106,0.1006083507062895,0.1006101529026167,0.1024150387938332,0.10060226608430232,0.10060023787697325,0.1024150387938332,0.10060234036198139,0.10060236512120774,0.1024150387938332,0.10059955248792242,0.10059862319656943,0.1024150387938332
3,3,272,252,0.010116739198565483,0.04154724985073806,0.11344125757606957,0.3897241280528332,0.3903953690857824,0.39039766412878985,0.4370541025568241,0.3903580322143133,0.3903455865904903,0.4370541025568241,0.39034636428183106,0.39034247497100377,0.4370541025568241,0.39036131332770374,0.3903662963429946,0.4370541025568241
3,4,272,252,0.010116739198565483,0.06219291329843888,0.16981249835406462,0.16375112419306806,0.16358668684371264,0.16358207301719893,0.1701900035550439,0.16358839823234156,0.16358896869521788,0.1701900035550439,0.16358978890136466,0.16359025245770573,0.1701900035550439,0.16359079755246364,0.1635911337694966,0.1701900035550439
3,5,272,252,0.010116739198565483,0.020231530296231898,0.05524048517623188,0.3383364943339132,0.339206268164861,0.33921337756817715,0.3466835428193508,0.3392044021965687,0.339203780207138,0.3466835428193508,0.3392199852985478,0.33922517966587423,0.3466835428193508,0.3392221412356111,0.33922285988129897,0.3466835428193508
3,6,272,252,0.010116739198565483,0.05055945532242066,0.13804832364938388,0.17305652735708632,0.1725464791928614,0.17254869846829665,0.18050393613531207,0.17254221729183464,0.17254079665815905,0.18050393613531207,0.17254244065052599,0.1725425151034231,0.18050393613531207,0.17254285235952466,0.17254298959585754,0.18050393613531207
3,7,272,252,0.010116739198565483,0.07114311205413457,0.19425026032506196,0.5017888047426754,0.5020875820431996,0.5022660829959713,0.5440164399217097,0.5022328113841115,0.5022812211644153,0.5440164399217097,0.5023005439246073,0.502323121438106,0.5440164399217097,0.5022724336955944,0.5022630636192567,0.5440164399217097
3,0,272,264,0.004003689158707857,0.04679164065244823,0.1272689468995293,0.046905440378247225,0.04703622550952066,0.04703811300838363,0.04779198115607853,0.04704436246708018,0.04704707478626668,0.04779198115607853,0.04703888359689789,0.047037057306837125,0.04779198115607853,0.04704606957485232,0.04704846490083712,0.04779198115607853
3,1,272,264,0.004003689158707857,0.043120502200227756,0.11728378890503137,0.2498298347652212,0.24980598065631812,0.24986998506696764,0.2584019860344827,0.24982859135317806,0.2498361282521313,0.25841792969554866,0.24988184387435664,0.24989959471474954,0.2585480944446715,0.24987052637742083,0.24986675387844223,0.25863760417430826
3,2,272,264,0.004003689158707857,0.030969472318695717,0.08423410833807349,0.07377960438629728,0.07228216314326785,0.07229192289524522,0.07260350275849849,0.0722849418688529,0.07228586811071457,0.07262292524063726,0.07227916147164418,0.07227723467257459,0.07262866949527129,0.07227896407187413,0.07227889827195079,0.07262866949527129
3,3,272,264,0.004003689158707857,0.04178745704751012,0.11365802903873314,0.30687452886919675,0.3044875756016122,0.30450070607186314,0.3944301672409964,0.3045953474489994,0.3046312713981285,0.3944301672409964,0.30450753377362555,0.3044782625485009,0.3944301672409964,0.30444987849345284,0.30443066006672864,0.3944301672409964
3,4,272,264,0.004003689158707857,0.06234387663385494,0.1695695943589391,0.11332401339049061,0.11295523155071774,0.11295408969844674,0.1168348963636514,0.11295661272130639,0.1129570731115026,0.1168348963636514,0.11295866491007776,0.11295934897300157,0.1168348963636514,0.1129587430721688,0.11295876912619914,0.1168348963636514
3,5,272,264,0.004003689158707857,0.020356744958860338,0.05536846874978944,0.3054603455002765,0.3022820991911984,0.30228423171039454,0.31220948265956816,0.302293314382446,0.3022970527795285,0.31220948265956816,0.3022875350594022,0.3022856086183876,0.31220948265956816,0.3022949264782064,0.3022973902844744,0.31220948265956816
3,6,272,264,0.004003689158707857,0.05070617137211444,0.13791610941298368,0.11148455129981408,0.11037349976899821,0.11037254592410879,0.11319001944219927,0.11037872623622867,0.11038046839197214,0.11319001944219927,0.11037403913620272,0.1103724767695274,0.11319001944219927,0.11037519603237261,0.11037558166442923,0.11319001944219927
3,7,272,264,0.004003689158707857,0.0715836605086574,0.19470095429692053,0.2773663155214672,0.2763730331782513,0.27641939031176316,0.31239392491804796,0.2763945245906493,0.27640168839478196,0.31239392491804796,0.2764031673783053,0.2764060483075239,0.31239392491804796,0.2764094944765354,0.2764116035092788,0.31239392491804796
4,0,272,98,7.946503162384033,0.008424881091848474,0.39467410003290676,0.009441899739829977,0.010169885590593928,0.010170099482944155,0.010211206231052579,0.010170921755301189,0.010171267143536944,0.010211206231052579,0.010171052521344788,0.010171096110025986,0.010211206231052579,0.010171448004694578,0.010171579832477838,0.010212264479957944
4,1,272,98,7.946503162384033,0.0006323237862447015,0.02962199923592894,-0.04215477827217149,-0.042820136358505956,-0.04282019434501658,-0.042808858638631694,-0.04282008771410294,-0.04282007149930194,-0.042808858638631694,-0.04282009735916109,-0.042820100574180474,-0.04280843319861221,-0.04282006713260837,-0.042820057057090806,-0.04280843319861221
4,2,272,98,7.946503162384033,0.0011631015605159478,0.05448694843748631,-0.05100750470578045,-0.050549456346412676,-0.050549588447036255,-0.05054396651171444,-0.0505495689760799,-0.05054960651930231,-0.05054396651171444,-0.0505496718348623,-0.050549706121123104,-0.050543431867811565,-0.05054956386321568,-0.05054952787266681,-0.050543431867811565
4,3,272,98,7.946503162384033,0.0014593523832708106,0.06836518904172612,-0.024553389301969968,-0.02455077160533601,-0.024550707040279795,-0.02450385907922073,-0.024551074757249842,-0.02455117580788779,-0.02450385907922073,-0.024551050204905223,-0.024551042020790347,-0.02450385907922073,-0.0245513018502494,-0.024551385732030792,-0.02450385907922073
4,4,272,98,7.946503162384033,0.0005262245457285594,0.024651647511273828,-0.058715313541445706,-0.059663159146075735,-0.05966323384109343,-0.05962754127408594,-0.059663138337280715,-0.0596631314010157,-0.05962754127408594,-0.059663181454019346,-0.05966319582626556,-0.05962754127408594,-0.05966315322958998,-0.059663143821446864,-0.05962754127408594
4,5,272,98,7.946503162384033,0.002275293786890278,0.1065889853947313,-0.04654024516411812,-0.0463606882163554,-0.04636072071353714,-0.04635645939662678,-0.04636084995892696,-0.046360903873117476,-0.04635645939662678,-0.046361283246302856,-0.04636142767542815,-0.04635513174120801,-0.04636122006056491,-0.04636119899865226,-0.04635513174120801
4,6,272,98,7.946503162384033,0.0018982173404849135,0.08892436728247836,-0.054804401431386644,-0.055063559022604,-0.05506364424840101,-0.055061994291193087,-0.055063766161069214,-0.05506383520722427,-0.05506197170957848,-0.055064007993446136,-0.05506408860423845,-0.05506197170957848,-0.05506403130585013,-0.05506403907665147,-0.055061781990627966
4,7,272,98,7.946503162384033,0.004967030545691727,0.23268676306346833,-0.04714170243379768,-0.047137904117357105,-0.047137735070568156,-0.04706645749635145,-0.0471377622898279,-0.04713771501398482,-0.04706645749635145,-0.047138001155485276,-0.04713808077737106,-0.04706645749635145,-0.047138160504082725,-0.04713821362028187,-0.04706645749635145
4,0,272,131,2.959348201751709,0.021957456569569222,0.32711808803770837,0.06989671209457424,0.0692161261893352,0.06921684608457614,0.06971459430319792,0.06921631428064288,0.06921637697774545,0.06971459430319792,0.06921435223173647,0.06921369821543434,0.06971459430319792,0.06921516615435211,0.06921543746189067,0.06971459430319792
4,1,272,131,2.959348201751709,0.0018176980699279057,0.027079726441937103,0.012050628087773982,0.011728602872782674,0.011728417528027134,0.011770832961325878,0.011729749264181591,0.011730131394647897,0.011770832961325878,0.011729649614311066,0.011729616397687562,0.011770832961325878,0.01172959133942387,0.011729571914461473,0.011770832961325878
4,2,272,131,2.959348201751709,0.006858147167627232,0.10217139593775174,-0.019127793573865324,-0.020070081579834052,-0.020072269147994055,-0.019168228065271166,-0.020072746423807353,-0.020073634705131783,-0.019168228065271166,-0.020070297517816554,-0.020069481215819626,-0.019168228065271166,-0.020069026676911312,-0.020068603063276232,-0.019168102465799575
4,3,272,131,2.959348201751709,0.007186345847327349,0.10706083858607705,0.039654136221288286,0.04301219133658908,0.043011785318259506,0.04313837946223073,0.04300483606709728,0.043002384310600016,0.04313837946223073,0.04300560566836906,0.04300586220212632,0.043147796323453856,0.04300470004159919,0.043004398166009226,0.043147796323453856
4,4,272,131,2.959348201751709,0.0025883044400020847,0.03856007625429653,0.07533281417434445,0.07378062041711941,0.07378028373609796,0.07410009911329714,0.07377967951331209,0.07377936587870965,0.07410009911329714,0.07378081122491696,0.07378118846211858,0.07410009911329714,0.0737809707204451,0.07378102388562115,0.07410009911329714
4,5,272,131,2.959348201751709,0.010397057142905567,0.1548934159578207,0.05275631717742442,0.05232668160238998,0.05232432270185108,0.05366713297705558,0.052327351751034964,0.052327575133916636,0.05366713297705558,0.052330429938334824,0.052331456000768106,0.05366713297705558,0.05233170012294643,0.052332123517816964,0.05366713297705558
4,6,272,131,2.959348201751709,0.0072792558456505245,0.10844499439277394,0.019629905272627816,0.018479409206198345,0.01847834782107939,0.018490111538473422,0.018479043929899415,0.018478922171133106,0.018490111538473422,0.018479561406999776,0.018479733899366562,0.018490680386862565,0.01847936289125149,0.01847929671933539,0.018491310577544027
4,7,272,131,2.959348201751709,0.00903967997697129,0.13467146439163458,-0.04640351644009715,-0.04749916648888833,-0.04750037495859933,-0.04691942226113294,-0.047503118721280484,-0.04750443613207787,-0.04691942226113294,-0.04750414160977308,-0.047504482572603944,-0.04691942226113294,-0.04750543133600013,-0.04750586124474249,-0.04691942226113294
4,0,272,162,1.0099793672561646,0.03786553365196757,0.2881992876288596,0.11949105081577849,0.11999512898279512,0.11999231333641426,0.12081445219778614,0.11999668491416182,0.1199972035579507,0.12081445219778614,0.11999697523296385,0.11999707200589786,0.12081445219778614,0.11999604652205118,0.11999573695174696,0.12081445219778614
4,1,272,162,1.0099793672561646,0.005167059172175876,0.03932713021409837,0.11504926311172865,0.11561363733414337,0.11561314019317838,0.11712209234699644,0.11561967930775884,0.11562169329896399,0.11712209234699644,0.11562098354741993,0.11562141829397361,0.11712209234699644,0.11562064735506038,0.11562053529094053,0.11712209234699644
4,2,272,162,1.0099793672561646,0.012042681706653395,0.09165834874793224,0.12194886563055897,0.12460215117425082,0.12460202964082452,0.1260883046578352,0.1246060440506354,0.12460734167609695,0.1260883046578352,0.12460680201374819,0.1246070546681191,0.1260883046578352,0.12460818108912312,0.12460864078091477,0.1261010049155866
4,3,272,162,1.0099793672561646,0.01756509811142601,0.13369014707075066,0.09787029905864184,0.09815021055829456,0.09814316744241453,0.10331912601299484,0.09816094160932512,0.09816451862633528,0.10331912601299484,0.09814888707228331,0.09814486889326939,0.10331912601299484,0.0981503432035398,0.0981508285806253,0.10331912601299484
4,4,272,162,1.0099793672561646,0.0074126131476262985,0.05641832089967683,0.13090211179255806,0.1309343661876568,0.13093266845765172,0.13244803301283062,0.13093703621105973,0.13093792621886072,0.13244803301283062,0.13093973522826965,0.13094063490067295,0.13244803301283062,0.13094098065467347,0.13094139579680808,0.13244803301283062
4,5,272,162,1.0099793672561646,0.02180873128536925,0.1659889671251483,-0.003107414663395386,-0.005112880620534934,-0.005115239495947444,-0.0029514265417492267,-0.0051125509641799195,-0.0051124410787282476,-0.0029514265417492267,-0.005115924499871666,-0.005117049011768914,-0.0029514265417492267,-0.005116156120119434,-0.005116233326868689,-0.0029514265417492267
4,6,272,162,1.0099793672561646,0.014746124943239593,0.1122345915678645,0.20089758884622155,0.20210967835023097,0.2021150254557678,0.2038336503622575,0.20212405417604726,0.20212884611798607,0.2038336503622575,0.2021213503046648,0.2021204490142039,0.2038336503622575,0.2021196443443197,0.20211907569087137,0.2038336503622575
4,7,272,162,1.0099793672561646,0.014778789654034064,0.1124832067456696,0.10001920674758069,0.09941100034151312,0.09941700658828957,0.10110993656653398,0.09941622783812581,0.09941797033699672,0.10110993656653398,0.09942852068114562,0.0994326182954856,0.10110993656653398,0.09942000090348947,0.0994171609776041,0.10110993656653398
4,0,272,192,0.29644227027893066,0.05003747535240235,0.22592643457243328,0.1300954621944571,0.13062961715560517,0.1306302617918632,0.13318070968896037,0.13063226753683524,0.13063315099724523,0.13318070968896037,0.13062744606776056,0.13062583891140234,0.13318070968896037,0.13062739268831652,0.1306273748951685,0.13318070968896037
4,1,272,192,0.29644227027893066,0.008327955792001629,0.037601924280007464,0.09977537846935731,0.09884769655949656,0.09884491314067072,0.10168809811477574,0.09885077531542888,0.09885180156740629,0.10168809811477574,0.09884387767792455,0.09884157846542309,0.10168809811477574,0.09884469399643912,0.09884496610261066,0.10168809811477574
4,2,272,192,0.29644227027893066,0.02093719842140568,0.09453447752848423,0.16210480246614523,0.16246329582018193,0.16246591928126566,0.16649060501643118,0.16245655713077187,0.1624543109009685,0.16649060501643118,0.16245756752846824,0.16245790432770033,0.16649060501643118,0.16245963105128883,0.16246031889222903,0.16649060501643118
4,3,272,192,0.29644227027893066,0.03029554120377176,0.1367887480214723,0.37053512372968206,0.3712031350778013,0.3711979843587039,0.38885810635681517,0.37121279798997464,0.37121601896069906,0.38885810635681517,0.37117799862348066,0.37116639883464925,0.38885810635681517,0.3711487982829063,0.37113906483604814,0.38885810635681517
4,4,272,192,0.29644227027893066,0.010730270023765944,0.048448720312035246,0.1655355057667124,0.1655478249453637,0.16554682144046948,0.17133328470229153,0.16555256949645286,0.16555415101348256,0.17133328470229153,0.16555650465981844,0.1655578163809403,0.17133328470229153,0.16555450490163576,0.16555383831557485,0.17133328470229153
4,5,272,192,0.29644227027893066,0.029738465167459677,0.13427346918729172,0.17976271143422762,0.1813286807032917,0.1813293387236227,0.18728683213278202,0.181329853157141,0.18133024397509076,0.18728683213278202,0.1813276832036526,0.18132695988582315,0.18728683213278202,0.1813294614615159,0.18133005421413703,0.18728683213278202
4,6,272,192,0.29644227027893066,0.028253397036972522,0.12756817189850667,0.36291710021239687,0.36341392863582395,0.36339054211039573,0.4351317918001331,0.3633176662136034,0.36328557873952994,0.4351317918001331,0.36333690140482644,0.36334331313523416,0.4351317918001331,0.3633264103732836,0.3633229133627693,0.4351317918001331
4,7,272,192,0.29644227027893066,0.04315654829276763,0.19485805419976904,0.9875604040426753,0.9891445480489788,0.9890569610814107,1.0467989887852007,0.9892013351549969,0.9892202641903364,1.0467989887852007,0.9891988775625119,0.9891980583650168,1.0467989887852007,0.9892005391653508,0.9892010930329637,1.0467989887852007
4,0,272,215,0.09762091189622879,0.05457724341175667,0.19700701704557375,0.16803761571937392,0.1684002777979813,0.16840020920133805,0.17203314494421806,0.16840272672716627,0.16840354303689456,0.17203314494421806,0.16840409110975846,0.16840454590395584,0.17203314494421806,0.16840339248706407,0.16840315961283261,0.17203314494421806
4,1,272,215,0.09762091189622879,0.009701806651620945,0.035020529966469933,0.32013492881621025,0.3189630081379934,0.31896139169669663,0.32291117870607733,0.3189630684324298,0.31896308853057526,0.32291117870607733,0.31896465970402094,0.31896519012788477,0.32291117870607733,0.31896506983637296,0.3189652065471569,0.32291117870607733
4,2,272,215,0.09762091189622879,0.023891237870816456,0.0862400006344384,0.1599172702687733,0.15982960809272617,0.15983138104055036,0.1627131292580879,0.15982923880316244,0.1598291157066412,0.1627131292580879,0.15982774670742725,0.1598272493421822,0.1627131292580879,0.15982986386116022,0.15983056957907119,0.1627131292580879
4,3,272,215,0.09762091189622879,0.03645855109292177,0.13160412559555792,0.2956951633861944,0.295295878430444,0.29529387948215674,0.3078728042624403,0.2952926023150256,0.29529151027655276,0.3078728042624403,0.2952983213905009,0.29530022774899267,0.3078728042624403,0.2953007577394369,0.2953015698557489,0.3078728042624403
4,4,272,215,0.09762091189622879,0.012289741360678976,0.0443621761447817,0.37134925570917415,0.37194053431939045,0.3719444384519169,0.3777472305760558,0.3719421671291434,0.371942711399061,0.3777472305760558,0.37193719485699905,0.371935537432951,0.3777472305760558,0.3719353675836497,0.3719347584925332,0.3777472305760558
4,5,272,215,0.09762091189622879,0.036015061497820945,0.13000326492983322,0.39933481343263166,0.399706260298998,0.39970816706354384,0.4053854819296068,0.39970825612126204,0.39970892139535,0.4053854819296068,0.39971165316269747,0.39971278550984257,0.4053854819296068,0.39971464309957855,0.3997156397452055,0.4053854819296068
4,6,272,215,0.09762091189622879,0.03291371768673014,0.11880837022901117,0.2645013546710908,0.26387166275362894,0.2638481814786287,0.3041816006848361,0.2638660595376415,0.26386419179897896,0.3041816006848361,0.2638581869617855,0.26385556276983346,0.3041816006848361,0.26383947149414133,0.26383323300492656,0.3041816006848361
4,7,272,215,0.09762091189622879,0.07118461741115054,0.256954515454334,1.1378742944085545,1.1372863908625876,1.1378255265491188,1.1658199997751069,1.1376461906238842,1.1377661238776497,1.1660875921032625,1.1377518288766282,1.1377870416275429,1.1660875921032625,1.1377975141578796,1.1378127425849638,1.166218974715457
4,0,272,236,0.029532548040151596,0.056362686625113775,0.18627709093041986,0.1392635575587631,0.13931396872682816,0.1393147787635979,0.14128911322260465,0.13931051562138286,0.13930936458623444,0.14128911322260465,0.13931092243092208,0.1393110580341018,0.14128911322260465,0.13931048106042151,0.13931033393692135,0.14128911322260465
4,1,272,236,0.029532548040151596,0.010822571619180595,0.03576829420882872,0.4803152690146229,0.47888921194437606,0.4788891598356643,0.4869877911004917,0.47889028027528646,0.47889063638559,0.4869877911004917,0.4788893020872545,0.47888897602457714,0.4869877911004917,0.4788911970913849,0.4788918287594284,0.4869877911004917
4,2,272,236,0.029532548040151596,0.02533951571249015,0.08374638533297209,0.28055754978749325,0.28052018937747986,0.28052061367471537,0.28508743057795827,0.2805166465539836,0.2805154656128183,0.28508743057795827,0.2805163324459266,0.2805162277432409,0.28508743057795827,0.2805146419595612,0.28051407846410603,0.28508743057795827
4,3,272,236,0.029532548040151596,0.03843080789211914,0.12701273705891805,0.19957956910180114,0.1991575678897512,0.19915624749557645,0.2062647302323478,0.19915253640808642,0.1991508592475315,0.2062647302323478,0.19915757227378553,0.1991592508956852,0.2062647302323478,0.19915777452492361,0.19915784194196964,0.2062647302323478
4,4,272,236,0.029532548040151596,0.013322542414238598,0.044030627234432136,0.5315330941826627,0.5334711650704447,0.5334806459557205,0.5466157204305522,0.5334690950645553,0.5334684050625923,0.5466157204305522,0.5334775383388168,0.5334803527635706,0.5466157204305522,0.533483024723134,0.5334848535179063,0.5466157204305522
4,5,272,236,0.029532548040151596,0.03979861682601083,0.13153330703899518,0.4958282004327824,0.49493214257287577,0.4949255365973159,0.506681584333119,0.4949349841547796,0.4949359313487475,0.506681584333119,0.49493653814722516,0.494937056144707,0.506681584333119,0.49493592865690633,0.4949357254934667,0.506681584333119
4,6,272,236,0.029532548040151596,0.03490943696628758,0.11537470538534296,0.36039641885718443,0.36073283830445013,0.3607377903276647,0.38239877546991546,0.3607345800965436,0.36073516069390804,0.38239877546991546,0.36072465517484914,0.36072134686761775,0.38239877546991546,0.3607253275193659,0.3607255516342048,0.38239877546991546
4,7,272,236,0.029532548040151596,0.08358826276061732,0.276256852810091,0.9629518132318036,0.9606126443890506,0.9615745441264579,1.006001171021774,0.9614403131678013,0.9617162027607181,1.006001171021774,0.9616636421294186,0.9617380851166244,1.0064411028540257,0.9617347332021002,0.9617584302263275,1.0064411028540257
4,0,272,252,0.010116739198565483,0.05676438987416407,0.18360895899549928,0.0963936815448299,0.09659016694334993,0.09659197574848884,0.10246209970990522,0.09659351448303248,0.09659463032959333,0.10246209970990522,0.09658683822069135,0.09658461279991097,0.10246209970990522,0.09658664007069154,0.0965865740206916,0.10246209970990522
4,1,272,252,0.010116739198565483,0.01116860343274763,0.03612574105466945,0.338231696324121,0.3395414884552309,0.3395401542521587,0.34752202747018035,0.33954089063988685,0.33954069136810555,0.34752202747018035,0.33954029986330997,0.3395401029377843,0.34752202747018035,0.3395408011121211,0.3395409681950581,0.34752202747018035
4,2,272,252,0.010116739198565483,0.025876015680734134,0.08369804225189473,0.25922826628631185,0.25962219558397487,0.25962202919398225,0.26488146652090094,0.2596251307394283,0.25962610912457934,0.26488146652090094,0.2596282429797533,0.25962928039319494,0.26488146652090094,0.25962868797990213,0.2596288363132851,0.26488146652090094
4,3,272,252,0.010116739198565483,0.03882594944433396,0.1255856387303594,0.13186771874934025,0.13152782021296822,0.1315301864129743,0.13691862373343053,0.13153744671154144,0.13154065554439917,0.13691862373343053,0.13154082063645323,0.13154194527809046,0.13691862373343053,0.13153584288733122,0.13153418363762392,0.13691862373343053
4,4,272,252,0.010116739198565483,0.013680432337247125,0.04425045253932274,0.6146461142916524,0.6145782413560873,0.6145121442552913,0.6911386556578606,0.6145781212039418,0.6145780811532267,0.6911386556578606,0.6147009366986466,0.6147418751968815,0.6911386556578606,0.614692646810817,0.6146898835148737,0.6911386556578606
4,5,272,252,0.010116739198565483,0.040938910115722385,0.1324201790140142,0.4622562449693888,0.4629992863560665,0.46299367839916866,0.4720521641238176,0.462992788568139,0.46299062263882984,0.4720521641238176,0.46299642726507334,0.4629976401640514,0.4720521641238176,0.46299353671082166,0.46299257319273773,0.4720521641238176
4,6,272,252,0.010116739198565483,0.03550315551011074,0.11483779599705868,0.2788619086559319,0.278830185764748,0.27883234127386614,0.28854431719187823,0.27882516091074133,0.27882348595940587,0.28854431719187823,0.27881624402384836,0.2788132717282174,0.28854431719187823,0.278813038245592,0.27881196965283983,0.28854431719187823
4,7,272,252,0.010116739198565483,0.08640169457837105,0.27947319141718163,0.77880701327284,0.778194222424931,0.7798354199492245,1.02600633958967,0.7790473835307705,0.7793317705660504,1.02600633958967,0.7794539695605717,0.779589498237172,1.02600633958967,0.7794209297155114,0.7794099164338245,1.0273137992126598
4,0,272,264,0.004003689158707857,0.05684609661354837,0.1826249012080645,0.055131903236942344,0.05482806079956053,0.054833230329734715,0.058851821695425965,0.05482770282554174,0.054827583500868825,0.058851821695425965,0.0548264761565592,0.05482606726689835,0.058851821695425965,0.054827881999220826,0.05482835061344138,0.058851821695425965
4,1,272,264,0.004003689158707857,0.011239013691240966,0.036106679038887236,0.19650641227365334,0.19638209032247367,0.19638065430946053,0.20105542622434774,0.1963802924115167,0.19637969310786438,0.20105542622434774,0.19637808214979935,0.19637734539589358,0.20105542622434774,0.19637577903502496,0.19637501133010016,0.20105542622434774
4,2,272,264,0.004003689158707857,0.026005691516352625,0.08354640207414665,0.19885038184482215,0.19845045719848461,0.198453336742337,0.2025036223028084,0.19845153308337268,0.19845189171166874,0.2025036223028084,0.19844857626536802,0.19844759065936646,0.2025036223028084,0.198447542862297,0.19844719839460667,0.2025036223028084
4,3,272,264,0.004003689158707857,0.03891611182035734,0.12502267525789795,0.1018975072651995,0.10266059936706914,0.10264211964052672,0.11346524451386339,0.1026719819620716,0.10267577616040575,0.11346524451386339,0.10266662030318206,0.10266483308355223,0.11346524451386339,0.10266525238246516,0.10266479640889282,0.11346524451386339
4,4,272,264,0.004003689158707857,0.013819833393758477,0.04439787177305563,0.641646912121835,0.6408165088616729,0.6406872252056456,0.8288528661845912,0.6408372583407038,0.6408441748337141,0.8288528661845912,0.6408493914525734,0.6408534358231965,0.8288528661845912,0.6408581215654452,0.6408610316030691,0.8288528661845912
4,5,272,264,0.004003689158707857,0.04125281321307749,0.13252960865209967,0.33732989021992027,0.338006609793682,0.3379921627637293,0.34724617391749363,0.33800310717310234,0.3380019396329091,0.34724617391749363,0.33798585330416636,0.33798010201452106,0.34724617391749363,0.33798085653162,0.3379791909407712,0.34724617391749363
4,6,272,264,0.004003689158707857,0.035656739394917814,0.11455155054298978,0.19807800571784145,0.1977911050925964,0.19778916051038697,0.2061140706432436,0.19777610246757504,0.19777110159256792,0.2061140706432436,0.19778058497009382,0.19778207913760004,0.2061140706432436,0.19778002271765044,0.19777983530016932,0.2061140706432436
4,7,272,264,0.004003689158707857,0.08753612945875439,0.2812203114528586,1.3104159911329887,1.3013900668716143,1.3042718277780059,1.37112399482828,1.303885330025098,1.304717084409593,1.37112399482828,1.3043819191760269,1.3045474488930031,1.3712203359090993,1.30456899210088,1.3046313497424975,1.3712203359090993
5,0,272,98,7.946503162384033,0.00043605320849843607,0.018541005280535313,-0.08499116098321367,-0.08360729311347938,-0.08360725463952406,-0.08360301990104116,-0.08360721851933284,-0.08360719365461732,-0.08360301990104116,-0.08360710766598281,-0.08360707071486613,-0.08360301990104116,-0.08360712348215199,-0.08360712875420839,-0.08360301990104116
5,1,272,98,7.946503162384033,0.0035753126325848775,0.15202248053303472,-0.047379481104583086,-0.04758403777212157,-0.04758360003225587,-0.04753823890454266,-0.0475842238866661,-0.04758428592484761,-0.04753823890454266,-0.04758434882787199,-0.04758439047494064,-0.04753739908189653,-0.04758444811581007,-0.04758448121178944,-0.047534071947633275
5,2,272,98,7.946503162384033,0.0021598270245412462,0.09183595828811737,-0.05250047121986715,-0.05360211273759863,-0.053602064569352605,-0.05358373642352303,-0.053602225185203425,-0.053602262667738355,-0.05358373642352303,-0.05360226506255081,-0.05360227835499993,-0.05358373642352303,-0.05360227746708444,-0.05360228160192899,-0.05358373642352303
5,3,272,98,7.946503162384033,0.00271739042214346,0.11554358317814942,-0.044339601544564254,-0.04410123407769293,-0.04410143030158623,-0.04408928202937586,-0.044101077306956615,-0.04410102505004451,-0.04408928202937586,-0.04410089291898706,-0.04410083145633054,-0.04408928202937586,-0.044100947579649545,-0.04410096579987038,-0.04408850929245232
5,4,272,98,7.946503162384033,0.0041663015989280286,0.17715136235789067,-0.06430652509897986,-0.06437571164292777,-0.06437544389870625,-0.06434988860191966,-0.06437551953220763,-0.06437545549530092,-0.06434988860191966,-0.06437536403756507,-0.06437531220601754,-0.06434988860191966,-0.0643753043709275,-0.06437528448204834,-0.06434917364143869
5,5,272,98,7.946503162384033,0.005081732759873815,0.21607554330248124,-0.06383944054793192,-0.062404008001987546,-0.0624042054146605,-0.0623763400134759,-0.06240358760457987,-0.062403447472110636,-0.0623763400134759,-0.06240367059290413,-0.062403698255678874,-0.0623763400134759,-0.06240369968942963,-0.062403709388271444,-0.0623763400134759
5,6,272,98,7.946503162384033,0.002441219851841988,0.1038007960537969,-0.055603239484943785,-0.05525257923525926,-0.0552525826688938,-0.05525030760684304,-0.0552525594260773,-0.055252552823016644,-0.05525030760684304,-0.05525259568245507,-0.05525260776791433,-0.05524910003991719,-0.05525267100182105,-0.05525269610827638,-0.05524910003991719
5,7,272,98,7.946503162384033,0.002940477819485863,0.12502927100599442,-0.0515627618769727,-0.051680988328504665,-0.05168091716541071,-0.05167607532620728,-0.051681309664816044,-0.051681416776919835,-0.05167607532620728,-0.0516815672251856,-0.05168165307864212,-0.05167607532620728,-0.0516817315114837,-0.05168178627358306,-0.05167607532620728
5,0,272,131,2.959348201751709,0.0022843295426187922,0.028303276257729413,-0.027933748527606203,-0.02819032926715012,-0.028189340719007232,-0.028080127323800635,-0.02819110695216884,-0.02819136618050841,-0.028080127323800635,-0.02819313037600831,-0.02819380485062147,-0.028080127323800635,-0.028191739345346675,-0.028191275668459456,-0.028080127323800635
5,1,272,131,2.959348201751709,0.017651502550603347,0.2187054642216804,-0.0300711805808005,-0.030203336847197636,-0.030204762476867916,-0.029347023816979696,-0.030200451071851202,-0.03019948914673572,-0.029347023816979696,-0.03020150005856515,-0.030201849720803125,-0.029347023816979696,-0.030202424098351624,-0.030202732111613787,-0.029347023816979696
5,2,272,131,2.959348201751709,0.007743752123302906,0.09594655741568563,0.046395953007577276,0.046170113208004654,0.0461709172151179,0.04628767109792706,0.04617041019451179,0.04617050919001417,0.04628767109792706,0.046170294956941305,0.046170256544417816,0.04628767109792706,0.046170589456818976,0.046170687623444874,0.04628767109792706
5,3,272,131,2.959348201751709,0.007311186409478063,0.0905869861850081,0.038164729091212025,0.03655621973549953,0.03655432017531606,0.03668063941560334,0.03655631607659999,0.03655634819030013,0.03668063941560334,0.03655717934145513,0.036557467096406844,0.03668063941560334,0.03655710590615668,0.03655708142772387,0.03668063941560334
5,4,272,131,2.959348201751709,0.009197337008106325,0.11395674981178186,-0.01866547394027937,-0.01635293747164476,-0.01635249068396787,-0.016076094365760726,-0.016353750578571285,-0.016354021614213458,-0.016076094365760726,-0.01635377953179417,-0.016353789182868467,-0.016076094365760726,-0.01635338040756893,-0.01635324736616052,-0.016076094365760726
5,5,272,131,2.959348201751709,0.016264209839864652,0.20151664443460293,-0.04699934225211772,-0.050107378716282784,-0.050108513395835934,-0.04969731215188823,-0.0501055028399022,-0.05010487754777534,-0.04969731215188823,-0.05010422283863963,-0.050103796171552105,-0.04969731215188823,-0.05010503083668409,-0.05010530016936559,-0.04969731215188823
5,6,272,131,2.959348201751709,0.007124333110797703,0.0882718383775007,0.00210192376700902,0.002902731382211173,0.0029036186632929585,0.0031539961849393105,0.002903297355291328,0.002903486012984713,0.0031539961849393105,0.002902022559079243,0.0029015976270085485,0.0031539961849393105,0.0029019316224322997,0.0029019013102166515,0.0031597623445911794
5,7,272,131,2.959348201751709,0.013132364223892249,0.16271248329601098,0.04763355321150292,0.047655796635945484,0.047661271300622,0.04806247306911832,0.04765226360806309,0.0476510859321023,0.04806247306911832,0.04765300966671455,0.047653258352931695,0.04806247306911832,0.04765664526042102,0.04765785712498984,0.04806800879138901
5,0,272,162,1.0099793672561646,0.006629955963519958,0.04091741434766757,0.14005913522998978,0.14008931621999526,0.1400891878689942,0.1418728102545954,0.14009366221541428,0.14009511088055396,0.1418728102545954,0.1400965469888418,0.14009750857998432,0.1418728102545954,0.1400964660053975,0.14009643901091604,0.1418728102545954
5,1,272,162,1.0099793672561646,0.02539990337276564,0.1567579598435808,0.019320432901078027,0.02051530952861718,0.020514654013062728,0.02226642581734969,0.02051374752091909,0.020513226851686394,0.02226642581734969,0.020514891296340567,0.02051527255481439,0.02226642581734969,0.020515819569245475,0.020516128993547114,0.02226642581734969
5,2,272,162,1.0099793672561646,0.02368397527235284,0.14616794364110208,0.12265711484002216,0.12230571050024042,0.12230333072611821,0.12684803764887542,0.12229917797208059,0.122297000462694,0.12684803764887542,0.12230459559117748,0.12230640146420978,0.12684803764887542,0.12230376527616553,0.12230348850449486,0.12684803764887542
5,3,272,162,1.0099793672561646,0.022048457209650447,0.13607418576202882,0.1920443720003006,0.19119219044857336,0.19119061092060474,0.1977893910899284,0.1911925163547056,0.19119262499008302,0.1977893910899284,0.19120982794716299,0.1912155984779821,0.1977893910899284,0.19119970938020264,0.19119633652454918,0.1977893910899284
5,4,272,162,1.0099793672561646,0.016590102712295773,0.10238742315702655,0.045114957315078995,0.044548576890826024,0.044549521699725,0.047069219856994714,0.044549065278374524,0.04454922807422403,0.047069219856994714,0.044546340835126236,0.0445454326873768,0.047069219856994714,0.04454523909698249,0.04454487185093458,0.047069219856994714
5,5,272,162,1.0099793672561646,0.024988624657514842,0.15421971348163077,0.15363278514144815,0.15424153146970027,0.15424085099554574,0.1574651152242368,0.15423930116780407,0.15423855773383868,0.1574651152242368,0.15422414942291846,0.1542190988412899,0.1574651152242368,0.15422470475368574,0.15422488986394153,0.1574651152242368
5,6,272,162,1.0099793672561646,0.015258486232728909,0.09416922328565183,0.0891220526230306,0.08716788212196003,0.08716873437945705,0.08898132933029032,0.08717250699960882,0.08717404862549176,0.08898132933029032,0.0871713970312551,0.08717102704180384,0.08898132933029032,0.08717230512569887,0.0871726078238468,0.08898132933029032
5,7,272,162,1.0099793672561646,0.027433117344297223,0.1693061364813115,0.05395805407490676,0.05481839613723418,0.054818114426740484,0.05567821802062143,0.05481761158219873,0.05481735006385358,0.05567821802062143,0.054816944399886526,0.05481672200578246,0.05567821802062143,0.05481790492021079,0.0548182250936522,0.05567821802062143
5,0,272,192,0.29644227027893066,0.011851064757082724,0.052565189193851156,0.24172246305451883,0.24143699777812286,0.2414336008494935,0.24442706550351315,0.24143986179976487,0.2414408164736455,0.24442706550351315,0.24144351151550744,0.24144472808742168,0.24442706550351315,0.24144144460149078,0.24144075563015188,0.24442706550351315
5,1,272,192,0.29644227027893066,0.03009699567792673,0.13349469473038134,0.07840389149254233,0.07712176412068641,0.07712403953151083,0.07830478405993949,0.07712078064683153,0.07712045282221323,0.07830478405993949,0.07712290369627468,0.07712361137942238,0.07830478405993949,0.07712277321725557,0.0771227297242492,0.07830478405993949
5,2,272,192,0.29644227027893066,0.032990290145134424,0.1463278514280866,0.12839112952566661,0.12745917595461104,0.12745874722924008,0.1301043036603807,0.12746296573703536,0.1274642289978435,0.1301043036603807,0.12745994988424394,0.1274589445999801,0.1301043036603807,0.12745802742533585,0.1274573866056998,0.1301043036603807
5,3,272,192,0.29644227027893066,0.031811248443323295,0.14109823270660404,0.11971072907669553,0.11871096394082936,0.11870824315987717,0.12273109763989225,0.11870567137025459,0.11870390718006298,0.12273109763989225,0.11870454663635938,0.11870417172506097,0.12273109763989225,0.11870634350537375,0.11870694246171187,0.12273109763989225
5,4,272,192,0.29644227027893066,0.02392764219060345,0.10613063589582965,0.21364272236825937,0.21337911859532385,0.21337986533627604,0.21793222776831217,0.21339156359744993,0.21339571193149195,0.21793222776831217,0.2133957766199124,0.21339718096073323,0.21793222776831217,0.21339583976484466,0.2133958608131554,0.21793222776831217
5,5,272,192,0.29644227027893066,0.03865435108251375,0.17145069404869653,0.23188994660768947,0.23349734766916946,0.23350366215691257,0.23840905339888188,0.23350486535328527,0.23350737124799048,0.23840905339888188,0.2334987366728015,0.2334966937793069,0.23840905339888188,0.23349868024165463,0.23349866143127232,0.23840905339888188
5,6,272,192,0.29644227027893066,0.022316337201186545,0.0989837209684535,0.09925058409983929,0.09793518717817518,0.09793314775223705,0.10049312404987852,0.09793536310516093,0.0979354217474895,0.10049312404987852,0.09793610040233318,0.09793634616805726,0.10049312404987852,0.09793648824493974,0.09793661752580858,0.10049312404987852
5,7,272,192,0.29644227027893066,0.03380669054322402,0.14994898102809726,0.0888826388569009,0.08997213782054862,0.08996793802136743,0.09254799221291249,0.08997116493468493,0.08997084063939705,0.09254799221291249,0.08997071478180287,0.08997056473084218,0.09254799221291249,0.08996748021681238,0.0899664020284822,0.09254799221291249
5,0,272,215,0.09762091189622879,0.014257679425538067,0.05678644090342958,0.3251046211728517,0.32187859791224366,0.3218773429895387,0.3263278328993793,0.3218800774560612,0.3218805706373336,0.3263278328993793,0.32188001235371194,0.3218799906529288,0.3263278328993793,0.3218790490759624,0.3218787279833792,0.3263278328993793
5,1,272,215,0.09762091189622879,0.03245286812422138,0.1292554575593807,0.14554148012763152,0.14550045972266717,0.14550063949567768,0.14594175808018545,0.14550187114458915,0.14550234161856312,0.14594175808018545,0.14550234296937317,0.14550250024430117,0.14594175808018545,0.14550328626065406,0.14550360069108106,0.14594175808018545
5,2,272,215,0.09762091189622879,0.03637819544924661,0.14488951423271976,0.1287809934588812,0.12867540300507824,0.128675119113793,0.13127469409610779,0.12867618791881932,0.12867644955673302,0.13127469409610779,0.128675530366446,0.1286753111823215,0.13127469409610779,0.1286750302805563,0.12867486358525973,0.13127469409610779
5,3,272,215,0.09762091189622879,0.03489366132679112,0.13897681226363603,0.17620595988482982,0.17633419820622515,0.17633488939432773,0.18055947158364385,0.17633634417918284,0.17633705950350206,0.18055947158364385,0.1763346926863316,0.1763341421887145,0.18055947158364385,0.17633521421882561,0.17633538806299032,0.18055947158364385
5,4,272,215,0.09762091189622879,0.028702330058013772,0.11431756325722123,0.37646469667968396,0.3771191098933872,0.3771230738999767,0.3829330926414778,0.3771143726227538,0.37711279353254273,0.3829330926414778,0.37711701307030665,0.3771178932194909,0.3829330926414778,0.3771195567344831,0.377120404622542,0.3829330926414778
5,5,272,215,0.09762091189622879,0.04336194684558996,0.17270486721662434,0.15118509100464,0.15209311397184716,0.15209394029725146,0.15236366956413613,0.15208907745450562,0.15208773194872507,0.15236366956413613,0.1520880214946907,0.1520876695080857,0.15236366956413613,0.15209124887904088,0.1520923246738243,0.15236701686707413
5,6,272,215,0.09762091189622879,0.0249013242891017,0.09917866280731337,0.20285247056002123,0.20303635876536122,0.20303431990653822,0.20644233253291258,0.20304022499404248,0.20304151373693624,0.20644233253291258,0.20303773974159767,0.20303691132411608,0.20644233253291258,0.20303927231153612,0.20303978316818228,0.20644233253291258
5,7,272,215,0.09762091189622879,0.036127413167879346,0.143890681759675,0.10510016097848413,0.1042631517442059,0.10426321260687195,0.10632597397476345,0.10427059388640329,0.10427307460046908,0.10632597397476345,0.10427027142336848,0.10427016393569022,0.10632597397476345,0.10426893852489068,0.10426849422539808,0.10632597397476345
5,0,272,236,0.029532548040151596,0.015521500145797597,0.0591768141948128,0.3604011353809525,0.3602135631838501,0.3602140338009449,0.36658694014564264,0.36021478026923853,0.360215185964368,0.36658694014564264,0.3602143008438294,0.3602141410353597,0.36658694014564264,0.36021403699720017,0.3602139490483238,0.36658694014564264
5,1,272,236,0.029532548040151596,0.03364995845615042,0.1282928402872142,0.17512253017324966,0.17535739686981827,0.17535738036104945,0.176566727324457,0.17535688848932537,0.17535671902916106,0.176566727324457,0.17535680187973351,0.1753567730098696,0.176566727324457,0.17535711498137083,0.17535721934858328,0.176566727324457
5,2,272,236,0.029532548040151596,0.03773861828833138,0.14388114431208487,0.1457923548351982,0.1460230207589821,0.14602556593063876,0.14816941370241923,0.14602377643359143,0.14602402832512787,0.14816941370241923,0.14602310769545415,0.14602288478274172,0.14816941370241923,0.14602319771249678,0.14602322771817763,0.14816941370241923
5,3,272,236,0.029532548040151596,0.03632361947572586,0.13848636152479685,0.18660679609963066,0.18723799409977746,0.1872364253636111,0.1915026447420537,0.18723407980664897,0.1872327750422728,0.1915026447420537,0.1872321450635512,0.18723150014918533,0.1915026447420537,0.18723322527035663,0.18723358533929177,0.1915026447420537
5,4,272,236,0.029532548040151596,0.030948199590667802,0.1179921940300842,0.36350838757008574,0.36321024876467867,0.3632033296512677,0.36534669046547624,0.3632154943811212,0.36321724291993535,0.36534669046547624,0.3632130450375903,0.3632122285897466,0.36534669046547624,0.36322261504762493,0.36322580505096985,0.36534669046547624
5,5,272,236,0.029532548040151596,0.0445589787462561,0.1698842496671774,0.11455518934035064,0.11468720664261264,0.11468905882634745,0.11547980966283064,0.11468913609879264,0.11468977925085262,0.11547980966283064,0.11469025839310007,0.11469063249120255,0.11547980966283064,0.11468956554298984,0.1146893345929531,0.11547980966283064
5,6,272,236,0.029532548040151596,0.026432041849215864,0.10077402407035098,0.34885397781856065,0.3489143877275388,0.3489108115947454,0.35827871015569906,0.34890784457270235,0.34890566352109015,0.35827871015569906,0.3489129984650748,0.34891471642919897,0.35827871015569906,0.3489155537575489,0.34891640552170705,0.35827871015569906
5,7,272,236,0.029532548040151596,0.037117312433486115,0.14151237191347865,0.12053347853587212,0.12000819037820998,0.12000787105241606,0.12266704654226329,0.12001261351290991,0.12001408789114322,0.12266704654226329,0.12000568945689671,0.12000338143822564,0.12266704654226329,0.12000411284332906,0.12000358730547317,0.12266704654226329
5,0,272,252,0.010116739198565483,0.015864188944471343,0.05971487256035278,0.2554675307353257,0.2559116251025343,0.2559118117250236,0.26062216937446825,0.25591078753070273,0.25591050834009216,0.26062216937446825,0.25591177950215005,0.2559121101592991,0.26062216937446825,0.25591168252590685,0.2559116502004925,0.26062216937446825
5,1,272,252,0.010116739198565483,0.034048957309516674,0.12816470817811706,0.1972918441671205,0.19758682733140237,0.19758771253514618,0.20290459975011543,0.19758312577648462,0.19758189192484535,0.20290459975011543,0.1975838731193985,0.1975841222337031,0.20290459975011543,0.1975825371227434,0.19758209179052502,0.20290459975011543
5,2,272,252,0.010116739198565483,0.03814539027724294,0.1435842151870178,0.1349311753377485,0.13481931158740582,0.13481766136890586,0.13633857302108654,0.13481771967656475,0.1348171890396177,0.13633857302108654,0.13481603353847885,0.13481547149245024,0.13633857302108654,0.13481217384819466,0.13481088728476656,0.13633857302108654
5,3,272,252,0.010116739198565483,0.03675985886173374,0.13836889455543072,0.1773868008640189,0.17781728119617224,0.17781924315247563,0.1870436219860916,0.17782019906800783,0.17782117169195302,0.1870436219860916,0.17781643479742684,0.17781518004056654,0.1870436219860916,0.17782025825961437,0.1778215327470102,0.1870436219860916
5,4,272,252,0.010116739198565483,0.03157174311395437,0.118840151435224,0.5052781172102152,0.5063963292548246,0.5060726473934157,0.672474843165264,0.5062666284638425,0.5062233948668485,0.672474843165264,0.5063522794435983,0.5063808297701835,0.672474843165264,0.5063633244428944,0.5063670061093265,0.672474843165264
5,5,272,252,0.010116739198565483,0.04485773205949829,0.1688503435413827,0.09790644748622888,0.09779839712264582,0.09779653501092705,0.09991322602159029,0.09780606499694064,0.09780862095503891,0.09991322602159029,0.09780706831100339,0.09780740274902429,0.09991322602159029,0.09780720177919983,0.0978072462685986,0.09991322602159029
5,6,272,252,0.010116739198565483,0.027012118706369315,0.10167713154337481,0.2597434988260398,0.25981407271708234,0.25980654403062187,0.27199687813331974,0.2598151892560083,0.2598155614356503,0.27199687813331974,0.2598098301075082,0.25980804372467475,0.27199687813331974,0.25980847521744804,0.25980802358742805,0.27199687813331974
5,7,272,252,0.010116739198565483,0.037405635793023945,0.14079968299910023,0.11862202734622479,0.1183033289293039,0.11830713097172413,0.12064512009328959,0.11829964272680653,0.11829841399264078,0.12064512009328959,0.1183025631111328,0.11830353657257486,0.12064512009328959,0.11830170382297618,0.11830141739359064,0.12064512009328959
5,0,272,264,0.004003689158707857,0.01593934368042941,0.05978524465858821,0.1395236330311888,0.1398695943744829,0.13986356757647378,0.1424418752036322,0.13986869585962808,0.13986839635467646,0.1424418752036322,0.1398661106680989,0.1398652489375892,0.1424418752036322,0.13986366784454454,0.13986285357002642,0.1424418752036322
5,1,272,264,0.004003689158707857,0.03416692523270764,0.12815320537803268,0.19255858481464624,0.19302585745179507,0.19302598099192372,0.2131144894260458,0.19302326088130267,0.1930223953578052,0.2131144894260458,0.1930464914423844,0.19305423496274496,0.2131144894260458,0.19304394927625607,0.19304310188754667,0.2131144894260458
5,2,272,264,0.004003689158707857,0.03824753664546085,0.14345875098638897,0.10382310937073372,0.10519365094611006,0.10519374262589393,0.10527562203484521,0.10519093215689514,0.1051900258938235,0.10531208914802853,0.10518730778676195,0.10518609966338421,0.10531230191083887,0.10518724527047493,0.10518722443171259,0.10532250567603868
5,3,272,264,0.004003689158707857,0.036867462358424724,0.1382823723003088,0.11303966740759593,0.11270222596227761,0.1127008859726375,0.11819181359817232,0.11271165512498087,0.1127147981792153,0.11819181359817232,0.11271201486180793,0.1127121347740836,0.11819181359817232,0.11271155970456553,0.11271140798548472,0.11819181359817232
5,4,272,264,0.004003689158707857,0.03181732505031205,0.11934033173839485,0.4685231332542293,0.4657047408354845,0.46459986705987744,0.8061719805742836,0.46479289484466346,0.4644889461810564,0.8061719805742836,0.46469033282346395,0.46465614548306405,0.8061719805742836,0.46442880744973536,0.4643416323251592,0.8061719805742836
5,5,272,264,0.004003689158707857,0.04493119791374661,0.16852780854301916,0.08826426331038115,0.08915429909093298,0.08915953597846389,0.09037048332659017,0.08914293578417709,0.08913914801525848,0.09037048332659017,0.08913994685398173,0.08913895054391659,0.09037048332659017,0.08914087007215257,0.08914117781154289,0.09037048332659017
5,6,272,264,0.004003689158707857,0.027147430361599747,0.10182450410508385,0.22071533303556407,0.22066299521414193,0.2206637001987818,0.22647675141395437,0.2206723634947313,0.22067548625492772,0.22647675141395437,0.22067204655914965,0.22067194091395578,0.22647675141395437,0.22067443681009835,0.22067523356041463,0.22647675141395437
5,7,272,264,0.004003689158707857,0.03749277210021152,0.1406277822901833,0.11630899133400699,0.11631217460787115,0.11631048436323688,0.11760492471372172,0.11631091126189526,0.11631049014656997,0.11760492471372172,0.1163126984505458,0.11631329418009596,0.11760492471372172,0.11631192976310228,0.11631167353395445,0.11760492471372172
6,0,272,98,7.946503162384033,0.001117218630608331,0.03452906151067592,-0.07130549617946262,-0.0716149429674662,-0.07161481914863753,-0.07161372868454287,-0.07161486293714295,-0.0716148362603685,-0.07161352152271137,-0.07161485880022228,-0.07161485742124875,-0.07161352152271137,-0.07161479946928347,-0.07161477969230386,-0.07161352152271137
6,1,272,98,7.946503162384033,0.0013992567711156136,0.04324580864962217,-0.06385272290057784,-0.0634237999926818,-0.06342368999390065,-0.06341216321005838,-0.06342325279605461,-0.06342307039717887,-0.06341216321005838,-0.06342298078220795,-0.06342289011092574,-0.06341216321005838,-0.06342319642372037,-0.0634232683042245,-0.06341216321005838
6,2,272,98,7.946503162384033,0.003449775969994045,0.10661971023622833,-0.04385130247086917,-0.04402679463630036,-0.04402688121544875,-0.04401915136445088,-0.044026794246924766,-0.0440267941171329,-0.04401915136445088,-0.044026816891123435,-0.044026824439189656,-0.04401915136445088,-0.04402677461781343,-0.04402676052671008,-0.04401915136445088
6,3,272,98,7.946503162384033,0.0014315187600513403,0.0442429064153584,-0.035658161094961886,-0.036675049740869464,-0.03667523303726849,-0.036640074922076736,-0.036674635119992936,-0.0366744969130341,-0.036640074922076736,-0.03667490471553017,-0.036674994580709254,-0.036640074922076736,-0.03667476118437757,-0.03667471334066003,-0.036640074922076736
6,4,272,98,7.946503162384033,0.01629639707336747,0.5036608605804505,-0.07330038365332803,-0.07300170198016029,-0.07300155752266006,-0.07275319568938278,-0.07300218675886866,-0.07300234835177144,-0.07275319568938278,-0.07300178588946522,-0.07300165226633075,-0.07275319568938278,-0.0730018739483638,-0.07300190330133,-0.07275319568938278
6,5,272,98,7.946503162384033,0.0065866676689198085,0.2035693344700803,-0.04532885527557625,-0.044438758115032256,-0.044438805146386574,-0.0443736049736232,-0.04443863992470898,-0.04443860052793456,-0.0443736049736232,-0.04443874352546633,-0.04443877805905211,-0.0443736049736232,-0.044438650561063414,-0.04443861957292911,-0.0443736049736232
6,6,272,98,7.946503162384033,0.000996749754058964,0.030805817792273055,-0.0746241454901313,-0.07505048828013963,-0.07505067335773584,-0.07503900047669274,-0.07505050092390185,-0.07505050513848925,-0.07503900047669274,-0.07505067499767194,-0.07505073302226199,-0.07503900047669274,-0.07505069108175333,-0.07505069644311378,-0.07503900047669274
6,7,272,98,7.946503162384033,0.0010783086898334847,0.03332650034531129,-0.057854653250072614,-0.06041500124492593,-0.060415120688837066,-0.06040507694491052,-0.06041458741592845,-0.06041444947292929,-0.06040507694491052,-0.060414507090961106,-0.06041448031597199,-0.06040507694491052,-0.06041456716199839,-0.06041458718567747,-0.06040507694491052
6,0,272,131,2.959348201751709,0.006346630642259051,0.09163516631946209,0.017053163341442478,0.017492153930956867,0.01749335463116382,0.017719774300828214,0.017493453798759724,0.017493887088027345,0.017719774300828214,0.017491955583570563,0.017491456178507506,0.017719774300828214,0.01749159961574937,0.017491480959808976,0.017719774300828214
6,1,272,131,2.959348201751709,0.006975526222564778,0.1007154097347898,0.014177684068300082,0.01259027905824327,0.012591330047145402,0.013633933541059318,0.012588320591507374,0.012587667769262076,0.013633933541059318,0.01258922461657414,0.012589525958263063,0.013633933541059318,0.01258646845024298,0.012585549728132592,0.013633933541059318
6,2,272,131,2.959348201751709,0.004652720117547387,0.06717781541759989,-0.057504671233528044,-0.057363752806041106,-0.05736368336693564,-0.05726148221340046,-0.05736386429697299,-0.05736390146061695,-0.05726148221340046,-0.057363977324973094,-0.05736401500097312,-0.05726148221340046,-0.05736404097582839,-0.05736406219278015,-0.05726148221340046
6,3,272,131,2.959348201751709,0.01840622255430259,0.26575632964142293,0.04174301572005823,0.04278304224522232,0.042780964868230215,0.044175335933563646,0.04278556212987119,0.04278640209142081,0.044175335933563646,0.04278362733695748,0.04278298240598624,0.044175335933563646,0.04278298229961421,0.04278276728716646,0.044175335933563646
6,4,272,131,2.959348201751709,0.012279633190229422,0.17729820642723493,-0.16051120793148405,-0.1593316403202845,-0.159331862807768,-0.1584410492074287,-0.1593319003573191,-0.15933198703633059,-0.1584410492074287,-0.1593314882241899,-0.15933135084648017,-0.1584410492074287,-0.15933103925670986,-0.15933088960088315,-0.1584410492074287
6,5,272,131,2.959348201751709,0.012436897957380582,0.17956885740826609,0.05475636317190231,0.05449788597793655,0.054498241821278055,0.05533362185910269,0.05449760981999097,0.05449751776734244,0.05533362185910269,0.05449646464740611,0.05449608292321115,0.05533362185910269,0.054498247163379684,0.05449884133537088,0.05533362185910269
6,6,272,131,2.959348201751709,0.00479621459401125,0.06924964548899819,0.05020062135450771,0.049562243923524096,0.04956136119830099,0.05100992784756617,0.049553502701253964,0.049550588960497265,0.05100992784756617,0.04954958960154133,0.04954828523497045,0.05100992784756617,0.04955723397063458,0.04955978209366566,0.05100992784756617
6,7,272,131,2.959348201751709,0.0033659258027458217,0.048598569562226114,-0.041451517501010365,-0.041780894501858,-0.041781067100323144,-0.04172213242442066,-0.04178210101018303,-0.04178250317962471,-0.04172213242442066,-0.04178145412725218,-0.041781238499608554,-0.04172213242442066,-0.041781289904914934,-0.041781235164135844,-0.04172213242442066
6,0,272,162,1.0099793672561646,0.05560968158737026,0.3062490627464176,0.30653676536971347,0.3061574355249982,0.3061623217082619,0.3118652095322897,0.30615856519804474,0.30615894175572694,0.3118652095322897,0.3061615105928901,0.30616249239117194,0.3118652095322897,0.3061624934415671,0.30616282105779274,0.3118652095322897
6,1,272,162,1.0099793672561646,0.018369953978377054,0.1011654990279695,0.09172948580346076,0.09341968784545551,0.09342053667829849,0.09520827122587558,0.0934177482442726,0.09341710171054496,0.09520827122587558,0.09341952454364694,0.09342011664343837,0.09520827122587558,0.09341847073700142,0.09341811946811958,0.09520827122587558
6,2,272,162,1.0099793672561646,0.009748226089174533,0.05368462861200593,0.2226984497305237,0.22115441764279664,0.22115961316111812,0.22634811579712102,0.22115785126282517,0.2211589958028347,0.22634811579712102,0.22117219534700744,0.22117697670840153,0.22634811579712102,0.22117041559640954,0.22116982234621022,0.22634855438517343
6,3,272,162,1.0099793672561646,0.029540413496012573,0.16268253455258255,0.08384690384377795,0.08206750743629773,0.08206594576933866,0.08485102941485237,0.08208277245454335,0.08208786079395854,0.08485102941485237,0.08208109561555628,0.08208053666922727,0.08485102941485237,0.08207908655599112,0.08207841686946941,0.08485102941485237
6,4,272,162,1.0099793672561646,0.014055868250401162,0.07740732107968264,0.026887764221551702,0.03024370956118918,0.03024712337513749,0.03627686113238484,0.03024258798076496,0.030242214120623556,0.03627686113238484,0.030238168383376358,0.03023669518424682,0.03627686113238484,0.030242196830043252,0.030243539645598883,0.03627686113238484
6,5,272,162,1.0099793672561646,0.024822572062259764,0.13670082640338224,0.1284097799678181,0.12839067691876555,0.12839277311983813,0.1291384366822212,0.12838982106424943,0.12838953577941073,0.1291384366822212,0.12838886444797076,0.12838854557587787,0.1291384366822212,0.12838848970575062,0.12838836479167723,0.1291384366822212
6,6,272,162,1.0099793672561646,0.021325118126771677,0.11743993586835612,0.25594532976756146,0.2619146412841586,0.2619207191078216,0.26202164007323864,0.26190420308957324,0.2619007236913781,0.26202164007323864,0.26190180887269543,0.2619010108004028,0.2620641738420998,0.261905376700119,0.26190656597592693,0.2620641738420998
6,7,272,162,1.0099793672561646,0.008111355885110827,0.04467019170960336,0.006537374281576903,0.00528468980052791,0.005282568334681091,0.005643272149594745,0.00528224938980817,0.0052814359195682585,0.005643272149594745,0.005281238179981149,0.005280901110038808,0.005643272149594745,0.005279569254977632,0.0052790129466431255,0.005643272149594745
6,0,272,192,0.29644227027893066,0.10603810704969299,0.3091254782345696,0.24753475833006222,0.24779702290730213,0.2477991370826059,0.2540057230585597,0.24779463450166317,0.24779383836645016,0.2540057230585597,0.2477956458734692,0.24779598299740457,0.2540057230585597,0.24779629418742177,0.2477965102920726,0.2540057230585597
6,1,272,192,0.29644227027893066,0.03341616447765463,0.09741580750851334,0.2848975219110075,0.2860099905755599,0.28600756119644166,0.28898346942114256,0.2860135237062842,0.28601470141652563,0.28898346942114256,0.286015406473252,0.2860160340622413,0.28898346942114256,0.28601660861998424,0.2860170093355617,0.28898346942114256
6,2,272,192,0.29644227027893066,0.029978379031728602,0.08739387200242489,0.31515927345294803,0.31602587250271497,0.3160081522422948,0.3383636134709739,0.3160012237690724,0.31599300752452497,0.3383636134709739,0.31601699314345494,0.3160222496015824,0.3383636134709739,0.31601301660558934,0.3160116910929675,0.3383636134709739
6,3,272,192,0.29644227027893066,0.04884607690800415,0.14239755220256045,0.49599945810606716,0.4950430623396204,0.49503066413046354,0.5120420377404002,0.49509170025078614,0.49510791288784145,0.5120420377404002,0.49507900552120526,0.4950747739446783,0.5120420377404002,0.4950724405782539,0.4950702522639368,0.5120420377404002
6,4,272,192,0.29644227027893066,0.029100820392964494,0.0848355866705328,0.6848755812846193,0.6807410748419237,0.6807687551884101,0.6904257667674292,0.680767703536069,0.6807765797674504,0.6904257667674292,0.6807692366488522,0.6807697476864467,0.6904257667674292,0.680771336612984,0.680772036601028,0.6904257667674292
6,5,272,192,0.29644227027893066,0.03156573033663122,0.09202136625809221,0.1880563165707038,0.187046500799971,0.18705105939531877,0.19107648170034344,0.187051474122528,0.18705313189671366,0.19107648170034344,0.18705423453341607,0.18705515467037878,0.19107648170034344,0.1870531847435711,0.18705283481362278,0.19107648170034344
6,6,272,192,0.29644227027893066,0.049913898302442986,0.14551049724099194,0.6589992636543043,0.660564884802696,0.6605660501477781,0.684762132802806,0.6606139917059866,0.66063036067375,0.684762132802806,0.660580207905838,0.6605689466391219,0.684762132802806,0.6605834962957898,0.6605845924257737,0.684762132802806
6,7,272,192,0.29644227027893066,0.014166922984112481,0.04129983988231489,0.30130938541185665,0.29926802533594077,0.2992629801401846,0.302364152743752,0.29926842700532336,0.29926856089511755,0.302364152743752,0.29927392528424546,0.29927575804388623,0.302364152743752,0.299276165151169,0.2992769117734768,0.302364152743752
6,0,272,215,0.09762091189622879,0.12053646766980841,0.2837842196005441,0.237187742202412,0.23718442047616317,0.23718508762828897,0.24067528128667515,0.23718245830536516,0.2371818042484325,0.24067528128667515,0.23718632724093724,0.23718761688612797,0.24067528128667515,0.23718591132115818,0.23718577268123178,0.24067528128667515
6,1,272,215,0.09762091189622879,0.04259575778180577,0.10028503501128662,0.35798329052687217,0.35804785706085424,0.3580479606833051,0.36341527461130174,0.3580475128019872,0.3580473980490316,0.36341527461130174,0.35804805186155114,0.35804823154807247,0.36341527461130174,0.3580474390561084,0.3580472347876274,0.36341527461130174
6,2,272,215,0.09762091189622879,0.03717816046605084,0.08753015131440353,0.3412871851761336,0.34090381415942433,0.34089695648747015,0.3486725354644227,0.34089983288450154,0.34089850579286063,0.3486725354644227,0.3408985095145933,0.3408980683912905,0.3486725354644227,0.3408972063690026,0.340896771987139,0.3486725354644227
6,3,272,215,0.09762091189622879,0.06436849786689303,0.15154553876636395,0.5802052456207749,0.5801156810883866,0.5801342444235692,0.5946902522695907,0.5801154994672345,0.5801154389268506,0.5946902522695907,0.5801114908472422,0.5801101546405782,0.5946902522695907,0.5801186814250529,0.5801210782843229,0.5946902522695907
6,4,272,215,0.09762091189622879,0.041263838513961516,0.09714923986726827,0.6294250114518299,0.6295313108977149,0.6294693341622344,0.6789589380158975,0.62950139955285,0.6294914291045618,0.6789589380158975,0.629494720261198,0.6294924938306473,0.6789589380158975,0.6294783464474285,0.6294728885095054,0.6789589380158975
6,5,272,215,0.09762091189622879,0.03374474017375599,0.07944670140878117,0.09617538011510744,0.09714934890411846,0.09714818416058109,0.10106577784836582,0.09714744182204878,0.09714680612802555,0.10106577784836582,0.09714625243507287,0.0971458559727476,0.10106577784836582,0.09714288615066735,0.09714176405586551,0.10106577784836582
6,6,272,215,0.09762091189622879,0.06530268187914723,0.15374492859423816,0.45411385406036403,0.4512087030685579,0.4511989592402079,0.4764005352591829,0.45122834908073073,0.45123489775145503,0.4764005352591829,0.4512269162125485,0.45122643858982103,0.4764005352591829,0.45121565328943586,0.4512118989817317,0.4764005352591829
6,7,272,215,0.09762091189622879,0.0197567560910192,0.04651418543711412,0.5588900589327473,0.5580763810904849,0.558077087906117,0.5663964883634697,0.5580798928433969,0.5580810634277008,0.5663964883634697,0.5580806121636019,0.5580808519370037,0.5663964883634697,0.5580802684073612,0.5580801538219476,0.5663964883634697
6,0,272,236,0.029532548040151596,0.12561303872761925,0.27688305131904334,0.21880471383951988,0.21913824561567946,0.21913870632202936,0.2201831291282406,0.21912841013806647,0.2191251316455288,0.2201831291282406,0.21913109811722675,0.21913199411028014,0.2201831291282406,0.21913334644894172,0.21913409589284674,0.2201831291282406
6,1,272,236,0.029532548040151596,0.04637813653120762,0.10222919600804517,0.34849992812014186,0.3483989230110763,0.3484013900697611,0.3569111525780433,0.34839913719769955,0.3483992085932406,0.3569111525780433,0.34840496591909115,0.3484069088262218,0.3569111525780433,0.34840717499038487,0.3484079113474827,0.3569111525780433
6,2,272,236,0.029532548040151596,0.039378216591361904,0.08679959402113502,0.20730713095872721,0.2077250804052332,0.2077253296862532,0.21251668012653135,0.2077261233273284,0.2077264709680268,0.21251668012653135,0.2077260150601315,0.20772597897106584,0.21251668012653135,0.20772342801152455,0.2077225656619889,0.21251668012653135
6,3,272,236,0.029532548040151596,0.07071741893877198,0.15587915821089857,0.3885939976033332,0.3881717120540072,0.38819550982643536,0.3890351614059498,0.38819671982438486,0.3882050557478441,0.38905052714834676,0.3882021323879421,0.38820393657579455,0.38906338611564345,0.3882049119205788,0.38820583843145773,0.389089524672063
6,4,272,236,0.029532548040151596,0.04448855203427453,0.09806407169821542,0.4876072508803965,0.48572510717103073,0.48576798336458255,0.4873832642512318,0.4857659399413845,0.48577955086483593,0.4873832642512318,0.48576775943467615,0.4857683659324401,0.4873832642512318,0.4857606232924941,0.48575824457843336,0.4873832642512318
6,5,272,236,0.029532548040151596,0.03432088160487458,0.07565194281561352,0.09522927234419476,0.09541400262965061,0.09541639818728181,0.09549719744840622,0.09540987904978196,0.09540850452315909,0.09549719744840622,0.09541145864445666,0.0954119851760149,0.09549719744840622,0.09541062144514181,0.09541034237870354,0.09549719744840622
6,6,272,236,0.029532548040151596,0.07009531990931137,0.15450789389594813,0.41683432194012343,0.4174603980788301,0.4174870050310193,0.43673871541064296,0.41747883312391887,0.41748497813894847,0.43673871541064296,0.41750342911638494,0.41751162778054024,0.43673871541064296,0.4175061135192715,0.4175070083202337,0.43673871541064296
6,7,272,236,0.029532548040151596,0.022676647310822348,0.04998509203110075,0.5887351426434994,0.5891849471400011,0.5891797358572392,0.6047331236487288,0.5891911812787237,0.5891932593249646,0.6047331236487288,0.5891864649359836,0.5891848928217369,0.6047331236487288,0.5891832314715671,0.589182153650095,0.6047331236487288
6,0,272,252,0.010116739198565483,0.12684741055663312,0.2744906224752631,0.17995100728944544,0.17947927577515033,0.17948088745721846,0.18189233923156445,0.17947890817616952,0.1794787856431759,0.18189233923156445,0.1794792045066492,0.17947930328347575,0.18189233923156445,0.17947722230178964,0.17947656156683647,0.18189233923156445
6,1,272,252,0.010116739198565483,0.0473711473239322,0.102508483691184,0.42263137690790464,0.42210134992580006,0.42211684905797614,0.44674399007791066,0.42208644070917406,0.4220814709702987,0.44674399007791066,0.42207900476629945,0.4220765261186746,0.44674399007791066,0.42207816113322705,0.4220778799222029,0.44674399007791066
6,2,272,252,0.010116739198565483,0.039872297916939685,0.08628139767861896,0.17655611327716247,0.17673110875152537,0.17673740783531108,0.18287662856341302,0.17671744690887944,0.17671289296133078,0.18287662856341302,0.17671704521940307,0.17671691132291092,0.18287662856341302,0.17671440872201627,0.176713529889554,0.18287662856341302
6,3,272,252,0.010116739198565483,0.07197147105026092,0.1557421929415448,0.2600078133993526,0.2594708794672087,0.2594755929324316,0.26649611745927493,0.25950573407997174,0.2595173522842262,0.26649611745927493,0.2595273968788452,0.259534617811803,0.26649611745927493,0.2595320286419747,0.2595335725630179,0.26649611745927493
6,4,272,252,0.010116739198565483,0.04574196233122879,0.09898301950699508,1.0702108105972545,1.071530378112612,1.0720681886190173,1.0931037904908643,1.0719510098468055,1.0720912204248698,1.0940359762789789,1.0720844252393922,1.0721288970369212,1.0940359762789789,1.0720760116045838,1.0720732070596477,1.0940564610517707
6,5,272,252,0.010116739198565483,0.03454981965560072,0.07476385573862238,0.08964774332658175,0.09025333868430133,0.09025379476131988,0.10036172746868459,0.09024707353372172,0.09024498515019519,0.10036172746868459,0.0902502391605875,0.09025129436954275,0.10036172746868459,0.09025141192439691,0.0902518028456667,0.10036172746868459
6,6,272,252,0.010116739198565483,0.0722580222453666,0.15636227352159313,1.1950277548440522,1.1927343032375066,1.193859851033193,1.2627954698352348,1.1937491279569965,1.1940874028634927,1.2627954698352348,1.1939519704646815,1.19401958463391,1.2627954698352348,1.1940203618168717,1.1940431589342688,1.2635631093850075
6,7,272,252,0.010116739198565483,0.02350715522849646,0.05086815444617852,0.5399274342513649,0.5426906920504277,0.5426988060699558,0.5915710044586336,0.5426926580641466,0.5426933134020528,0.5915710044586336,0.5426465573357153,0.5426311904262382,0.5915710044586336,0.5426344984298967,0.5426304787946239,0.5915710044586336
6,0,272,264,0.004003689158707857,0.12715108945304335,0.2731777236936704,0.10981690136630469,0.11049534991234787,0.11049605087656977,0.11365653906328087,0.11049583495850823,0.1104959966405617,0.11365653906328087,0.11049287685792951,0.11049189082440326,0.11365653906328087,0.11049379512077616,0.1104941012083917,0.11365653906328087
6,1,272,264,0.004003689158707857,0.04770087556568611,0.10248293318824774,0.4719050340168743,0.472997324079938,0.4730437979563476,0.4810481646211923,0.4730818384012322,0.4731100098416636,0.48122749493942873,0.47314350824405044,0.4731640648583233,0.48171737606742754,0.47313540199600335,0.473132699913321,0.48171737606742754
6,2,272,264,0.004003689158707857,0.04000100082697551,0.08594013939154849,0.1465092959330013,0.14438472260628687,0.14437147252556498,0.15286760045905576,0.14439033484000371,0.14439220558457597,0.15286760045905576,0.14438964565248427,0.1443894159233111,0.15286760045905576,0.14438186675916917,0.14437927379473078,0.15286760045905576
6,3,272,264,0.004003689158707857,0.07225462776321338,0.15523543544609145,0.24996977169281054,0.24960473535700214,0.2497621066185675,0.25519092128933946,0.24973923008284263,0.24978406165812275,0.2553300390382727,0.2497440667748668,0.24974567900554154,0.255542425403271,0.24977091933187545,0.24977987018421166,0.255542425403271
6,4,272,264,0.004003689158707857,0.04655882462588644,0.1000292941559852,1.6790741228952306,1.6812774486312034,1.6822990515863498,1.8763011774021656,1.6820827739292015,1.682351215695201,1.879811614020593,1.6823987966316474,1.6825041375324625,1.879811614020593,1.6824425996719579,1.6824572006853946,1.8804308789656063
6,5,272,264,0.004003689158707857,0.034593506050526204,0.07432240870382706,0.07606171647503857,0.07504198928578296,0.07505816208264396,0.07919112818095801,0.07503548818425144,0.0750333211504076,0.07919112818095801,0.07503623398384254,0.07503648258370625,0.07919112818095801,0.07503118133426757,0.07502949711774258,0.07919112818095801
6,6,272,264,0.004003689158707857,0.07346359393691762,0.15783283849451074,1.2064756608935983,1.2029297550360358,1.2047112839667382,1.287547885813595,1.2044625411712504,1.2049734698829886,1.287547885813595,1.2047362725892712,1.2048275163952782,1.287547885813595,1.2048211991793571,1.2048495080427193,1.2883303027407218
6,7,272,264,0.004003689158707857,0.023728377832149514,0.050979226926118996,0.5594797366790684,0.5560895673241493,0.5560325676310395,0.6128893437387866,0.5560762282590626,0.5560717819040336,0.6128893437387866,0.5561291760201904,0.5561468252738996,0.6128893437387866,0.5561253523452683,0.5561240777869608,0.6128893437387866
7,0,272,98,7.946503162384033,0.0054954358793428675,0.24121446329574692,0.001097930071798251,0.0022538626821107894,0.0022539295475769976,0.002305910395337666,0.002253485002345103,0.0022533591090898738,0.002305910395337666,0.002254708273994327,0.0022551160312107355,0.002305910395337666,0.0022535424171462514,0.0022531537981968935,0.0023079458638438316
7,1,272,98,7.946503162384033,0.0009908938126731075,0.043493896472430724,-0.05528903860657746,-0.05430651192553058,-0.05430638322945803,-0.05430266643188417,-0.054306426198101526,-0.05430639762229184,-0.05430261669834859,-0.054306545980551166,-0.05430658590803438,-0.05430195086755715,-0.05430668417298184,-0.0543067302371254,-0.05430195086755715
7,2,272,98,7.946503162384033,0.0039401268515949755,0.17294635124344163,-0.003635582429196024,-0.004504705894700458,-0.004504894461712718,-0.004401082266791953,-0.004504384822914108,-0.004504277798985324,-0.004401082266791953,-0.004503801504918771,-0.004503607065586992,-0.004401082266791953,-0.00450349827254407,-0.0045033971950858365,-0.004401082266791953
7,3,272,98,7.946503162384033,0.004170641819266308,0.1830644829857277,-0.01894131174284435,-0.022316123731135496,-0.022318615701674604,-0.02207411336025263,-0.02231564683963189,-0.022315487875797357,-0.02207411336025263,-0.02231376427059964,-0.022313136747588887,-0.02207411336025263,-0.022315053567201128,-0.022315483332734958,-0.02207411336025263
7,4,272,98,7.946503162384033,0.0026392734066892415,0.11584721071505066,-0.043204609621255476,-0.043802230063905226,-0.04380217301560301,-0.043756544562866234,-0.04380168371911132,-0.04380150160418001,-0.043756544562866234,-0.043801737755056656,-0.04380175576703844,-0.043756544562866234,-0.043801619762949454,-0.04380158043224704,-0.043756544562866234
7,5,272,98,7.946503162384033,0.0019417926566624912,0.0852322697948528,-0.039377227152994604,-0.040703926771355384,-0.04070363807992324,-0.0406739383531636,-0.040704230578046764,-0.040704331846943886,-0.0406739383531636,-0.04070465331441704,-0.04070479422654047,-0.0406739383531636,-0.04070443445311263,-0.040704361499344484,-0.0406739383531636
7,6,272,98,7.946503162384033,0.0017934275141305248,0.0787199896020895,-0.0420078479432861,-0.04260165604462452,-0.04260152448546322,-0.04259383740193375,-0.042601817921317835,-0.04260187188021561,-0.04259383740193375,-0.042602041530157064,-0.042602116066436824,-0.04259383740193375,-0.04260199833670681,-0.04260198393889006,-0.04259352078754602
7,7,272,98,7.946503162384033,0.001810772782957485,0.07948133589066014,-0.06061155159983971,-0.06053042326336351,-0.060530371215662855,-0.06052551733376784,-0.06053040036017846,-0.06053039272578345,-0.060525374978310224,-0.060530272742681086,-0.06053023020351528,-0.06052514153798208,-0.06053033803042748,-0.060530359793009615,-0.06052512013403012
7,0,272,131,2.959348201751709,0.021806911324506108,0.2816306091924571,0.11099989530147857,0.11074119712188384,0.11073437509153387,0.11096334127227883,0.11073865543864743,0.11073780821090196,0.11096334127227883,0.11074049816050754,0.11074111240112759,0.11096635830978602,0.1107371241363669,0.11073599946165336,0.11096635830978602
7,1,272,131,2.959348201751709,0.0025473482261007077,0.032898342276279025,0.04436152397220315,0.042658368326127946,0.04265912072670114,0.043002471274538885,0.04264949274124207,0.042646534212946785,0.043002471274538885,0.04265086114805526,0.04265131728365965,0.043002471274538885,0.04265010257410843,0.042649849716126155,0.043003729748465426
7,2,272,131,2.959348201751709,0.00916958659307256,0.11842283484447104,0.04380605549538517,0.04515065336810635,0.045150185771623746,0.04519652550099717,0.04515102817516465,0.04515115311085075,0.045199523174021566,0.04515189168391489,0.04515217952016496,0.04520390436295363,0.04515193768764536,0.04515195302222219,0.045207721100023524
7,3,272,131,2.959348201751709,0.020600933846325175,0.2660557225522386,-0.07570715209332582,-0.07540975935197972,-0.07541023226103478,-0.07458556046353747,-0.07540877221717251,-0.07540844317223677,-0.07458556046353747,-0.0754077925088303,-0.07540746593938288,-0.07458556046353747,-0.07540830075001975,-0.07540847016374957,-0.07458556046353747
7,4,272,131,2.959348201751709,0.006930645704024853,0.08950749341233505,-0.02328973008041938,-0.02076079924565168,-0.020759840333193374,-0.02053548776629326,-0.020760831600457854,-0.020760842385393247,-0.02053548776629326,-0.020759722066186162,-0.020759352221428932,-0.02053548776629326,-0.020760730179337675,-0.020761066217054844,-0.02053548776629326
7,5,272,131,2.959348201751709,0.00524709020775567,0.06776481041757407,-0.015300935611564112,-0.01459423200162447,-0.014596101576023148,-0.014533058185637344,-0.014589974963819096,-0.014588555951217302,-0.014533058185637344,-0.014588539364137733,-0.014588060830910611,-0.014521536675424348,-0.01458912077197517,-0.014589314574587649,-0.014521536675424348
7,6,272,131,2.959348201751709,0.005449266284913663,0.07037586206660609,0.009740026935368537,0.009515954794354237,0.009515482869246451,0.00978644763972547,0.009514964802214278,0.009514634804834292,0.00978644763972547,0.009516203227461467,0.009516616035877199,0.00978644763972547,0.009517313293555452,0.009517683315586778,0.00978644763972547
7,7,272,131,2.959348201751709,0.005679117057651458,0.07334432523803913,-0.024110876616645228,-0.023118955190172263,-0.023119557131572488,-0.022442528900335306,-0.023120421852735693,-0.02312091074025684,-0.022442528900335306,-0.023120323307287853,-0.023120290458805235,-0.022442528900335306,-0.02311986301566574,-0.023119709585125037,-0.022442528900335306
7,0,272,162,1.0099793672561646,0.03698488251196069,0.24931164243254905,0.14995123252256112,0.1495050085781505,0.14950477327777278,0.1512228188516148,0.1495038139306661,0.14950341571483797,0.1512228188516148,0.14951080094164504,0.1495131299453047,0.1512228188516148,0.1495129686339535,0.14951369119805633,0.1512228188516148
7,1,272,162,1.0099793672561646,0.007378838910105853,0.04974006466909189,0.1458073512700291,0.14518451836378277,0.14518289905132611,0.14731964397455907,0.14518364161609734,0.14518334936686886,0.14731964397455907,0.14517952575475898,0.14517815380097954,0.14731964397455907,0.14517328179112815,0.1451712004699179,0.14731964397455907
7,2,272,162,1.0099793672561646,0.02014104694819958,0.1357689183774702,0.22240115300020863,0.2224667900108332,0.22246704001016482,0.23171307679358227,0.22243330609853548,0.22242214479443626,0.23171307679358227,0.22243095731317328,0.22243017438471924,0.23171307679358227,0.22243059737559703,0.22243047739640495,0.23171307679358227
7,3,272,162,1.0099793672561646,0.024603644550964796,0.16585087247050137,-0.06085277169109329,-0.061928951060716324,-0.06192787855396007,-0.05992985895378547,-0.06192718510821578,-0.061926596457382264,-0.05992985895378547,-0.06192889539485076,-0.06192946549039576,-0.05992985895378547,-0.06192883776940233,-0.06192881856091953,-0.05992985895378547
7,4,272,162,1.0099793672561646,0.012355631063659002,0.08328815625614776,0.01653916431263561,0.018914734413087685,0.018912487907532572,0.02036770568593051,0.01891953205249488,0.018921131265630612,0.02036770568593051,0.018919801562551405,0.018919891399236912,0.02036770568593051,0.018920669442969548,0.018920958736442263,0.02036770568593051
7,5,272,162,1.0099793672561646,0.015078228150539177,0.1016409292085198,0.077656245055694,0.0779084039513722,0.07790678267399385,0.0820154241503724,0.07792077649703144,0.07792490067891787,0.0820154241503724,0.0779255271287279,0.07792711067262673,0.0820154241503724,0.07792490418421953,0.07792469653605007,0.0820154241503724
7,6,272,162,1.0099793672561646,0.01722897422780286,0.11613890785708154,0.00928814678859522,0.010767011154998585,0.01076351873556778,0.012482342390188046,0.01076288747050623,0.010761512909008779,0.012482342390188046,0.01076482879673819,0.010765475905482179,0.012482342390188046,0.010765831517094138,0.010766165757212787,0.012482342390188046
7,7,272,162,1.0099793672561646,0.014576749547014812,0.09826050872863837,0.23042107349111784,0.2346297474609298,0.23462835248428224,0.2395823025139043,0.23462216415910647,0.23461963639183203,0.2395823025139043,0.2346221835139585,0.23462218996557582,0.2395823025139043,0.2346254218146987,0.23462650124827877,0.2395823025139043
7,0,272,192,0.29644227027893066,0.04752437751672263,0.22376119983550352,0.17701215865560663,0.17847151147268722,0.17847362434959899,0.1792539608313312,0.17846340083466739,0.17846069728866076,0.1792539608313312,0.1784691246169256,0.17847103254434496,0.1792539608313312,0.1784662082855763,0.17846523617512652,0.1792829528279024
7,1,272,192,0.29644227027893066,0.011263661561949759,0.053033212791815415,0.17260900648529667,0.17257678619938102,0.17257698050277445,0.17534309469901807,0.17258106448776056,0.17258249058388708,0.17534309469901807,0.1725812260087228,0.1725812798490436,0.17534309469901807,0.17258387494665609,0.17258475792596717,0.17534309469901807
7,2,272,192,0.29644227027893066,0.030691857174848687,0.14450787459988293,0.23306926520583865,0.2333240548320127,0.23332325596448153,0.23595935807911322,0.23331774429787325,0.2333156407864934,0.23595935807911322,0.2333075718428898,0.23330418102456205,0.23595935807911322,0.23330877270745115,0.23330917299563825,0.23595935807911322
7,3,272,192,0.29644227027893066,0.029983386216140794,0.14117214838835485,0.09835145169466336,0.0991240918461451,0.09912375314833233,0.1010990251381786,0.09912864113450792,0.09913015756396222,0.1010990251381786,0.09912937915861698,0.09912962516665332,0.1010990251381786,0.09913258289785021,0.09913365081092795,0.1010990251381786
7,4,272,192,0.29644227027893066,0.01811204169951561,0.08527775415318627,0.16174662146567814,0.1619657882957888,0.1619656356414056,0.16445099801857235,0.1619714799646264,0.1619733771875723,0.16445099801857235,0.16197278499974008,0.16197322001144462,0.16445099801857235,0.16197105204164766,0.16197047438895018,0.16445099801857235
7,5,272,192,0.29644227027893066,0.02578329445858179,0.12139666430631897,0.25224340534060913,0.2533742834945539,0.2533733186203187,0.258567918511306,0.2533755035719093,0.2533759102643611,0.258567918511306,0.25337264261484715,0.2533716889624931,0.258567918511306,0.25337152724212547,0.25337115545121824,0.258567918511306
7,6,272,192,0.29644227027893066,0.021544802961312927,0.10144038097388103,0.18539808143234054,0.18622041661464228,0.1862193295845341,0.18773234756632004,0.1862227342319783,0.1862235067710903,0.18773234756632004,0.1862257548642836,0.18622676174171873,0.18773234756632004,0.1862250448120405,0.18622480812795947,0.18773234756632004
7,7,272,192,0.29644227027893066,0.02748539984940703,0.12941076495105688,0.32641471745271883,0.32711132328971493,0.32711780563714893,0.33191490334799206,0.32710370067858985,0.3271011598082148,0.33191490334799206,0.327122739756547,0.327129086115866,0.33191490334799206,0.327125002129855,0.32712575625429097,0.33191490334799206
7,0,272,215,0.09762091189622879,0.0526035579783142,0.21099942385748474,0.17060142639433995,0.17193820864308498,0.17193746147473732,0.17536724421767297,0.17193279458532076,0.17193098989939934,0.17536724421767297,0.17192879273825262,0.17192745878922988,0.17536724421767297,0.1719312743756093,0.1719321015880615,0.17536724421767297
7,1,272,215,0.09762091189622879,0.013977291904795179,0.056064658976403746,0.3596033579199922,0.35943303730466,0.35942865602590474,0.37128241938307965,0.3594273758124311,0.35942548864835494,0.37128241938307965,0.3594231857870331,0.3594217891119004,0.37128241938307965,0.3594248760042116,0.3594254394099377,0.37128241938307965
7,2,272,215,0.09762091189622879,0.03527864296370838,0.141507031575413,0.3028015895023639,0.3015594393316107,0.30156774129218994,0.30376714939529037,0.30157370978526943,0.3015784666031556,0.30376714939529037,0.3015815544072068,0.30158416928118587,0.30376714939529037,0.30158366121426894,0.30158436348328976,0.3037956730467173
7,3,272,215,0.09762091189622879,0.03397205694926977,0.13626615231054565,0.1665674463335082,0.16701712278983477,0.16701839823012135,0.16904527765697566,0.1670178316718605,0.16701806796586907,0.16904527765697566,0.16701808015328462,0.16701816298042602,0.16904527765697566,0.16701866385696038,0.16701885842485228,0.16904527765697566
7,4,272,215,0.09762091189622879,0.022354363238864597,0.08966613562614621,0.3334622793152372,0.3345527751491117,0.33455276676336965,0.3412473501878901,0.3345494514356435,0.3345483435311542,0.3412473501878901,0.33454697675147743,0.33454615185675524,0.3412473501878901,0.3345450856708726,0.33454445531067106,0.3412473501878901
7,5,272,215,0.09762091189622879,0.03169973125926054,0.12715157090511742,0.3059272834732339,0.3050530110532495,0.30505073265375166,0.31283808816513364,0.3050515048675235,0.30505100280561487,0.31283808816513364,0.3050466834617736,0.3050450763265236,0.31283808816513364,0.30504688125097823,0.3050469471807131,0.31283808816513364
7,6,272,215,0.09762091189622879,0.026307240626615568,0.10552161923694252,0.352163424785897,0.3519931101429377,0.3519921778213288,0.35736223697729647,0.35198735765953676,0.3519854401650697,0.35736223697729647,0.3519882489327349,0.351988546023801,0.35736223697729647,0.35198871934096176,0.35198887614370417,0.35736223697729647
7,7,272,215,0.09762091189622879,0.033113757801780344,0.1328234075119467,0.363851788688023,0.36272163384744316,0.3627232433418526,0.3690338921800175,0.36272922712748135,0.36273175822082737,0.3690338921800175,0.36273159025358764,0.3627323779622897,0.3690338921800175,0.36272643252750014,0.362724713285471,0.3690338921800175
7,0,272,236,0.029532548040151596,0.05452394520194259,0.20523030159016645,0.1736899113301242,0.17411386647797733,0.17411497381842753,0.17819878699076627,0.1741114358420481,0.1741106256300717,0.17819878699076627,0.17411578885424178,0.17411723985830632,0.17819878699076627,0.17411416374716798,0.17411362204481004,0.17819878699076627
7,1,272,236,0.029532548040151596,0.015486370080375421,0.0582913138504721,1.054242145679869,1.0498163892438015,1.049948145393264,1.0572492332044339,1.0499643634097449,1.050013688131726,1.0572646706233142,1.050014294993375,1.050030938854585,1.0573972583654008,1.0500213066840642,1.0500236439142943,1.0573972583654008
7,2,272,236,0.029532548040151596,0.036853892539895905,0.13871951951974573,0.23456502062355283,0.23533854924983053,0.23535028295193658,0.23705475710941543,0.23533480416712438,0.2353335558062223,0.23705475710941543,0.23534026656393617,0.23534208736287343,0.23709380680239756,0.23534433641007696,0.23534569302545724,0.23709647637699913
7,3,272,236,0.029532548040151596,0.035623267009939785,0.13408739600553507,0.17120513284418415,0.17091230475920297,0.17091527597053482,0.17594782564433226,0.1709190704942036,0.1709213257392038,0.17594782564433226,0.17092266432590061,0.17092386226979964,0.17594782564433226,0.17092352655533233,0.17092381396514286,0.17594782564433226
7,4,272,236,0.029532548040151596,0.024709666218354458,0.09300816790499886,0.5049208082225308,0.5049522495449039,0.504950444215693,0.5187740856169614,0.5049417618580697,0.5049382659624584,0.5187740856169614,0.504932127810737,0.5049289164616261,0.5187740856169614,0.5049325255040515,0.5049326580684897,0.5187740856169614
7,5,272,236,0.029532548040151596,0.03428896095580927,0.12906501486842992,0.35499570784833007,0.3553726041662791,0.35536111076817395,0.3701178240079652,0.3553867342293458,0.35539144425036806,0.3701178240079652,0.3553783868423992,0.35537560438008375,0.3701178240079652,0.35537634900624726,0.35537566972752993,0.3701178240079652
7,6,272,236,0.029532548040151596,0.02865962999219395,0.10787598888847437,0.3720518864505672,0.37184650871314096,0.3718460456790333,0.3792285146910589,0.37184447517825053,0.3718437973332871,0.3792285146910589,0.37184281398110786,0.371842260248727,0.3792285146910589,0.37184173836923773,0.3718413798319478,0.3792285146910589
7,7,272,236,0.029532548040151596,0.035526270524897124,0.1337222973721775,0.35287381233142606,0.3528766353450191,0.35287411621023973,0.36291657945584205,0.35287371888307173,0.3528727467290893,0.36291657945584205,0.35286958635656634,0.35286820884773124,0.36291657945584205,0.35287182368896697,0.35287256946643386,0.36291657945584205
7,0,272,252,0.010116739198565483,0.05506184005858795,0.2024993163104326,0.1482677043361346,0.14808667097004047,0.14808675725674592,0.15337308836900213,0.14808335697054012,0.14808225230403999,0.15337308836900213,0.14808425690319632,0.1480845568807484,0.15337308836900213,0.14808400607731795,0.14808392246869181,0.15337308836900213
7,1,272,252,0.010116739198565483,0.017069865084999837,0.06277734281211445,3.611869186654386,3.611229726507905,3.6122113222250083,3.636533545320005,3.612139647599004,3.6124429546293704,3.6378827911029497,3.612454634714579,3.6125596304197707,3.6407738982501425,3.612404501205385,3.6123877900356534,3.6407738982501425
7,2,272,252,0.010116739198565483,0.037327567148397967,0.1372785003014699,0.3133890904627456,0.3139155727542633,0.3139466762947503,0.32404540925283065,0.3139449322389803,0.31395471873388586,0.32404540925283065,0.3139690833801392,0.31397713376052544,0.32404540925283065,0.31396402454871664,0.3139623382715758,0.3240617680804963
7,3,272,252,0.010116739198565483,0.03607877046230705,0.13268583730882255,0.276183003654834,0.27487836900671847,0.27487902157920013,0.2769664353573744,0.274870215304996,0.27486749740442185,0.2769664353573744,0.2748906164116418,0.27489741678052376,0.27713376184102684,0.27489497368816973,0.27489642611367904,0.27713376184102684
7,4,272,252,0.010116739198565483,0.02550471682190771,0.0937979499710157,0.5912335728530242,0.5912197984136698,0.5912381609912886,0.6039284764325612,0.5912088094584058,0.5912051464733179,0.6039284764325612,0.5912119541982376,0.5912130024448482,0.6039284764325612,0.5912159856220871,0.5912173294300369,0.6039284764325612
7,5,272,252,0.010116739198565483,0.035052424269266684,0.12891127397844082,0.5506537064734346,0.5467731978847945,0.5471704711508919,0.6064656379370962,0.5470193589029643,0.5471014125756876,0.6064656379370962,0.5472365180732907,0.5473089044633994,0.6065898636945547,0.5472876275040035,0.5473046639809077,0.6066217277675703
7,6,272,252,0.010116739198565483,0.029516312511909865,0.10855127793235785,1.2293049984939615,1.2295811471907334,1.2298108987220495,1.4377348766435043,1.2297529876149302,1.229810267756329,1.4377348766435043,1.2298137377279401,1.2298339877656104,1.4377348766435043,1.229898390616489,1.2299266082460054,1.4377348766435043
7,7,272,252,0.010116739198565483,0.036299742958502065,0.1334985013853461,0.38001410052023915,0.3792954245911311,0.3792592194402132,0.43126979735425575,0.3792297610014482,0.3792078731382205,0.43126979735425575,0.37925600730115705,0.3792647560677267,0.43126979735425575,0.3792663406547918,0.3792697851060034,0.43126979735425575
7,0,272,264,0.004003689158707857,0.055197103331474824,0.20073819315281063,0.10876572621155499,0.1091324909113525,0.10912765565116052,0.11637110315694214,0.1091107661634336,0.10910352458079396,0.11637110315694214,0.10911344758578043,0.10911434139322938,0.11637110315694214,0.10911257008755929,0.10911227758815223,0.11637110315694214
7,1,272,264,0.004003689158707857,0.018088372160332385,0.06578292927321458,5.4131469672825645,5.409866543038049,5.414978409803453,5.89997299142042,5.414459118554247,5.415989977059646,5.904126092483708,5.415523407408089,5.41587817035937,5.907813064860133,5.416312779839257,5.41657590398298,5.907813064860133
7,2,272,264,0.004003689158707857,0.03752401885889559,0.13646556233815013,0.4301582601904265,0.42972850783491007,0.42987834496015526,0.46154689930779325,0.4298124550048556,0.4298404373948375,0.46154689930779325,0.429863717008037,0.42988080434243087,0.46154689930779325,0.4298441792514906,0.4298376666659751,0.4616901197882805
7,3,272,264,0.004003689158707857,0.03623200852003525,0.13176684075125691,0.28554220882004744,0.28609147759675285,0.286198937664524,0.30140813479449013,0.2862008349712206,0.28623728742937654,0.30140813479449013,0.28622173498312015,0.2862287016537533,0.30140813479449013,0.286231038366571,0.2862341394943879,0.30140813479449013
7,4,272,264,0.004003689158707857,0.02579881436107924,0.09382389777281552,0.9132958871261422,0.9111030021459434,0.9112225309287174,0.9156088028896354,0.9112029503455704,0.9112362664121126,0.9160002890234827,0.9111963175671695,0.9111941066410357,0.9163947145082135,0.9111935182812145,0.9111925851858963,0.9163947145082135
7,5,272,264,0.004003689158707857,0.03536631729785262,0.12861853619756314,0.29334157077855433,0.2940223388635977,0.29388407166366703,0.41243148283769876,0.2939093704066186,0.2938717142542922,0.41243148283769876,0.293984229023511,0.2940091818958085,0.41243148283769876,0.29394229539192473,0.2939283175147293,0.41243148283769876
7,6,272,264,0.004003689158707857,0.03027571264202901,0.11010526794635374,2.391707862457615,2.3909363378496633,2.392800663478439,2.702823086330312,2.393016698563738,2.3937101521350965,2.7092560243829333,2.393494434658647,2.393653680023616,2.709678670687033,2.3934476245470875,2.393432021176568,2.710740001242811
7,7,272,264,0.004003689158707857,0.03648826237970014,0.13269877256783527,0.28532479758495544,0.28500859534750184,0.28500605633686243,0.28777449813455874,0.28505890049859023,0.28507566888228636,0.28796839222999127,0.285055416010657,0.28505425451467925,0.28817219233231134,0.28507191930515086,0.2850774204033156,0.28817219233231134
8,0,272,98,7.946503162384033,0.0037924917863402206,0.2164093220091215,-0.046628038572548776,-0.04726364422484342,-0.04726387682906488,-0.04721962785146404,-0.047263357043372436,-0.04726326131621545,-0.04721962785146404,-0.04726346377877341,-0.0472634993572404,-0.04721962785146404,-0.04726346827846393,-0.047263469778360774,-0.04721962785146404
8,1,272,98,7.946503162384033,0.0002466162961301647,0.014072559269385299,-0.06419716019192895,-0.06240886634499486,-0.06240891023055414,-0.062407660505980636,-0.062409181343569355,-0.06240928634309419,-0.062407660505980636,-0.06240897303883691,-0.06240890360392607,-0.06240739507081492,-0.06240896156720509,-0.06240895774332781,-0.062406959986541506
8,2,272,98,7.946503162384033,0.004542679066828311,0.2592169350236142,-0.03748187023087813,-0.036621567809996744,-0.036621790713689505,-0.03657222186304737,-0.036621895856075656,-0.03662200520476863,-0.03657222186304737,-0.03662186452712123,-0.03662185408413642,-0.03657222186304737,-0.03662185389051549,-0.03662185034498024,-0.03657222186304737
8,3,272,98,7.946503162384033,0.005023580564291646,0.2866584096219393,-0.02966560878327987,-0.029952424151638228,-0.029952050304564198,-0.029896237233378517,-0.029952099310279808,-0.029951991029827,-0.029896237233378517,-0.029952480210920885,-0.02995260717780124,-0.029896237233378517,-0.029952420821551706,-0.029952401025095308,-0.02988850028477053
8,4,272,98,7.946503162384033,0.0019514316575127493,0.11135370245771851,-0.042567963196947015,-0.041966406552040786,-0.04196634580333638,-0.04196395200622484,-0.04196606597358885,-0.041965952447438205,-0.04196377897515017,-0.041966250837691545,-0.0419663124590591,-0.04196377897515017,-0.04196635068280705,-0.04196638396451224,-0.04196377897515017
8,5,272,98,7.946503162384033,0.0006572266738487341,0.03750304203853463,-0.06669755199643139,-0.06589143518340466,-0.0658914358349071,-0.06588407778370649,-0.06589135525262255,-0.06589132860902851,-0.06588407778370649,-0.06589115859896158,-0.06589109304774124,-0.06588407778370649,-0.06589103147517167,-0.06589098910057505,-0.06588342543933032
8,6,272,98,7.946503162384033,0.000287496308489284,0.016405277771301623,-0.08024350261323128,-0.0813162548304829,-0.08131637586403538,-0.08130732067147271,-0.08131642988331043,-0.08131648823425291,-0.08130732067147271,-0.08131659374688509,-0.08131664836807666,-0.08130732067147271,-0.0813164653990738,-0.08131642261647005,-0.0813069999265473
8,7,272,98,7.946503162384033,0.00102310066709758,0.05838075180838503,-0.0742122857234034,-0.07392176873684059,-0.07392180776387501,-0.07391811452404957,-0.07392185304553607,-0.07392188114843458,-0.07391811452404957,-0.07392189908942018,-0.07392191443738154,-0.07391811452404957,-0.07392187848009385,-0.07392187161031841,-0.07391776213958412
8,0,272,131,2.959348201751709,0.005658688361305708,0.12508114491690653,-0.023937994784201767,-0.024327854711181575,-0.02432888253165451,-0.02408609387441132,-0.02432849286905372,-0.02432870558834443,-0.02408609387441132,-0.024328716302590873,-0.02432879078043659,-0.02408609387441132,-0.02432863063908188,-0.02432860208457888,-0.02408609387441132
8,1,272,131,2.959348201751709,0.00048718668760697165,0.01076890346018176,-0.057100291656620825,-0.05526632194098645,-0.055266552924303734,-0.05515860169919106,-0.055265025872464325,-0.05526459384962362,-0.05515860169919106,-0.055264583109950687,-0.05526443552244614,-0.05515860169919106,-0.05526455512303586,-0.05526454579406426,-0.05515860169919106
8,2,272,131,2.959348201751709,0.009476672908457086,0.20947488564634967,0.00026478050864574124,0.00018941498496321076,0.00018972738544835544,0.0005690915842565853,0.00018735597452180808,0.00018666963770800715,0.0005690915842565853,0.00018793101205749003,0.0001881226912360507,0.0005690915842565853,0.00018766457408378332,0.00018757576142588105,0.0005690915842565853
8,3,272,131,2.959348201751709,0.01386133957191359,0.30639471782766864,-0.05349239289601747,-0.05390335077742672,-0.05390304477673189,-0.05349396613372573,-0.053904041096818026,-0.053904271203281805,-0.05349396613372573,-0.053903386844423265,-0.053903168760291664,-0.05349396613372573,-0.05390386932673057,-0.053904030154166345,-0.05349396613372573
8,4,272,131,2.959348201751709,0.0069656132288968015,0.15396975802316892,-0.023875925391071386,-0.023810870199863082,-0.023810943272048215,-0.02362033426077014,-0.023812294797056797,-0.023812769662788034,-0.02362033426077014,-0.02381233719644531,-0.023812351329574818,-0.02362033426077014,-0.02381233423647676,-0.023812333249820572,-0.02362033426077014
8,5,272,131,2.959348201751709,0.004588761017953698,0.10143118779972511,0.13931047138231747,0.13659001722902153,0.13659102965719702,0.13800496232273135,0.13659226078565337,0.13659300863786397,0.13800496232273135,0.1365905269839349,0.13658994905002875,0.13800496232273135,0.1365905771853263,0.13659059391912343,0.13800496232273135
8,6,272,131,2.959348201751709,0.001981494612890364,0.04379948125820096,0.12340593060381048,0.12735108328930625,0.12734625733060634,0.12744394013415494,0.12734620157066417,0.12734457433111682,0.12744394013415494,0.12734464660890318,0.12734412828831618,0.12744394013415494,0.1273487111007965,0.12735006593142764,0.12744394013415494
8,7,272,131,2.959348201751709,0.0022203824429705464,0.049079921067798446,-0.04269603186241406,-0.041360478038791455,-0.04136070972331918,-0.04118257068891475,-0.04135973154349569,-0.041359482711730435,-0.04118257068891475,-0.04135948452455208,-0.04135940218490421,-0.04118257068891475,-0.041359633079502724,-0.04135968259781961,-0.04118257068891475
8,0,272,162,1.0099793672561646,0.013002299210719917,0.07222434662964781,0.18351602959561522,0.18100648867886376,0.18100691728049567,0.1828714313565228,0.1810172581106397,0.18102084792123171,0.1828714313565228,0.18102163756718184,0.18102309738602917,0.1828714313565228,0.18102023541371356,0.18101976802922415,0.1828714313565228
8,1,272,162,1.0099793672561646,0.002591063770146944,0.014392676621402981,0.28077373827735713,0.2823768771899373,0.28237680987706804,0.28356228433054426,0.28237944829002726,0.2823803053233905,0.28356228433054426,0.2823838620761008,0.28238533333812527,0.28356228433054426,0.28238181545792607,0.2823811332518678,0.28356228433054426
8,2,272,162,1.0099793672561646,0.01773471268795391,0.09851165673036962,0.09312291048645602,0.0937165904297523,0.09371938965078715,0.09672461047131935,0.09372120239365925,0.09372273971496159,0.09672461047131935,0.09372259493573512,0.09372305911642705,0.09672461047131935,0.09372371269777371,0.09372408528511993,0.09672461047131935
8,3,272,162,1.0099793672561646,0.017685223824525934,0.09823675913198313,-0.010986272597073136,-0.010321698719989256,-0.010321835842774579,-0.009823075060744963,-0.010326384703194769,-0.010327946697596605,-0.009823075060744963,-0.010326235382106006,-0.010326185608409751,-0.009823075060744963,-0.010325399145926303,-0.010325120400533067,-0.009823075060744963
8,4,272,162,1.0099793672561646,0.015116210946610505,0.08396656940756748,0.05714146691320045,0.05745236515834627,0.05745450979270539,0.0594513195608446,0.05745141491076287,0.057451098161568404,0.0594513195608446,0.0574517777163389,0.05745189865153092,0.0594513195608446,0.057453978326935426,0.05745471186380094,0.0594513195608446
8,5,272,162,1.0099793672561646,0.01768288670773569,0.09822377706393218,0.12328747942630391,0.1235043462268913,0.12350501968922485,0.12502429185231498,0.12350313639591366,0.12350273311892113,0.12502429185231498,0.12350128933125909,0.12350067364304086,0.12502429185231498,0.12350208718260189,0.12350235313304947,0.12502429185231498
8,6,272,162,1.0099793672561646,0.09128770553073717,0.5070791542653728,1.441578561526877,1.4364899249202792,1.4370885471192334,1.4603228753275512,1.436857891452235,1.436980546962887,1.4603228753275512,1.4369626816016863,1.4369976116515033,1.4603228753275512,1.4369976205270047,1.4370092668354442,1.4603228753275512
8,7,272,162,1.0099793672561646,0.004926437089290355,0.027365060149724032,0.0691874951726097,0.06937446029905311,0.06937314204871937,0.06940743835100358,0.06937802815367991,0.06937921743855552,0.06942320662582861,0.06937815877879197,0.06937820232049599,0.06943300491753293,0.06937711912979666,0.06937677258013156,0.06943300491753293
8,0,272,192,0.29644227027893066,0.02290275654794013,0.0324807970887553,0.3014783575336831,0.29950808704271575,0.29950346790916726,0.3055453021451338,0.2995121802977589,0.29951354471610664,0.3055453021451338,0.29950878898312794,0.29950765854491773,0.3055453021451338,0.299506966449533,0.2995063589383346,0.3055453021451338
8,1,272,192,0.29644227027893066,0.0064780349149938625,0.009187179594183487,0.32042763755568565,0.32163962980227573,0.3216372818600132,0.3239893368533689,0.3216469839022096,0.3216494352688542,0.3239893368533689,0.3216502728075356,0.321651369109311,0.3239893368533689,0.3216499992857167,0.32164990811177696,0.3239893368533689
8,2,272,192,0.29644227027893066,0.028142703798023812,0.03991211493163115,0.31681700757576237,0.3177615728095535,0.3177686698141841,0.3311341492220517,0.3177468993346108,0.31774200817629655,0.3311341492220517,0.3177457003080941,0.31774530063258855,0.3311341492220517,0.31774940583926303,0.31775064101631934,0.3311341492220517
8,3,272,192,0.29644227027893066,0.021026960682142742,0.029820534566671646,0.10041846438398633,0.10148562867281076,0.10148473424938782,0.10234801553826527,0.10148696121265612,0.10148740539260458,0.10234801553826527,0.10148738682562165,0.10148752869661015,0.10234801553826527,0.1014882666606928,0.10148855993904983,0.10234801553826527
8,4,272,192,0.29644227027893066,0.020830334348630422,0.02954167817540053,0.1448599248192095,0.14549801722961678,0.1455012482789946,0.14729294381550206,0.14549604853012274,0.1454953922969581,0.14729294381550206,0.14549396883376844,0.14549327560165035,0.14729294381550206,0.14549266337391112,0.14549222822062532,0.14729294381550206
8,5,272,192,0.29644227027893066,0.02660739764127642,0.03773473651685191,0.1392793576719012,0.1401450051270653,0.14014450081272414,0.14255623279729862,0.14014191943199059,0.14014089086696568,0.14255623279729862,0.14013875943469337,0.14013770610226095,0.14255623279729862,0.14013664841870832,0.14013594474671334,0.14255623279729862
8,6,272,192,0.29644227027893066,0.5718984779362064,0.8110691120665392,0.719404134855558,0.7192225699952958,0.7195740749058803,0.8751888306388567,0.719563245807715,0.7196768044118547,0.8751888306388567,0.7196744927370251,0.7197115750467952,0.8751888306388567,0.7196972292081384,0.7197048080318428,0.8751888306388567
8,7,272,192,0.29644227027893066,0.007230160092823899,0.01025384705996671,0.11776424123280149,0.11512934043937498,0.11512600340280181,0.11648992296978825,0.11513155854908065,0.11513229791898254,0.11648992296978825,0.11513200604163606,0.11513215520582121,0.11648992296978825,0.11513127453222614,0.11513103069575618,0.11648992296978825
8,0,272,215,0.09762091189622879,0.027377836117410105,0.02988586606367714,0.29323865886222555,0.2931902939261401,0.2931883071346664,0.2989930048353214,0.29319750222669166,0.29319990499354226,0.2989930048353214,0.2931989444313019,0.293199425166172,0.2989930048353214,0.2931984212390633,0.29319824684165047,0.2989930048353214
8,1,272,215,0.09762091189622879,0.008841657295556863,0.009651624203707994,0.4678248406028399,0.467690324962368,0.4676898589412312,0.47631031257460654,0.4676773286130415,0.4676729964965994,0.47631031257460654,0.4676724666589833,0.46767084600763065,0.47631031257460654,0.4676745179336585,0.46767520169188365,0.47631031257460654
8,2,272,215,0.09762091189622879,0.03209256475531958,0.03503250175814469,0.2643345252945612,0.2643501254479367,0.2643517976190574,0.26845268393482496,0.2643446644150931,0.2643428440708118,0.26845268393482496,0.264345701269076,0.26434604688707036,0.26845268393482496,0.2643443513505483,0.26434390137770575,0.26845268393482496
8,3,272,215,0.09762091189622879,0.022953963909280332,0.025056731586868938,0.11483491985582461,0.11544654970333608,0.11544524335813404,0.11675025098791784,0.11544679636059776,0.11544687857968501,0.11675025098791784,0.11544590033315022,0.11544560165733438,0.11675025098791784,0.11544629985656986,0.11544643303104307,0.11675025098791784
8,4,272,215,0.09762091189622879,0.02341156533095281,0.025556252978552452,0.1513973557658674,0.15151355821124177,0.15151374794546538,0.15315780763343914,0.15151470228713032,0.15151508364575983,0.15315780763343914,0.15151130668765342,0.1515101748211611,0.15315780763343914,0.15151106377333504,0.15151098280189557,0.15315780763343914
8,5,272,215,0.09762091189622879,0.02981263080714541,0.0325437075263086,0.19874719513845204,0.19888346697358342,0.19888423314041118,0.20262670260364898,0.19888390532068648,0.19888405143638743,0.20262670260364898,0.1988829735625115,0.19888266297645318,0.20262670260364898,0.19888240030833584,0.19888220922361063,0.20262670260364898
8,6,272,215,0.09762091189622879,0.763335801852326,0.8332634996401707,0.6828574453663308,0.682626880477063,0.6833178020140828,0.7136338535434582,0.6831274591340502,0.6832943186863792,0.7148979727582535,0.6832202034140058,0.683251118173991,0.7148979727582535,0.6832706940820464,0.6832875243047267,0.7150103328044041
8,7,272,215,0.09762091189622879,0.008253710031741184,0.009009816242569425,0.2569461104990259,0.2567565320660807,0.2567611167107185,0.26532405149129273,0.25676999627308533,0.2567744843420869,0.26532405149129273,0.2567712558956478,0.25677167576983534,0.26532405149129273,0.25676406283957093,0.256761665154212,0.26532405149129273
8,0,272,236,0.029532548040151596,0.029454823487038817,0.029736695841338957,0.46544058859335463,0.4662842694007957,0.46627934810463384,0.4749623562780807,0.4662899499747184,0.4662918434993593,0.4749623562780807,0.4662963817361017,0.4662985256565628,0.4749623562780807,0.46629913666692013,0.46630005497719296,0.4749623562780807
8,1,272,236,0.029532548040151596,0.009932705946157937,0.010027758466531944,0.48061493390367827,0.48039649351150804,0.48039876639698403,0.4913387077078451,0.48039523000003365,0.48039480882954216,0.4913387077078451,0.4803964795784595,0.4803968961046014,0.4913387077078451,0.4803967941983561,0.480396899071655,0.4913387077078451
8,2,272,236,0.029532548040151596,0.034009486437306016,0.03433494532232838,0.41723557416328005,0.4168388180936105,0.4168831429219035,0.4298662280237485,0.4168931552596092,0.41691126764827535,0.4298662280237485,0.4168831768985836,0.41687985077824186,0.4298662280237485,0.4168634059363789,0.41685681561564397,0.4298662280237485
8,3,272,236,0.029532548040151596,0.023708371675720145,0.02393525249691395,0.1355190444456647,0.1361861311518241,0.13618781771925872,0.1379214010873199,0.1361879777000234,0.1361885932160898,0.1379214010873199,0.1361872802988172,0.1361870478317485,0.1379214010873199,0.13618903789953973,0.13618962376644722,0.1379214010873199
8,4,272,236,0.029532548040151596,0.02438993967774659,0.02462334286623387,0.16533868952235597,0.16379531919493548,0.16379533986198275,0.1668428995244764,0.1637954178814197,0.1637954507769145,0.1668428995244764,0.16379596866628088,0.16379615226123462,0.1668428995244764,0.16379538942663657,0.16379519634675513,0.1668428995244764
8,5,272,236,0.029532548040151596,0.03138138313277525,0.03168169198876695,0.2684301551633089,0.26875460769285453,0.2687548412487413,0.27558769488668805,0.26875204690558563,0.2687511933098294,0.27558769488668805,0.26875525822817226,0.2687563286690344,0.27558769488668805,0.26875496273927274,0.2687548642429729,0.27558769488668805
8,6,272,236,0.029532548040151596,0.8286512568187434,0.8365811593950074,0.3924792959443957,0.39210920059234977,0.39234144654660313,0.40003585564252214,0.39229932479605767,0.3923626995306269,0.40051417782636434,0.39234522386857,0.3923605235594075,0.40051417782636434,0.39236128294929185,0.3923666359761991,0.40051417782636434
8,7,272,236,0.029532548040151596,0.008993092870857314,0.009079153622878585,0.755389638432396,0.7540402901274554,0.7540244186793633,0.7919948479180255,0.7540509940010806,0.7540545619589558,0.7919948479180255,0.7540433694123456,0.7540408278827675,0.7919948479180255,0.754045563589166,0.7540462949814394,0.7919948479180255
8,0,272,252,0.010116739198565483,0.030414749840237912,0.030249384414053938,1.0248962881868557,1.0278984511403841,1.028016603740869,1.0442226971808042,1.0279324735760842,1.0279438143879844,1.0442226971808042,1.0279465330554736,1.0279512195486034,1.0442226971808042,1.0279346445551745,1.0279306817217417,1.0442226971808042
8,1,272,252,0.010116739198565483,0.010261161319165886,0.010205371239563077,0.5464188908785488,0.5467967754371975,0.5467895343102426,0.556928291410153,0.5468041180490106,0.5468065655862816,0.556928291410153,0.546783160866799,0.5467761751393951,0.556928291410153,0.5467895945840267,0.5467917391564358,0.556928291410153
8,2,272,252,0.010116739198565483,0.034863103075975815,0.03467355189016835,0.7165750694183843,0.7143793246837394,0.7146093017993144,0.7277399033000572,0.7145424152880951,0.7145967788228803,0.7277399033000572,0.714563472093899,0.7145704910291671,0.7279244779942531,0.7145935587582858,0.7146035876464149,0.7280921079316394
8,3,272,252,0.010116739198565483,0.02398539962884478,0.02385499067093287,0.19657216904573938,0.19596798499021634,0.19596676472735575,0.198783154563887,0.19597562398806492,0.1959781703206811,0.198783154563887,0.19597383954666173,0.19597324473286068,0.198783154563887,0.19597318723197787,0.19597296979374992,0.198783154563887
8,4,272,252,0.010116739198565483,0.024684976081071293,0.02455076351606814,0.17828552404742465,0.17680174967911394,0.1767994091473716,0.18325937161130448,0.17680248461709736,0.17680272959642515,0.18325937161130448,0.17680470147165378,0.17680544042317262,0.18325937161130448,0.17680428382548394,0.176804144610094,0.18325937161130448
8,5,272,252,0.010116739198565483,0.03203560097661586,0.031861422959818586,1.013992948338831,1.0134095861852053,1.013522707100111,1.0349131044685396,1.013651505522792,1.0137321453019876,1.0350599263906268,1.0137043765920524,1.013722000281806,1.0350599263906268,1.0137007983706938,1.0136996056302412,1.0350644460372418
8,6,272,252,0.010116739198565483,0.839853165868201,0.8352868722956655,0.287828219589325,0.28762835088414945,0.2880405455653818,0.30295702989706214,0.2878623986183166,0.2879404145297056,0.30295702989706214,0.2879194162035817,0.28793842206533676,0.30295702989706214,0.2879476662071632,0.2879570828750238,0.30295702989706214
8,7,272,252,0.010116739198565483,0.009368580116676989,0.009317643013729544,1.4383319956839842,1.4425298350579618,1.4427561650299996,1.480173443415263,1.4427553262266357,1.442830489949527,1.480173443415263,1.4428830651003977,1.4429256447249852,1.480173443415263,1.4429378810760645,1.4429561530679529,1.480173443415263
8,0,272,264,0.004003689158707857,0.030986692384589617,0.03065007603214477,1.5986243942078624,1.5917898031489355,1.5926900097928194,1.6364765586851133,1.5923042654188249,1.5924757528421212,1.637261084321218,1.5923697893757813,1.5923916306947667,1.637261084321218,1.5924608528776671,1.5924912073782955,1.6375674152655195
8,1,272,264,0.004003689158707857,0.01037064771612882,0.0102579887216364,0.5198704444434787,0.5218336055444333,0.5218438035728262,0.5299219005630651,0.5217839128107772,0.5217673485662252,0.5299219005630651,0.5218016310294976,0.5218075371024044,0.5299219005630651,0.5218062383641888,0.5218077741424191,0.5299219005630651
8,2,272,264,0.004003689158707857,0.03529666748871452,0.0349132307760753,1.0240057523849406,1.0218686528881513,1.0228565006972143,1.0710184856285776,1.0227071866025432,1.0229866978406739,1.0710184856285776,1.022836218338736,1.022879228917467,1.0710184856285776,1.0228783154563308,1.0228923478288623,1.0710184856285776
8,3,272,264,0.004003689158707857,0.02409204846801738,0.023830330393123343,0.31206229106741973,0.31224086428140685,0.31232403095569006,0.34668220763600077,0.3121298212590539,0.31209280691826957,0.34668220763600077,0.31213122549116495,0.31213169356853526,0.34668220763600077,0.3121568832506649,0.31216543583716494,0.34668220763600077
8,4,272,264,0.004003689158707857,0.02476799007677275,0.02449892907556761,0.13054196801493687,0.12974955653976553,0.12975043941045694,0.13511213564113086,0.12975252800758755,0.12975351849686156,0.13511213564113086,0.12973906815950423,0.12973458154347645,0.13511213564113086,0.12973591360483644,0.12973486208661386,0.13511213564113086
8,5,272,264,0.004003689158707857,0.03319714797145263,0.03283651887548369,6.182422759741706,6.154068493303346,6.177983599697893,7.731349389928058,6.170848959627684,6.176442448402464,7.8301142977135285,6.17425254136568,6.17538706861168,7.8301142977135285,6.175013862617102,6.175267636367576,7.8318569553568524
8,6,272,264,0.004003689158707857,0.8425664615264172,0.8334134468886744,0.19269520960647318,0.19238834292480095,0.1926828031697387,0.20919071460450955,0.19263656015995795,0.1927192992383436,0.20937936064538282,0.1926953667820139,0.19271496898936588,0.2093948005979218,0.19270064134713655,0.19270239953551074,0.2093948005979218
8,7,272,264,0.004003689158707857,0.009704906110716996,0.009599479237294586,4.434607764746631,4.432582793618655,4.437388077264639,5.682777434347444,4.43677082851787,4.438166840150942,5.682777434347444,4.4366764801743095,4.4366450307264556,5.682777434347444,4.4363149172333305,4.436194396253004,5.682777434347444
9,0,272,98,7.946503162384033,0.0006887877842913506,0.043599574393000114,-0.06420493697043392,-0.06381659882932371,-0.06381665228575911,-0.06381312800198176,-0.06381709573815461,-0.06381726137443157,-0.06381312800198176,-0.06381726821073333,-0.06381732570159292,-0.06381312800198176,-0.06381719630832604,-0.06381717234085693,-0.06381312800198176
9,1,272,98,7.946503162384033,0.0005581383720572501,0.03532959792417682,-0.0733564623500884,-0.07365553588971402,-0.07365562716584459,-0.07364339893425347,-0.07365565401484951,-0.07365569338989468,-0.07364339893425347,-0.0736556074424302,-0.07365559191829042,-0.07364339893425347,-0.07365543521666136,-0.07365537780807174,-0.07364339893425347
9,2,272,98,7.946503162384033,0.001205493995236383,0.07630655816536905,-0.06607485646706493,-0.06423487793941517,-0.06423503667699502,-0.0642334852263519,-0.06423471854060157,-0.06423466540766369,-0.0642334852263519,-0.06423464088349773,-0.06423461499779644,-0.06423297434282185,-0.06423449345419735,-0.06423444431109723,-0.06423249271085928
9,3,272,98,7.946503162384033,0.0006779102810942996,0.04291103937442709,-0.06507872513082912,-0.06506879641381808,-0.06506881288824723,-0.06506520015420568,-0.06506871780343433,-0.06506869159997307,-0.06506520015420568,-0.06506872461793334,-0.06506872688943303,-0.06506520015420568,-0.0650686877349775,-0.06506867544065889,-0.06506520015420568
9,4,272,98,7.946503162384033,0.0018297850211614647,0.11582355258434913,-0.05340829431056356,-0.05290952895955942,-0.052909537828495966,-0.052898218794791285,-0.05290979665448787,-0.052909885886130686,-0.052898218794791285,-0.052909693736838716,-0.05290965943095566,-0.052898218794791285,-0.05290969669042591,-0.052909697674954986,-0.052898218794791285
9,5,272,98,7.946503162384033,0.005048911329288647,0.31959101210173096,-0.03953870574070132,-0.038457760648224974,-0.038457386147231036,-0.03834274526453364,-0.0384578745308983,-0.03845791249178942,-0.03834274526453364,-0.03845848644965544,-0.038458690422574486,-0.03834274526453364,-0.03845857657737021,-0.0384586066199418,-0.03834274526453364
9,6,272,98,7.946503162384033,0.003633357788685536,0.2299878958613678,-0.04300727669931577,-0.04414886476088025,-0.04414885529640191,-0.044136194570432954,-0.04414896820973667,-0.044149002692688816,-0.044136194570432954,-0.04414886550097176,-0.0441488312647168,-0.044136194570432954,-0.044149419484883067,-0.04414960414618684,-0.044136194570432954
9,7,272,98,7.946503162384033,0.002155654603584335,0.13645076959557892,-0.048986341669341585,-0.048789612030910076,-0.04878964675413098,-0.04876618194273046,-0.04878956506588534,-0.04878954941087709,-0.04876618194273046,-0.04878944342893751,-0.04878940288328825,-0.04876618194273046,-0.04878939442717342,-0.04878937809325206,-0.04876618194273046
9,0,272,131,2.959348201751709,0.003200047433976637,0.060387609922453754,0.053938151383191274,0.05593429039304045,0.05593607621897887,0.05604432002709393,0.05592886007471367,0.05592704996860474,0.05604432002709393,0.05592599585938678,0.05592504112094449,0.05604432002709393,0.05592784582423821,0.05592846247918867,0.05604432002709393
9,1,272,131,2.959348201751709,0.003614753448921373,0.06821346425107457,0.018396560531019703,0.01684079589057601,0.01683844998715023,0.017207211185955112,0.01684162210823241,0.016841897514117878,0.017207211185955112,0.016841421118998865,0.016841354122587682,0.017207211185955112,0.016842632851218522,0.016843036761958405,0.017207211185955112
9,2,272,131,2.959348201751709,0.007930386181764792,0.14965311519889365,0.03552927666374489,0.035000405513299505,0.03499597935322752,0.03536427986321397,0.03499739127788028,0.03499638653274053,0.03536427986321397,0.035001029395626916,0.035002242101542465,0.03536427986321397,0.03500323076078932,0.03500396454917678,0.03536427986321397
9,3,272,131,2.959348201751709,0.0016224505074627885,0.030617017523830028,-0.0693642844637111,-0.07042634109955426,-0.07042588409547725,-0.0704152518540927,-0.07042743946590727,-0.07042780558802493,-0.0704152518540927,-0.07042610338791351,-0.07042565802858225,-0.07041278289866615,-0.07042562126891208,-0.0704254605625783,-0.07040963678771153
9,4,272,131,2.959348201751709,0.00781126195866233,0.14740514004682304,-0.01729645908394807,-0.01707817906534927,-0.01707911591447551,-0.016388291987140747,-0.017076411438490254,-0.01707582222953725,-0.016388291987140747,-0.017076651181756983,-0.017076731096179226,-0.016388291987140747,-0.01707573335912633,-0.017075427418249443,-0.016388291987140747
9,5,272,131,2.959348201751709,0.011433306836196389,0.21575619974169175,-0.0677626818093377,-0.0682080835919774,-0.06820779268283729,-0.06769870007158635,-0.06820828109843984,-0.06820834693392731,-0.06769870007158635,-0.06820822930842803,-0.06820821204509077,-0.06769870007158635,-0.06820800263495981,-0.06820792707713706,-0.06769870007158635
9,6,272,131,2.959348201751709,0.012627538058045397,0.23829235605504212,-0.03597916716895429,-0.036368493469995,-0.036372407120103915,-0.03584198123543734,-0.0363650888499744,-0.0363639539766342,-0.03584198123543734,-0.036364538532147765,-0.03636435509287222,-0.03584198123543734,-0.03636306599749568,-0.036362575152611654,-0.03583553193778941
9,7,272,131,2.959348201751709,0.0047520437594331544,0.08967509726019114,-0.014316335861461145,-0.013614487072945965,-0.013614801938141421,-0.013599811516686183,-0.013614624470909734,-0.013614670270230991,-0.013597331848629282,-0.013615527543014766,-0.013615828567049777,-0.013597331848629282,-0.013615358270373414,-0.013615301846159632,-0.013597331848629282
9,0,272,162,1.0099793672561646,0.015426768475021748,0.12447364057878874,0.21841617893990675,0.2180918864881306,0.21808311018147983,0.23063489816209448,0.21809233613570705,0.21809248601823258,0.23063489816209448,0.21807035706181466,0.21806303070385055,0.23063489816209448,0.2180719069259923,0.21807242354738485,0.23063489816209448
9,1,272,162,1.0099793672561646,0.009883360570423948,0.07974566244028555,0.05945934117589369,0.058624806428801406,0.058623684444348095,0.05962242632517138,0.05862435019578229,0.058624198118109254,0.05962242632517138,0.05862667174459819,0.05862744559420349,0.05962242632517138,0.058625901654212546,0.058625644957417324,0.05962242632517138
9,2,272,162,1.0099793672561646,0.02607358238379408,0.21037936282616357,0.0012282712168283259,-0.0013103728508494351,-0.0013107916460554077,0.0030546756975116294,-0.0013131179422369466,-0.0013140329726994504,0.0030546756975116294,-0.0013204465326955607,-0.0013228893961817654,0.0030546756975116294,-0.0013193853162661762,-0.0013190315774563813,0.0030546756975116294
9,3,272,162,1.0099793672561646,0.010409994414088191,0.08399490179841992,0.11158827892818665,0.11460892307758136,0.11460907425911919,0.11953108480587708,0.11459374640052963,0.11458868750817904,0.11953108480587708,0.11460949517870406,0.1146147447714289,0.11953108480587708,0.11461262313921507,0.1146136657927187,0.11953108480587708
9,4,272,162,1.0099793672561646,0.010267231596486726,0.08284299447091238,-0.03062435248385698,-0.028483252614966287,-0.028480759011216033,-0.026292818956534358,-0.02848327108919834,-0.02848327724727569,-0.026292818956534358,-0.028484183539021258,-0.028484487688962234,-0.026292818956534358,-0.028483772158501515,-0.028483635031661597,-0.026292818956534358
9,5,272,162,1.0099793672561646,0.012635176032998751,0.10194917767306384,-0.03678403942993585,-0.039968387875050124,-0.03996952267380672,-0.03863457651725118,-0.039966326946178916,-0.03996563996988852,-0.03863457651725118,-0.039961171510540336,-0.039959453031994135,-0.03863457651725118,-0.039960738334843676,-0.03996059394294479,-0.03863457651725118
9,6,272,162,1.0099793672561646,0.029279784463800203,0.23624917775051596,0.14878275401541252,0.15055688311009718,0.15054942739201818,0.1559014184703326,0.15055803000921633,0.15055841230892272,0.1559014184703326,0.1505596101303303,0.15056013683736832,0.1559014184703326,0.1505590636954022,0.15055888155042618,0.1559014184703326
9,7,272,162,1.0099793672561646,0.009960129026918323,0.08036508246185009,-0.015203578622894454,-0.01363107713361162,-0.013635946192968214,-0.011140408857549508,-0.01364042411994638,-0.013643539782057965,-0.011140408857549508,-0.013641237935822573,-0.013641509207781302,-0.011140408857549508,-0.013636938277183836,-0.01363550505763759,-0.011140408857549508
9,0,272,192,0.29644227027893066,0.023100622071255187,0.1311198559074674,0.1590083658881144,0.15880384485269933,0.15880329598742368,0.16700620924197807,0.15879816460647184,0.15879627119106265,0.16700620924197807,0.15879794861217483,0.15879787661407588,0.16700620924197807,0.15880030004362078,0.15880108385410277,0.16700620924197807
9,1,272,192,0.29644227027893066,0.0152555822970127,0.08659116392618113,0.11820174099132369,0.11747002148456098,0.11747071496738438,0.1194953109364379,0.11747326162940852,0.11747434167769101,0.1194953109364379,0.11747687633534093,0.11747808123731841,0.1194953109364379,0.11747663665890853,0.1174765567667644,0.1194953109364379
9,2,272,192,0.29644227027893066,0.028855022222063473,0.1637820117697876,0.07276364924451029,0.07329789230689783,0.07329898118800496,0.0790597555336188,0.07329405228931674,0.07329277228345636,0.0790597555336188,0.07329611143864569,0.07329679782175536,0.0790597555336188,0.073297331625885,0.07329773835496477,0.0790597555336188
9,3,272,192,0.29644227027893066,0.020229995504513598,0.11482608941779064,0.22277673307870843,0.22309894731258967,0.2230961216454744,0.2310801101633174,0.2231076352808353,0.22311053127025052,0.2310801101633174,0.22310071119058295,0.22309840316049886,0.2310801101633174,0.22310518661192977,0.22310667841904533,0.2310801101633174
9,4,272,192,0.29644227027893066,0.012351130975650843,0.07010540706766345,0.1773910230493686,0.17657347484987485,0.1765584856598109,0.1878717312085949,0.1765622807023939,0.1765585493199003,0.1878717312085949,0.17655062016048695,0.17654673331318463,0.1878717312085949,0.176557955458497,0.17656040055783373,0.1878717312085949
9,5,272,192,0.29644227027893066,0.01435405553506422,0.08147406973024168,0.037927593742488455,0.03831690902867536,0.03831965573031358,0.04073099758170851,0.03832753487622459,0.03833107682540766,0.04073099758170851,0.038328389975283705,0.03832867500830341,0.04073099758170851,0.03832770558863222,0.03832747745974839,0.04073099758170851
9,6,272,192,0.29644227027893066,0.04992505705535276,0.2833761907829979,0.26224690466864287,0.2614940691146891,0.2614926141813062,0.2666535257113182,0.26149487307028735,0.2614951410554867,0.2666535257113182,0.2614972715895968,0.2614980710960333,0.2666535257113182,0.26149818608870523,0.2614984909217413,0.2666535257113182
9,7,272,192,0.29644227027893066,0.012107968882986705,0.06872521139787006,0.06802920287531375,0.06787131161803626,0.06787202334182052,0.06950413575395979,0.06787504827098217,0.06787629382196415,0.06950413575395979,0.06787791804207396,0.0678788746324379,0.06950413575395979,0.06787912212926864,0.06787952349166686,0.06950413575395979
9,0,272,215,0.09762091189622879,0.026389720267281237,0.12959013920089174,0.29821009648793434,0.2974239169353554,0.2974229695921365,0.30689188760454406,0.29742075215392266,0.2974196972267784,0.30689188760454406,0.2974167204778877,0.2974153765858761,0.30689188760454406,0.2974126399496776,0.29741127977360754,0.30689188760454406
9,1,272,215,0.09762091189622879,0.0175034561793786,0.08595298850494665,0.22223810689366097,0.2227718177125386,0.222772676632536,0.2259027313885948,0.22277156240406104,0.22277147730123514,0.2259027313885948,0.22277389998642766,0.2227746791805499,0.2259027313885948,0.22277306331103064,0.22277278441923162,0.2259027313885948
9,2,272,215,0.09762091189622879,0.030855578251523925,0.15152031322198403,0.14892570749356482,0.15045802083016308,0.15046203182352139,0.15389542536893203,0.15044781643568764,0.1504444149708625,0.15389542536893203,0.15045004487033978,0.15045078768189044,0.15389542536893203,0.15045253312038653,0.15045336253706879,0.15389542536893203
9,3,272,215,0.09762091189622879,0.024384247965239532,0.11974200772572276,0.3408710112708673,0.34198667428339213,0.34198940222654345,0.35105269815868606,0.3419826924414257,0.34198136516077016,0.35105269815868606,0.3419825748965279,0.34198253571489534,0.35105269815868606,0.34198161419601214,0.3419812939625068,0.35105269815868606
9,4,272,215,0.09762091189622879,0.015272703839167614,0.0749985902255124,0.431280688980175,0.43290945863354646,0.4329247687289283,0.45001473694125665,0.4329257963367513,0.4329312422378196,0.45001473694125665,0.43293348805769855,0.43293605196468093,0.45001473694125665,0.4329417487081084,0.43294450225824505,0.45001473694125665
9,5,272,215,0.09762091189622879,0.01579319604014675,0.07755453458925361,0.1706515991475732,0.17081951311350432,0.170821336493189,0.17439341922755836,0.17081021016978018,0.1708071091885388,0.17439341922755836,0.17080815023742354,0.17080746359330465,0.17439341922755836,0.1708069753823702,0.17080658376401905,0.17439341922755836
9,6,272,215,0.09762091189622879,0.059906767650156206,0.29417994128889746,0.3614051366254645,0.3624069596219537,0.3624046957736107,0.36731097441553434,0.3624010882119771,0.36239913107531824,0.36731097441553434,0.36239854678215466,0.3623976996388805,0.36731097441553434,0.3623948272025455,0.3623935873426758,0.36731097441553434
9,7,272,215,0.09762091189622879,0.013534208813422063,0.06646148524279125,0.16999093760423348,0.17239107271709597,0.17238950376371218,0.1745894371243976,0.1723908278950503,0.17239074628770176,0.1745894371243976,0.17238883174942002,0.17238816636754328,0.1745894371243976,0.17238757745829045,0.17238715936124724,0.1745894371243976
9,0,272,236,0.029532548040151596,0.02824014868602885,0.12896922438798428,0.3420187570390494,0.34099532891326123,0.34099534405768034,0.3526341945852757,0.341002402765753,0.3410047607165836,0.3526341945852757,0.3410067833439886,0.34100824353673387,0.3526341945852757,0.3410065487389705,0.34100647053729777,0.3526341945852757
9,1,272,236,0.029532548040151596,0.01874892096794513,0.08562397536326585,0.26506222917493305,0.2647700913639594,0.26477165080786974,0.2688998134276504,0.26477081837721783,0.2647710607149707,0.2688998134276504,0.2647737428842088,0.26477471771987243,0.2688998134276504,0.26477471303071887,0.2647750364128889,0.2688998134276504
9,2,272,236,0.029532548040151596,0.031887361379364806,0.1456255882572814,0.15490923465935605,0.15399115939869978,0.15399386609829313,0.15861530992259076,0.15399946073415882,0.1540022278459785,0.15861530992259076,0.1539989184311232,0.15399873766344468,0.15861530992259076,0.15399779448171777,0.15399741983191592,0.15861530992259076
9,3,272,236,0.029532548040151596,0.02627372505079403,0.11998881377209039,0.3833418181545818,0.38463991471211867,0.38464750584645807,0.39387029156446174,0.384649939236085,0.38465328074407373,0.39387029156446174,0.3846608052323369,0.38466442723108757,0.39387029156446174,0.38466663012706753,0.38466857175864444,0.39387029156446174
9,4,272,236,0.029532548040151596,0.016926311193308723,0.07730034464835014,0.7292160069434276,0.7308108300132031,0.7308380230574388,0.7394514097765248,0.7308042842822532,0.7308021023719364,0.7394514097765248,0.7308068024333517,0.7308076418170512,0.7394514097765248,0.7307973009511386,0.7307941337904009,0.7394514097765248
9,5,272,236,0.029532548040151596,0.0165686864843842,0.07566711736457198,0.20630579856474818,0.20573388182998778,0.20573292032806356,0.20919089805074467,0.20573440827203165,0.20573458375271292,0.20919089805074467,0.20573154731279095,0.2057305936597107,0.20919089805074467,0.20572938636139942,0.2057286660442689,0.20919089805074467
9,6,272,236,0.029532548040151596,0.06592354880935641,0.301064596131264,1.3109959612959405,1.3067589714404677,1.308269879750336,1.4119861444826014,1.308022676250843,1.3084439111876345,1.4147498534114098,1.3083717149081302,1.3084880611272265,1.4147498534114098,1.3085905508098503,1.3086634961104233,1.4147498534114098
9,7,272,236,0.029532548040151596,0.014399418079622573,0.06576034007519192,0.3230278528203648,0.3227192569155671,0.32272076056256765,0.32889404881602513,0.32272222224753133,0.3227232106915195,0.32889404881602513,0.3227210795901127,0.3227206987043065,0.32889404881602513,0.32272415181846537,0.322725175894583,0.32889404881602513
9,0,272,252,0.010116739198565483,0.028770974978011468,0.1268894502580783,0.2535134474266387,0.2538490101270414,0.253845381851147,0.2666216072300997,0.2538469533626103,0.25384626777446656,0.2666216072300997,0.25384734946820675,0.2538474815034057,0.2666216072300997,0.2538490818891486,0.2538496593627958,0.2666216072300997
9,1,272,252,0.010116739198565483,0.01915564637888774,0.08448269272114914,0.324042230733906,0.32386247873639384,0.3238596213817393,0.3334618830894698,0.323866430825732,0.32386774818884473,0.3334618830894698,0.32386958106741204,0.32387063114797204,0.3334618830894698,0.32386972422817834,0.32386977194843375,0.3334618830894698
9,2,272,252,0.010116739198565483,0.03219863006345791,0.1420065350909353,0.22783896497753536,0.22897661760486643,0.22898045803150344,0.23373387321001268,0.22894283948961988,0.228931580117871,0.23373387321001268,0.22894244354525584,0.2289423115638011,0.23373387321001268,0.22893628006850256,0.22893422557625143,0.23373387321001268
9,3,272,252,0.010116739198565483,0.026824283096707636,0.11830389961791782,0.3321773271359827,0.330019660737483,0.3300302709526762,0.33451759113175317,0.3300405434048964,0.33004750429403423,0.33451759113175317,0.33003730714148205,0.3300362283870106,0.33451759113175317,0.3300342701025359,0.33003325775622055,0.33451759113175317
9,4,272,252,0.010116739198565483,0.017741596023384917,0.07824626617028935,1.5065435572772183,1.5085028356859542,1.508094820475837,2.4959890651188914,1.5084134778700375,1.5083836919313989,2.4959890651188914,1.5086062512446063,1.5086705090361292,2.4959890651188914,1.5085986515639855,1.5085961183371122,2.4959890651188914
9,5,272,252,0.010116739198565483,0.016784087854125312,0.07402334062439367,0.17145008457321478,0.17288410030859244,0.17288549664395733,0.17554120575297377,0.17287183327724004,0.17286774426678927,0.17554120575297377,0.17287772395777817,0.1728796875179575,0.17554120575297377,0.1728768262542968,0.17287652701980302,0.17554120575297377
9,6,272,252,0.010116739198565483,0.07054156729298125,0.3111114830481244,0.12149967270804338,0.1299998529600599,0.12362938492625693,1.169731790321789,0.12592400147486493,0.12456538431313328,1.169731790321789,0.12470575994042024,0.12429967942893867,1.169731790321789,0.12429571152223186,0.12415902871616907,1.169731790321789
9,7,272,252,0.010116739198565483,0.014723695254670816,0.06493633246911203,0.2937772780575436,0.2943401771050034,0.2943401577608192,0.3104178980377962,0.29431434900047587,0.29430573963230006,0.3104178980377962,0.29429519999609594,0.2942888169946359,0.3104178980377962,0.2942865613671666,0.2942836818241901,0.3104178980377962
9,0,272,264,0.004003689158707857,0.028902947193781916,0.12687688531886301,0.24243940614493917,0.24362935595133955,0.24363107804256923,0.2549261000679175,0.24362406950396198,0.24362230735483614,0.2549261000679175,0.2436256465440427,0.24362617222406968,0.2549261000679175,0.2436293236783569,0.24363054938979492,0.2549261000679175
9,1,272,264,0.004003689158707857,0.019286505842833826,0.08466305438046301,0.322145924620459,0.32281871504659476,0.3228500596118227,0.3356847964788958,0.32281388435618313,0.322812274126046,0.3356847964788958,0.3228220976782594,0.3228248354522848,0.3356847964788958,0.32282305029532793,0.3228233678343508,0.3356847964788958
9,2,272,264,0.004003689158707857,0.03233053031820525,0.14192313884043775,0.29626515990831964,0.2976831786022185,0.29765933047650445,0.29935458652300384,0.2976783977516181,0.2976768041347512,0.29935458652300384,0.2976835556872866,0.29768527499917613,0.2995078499935309,0.29769105444941757,0.2976935540367946,0.2995078499935309
9,3,272,264,0.004003689158707857,0.02696392408751758,0.11836504704041047,0.26757098200431934,0.2672611060928661,0.26726714085561537,0.2681813197953801,0.26727720314675063,0.2672825688313788,0.2681813197953801,0.2672816361688218,0.26728311384284553,0.2681813197953801,0.2672767233017751,0.26727508567942626,0.2681813197953801
9,4,272,264,0.004003689158707857,0.018001871288797374,0.07902382216319635,-0.005746596387221456,-2.655652014176002e-06,-0.005839886887438787,1.0336659559833445,-0.004554901871046863,-0.006072317277391076,1.0336659559833445,-0.005455469021655545,-0.005755658071858437,1.0336659559833445,-0.0054448010850502325,-0.00544124510618179,1.0336659559833445
9,5,272,264,0.004003689158707857,0.016842892182832754,0.07393618670067623,0.15718010531621068,0.15793952234662567,0.15794546461860873,0.16172839546580764,0.15794086776780855,0.1579413162415362,0.16172839546580764,0.15793450693426542,0.1579323866564177,0.16172839546580764,0.15793609631116648,0.15793662610346684,0.16172839546580764
9,6,272,264,0.004003689158707857,0.07066252395185382,0.3101912371659304,0.012610691769499511,0.012618822829272666,0.01224735559039674,0.1649315029206991,0.01244095072547118,0.012381660024204022,0.1649315029206991,0.012391121643997088,0.012374511950172395,0.1649315029206991,0.01243786359407303,0.012453444244098342,0.1649315029206991
9,7,272,264,0.004003689158707857,0.014811900403610762,0.0650206283900227,0.26173409298094896,0.26227424235035696,0.2622818978981239,0.31074262417706294,0.2625424784044925,0.2626318904225377,0.31074262417706294,0.26249965337050885,0.26248537835918095,0.31074262417706294,0.2624379255646081,0.26241734962930785,0.31074262417706294
