sigma,probe_index,start,SF_iter8,b_probe_iter8,SF_iter16,b_probe_iter16,SF_iter32,b_probe_iter32
60.05296637046716,0,0,6.213179588317871,0.948203438644377,6.213203430175781,0.9482032401512241,6.213197231292725,0.9482032917594438
60.05296637046716,0,1,6.213229179382324,0.9482030257786191,6.213203430175781,0.9482032401512241,6.213231563568115,0.9482030059293038
60.05296637046716,1,0,6.013189315795898,0.9498684389086752,6.013312339782715,0.9498674146840067,6.013296604156494,0.9498675456894876
60.05296637046716,1,1,6.013332366943359,0.9498672479497584,6.013339996337891,0.9498671844319495,6.013331413269043,0.9498672558894845
60.05296637046716,2,0,7.209845066070557,0.9399057936492043,7.209850788116455,0.9399057460108476,7.20982027053833,0.9399060000820832
60.05296637046716,2,1,7.209846019744873,0.9399057857094782,7.209872245788574,0.9399055673670101,7.209844589233398,0.9399057976190673
60.05296637046716,3,0,8.122694969177246,0.9323059473628292,8.122758865356445,0.9323054154011797,8.122678756713867,0.9323060823381731
60.05296637046716,3,1,8.122703552246094,0.9323058759052942,8.122709274291992,0.9323058282669375,8.122690200805664,0.9323059870614598
60.05296637046716,4,0,8.703696250915527,0.9274688756620265,8.703598022460938,0.927469693453816,8.703664779663086,0.9274691376729882
60.05296637046716,4,1,8.703672409057617,0.9274690741551793,8.703683853149414,0.927468978878466,8.703683853149414,0.927468978878466
60.05296637046716,5,0,6.663594722747803,0.9444535496702151,6.663620471954346,0.9444533352976101,6.6636552810668945,0.944453045497607
60.05296637046716,5,1,6.663624286651611,0.9444533035387056,6.66363000869751,0.944453255900349,6.663634777069092,0.9444532162017184
60.05296637046716,6,0,7.020122051239014,0.9414853148221818,7.020137310028076,0.941485187786564,7.020174026489258,0.9414848821071087
60.05296637046716,6,1,7.020181179046631,0.9414848225591628,7.020127773284912,0.9414852671838251,7.020177841186523,0.9414848503482042
60.05296637046716,7,0,6.169078350067139,0.9485705993688331,6.169149398803711,0.9485700078592377,6.169086456298828,0.9485705318811611
60.05296637046716,7,1,6.169010639190674,0.948571163089387,6.169103145599365,0.9485703929359541,6.169091701507568,0.9485704882126675
60.05296637046716,8,0,5.87526798248291,0.9510166900387058,5.8752760887146,0.9510166225510339,5.875272274017334,0.9510166543099383
60.05296637046716,8,1,5.875265598297119,0.9510167098880211,5.875275135040283,0.95101663049076,5.87527322769165,0.9510166463702122
60.05296637046716,9,0,8.645129203796387,0.9279564701220112,8.645167350769043,0.9279561525329667,8.645140647888184,0.9279563748452978
60.05296637046716,9,1,8.645153045654297,0.9279562716288584,8.645139694213867,0.9279563827850239,8.64513874053955,0.9279563907247501
60.05296637046716,10,0,7.6768012046813965,0.9360181940954945,7.676876068115234,0.9360175708269947,7.676765441894531,0.9360184918352237
60.05296637046716,10,1,7.67677640914917,0.9360184005283734,7.676811695098877,0.9360181067585073,7.6767802238464355,0.936018368769469
60.05296637046716,11,0,8.46885871887207,0.929423993518454,8.46887493133545,0.92942385854311,8.468817710876465,0.9294243349266768
60.05296637046716,11,1,8.46885871887207,0.929423993518454,8.468838691711426,0.9294241602527024,8.468815803527832,0.9294243508061291
60.05296637046716,12,0,5.963146209716797,0.9502850680966716,5.963220596313477,0.9502844487980349,5.96321439743042,0.9502845004062546
60.05296637046716,12,1,5.963194847106934,0.9502846631706399,5.963271141052246,0.950284027992551,5.963225364685059,0.9502844090994043
60.05296637046716,13,0,7.219297885894775,0.9398270950839831,7.219347953796387,0.9398266782483622,7.219353675842285,0.9398266306100055
60.05296637046716,13,1,7.2192888259887695,0.9398271705113811,7.219345569610596,0.9398266980976775,7.219351768493652,0.9398266464894578
60.05296637046716,14,0,7.123708724975586,0.9406229136814952,7.123789310455322,0.9406222427746387,7.123806953430176,0.9406220958897057
60.05296637046716,14,1,7.12374210357666,0.9406226357910813,7.123804092407227,0.940622119708884,7.123779296875,0.9406223261417629
60.05296637046716,15,0,6.4230427742004395,0.9464562423655052,6.423007488250732,0.9464565361353713,6.4230451583862305,0.9464562225161899
60.05296637046716,15,1,6.423025131225586,0.9464563892504382,6.4230475425720215,0.9464562026668746,6.423011779785156,0.9464565004066038
60.05296637046716,16,0,5.900080680847168,0.9508101142447262,5.900089263916016,0.9508100427871912,5.900081157684326,0.9508101102748631
60.05296637046716,16,1,5.9001078605651855,0.950809887962532,5.900124549865723,0.950809749017325,5.9000749588012695,0.9508101618830828
60.05296637046716,17,0,7.860193252563477,0.9344913807943109,7.860195636749268,0.9344913609449957,7.860199451446533,0.9344913291860912
60.05296637046716,17,1,7.860238075256348,0.9344910076271837,7.860219955444336,0.9344911584819798,7.860202789306641,0.9344913013970498
60.05296637046716,18,0,7.19993782043457,0.939988275493918,7.199898719787598,0.9399886010226886,7.199917793273926,0.9399884422281662
60.05296637046716,18,1,7.199933052062988,0.9399883151925484,7.199924945831299,0.9399883826802204,7.199894905090332,0.939988632781593
60.05296637046716,19,0,7.092601776123047,0.9408818916678134,7.09259557723999,0.9408819432760333,7.092596054077148,0.9408819393061701
60.05296637046716,19,1,7.092589855194092,0.9408819909143898,7.092620849609375,0.9408817328732912,7.092624187469482,0.9408817050842498
60.05296637046716,20,0,8.043102264404297,0.9329685889644032,8.043062210083008,0.9329689224328999,8.043073654174805,0.9329688271561866
60.05296637046716,20,1,8.043135643005371,0.9329683110739893,8.043073654174805,0.9329688271561866,8.043089866638184,0.9329686921808427
60.05296637046716,21,0,8.141119003295898,0.9321525597940732,8.141231536865234,0.932151622906392,8.141201972961426,0.9321518690379015
60.05296637046716,21,1,8.141264915466309,0.9321513450159781,8.141192436218262,0.9321519484351626,8.141284942626953,0.9321511782817298
60.05296637046716,22,0,6.5627570152282715,0.9452930645503841,6.56275749206543,0.9452930605805211,6.5627522468566895,0.9452931042490147
60.05296637046716,22,1,6.562781810760498,0.9452928581175052,6.562773704528809,0.9452929256051772,6.562762260437012,0.9452930208818905
60.05296637046716,23,0,6.740045547485352,0.9438170654963168,6.7401018142700195,0.9438165970524762,6.740113735198975,0.9438164978058998
60.05296637046716,23,1,6.740015983581543,0.9438173116278263,6.740076065063477,0.9438168114250812,6.740019798278809,0.9438172798689218
60.05296637046716,24,0,6.4861860275268555,0.9459305491297725,6.486230373382568,0.9459301799325083,6.486172199249268,0.9459306642558011
60.05296637046716,24,1,6.4861860275268555,0.9459305491297725,6.4861650466918945,0.945930723803747,6.486211776733398,0.9459303347571675
60.05296637046716,25,0,7.6419548988342285,0.9363083037478976,7.641888618469238,0.9363088555588623,7.641946315765381,0.9363083752054326
60.05296637046716,25,1,7.641919136047363,0.9363086014876267,7.641933441162109,0.9363084823917351,7.641951084136963,0.936308335506802
60.05296637046716,26,0,7.7843756675720215,0.9351225929900709,7.784418106079102,0.9351222396722589,7.784379959106445,0.9351225572613034
60.05296637046716,26,1,7.784450054168701,0.9351219736914342,7.78441858291626,0.9351222357023959,7.784422874450684,0.9351221999736284
60.05296637046716,27,0,7.767917633056641,0.9352596128134473,7.768010139465332,0.9352588426600144,7.76796817779541,0.9352591920079634
60.05296637046716,27,1,7.76795768737793,0.9352592793449506,7.767941474914551,0.9352594143202945,7.76793098449707,0.9352595016572817
60.05296637046716,28,0,6.7039361000061035,0.9441176913159552,6.703906536102295,0.9441179374474646,6.703906536102295,0.9441179374474646
60.05296637046716,28,1,6.703902721405029,0.9441179692063691,6.703890800476074,0.9441180684529455,6.703961372375488,0.9441174809132132
60.05296637046716,29,0,6.738135814666748,0.9438329647978559,6.7381391525268555,0.9438329370088145,6.738121509552002,0.9438330838937476
60.05296637046716,29,1,6.738099575042725,0.9438332665074483,6.738142013549805,0.9438329131896362,6.738101959228516,0.943833246658133
60.05296637046716,30,0,8.758145332336426,0.9270155649393931,8.758108139038086,0.9270158745887115,8.758106231689453,0.9270158904681637
60.05296637046716,30,1,8.758073806762695,0.9270161604188515,8.758097648620605,0.9270159619256987,8.758089065551758,0.9270160333832337
60.05296637046716,31,0,8.066744804382324,0.9327717552143628,8.066741943359375,0.9327717790335411,8.0667085647583,0.932772056923955
60.05296637046716,31,1,8.066699981689453,0.93277212838149,8.066719055175781,0.9327719695869678,8.06672477722168,0.9327719219486111
60.05296637046716,32,0,6.265831470489502,0.9477650903356014,6.26581335067749,0.9477652411903975,6.265888690948486,0.9477646139520347
60.05296637046716,32,1,6.265817165374756,0.9477652094314931,6.265795707702637,0.9477653880753306,6.2658162117004395,0.9477652173712192
60.05296637046716,33,0,6.999749660491943,0.9416549232513843,6.999762535095215,0.9416548160650818,6.999696254730225,0.9416553678760466
60.05296637046716,33,1,6.999709606170654,0.941655256719881,6.999722003936768,0.9416551535034416,6.999748706817627,0.9416549311911104
60.05296637046716,34,0,7.161145210266113,0.9403112397329721,7.1612138748168945,0.940310668072692,7.161166191101074,0.9403110650589976
60.05296637046716,34,1,7.161205768585205,0.940310735560364,7.161187171936035,0.9403108903850232,7.161177158355713,0.9403109737521473
60.05296637046716,35,0,5.750633716583252,0.9520543209346822,5.750638961791992,0.9520542772661886,5.750648021697998,0.9520542018387906
60.05296637046716,35,1,5.750646591186523,0.9520542137483797,5.750671863555908,0.9520540033456378,5.750677108764648,0.9520539596771442
60.05296637046716,36,0,6.006769180297852,0.9499218891448605,6.006770610809326,0.9499218772352714,6.006754398345947,0.9499220122106153
60.05296637046716,36,1,6.006750583648682,0.9499220439695197,6.006768703460693,0.9499218931147236,6.006752014160156,0.9499220320599305
60.05296637046716,37,0,6.766367435455322,0.943597925085765,6.766364097595215,0.9435979528748064,6.766343116760254,0.9435981275487809
60.05296637046716,37,1,6.766358852386475,0.9435979965433001,6.766339302062988,0.9435981593076853,6.7663679122924805,0.943597921115902
60.05296637046716,38,0,5.875425815582275,0.9510153760140343,5.875362396240234,0.9510159040058207,5.875380992889404,0.9510157491811616
60.05296637046716,38,1,5.875364303588867,0.9510158881263685,5.875372886657715,0.9510158166688335,5.875369071960449,0.951015848427738
60.05296637046716,39,0,7.218411445617676,0.9398344750594041,7.218311786651611,0.9398353047607828,7.218420028686523,0.9398344036018691
60.05296637046716,39,1,7.2182440757751465,0.9398358684813367,7.218278408050537,0.9398355826511967,7.218365669250488,0.9398348561662575
60.05296637046716,40,0,8.028730392456055,0.9330882406369096,8.028754234313965,0.9330880421437568,8.028775215148926,0.9330878674697825
60.05296637046716,40,1,8.02874755859375,0.9330880977218396,8.028759956359863,0.9330879945054003,8.028757095336914,0.9330880183245785
60.05296637046716,41,0,7.496300220489502,0.9375209381169697,7.49629545211792,0.9375209778156003,7.496311664581299,0.9375208428402564
60.05296637046716,41,1,7.496337890625,0.9375206244977883,7.496314525604248,0.937520819021078,7.4962663650512695,0.9375212199772467
60.05296637046716,42,0,6.77048921585083,0.9435636095895094,6.770511150360107,0.9435634269758089,6.770509719848633,0.943563438885398
60.05296637046716,42,1,6.770484447479248,0.94356364928814,6.770527362823486,0.9435632920004648,6.770492076873779,0.9435635857703311
60.05296637046716,43,0,6.838202953338623,0.9429998652163853,6.838233947753906,0.9429996071752867,6.838228225708008,0.9429996548136435
60.05296637046716,43,1,6.838225841522217,0.9429996746629588,6.838204860687256,0.9429998493369331,6.838205337524414,0.9429998453670702
60.05296637046716,44,0,7.191146373748779,0.9400614678590806,7.191161155700684,0.9400613447933258,7.191185474395752,0.94006114233031
60.05296637046716,44,1,7.191184997558594,0.940061146300173,7.191181182861328,0.9400611780590775,7.191171169281006,0.9400612614262016
60.05296637046716,45,0,7.810871601104736,0.9349020035795037,7.810853004455566,0.9349021584041629,7.810857772827148,0.9349021187055324
60.05296637046716,45,1,7.8109025955200195,0.9349017455384051,7.810901641845703,0.9349017534781312,7.810856819152832,0.9349021266452585
60.05296637046716,46,0,7.121799945831299,0.9406388050433081,7.121816158294678,0.9406386700679643,7.121835708618164,0.940638507303579
60.05296637046716,46,1,7.121809005737305,0.9406387296159101,7.121791839599609,0.9406388725309801,7.121804714202881,0.9406387653446776
60.05296637046716,47,0,6.615633487701416,0.9448528464361092,6.615641117095947,0.9448527829183003,6.6156511306762695,0.9448526995511761
60.05296637046716,47,1,6.615612506866455,0.9448530211100837,6.615635871887207,0.9448528265867939,6.615618705749512,0.9448529695018639
60.05296637046716,48,0,6.641094207763672,0.9446408755982365,6.641114234924316,0.9446407088639881,6.641108989715576,0.9446407525324818
60.05296637046716,48,1,6.64109468460083,0.9446408716283734,6.641130447387695,0.9446405738886442,6.641088008880615,0.9446409272064562
60.05296637046716,49,0,9.064078330993652,0.9244685484410488,9.06406021118164,0.924468699295845,9.06407356262207,0.9244685881396794
60.05296637046716,49,1,9.06411075592041,0.924468278490361,9.064095497131348,0.9244684055259788,9.06409740447998,0.9244683896465266
60.05296637046716,50,0,6.898705005645752,0.9424961610521196,6.898678779602051,0.9424963793945877,6.898703575134277,0.9424961729617088
60.05296637046716,50,1,6.898725986480713,0.9424959863781452,6.898734092712402,0.9424959188904732,6.89871883392334,0.942496045926091
60.05296637046716,51,0,6.256597995758057,0.9478419627638169,6.256601810455322,0.9478419310049124,6.2565693855285645,0.9478422009556002
60.05296637046716,51,1,6.256588459014893,0.947842042161078,6.256593227386475,0.9478420024624474,6.256596565246582,0.9478419746734061
60.05296637046716,52,0,6.678371429443359,0.9443305275839742,6.67832088470459,0.9443309483894581,6.678376197814941,0.9443304878853436
60.05296637046716,52,1,6.67830228805542,0.9443311032141173,6.678346633911133,0.9443307340168531,6.678373336791992,0.9443305117045219
60.05296637046716,53,0,9.143009185791016,0.9238114170093965,9.14300537109375,0.9238114487683009,9.142970085144043,0.9238117425381671
60.05296637046716,53,1,9.142963409423828,0.9238117981162499,9.142943382263184,0.9238119648504982,9.142992973327637,0.9238115519847404
60.05296637046716,54,0,9.129216194152832,0.923926249268153,9.129227638244629,0.9239261539914397,9.129182815551758,0.923926527158567
60.05296637046716,54,1,9.129197120666504,0.9239264080626753,9.129257202148438,0.9239259078599302,9.129183769226074,0.9239265192188408
60.05296637046716,55,0,7.301449298858643,0.9391431511972509,7.301429748535156,0.9391433139616362,7.301472187042236,0.9391429606438242
60.05296637046716,55,1,7.301450252532959,0.9391431432575248,7.301438331604004,0.9391432425041012,7.301452159881592,0.9391431273780725
60.05296637046716,56,0,6.742807388305664,0.9437940720494967,6.742767810821533,0.9437944015481304,6.742832183837891,0.9437938656166178
60.05296637046716,56,1,6.7428083419799805,0.9437940641097706,6.742801189422607,0.9437941236577165,6.742803573608398,0.9437941038084012
60.05296637046716,57,0,7.327040195465088,0.9389300965867639,7.327138423919678,0.9389292787949743,7.327071189880371,0.9389298385456653
60.05296637046716,57,1,7.327147960662842,0.9389291993977132,7.327071189880371,0.9389298385456653,7.327147006988525,0.9389292073374393
60.05296637046716,58,0,6.9167375564575195,0.9423460327409325,6.916719913482666,0.9423461796258656,6.916722774505615,0.9423461558066873
60.05296637046716,58,1,6.916728973388672,0.9423461041984676,6.916732311248779,0.9423460764094262,6.916740417480469,0.9423460089217542
60.05296637046716,59,0,6.085556983947754,0.9492659486721251,6.085514545440674,0.949266301989937,6.085499286651611,0.9492664290255548
60.05296637046716,59,1,6.085538864135742,0.9492660995269212,6.085534572601318,0.9492661352556887,6.0855584144592285,0.9492659367625359
60.05296637046716,60,0,5.330216884613037,0.9555544618541308,5.330173969268799,0.955554819141806,5.330186367034912,0.9555547159253664
60.05296637046716,60,1,5.330188751220703,0.9555546960760511,5.33015775680542,0.9555549541171499,5.330166339874268,0.9555548826596149
60.05296637046716,61,0,8.022967338562012,0.933136220401804,8.022913932800293,0.9331366650264662,8.022928237915039,0.9331365459305745
60.05296637046716,61,1,8.022955894470215,0.9331363156785173,8.022906303405762,0.9331367285442751,8.022941589355469,0.933136434774409
60.05296637046716,62,0,8.231772422790527,0.9313978332490533,8.231757164001465,0.9313979602846711,8.23177719116211,0.9313977935504227
60.05296637046716,62,1,8.231764793395996,0.9313978967668622,8.231764793395996,0.9313978967668622,8.23172664642334,0.9313982143559068
60.05296637046716,63,0,6.843227863311768,0.9429580307995017,6.84322452545166,0.9429580585885431,6.843202114105225,0.9429582451721068
60.05296637046716,63,1,6.843172550201416,0.9429584913036162,6.843217849731445,0.9429581141666259,6.843245983123779,0.9429578799447056
60.05296637046716,64,0,6.332821846008301,0.9472073682447333,6.3328657150268555,0.9472070030173322,6.332875728607178,0.947206919650208
60.05296637046716,64,1,6.332870960235596,0.9472069593488386,6.332879543304443,0.9472068878913035,6.332867622375488,0.9472069871378799
60.05296637046716,65,0,6.924191474914551,0.9422839758416419,6.924183368682861,0.9422840433293138,6.924152851104736,0.9422842974005494
60.05296637046716,65,1,6.924151420593262,0.9422843093101386,6.924170970916748,0.9422841465457533,6.924194812774658,0.9422839480526005
60.05296637046716,66,0,7.161520481109619,0.9403081154507471,7.161500453948975,0.9403082821849954,7.1615095138549805,0.9403082067575974
60.05296637046716,66,1,7.161487579345703,0.9403083893712979,7.161481857299805,0.9403084370096546,7.161444187164307,0.940308750628836
60.05296637046716,67,0,7.427797794342041,0.9380912486435883,7.427806854248047,0.9380911732161902,7.427779674530029,0.9380913994983844
60.05296637046716,67,1,7.42779541015625,0.9380912684929036,7.42777681350708,0.9380914233175627,7.427785873413086,0.9380913478901647
60.05296637046716,68,0,7.728487014770508,0.9355878887292703,7.728431701660156,0.9355883492333847,7.728489398956299,0.935587868879955
60.05296637046716,68,1,7.728485584259033,0.9355879006388594,7.728456497192383,0.935588142800506,7.728435516357422,0.9355883174744803
60.05296637046716,69,0,6.688320636749268,0.9442476963913116,6.688253402709961,0.9442482561420025,6.68825626373291,0.9442482323228242
60.05296637046716,69,1,6.688266754150391,0.944248144985837,6.68828821182251,0.9442479663419994,6.688256740570068,0.9442482283529611
60.05296637046716,70,0,7.435178279876709,0.9380298031032082,7.435179710388184,0.9380297911936191,7.435203552246094,0.9380295927004663
60.05296637046716,70,1,7.435147762298584,0.9380300571744438,7.435146808624268,0.9380300651141699,7.435157299041748,0.9380299777771827
60.05296637046716,71,0,9.067096710205078,0.9244434192079046,9.067093849182129,0.9244434430270829,9.06712532043457,0.9244431810161212
60.05296637046716,71,1,9.06715202331543,0.9244429587037901,9.067136764526367,0.9244430857394079,9.067089080810547,0.9244434827257135
60.05296637046716,72,0,5.916159629821777,0.9506762504624793,5.916153430938721,0.9506763020706991,5.916181564331055,0.9506760678487788
60.05296637046716,72,1,5.91618013381958,0.9506760797583679,5.916147232055664,0.9506763536789188,5.916189193725586,0.9506760043309699
60.05296637046716,73,0,7.354797840118408,0.9386990029185506,7.354863166809082,0.9386984590473119,7.354836463928223,0.9386986813596431
60.05296637046716,73,1,7.3548407554626465,0.9386986456308756,7.35485315322876,0.9386985424144361,7.3548431396484375,0.9386986257815603
60.05296637046716,74,0,6.7665839195251465,0.9435961227679377,6.7665486335754395,0.9435964165378038,6.766562461853027,0.9435963014117752
60.05296637046716,74,1,6.76656436920166,0.943596285532323,6.766531944274902,0.9435965554830108,6.766597747802734,0.943596007641909
60.05296637046716,75,0,6.850568771362305,0.9428969147577553,6.850525379180908,0.9428972760152934,6.85053014755249,0.9428972363166628
60.05296637046716,75,1,6.8505425453186035,0.9428971331002234,6.8505539894104,0.94289703782351,6.850570201873779,0.9428969028481662
60.05296637046716,76,0,7.18551778793335,0.940108328122593,7.185516834259033,0.9401083360623191,7.1855268478393555,0.940108252695195
60.05296637046716,76,1,7.185531139373779,0.9401082169664275,7.185491561889648,0.9401085464650611,7.185535430908203,0.94010818123766
60.05296637046716,77,0,8.685630798339844,0.9276192778937644,8.685647964477539,0.9276191349786944,8.685675621032715,0.9276189047266372
60.05296637046716,77,1,8.685611724853516,0.9276194366882867,8.685650825500488,0.9276191111595161,8.685623168945312,0.9276193414115733
60.05296637046716,78,0,5.925712585449219,0.9505967182260163,5.925754070281982,0.9505963728479304,5.925763130187988,0.9505962974205324
60.05296637046716,78,1,5.925722122192383,0.9505966388287552,5.925726413726807,0.9505966030999877,5.925736904144287,0.9505965157630004
60.05296637046716,79,0,8.867287635803223,0.9261069109242416,8.867273330688477,0.9261070300201333,8.867268562316895,0.9261070697187638
60.05296637046716,79,1,8.867249488830566,0.9261072285132861,8.867264747619629,0.9261071014776683,8.867291450500488,0.9261068791653372
60.05296637046716,80,0,7.0098557472229,0.9415707859737764,7.0098466873168945,0.9415708614011745,7.0098490715026855,0.9415708415518592
60.05296637046716,80,1,7.009875774383545,0.9415706192395281,7.00988245010376,0.9415705636614453,7.009868621826172,0.9415706787874739
60.05296637046716,81,0,5.974268913269043,0.9501924670710283,5.974282264709473,0.9501923559148628,5.974281311035156,0.9501923638545889
60.05296637046716,81,1,5.974277496337891,0.9501923956134933,5.974303245544434,0.9501921812408883,5.974303722381592,0.9501921772710253
60.05296637046716,82,0,6.949911594390869,0.9420698453982668,6.9499101638793945,0.9420698573078559,6.949887275695801,0.9420700478612826
60.05296637046716,82,1,6.949927806854248,0.9420697104229229,6.949909687042236,0.942069861277719,6.949887752532959,0.9420700438914196
60.05296637046716,83,0,8.719273567199707,0.9273391881757146,8.719266891479492,0.9273392437537974,8.719256401062012,0.9273393310907846
60.05296637046716,83,1,8.719256401062012,0.9273393310907846,8.719308853149414,0.9273388944058485,8.719295501708984,0.927339005562014
60.05296637046716,84,0,6.813365459442139,0.943206647443244,6.8133649826049805,0.943206651413107,6.813381195068359,0.9432065164377631
60.05296637046716,84,1,6.813377380371094,0.9432065481966676,6.813368320465088,0.9432066236240657,6.813357830047607,0.9432067109610529
60.05296637046716,85,0,9.193939208984375,0.9233874038761161,9.193897247314453,0.923387753224065,9.19394588470459,0.9233873482980333
60.05296637046716,85,1,9.193903923034668,0.9233876976459822,9.193910598754883,0.9233876420678994,9.193922996520996,0.92338753885146
60.05296637046716,86,0,6.478975296020508,0.9459905813989047,6.479059219360352,0.9459898827030068,6.47905969619751,0.9459898787331438
60.05296637046716,86,1,6.479036808013916,0.9459900692865704,6.479034423828125,0.9459900891358857,6.479069232940674,0.9459897993358826
60.05296637046716,87,0,6.077202796936035,0.9493355006728654,6.0772294998168945,0.9493352783605342,6.077198028564453,0.9493355403714959
60.05296637046716,87,1,6.077153205871582,0.9493359135386232,6.077195644378662,0.9493355602208112,6.077174663543701,0.9493357348947857
60.05296637046716,88,0,6.145219326019287,0.9487692354367009,6.145174503326416,0.9487696086038281,6.145138263702393,0.9487699103134204
60.05296637046716,88,1,6.145121097564697,0.9487700532284904,6.14511775970459,0.9487700810175318,6.145153999328613,0.9487697793079395
60.05296637046716,89,0,6.14777135848999,0.9487479887296254,6.147744655609131,0.9487482110419565,6.147716999053955,0.9487484412940138
60.05296637046716,89,1,6.147730350494385,0.9487483301378482,6.147754192352295,0.9487481316446954,6.147737503051758,0.9487482705899024
60.05296637046716,90,0,5.798900127410889,0.9516524834564324,5.798892974853516,0.9516525430043782,5.798923015594482,0.9516522929030057
60.05296637046716,90,1,5.7989020347595215,0.9516524675769802,5.798889636993408,0.9516525707934196,5.79890775680542,0.9516524199386235
60.05296637046716,91,0,5.782309055328369,0.9517906108716012,5.782223224639893,0.9517913254469513,5.782262802124023,0.9517909959483177
60.05296637046716,91,1,5.7823028564453125,0.951790662479821,5.782199859619141,0.951791519970241,5.782278537750244,0.9517908649428368
60.05296637046716,92,0,8.376811027526855,0.9301903279430495,8.37679386138916,0.9301904708581195,8.376788139343262,0.9301905184964762
60.05296637046716,92,1,8.376787185668945,0.9301905264362023,8.376848220825195,0.9301900182937312,8.376753807067871,0.9301908043266162
60.05296637046716,93,0,9.073981285095215,0.9243861023251028,9.074016571044922,0.9243858085552366,9.074048042297363,0.9243855465442748
60.05296637046716,93,1,9.073975563049316,0.9243861499634594,9.073994636535645,0.9243859911689372,9.074016571044922,0.9243858085552366
60.05296637046716,94,0,7.960528373718262,0.933656050149803,7.960542678833008,0.9336559310539113,7.9605255126953125,0.9336560739689813
60.05296637046716,94,1,7.960553169250488,0.933655843716924,7.96056604385376,0.9336557365306215,7.960610866546631,0.9336553633634943
60.05296637046716,95,0,7.181519508361816,0.9401416154243173,7.181574821472168,0.9401411549202028,7.18153715133667,0.9401414685393842
60.05296637046716,95,1,7.181501865386963,0.9401417623092503,7.181563377380371,0.9401412501969161,7.181535243988037,0.9401414844188364
60.05296637046716,96,0,5.809159278869629,0.9515670718527834,5.809132099151611,0.9515672981349776,5.8091349601745605,0.9515672743157993
60.05296637046716,96,1,5.80913782119751,0.9515672504966209,5.809117794036865,0.9515674172308694,5.809140205383301,0.9515672306473058
60.05296637046716,97,0,5.406237602233887,0.9549215584967091,5.406203269958496,0.9549218443268491,5.406217098236084,0.9549217292008205
60.05296637046716,97,1,5.40622091293335,0.954921697441916,5.406250476837158,0.9549214513104066,5.406229019165039,0.9549216299542441
60.05296637046716,98,0,5.860289096832275,0.9511413953468826,5.860243320465088,0.9511417764537359,5.860238552093506,0.9511418161523665
60.05296637046716,98,1,5.8602399826049805,0.9511418042427773,5.860243320465088,0.9511417764537359,5.860279083251953,0.9511414787140067
60.05296637046716,99,0,7.377966403961182,0.9385061152123878,7.377974510192871,0.9385060477247159,7.377997398376465,0.9385058571712892
60.05296637046716,99,1,7.37794303894043,0.9385063097356776,7.377986907958984,0.9385059445082764,7.37797737121582,0.9385060239055375
60.05296637046716,100,0,7.336956977844238,0.9388475353447892,7.336921215057373,0.9388478330845184,7.336909770965576,0.9388479283612317
60.05296637046716,100,1,7.336977005004883,0.9388473686105407,7.336890697479248,0.938848087155754,7.336920261383057,0.9388478410242445
60.05296637046716,101,0,7.192074775695801,0.9400537385357106,7.192049026489258,0.9400539529083156,7.192106246948242,0.9400534765247489
60.05296637046716,101,1,7.192131519317627,0.940053266122007,7.192007064819336,0.9400543022562645,7.192038536071777,0.9400540402453029
60.05296637046716,102,0,8.403773307800293,0.9299658560064136,8.403820037841797,0.9299654669598341,8.403779029846191,0.9299658083680569
60.05296637046716,102,1,8.403815269470215,0.9299655066584647,8.403749465942383,0.9299660544995664,8.403749465942383,0.9299660544995664
60.05296637046716,103,0,7.55882453918457,0.9370003977634837,7.558787822723389,0.937000703442939,7.558798313140869,0.9370006161059518
60.05296637046716,103,1,7.558825969696045,0.9370003858538944,7.558774471282959,0.9370008145991046,7.558787822723389,0.937000703442939
60.05296637046716,104,0,7.8977742195129395,0.934178503977282,7.897796154022217,0.9341783213635814,7.897819995880127,0.9341781228704286
60.05296637046716,104,1,7.897765636444092,0.934178575434817,7.897799968719482,0.934178289604677,7.897790431976318,0.9341783690019381
60.05296637046716,105,0,9.704736709594727,0.9191348071733155,9.704754829406738,0.9191346563185194,9.704716682434082,0.9191349739075638
60.05296637046716,105,1,9.704757690429688,0.919134632499341,9.704739570617676,0.9191347833541372,9.704752922058105,0.9191346721979716
60.05296637046716,106,0,8.4132080078125,0.9298873082959884,8.413250923156738,0.9298869510083134,8.41325855255127,0.9298868874905045
60.05296637046716,106,1,8.413230895996094,0.9298871177425617,8.413239479064941,0.9298870462850267,8.413272857666016,0.9298867683946128
60.05296637046716,107,0,5.759511470794678,0.9519804100243064,5.759679794311523,0.9519790086626477,5.7596330642700195,0.9519793977092272
60.05296637046716,107,1,5.759649276733398,0.9519792627338833,5.759665012359619,0.9519791317284024,5.759694576263428,0.951978885596893
60.05296637046716,108,0,5.795191287994385,0.9516833610512816,5.795277118682861,0.9516826464759315,5.795251846313477,0.9516828568786735
60.05296637046716,108,1,5.795279026031494,0.9516826305964793,5.795230388641357,0.951683035522511,5.795313835144043,0.9516823407964762
60.05296637046716,109,0,6.085204124450684,0.9492688863707864,6.085236072540283,0.9492686203899617,6.08521842956543,0.9492687672748947
60.05296637046716,109,1,6.085188865661621,0.9492690134064042,6.085235118865967,0.9492686283296878,6.085265636444092,0.9492683742584522
60.05296637046716,110,0,5.616519927978516,0.9531708727082111,5.616534233093262,0.9531707536123194,5.616524696350098,0.9531708330095805
60.05296637046716,110,1,5.616526126861572,0.9531708210999914,5.616523742675781,0.9531708409493067,5.616538047790527,0.953170721853415
60.05296637046716,111,0,7.399692535400391,0.9383252363419693,7.399714469909668,0.9383250537282688,7.399683952331543,0.9383253077995043
60.05296637046716,111,1,7.3996710777282715,0.9383254149858068,7.399716854095459,0.9383250338789535,7.399709701538086,0.9383250934268993
60.05296637046716,112,0,6.686889171600342,0.9442596139202056,6.6868977546691895,0.9442595424626706,6.686899185180664,0.9442595305530814
60.05296637046716,112,1,6.686902046203613,0.9442595067339031,6.6868977546691895,0.9442595424626706,6.686887741088867,0.9442596258297947
60.05296637046716,113,0,9.012410163879395,0.9248987069223399,9.012364387512207,0.9248990880291933,9.012351989746094,0.9248991912456327
60.05296637046716,113,1,9.012393951416016,0.9248988418976838,9.01237964630127,0.9248989609935755,9.012408256530762,0.9248987228017921
60.05296637046716,114,0,7.662215709686279,0.93613962426665,7.662150859832764,0.9361401641680256,7.662220478057861,0.9361395845680195
60.05296637046716,114,1,7.662199020385742,0.936139763211857,7.662191867828369,0.9361398227598028,7.662204265594482,0.9361397195433634
60.05296637046716,115,0,7.909207820892334,0.9340833146009263,7.909125328063965,0.9340840013872349,7.909090042114258,0.9340842951571011
60.05296637046716,115,1,7.909157752990723,0.9340837314365471,7.90910005569458,0.9340842117899769,7.909128665924072,0.9340839735981936
60.05296637046716,116,0,6.535786151885986,0.9455176079445551,6.5357866287231445,0.945517603974692,6.535784721374512,0.9455176198541442
60.05296637046716,116,1,6.535795211791992,0.945517532517157,6.535774230957031,0.9455177071911315,6.535792827606201,0.9455175523664723
60.05296637046716,117,0,6.962499141693115,0.9419650489533156,6.962493896484375,0.9419650926218093,6.962536334991455,0.9419647393039973
60.05296637046716,117,1,6.962497711181641,0.9419650608629048,6.962526798248291,0.9419648187012584,6.962527751922607,0.9419648107615323
60.05296637046716,118,0,7.522378921508789,0.9373038223365765,7.522445201873779,0.9373032705256117,7.522377014160156,0.9373038382160287
60.05296637046716,118,1,7.522372245788574,0.9373038779146592,7.522365093231201,0.9373039374626051,7.52240514755249,0.9373036039941084
60.05296637046716,119,0,8.743369102478027,0.927138583055771,8.743302345275879,0.9271391388365988,8.743335723876953,0.9271388609461849
60.05296637046716,119,1,8.743313789367676,0.9271390435598855,8.743281364440918,0.9271393135105733,8.743340492248535,0.9271388212475544
60.05296637046716,120,0,6.620107173919678,0.9448156011809182,6.620056629180908,0.9448160219864021,6.6200971603393555,0.9448156845480424
60.05296637046716,120,1,6.6201066970825195,0.9448156051507813,6.620081424713135,0.9448158155535232,6.620102882385254,0.9448156369096857
60.05296637046716,121,0,8.457549095153809,0.9295181507304151,8.457512855529785,0.9295184524400074,8.457542419433594,0.9295182063084979
60.05296637046716,121,1,8.457535743713379,0.9295182618865807,8.457565307617188,0.9295180157550712,8.457489967346191,0.9295186429934341
60.05296637046716,122,0,7.341268539428711,0.9388116398430372,7.341303825378418,0.9388113460731711,7.341278076171875,0.9388115604457761
60.05296637046716,122,1,7.341349124908447,0.9388109689361808,7.341289520263672,0.9388114651690628,7.341299057006836,0.9388113857718016
60.05296637046716,123,0,6.876877307891846,0.9426778855033691,6.8769211769104,0.942677520275968,6.876843452453613,0.9426781673636461
60.05296637046716,123,1,6.876867771148682,0.9426779649006302,6.876864433288574,0.9426779926896716,6.8768486976623535,0.9426781236951525
60.05296637046716,124,0,5.566474914550781,0.9535875177756598,5.566473007202148,0.953587533655112,5.566493034362793,0.9535873669208637
60.05296637046716,124,1,5.566506385803223,0.953587255764698,5.566504955291748,0.9535872676742873,5.566478729248047,0.9535874860167552
60.05296637046716,125,0,6.312476634979248,0.9473767503917417,6.312419414520264,0.9473772267753084,6.312429904937744,0.9473771394383212
60.05296637046716,125,1,6.312416076660156,0.9473772545643498,6.312443733215332,0.9473770243122926,6.312449932098389,0.9473769727040728
60.05296637046716,126,0,6.35347318649292,0.9470354374456429,6.353424549102783,0.9470358423716746,6.353420257568359,0.9470358781004421
60.05296637046716,126,1,6.353433132171631,0.9470357709141396,6.35339879989624,0.9470360567442797,6.353408336639404,0.9470359773470185
60.05296637046716,127,0,6.1406121253967285,0.9488075922535475,6.1405534744262695,0.9488080805467034,6.140557765960693,0.9488080448179359
60.05296637046716,127,1,6.140481472015381,0.9488086799960248,6.140590190887451,0.9488077748672481,6.1405768394470215,0.9488078860234137
42.62276147499661,0,0,7.507651329040527,0.9118036082824029,7.507649898529053,0.9118036250611685,7.5076518058776855,0.9118036026894811
42.62276147499661,0,1,7.507654666900635,0.9118035691319499,7.507690906524658,0.9118031440698887,7.507698059082031,0.9118030601760608
42.62276147499661,1,0,7.352993488311768,0.9136176221508716,7.353102207183838,0.913616346964688,7.353127956390381,0.9136160449469076
42.62276147499661,1,1,7.3516459465026855,0.9136334277480435,7.353011608123779,0.9136174096198411,7.353157043457031,0.9136157037786743
42.62276147499661,2,0,8.714898109436035,0.8976435605797946,8.71489143371582,0.8976436388807005,8.714871406555176,0.8976438737834186
42.62276147499661,2,1,8.71493911743164,0.8976430795885147,8.714896202087402,0.8976435829514819,8.714925765991211,0.8976432361903268
42.62276147499661,3,0,10.796126365661621,0.8732324030047741,10.796077728271484,0.8732329734828037,10.796136856079102,0.8732322799604932
42.62276147499661,3,1,10.796217918395996,0.8732313291637773,10.796123504638672,0.8732324365623053,10.796234130859375,0.8732311390044342
42.62276147499661,4,0,10.740931510925293,0.8738797948957253,10.74083137512207,0.8738809694093156,10.740898132324219,0.8738801864002554
42.62276147499661,4,1,10.740915298461914,0.8738799850550685,10.740836143493652,0.873880913480097,10.740863800048828,0.8738805890906292
42.62276147499661,5,0,7.986788272857666,0.9061837117619004,7.9868035316467285,0.9061835327884009,7.986799240112305,0.9061835831246976
42.62276147499661,5,1,7.986775875091553,0.9061838571778686,7.9868035316467285,0.9061835327884009,7.98681116104126,0.9061834433016511
42.62276147499661,6,0,8.690686225891113,0.8979275467800757,8.690673828125,0.897927692196044,8.69072151184082,0.8979271329038582
42.62276147499661,6,1,8.690668106079102,0.8979277593111062,8.690756797790527,0.8979267190276407,8.69066047668457,0.897927848797856
42.62276147499661,7,0,7.554825305938721,0.9112502949300316,7.559013366699219,0.9112011722973494,7.559012413024902,0.9112011834831932
42.62276147499661,7,1,7.559002876281738,0.9112012953416303,7.559072971343994,0.9112004731821172,7.559008598327637,0.911201228226568
42.62276147499661,8,0,7.039060115814209,0.9172998117430856,7.03914213180542,0.917298849760526,7.039148807525635,0.91729877145962
42.62276147499661,8,1,7.039113521575928,0.9172991853358375,7.0391411781311035,0.9172988609463697,7.03911018371582,0.9172992244862905
42.62276147499661,9,0,10.97457504272461,0.8711393414860253,10.974530220031738,0.87113986722068,10.974580764770508,0.871139274370963
42.62276147499661,9,1,10.974554061889648,0.8711395875745871,10.974590301513672,0.8711391625125259,10.974576950073242,0.8711393191143378
42.62276147499661,10,0,9.813385009765625,0.8847591800521766,9.8134126663208,0.8847588556627087,9.813397407531738,0.8847590346362082
42.62276147499661,10,1,9.813372611999512,0.8847593254681448,9.81338882446289,0.8847591353088017,9.813408851623535,0.8847589004060836
42.62276147499661,11,0,10.699729919433594,0.8743630569018205,10.699638366699219,0.8743641307428173,10.699705123901367,0.8743633477337571
42.62276147499661,11,1,10.699735641479492,0.8743629897867582,10.699711799621582,0.8743632694328511,10.699719429016113,0.8743631799461014
42.62276147499661,12,0,7.469046115875244,0.9122564168289793,7.468925476074219,0.9122578318382094,7.468819618225098,0.912259073466862
42.62276147499661,12,1,7.468982696533203,0.9122571606875864,7.4689040184021,0.9122580835196931,7.468915939331055,0.9122579436966466
42.62276147499661,13,0,8.926337242126465,0.8951635471693519,8.926326751708984,0.8951636702136327,8.926321029663086,0.895163737328695
42.62276147499661,13,1,8.926281929016113,0.8951641959482874,8.926294326782227,0.8951640505323191,8.92629623413086,0.8951640281606317
42.62276147499661,14,0,8.77669906616211,0.8969186843494175,8.776763916015625,0.8969179237120447,8.776817321777344,0.8969172973047965
42.62276147499661,14,1,8.776742935180664,0.8969181698006065,8.776793479919434,0.8969175769508895,8.776754379272461,0.8969180355704818
42.62276147499661,15,0,7.8426618576049805,0.9078742003582049,7.8426666259765625,0.9078741444289863,7.842665672302246,0.90787415561483
42.62276147499661,15,1,7.842694282531738,0.9078738200395186,7.842645645141602,0.907874390517548,7.8426713943481445,0.9078740884997677
42.62276147499661,16,0,7.022019386291504,0.9174996859915385,7.021989822387695,0.9175000327526938,7.021997928619385,0.9174999376730222
42.62276147499661,16,1,7.022004127502441,0.917499864965038,7.021952152252197,0.9175004745935206,7.022017478942871,0.917499708363226
42.62276147499661,17,0,9.954557418823242,0.8831033396067847,9.95457935333252,0.8831030823323792,9.954506874084473,0.8831039324565017
42.62276147499661,17,1,9.954580307006836,0.8831030711465354,9.95458984375,0.8831029592880983,9.954578399658203,0.8831030935182229
42.62276147499661,18,0,8.97453784942627,0.8945981922562194,8.97454833984375,0.8945980692119385,8.974520683288574,0.8945983936014064
42.62276147499661,18,1,8.974513053894043,0.894598483088156,8.974494934082031,0.8945986956191867,8.974512100219727,0.8945984942739997
42.62276147499661,19,0,8.937429428100586,0.8950334446210823,8.937437057495117,0.8950333551343325,8.937429428100586,0.8950334446210823
42.62276147499661,19,1,8.937488555908203,0.8950327510987718,8.937469482421875,0.8950329748156461,8.93745231628418,0.895033176160833
42.62276147499661,20,0,9.909346580505371,0.883633626899865,9.909374237060547,0.8836333025103973,9.90937328338623,0.883633313696241
42.62276147499661,20,1,9.909374237060547,0.8836333025103973,9.909360885620117,0.8836334591122094,9.90941047668457,0.8836328774483361
42.62276147499661,21,0,10.568870544433594,0.8758979336332593,10.56892204284668,0.8758973295976986,10.569021224975586,0.875896166269952
42.62276147499661,21,1,10.568921089172363,0.8758973407835423,10.568976402282715,0.8758966920046067,10.568943977355957,0.8758970723232931
42.62276147499661,22,0,7.998042583465576,0.9060517076201988,7.998061180114746,0.9060514894962464,7.998033046722412,0.906051819478636
42.62276147499661,22,1,7.9980878829956055,0.9060511762926223,7.998082637786865,0.9060512378147628,7.998051166534424,0.9060516069476054
42.62276147499661,23,0,8.259812355041504,0.9029813557146824,8.259862899780273,0.9029807628649653,8.25986385345459,0.9029807516791216
42.62276147499661,23,1,8.259805679321289,0.9029814340155884,8.259821891784668,0.9029812438562452,8.259869575500488,0.9029806845640593
42.62276147499661,24,0,7.904882907867432,0.9071443967636705,7.904855728149414,0.9071447155602165,7.904964923858643,0.9071434347811109
42.62276147499661,24,1,7.905071258544922,0.9071421875595365,7.904921531677246,0.907143943737,7.90492057800293,0.9071439549228437
42.62276147499661,25,0,9.699054718017578,0.8861001837403165,9.699018478393555,0.8861006088023777,9.698997497558594,0.8861008548909395
42.62276147499661,25,1,9.69902229309082,0.8861005640590028,9.699021339416504,0.8861005752448465,9.699051856994629,0.8861002172978476
42.62276147499661,26,0,9.37343692779541,0.8899194222897482,9.373356819152832,0.8899203619006204,9.373384475708008,0.8899200375111527
42.62276147499661,26,1,9.373345375061035,0.889920496130745,9.373430252075195,0.8899195005906542,9.373373985290527,0.8899201605554335
42.62276147499661,27,0,10.052506446838379,0.8819544751561674,10.052528381347656,0.881954217881762,10.052386283874512,0.8819558845724758
42.62276147499661,27,1,10.052457809448242,0.881955045634197,10.052416801452637,0.8819555266254768,10.052441596984863,0.8819552357935402
42.62276147499661,28,0,8.156635284423828,0.9041915409605548,8.15665054321289,0.9041913619870554,8.156662940979004,0.904191216571087
42.62276147499661,28,1,8.156667709350586,0.9041911606418684,8.15666389465332,0.9041912053852433,8.156716346740723,0.904190590163839
42.62276147499661,29,0,8.102439880371094,0.9048272100872908,8.102381706237793,0.9048278924237575,8.10241413116455,0.9048275121050712
42.62276147499661,29,1,8.10239315032959,0.9048277581936329,8.102411270141602,0.9048275456626023,8.102396011352539,0.9048277246361018
42.62276147499661,30,0,10.470035552978516,0.8770571897326893,10.470026969909668,0.8770572904052828,10.470091819763184,0.87705652976791
42.62276147499661,30,1,10.469999313354492,0.8770576147947506,10.470014572143555,0.8770574358212512,10.470036506652832,0.8770571785468456
42.62276147499661,31,0,10.044092178344727,0.8820531678552804,10.044029235839844,0.8820539061209658,10.044024467468262,0.8820539620501844
42.62276147499661,31,1,10.04407024383545,0.8820534251296859,10.044065475463867,0.8820534810589045,10.044054985046387,0.8820536041031853
42.62276147499661,32,0,7.589722156524658,0.910840982536748,7.589747905731201,0.9108406805189676,7.589697360992432,0.9108412733686846
42.62276147499661,32,1,7.589751243591309,0.9108406413685146,7.589707374572754,0.9108411559173255,7.589760780334473,0.9108405295100774
42.62276147499661,33,0,8.366070747375488,0.901735029007761,8.366094589233398,0.9017347493616681,8.36609935760498,0.9017346934324495
42.62276147499661,33,1,8.366096496582031,0.9017347269899807,8.366076469421387,0.9017349618926987,8.3660888671875,0.9017348164767304
42.62276147499661,34,0,8.740233421325684,0.8973463974556152,8.74025821685791,0.8973461066236785,8.74019718170166,0.8973468225176764
42.62276147499661,34,1,8.740222930908203,0.897346520499896,8.740289688110352,0.8973457374908358,8.740195274353027,0.8973468448893638
42.62276147499661,35,0,6.984784126281738,0.9179364260736157,6.984747409820557,0.9179368567285988,6.9847588539123535,0.9179367224984742
42.62276147499661,35,1,6.984713077545166,0.9179372594189726,6.984768867492676,0.9179366050471152,6.984743595123291,0.9179369014719737
42.62276147499661,36,0,7.337869167327881,0.9137950184463758,7.337899684906006,0.9137946604993769,7.337909698486328,0.9137945430480178
42.62276147499661,36,1,7.337876796722412,0.913794928959626,7.337879657745361,0.9137948954020949,7.337872505187988,0.9137949792959228
42.62276147499661,37,0,8.238062858581543,0.9032364600664867,8.238059043884277,0.9032365048098616,8.23807430267334,0.9032363258363622
42.62276147499661,37,1,8.238036155700684,0.9032367732701109,8.23806095123291,0.9032364824381742,8.238059997558594,0.9032364936240179
42.62276147499661,38,0,7.1236467361450195,0.9163076777417059,7.123678207397461,0.9163073086088631,7.123661994934082,0.9163074987682064
42.62276147499661,38,1,7.123714447021484,0.9163068835468019,7.1236748695373535,0.9163073477593162,7.123678684234619,0.9163073030159413
42.62276147499661,39,0,8.950921058654785,0.8948751984900213,8.950796127319336,0.8948766638355481,8.95082950592041,0.8948762723310181
42.62276147499661,39,1,8.950963973999023,0.894874695127054,8.950800895690918,0.8948766079063295,8.950823783874512,0.8948763394460804
42.62276147499661,40,0,10.058699607849121,0.8818818342870708,10.05868911743164,0.8818819573313517,10.058688163757324,0.8818819685171955
42.62276147499661,40,1,10.0586576461792,0.8818823264641944,10.058706283569336,0.8818817559861648,10.058736801147461,0.8818813980391659
42.62276147499661,41,0,9.186127662658691,0.8921164114824695,9.186077117919922,0.8921170043321864,9.186118125915527,0.8921165233409066
42.62276147499661,41,1,9.186131477355957,0.8921163667390946,9.1860933303833,0.8921168141728433,9.186114311218262,0.8921165680842815
42.62276147499661,42,0,8.198099136352539,0.9037052028474376,8.19813346862793,0.9037048001570638,8.198095321655273,0.9037052475908124
42.62276147499661,42,1,8.198107719421387,0.9037051021748441,8.19808578491211,0.9037053594492496,8.19813060760498,0.9037048337145949
42.62276147499661,43,0,8.335525512695312,0.9020933003961651,8.335577964782715,0.9020926851747607,8.335535049438477,0.9020931885377279
42.62276147499661,43,1,8.33552360534668,0.9020933227678526,8.335503578186035,0.9020935576705706,8.335553169250488,0.9020929760066974
42.62276147499661,44,0,8.85621452331543,0.8959860310720015,8.856149673461914,0.8959867917093742,8.85616683959961,0.8959865903641873
42.62276147499661,44,1,8.856158256530762,0.8959866910367807,8.856168746948242,0.8959865679924999,8.856171607971191,0.8959865344349687
42.62276147499661,45,0,9.985806465148926,0.8827368130657176,9.985817909240723,0.882736678835593,9.985884666442871,0.8827358958265328
42.62276147499661,45,1,9.985798835754395,0.8827369025524674,9.985788345336914,0.8827370255967483,9.98583698272705,0.8827364551187187
42.62276147499661,46,0,9.508068084716797,0.8883403055464096,9.508011817932129,0.8883409655111889,9.507976531982422,0.8883413793874064
42.62276147499661,46,1,9.508103370666504,0.8883398916701921,9.50796890258789,0.8883414688741561,9.508041381835938,0.8883406187500337
42.62276147499661,47,0,8.051681518554688,0.9054225654332716,8.051724433898926,0.9054220620703044,8.051680564880371,0.9054225766191153
42.62276147499661,47,1,8.0516996383667,0.9054223529022409,8.05171012878418,0.9054222298579602,8.051681518554688,0.9054225654332716
42.62276147499661,48,0,8.1651029586792,0.9040922218541937,8.165180206298828,0.9040913158008527,8.165145874023438,0.9040917184912265
42.62276147499661,48,1,8.165191650390625,0.9040911815707281,8.165155410766602,0.9040916066327893,8.165196418762207,0.9040911256415095
42.62276147499661,49,0,11.892141342163086,0.86037701618407,11.892035484313965,0.8603782578127226,11.892126083374023,0.8603771951575694
42.62276147499661,49,1,11.89210319519043,0.8603774636178186,11.892180442810059,0.8603765575644776,11.892181396484375,0.8603765463786339
42.62276147499661,50,0,8.36133861541748,0.9017905331642836,8.361289024353027,0.9017911148281569,8.361286163330078,0.901791148385688
42.62276147499661,50,1,8.361257553100586,0.9017914839609995,8.361275672912598,0.901791271429969,8.361310958862305,0.9017908575537514
42.62276147499661,51,0,7.659392833709717,0.9100238007240201,7.659445762634277,0.9100231799096938,7.659458637237549,0.9100230289008037
42.62276147499661,51,1,7.659460544586182,0.9100230065291162,7.659443378448486,0.9100232078743031,7.659445285797119,0.9100231855026157
42.62276147499661,52,0,8.227746963500977,0.9033574573379709,8.227761268615723,0.9033572895503152,8.227665901184082,0.9033584081346868
42.62276147499661,52,1,8.227765083312988,0.9033572448069404,8.22765064239502,0.9033585871081864,8.227744102478027,0.9033574908955021
42.62276147499661,53,0,11.25377368927002,0.8678645626936632,11.253690719604492,0.8678655358620665,11.253677368164062,0.8678656924638786
42.62276147499661,53,1,11.253756523132324,0.86786476403885,11.253762245178223,0.8678646969237878,11.253748893737793,0.8678648535255997
42.62276147499661,54,0,11.382786750793457,0.86635134175566,11.382842063903809,0.8663506929767244,11.38277530670166,0.8663514759857845
42.62276147499661,54,1,11.382816314697266,0.8663509949945047,11.382786750793457,0.86635134175566,11.38275146484375,0.8663517556318775
42.62276147499661,55,0,9.106767654418945,0.8930472414673596,9.106842041015625,0.8930463689715497,9.106794357299805,0.8930469282637356
42.62276147499661,55,1,9.106779098510742,0.893047107237235,9.106794357299805,0.8930469282637356,9.106828689575195,0.8930465255733617
42.62276147499661,56,0,8.63608455657959,0.898567981076235,8.636110305786133,0.8985676790584546,8.636119842529297,0.8985675672000175
42.62276147499661,56,1,8.636122703552246,0.8985675336424863,8.636113166809082,0.8985676455009235,8.636102676391602,0.8985677685452044
42.62276147499661,57,0,8.889669418334961,0.8955936316744175,8.889686584472656,0.8955934303292307,8.889671325683594,0.8955936093027301
42.62276147499661,57,1,8.889674186706543,0.8955935757451989,8.889612197875977,0.8955943028250406,8.889679908752441,0.8955935086301366
42.62276147499661,58,0,8.38465690612793,0.9015170280995651,8.38464641571045,0.901517151143846,8.384631156921387,0.9015173301173455
42.62276147499661,58,1,8.384700775146484,0.9015165135507541,8.38465690612793,0.9015170280995651,8.384661674499512,0.9015169721703465
42.62276147499661,59,0,7.577455520629883,0.9109848604515548,7.577517032623291,0.910984138964635,7.577578544616699,0.9109834174777153
42.62276147499661,59,1,7.577502250671387,0.9109843123452126,7.577512741088867,0.9109841893009317,7.577559471130371,0.9109836411945896
42.62276147499661,60,0,6.4183430671691895,0.924580330657169,6.4183349609375,0.9245804257368406,6.418367385864258,0.9245800454181543
42.62276147499661,60,1,6.418335914611816,0.9245804145509969,6.418359279632568,0.9245801404978259,6.418350696563721,0.9245802411704193
42.62276147499661,61,0,10.07423210144043,0.881699650450456,10.074185371398926,0.881700198556798,10.074206352233887,0.8816999524682363
42.62276147499661,61,1,10.074256896972656,0.8816993596185193,10.074209213256836,0.8816999189107052,10.074249267578125,0.8816994491052691
42.62276147499661,62,0,10.2846097946167,0.8792320868840701,10.284650802612305,0.8792316058927903,10.28465747833252,0.8792315275918842
42.62276147499661,62,1,10.284672737121582,0.8792313486183847,10.28462028503418,0.8792319638397892,10.284629821777344,0.879231851981352
42.62276147499661,63,0,8.686336517333984,0.8979785654132678,8.686341285705566,0.8979785094840492,8.686322212219238,0.8979787332009235
42.62276147499661,63,1,8.686339378356934,0.8979785318557366,8.68631649017334,0.8979788003159859,8.686347007751465,0.8979784423689869
42.62276147499661,64,0,7.830358028411865,0.9080185145209166,7.830387592315674,0.9080181677597614,7.830356597900391,0.9080185312996822
42.62276147499661,64,1,7.830418109893799,0.9080178098127625,7.830328464508057,0.9080188612820719,7.830356121063232,0.9080185368926041
42.62276147499661,65,0,8.393535614013672,0.9014128878945621,8.393514633178711,0.9014131339831238,8.39351749420166,0.9014131004255928
42.62276147499661,65,1,8.393488883972168,0.9014134360009042,8.393509864807129,0.9014131899123424,8.393506050109863,0.9014132346557173
42.62276147499661,66,0,8.790492057800293,0.896756903491742,8.790450096130371,0.8967573956688655,8.79043197631836,0.896757608199896
42.62276147499661,66,1,8.790450096130371,0.8967573956688655,8.790434837341309,0.8967575746423649,8.790458679199219,0.896757294996272
42.62276147499661,67,0,9.160335540771484,0.8924189326257892,9.160290718078613,0.8924194583604439,9.1603364944458,0.8924189214399455
42.62276147499661,67,1,9.160341262817383,0.8924188655107269,9.16037368774414,0.8924184851920406,9.160320281982422,0.8924191115992887
42.62276147499661,68,0,9.629276275634766,0.8869186295533844,9.629354476928711,0.8869177123141996,9.629328727722168,0.8869180143319799
42.62276147499661,68,1,9.629349708557129,0.8869177682434182,9.629294395446777,0.8869184170223537,9.629270553588867,0.8869186966684467
42.62276147499661,69,0,8.131013870239258,0.9044920598378493,8.131021499633789,0.9044919703510995,8.131013870239258,0.9044920598378493
42.62276147499661,69,1,8.131021499633789,0.9044919703510995,8.131047248840332,0.9044916683333192,8.131022453308105,0.9044919591652558
42.62276147499661,70,0,9.132906913757324,0.8927406486769269,9.132936477661133,0.8927403019157717,9.1329984664917,0.8927395748359301
42.62276147499661,70,1,9.132977485656738,0.8927398209244919,9.132944107055664,0.892740212429022,9.132973670959473,0.8927398656678668
42.62276147499661,71,0,11.054323196411133,0.8702039588627425,11.05428695678711,0.8702043839248037,11.05439281463623,0.8702031422961511
42.62276147499661,71,1,11.054365158081055,0.8702034666856189,11.05434513092041,0.870203701588337,11.054314613342285,0.870204059535336
42.62276147499661,72,0,7.100376129150391,0.9165806235142384,7.100404739379883,0.916580287938927,7.10039758682251,0.9165803718327549
42.62276147499661,72,1,7.100374698638916,0.916580640293004,7.100376129150391,0.9165806235142384,7.100294589996338,0.9165815799038762
42.62276147499661,73,0,9.083770751953125,0.8933169769027456,9.083752632141113,0.8933171894337761,9.083786964416504,0.8933167867434023
42.62276147499661,73,1,9.083772659301758,0.8933169545310581,9.083768844604492,0.893316999274433,9.0838041305542,0.8933165853982155
42.62276147499661,74,0,8.423130989074707,0.9010657576064999,8.423173904418945,0.9010652542435327,8.423184394836426,0.9010651311992518
42.62276147499661,74,1,8.423229217529297,0.9010646054645971,8.423188209533691,0.9010650864558769,8.423213005065918,0.9010647956239403
42.62276147499661,75,0,8.297782897949219,0.9025359913470996,8.297719955444336,0.9025367296127849,8.297821044921875,0.9025355439133509
42.62276147499661,75,1,8.297722816467285,0.9025366960552538,8.297806739807129,0.9025357117010067,8.297761917114258,0.9025362374356614
42.62276147499661,76,0,8.607650756835938,0.8989014870066502,8.607626914978027,0.898901766652743,8.607645034790039,0.8989015541217125
42.62276147499661,76,1,8.607638359069824,0.8989016324226184,8.607674598693848,0.8989012073605572,8.607680320739746,0.898901140245495
42.62276147499661,77,0,10.799439430236816,0.8731935433837021,10.799389839172363,0.8731941250475754,10.799408912658691,0.8731939013307011
42.62276147499661,77,1,10.799369812011719,0.8731943599502935,10.799341201782227,0.8731946955256049,10.799335479736328,0.8731947626406673
42.62276147499661,78,0,7.0025177001953125,0.9177284253097026,7.002493381500244,0.9177287105487173,7.002439975738525,0.9177293369559655
42.62276147499661,78,1,7.002470016479492,0.9177289846018883,7.002501010894775,0.9177286210619676,7.002486228942871,0.9177287944425452
42.62276147499661,79,0,10.819526672363281,0.872957935957496,10.819487571716309,0.8729583945770885,10.81950569152832,0.8729581820460578
42.62276147499661,79,1,10.819500923156738,0.8729582379752764,10.819500923156738,0.8729582379752764,10.81945514678955,0.8729587748957748
42.62276147499661,80,0,8.620818138122559,0.8987470440624529,8.620805740356445,0.8987471894784211,8.620826721191406,0.8987469433898594
42.62276147499661,80,1,8.620816230773926,0.8987470664341403,8.620844841003418,0.8987467308588288,8.620850563049316,0.8987466637437664
42.62276147499661,81,0,7.225003719329834,0.9151188406785667,7.224974632263184,0.9151191818468002,7.224977493286133,0.915119148289269
42.62276147499661,81,1,7.224984645843506,0.9151190643954411,7.225001811981201,0.9151188630502542,7.225002288818359,0.9151188574573323
42.62276147499661,82,0,8.617695808410645,0.8987836665147815,8.617650985717773,0.8987841922494362,8.617679595947266,0.8987838566741247
42.62276147499661,82,1,8.61766529083252,0.8987840244617805,8.617687225341797,0.898783767187375,8.617654800415039,0.8987841475060614
42.62276147499661,83,0,10.676981925964355,0.8746298728319963,10.67701244354248,0.8746295148849974,10.67696475982666,0.8746300741771832
42.62276147499661,83,1,10.676997184753418,0.8746296938584969,10.676950454711914,0.874630241964839,10.676977157592773,0.8746299287612149
42.62276147499661,84,0,8.362406730651855,0.9017780050193208,8.362541198730469,0.9017764278153567,8.362483978271484,0.9017770989659798
42.62276147499661,84,1,8.362452507019043,0.9017774680988224,8.362510681152344,0.9017767857623558,8.362510681152344,0.9017767857623558
42.62276147499661,85,0,11.8738431930542,0.8605916389674635,11.873865127563477,0.8605913816930579,11.87389850616455,0.8605909901885278
42.62276147499661,85,1,11.873861312866211,0.8605914264364328,11.873870849609375,0.8605913145779956,11.873948097229004,0.8605904085246546
42.62276147499661,86,0,8.163893699645996,0.9041064055040265,8.163933753967285,0.9041059356985904,8.163922309875488,0.9041060699287151
42.62276147499661,86,1,8.163969039916992,0.9041055218223729,8.163942337036133,0.904105835025997,8.16398811340332,0.9041052981054987
42.62276147499661,87,0,7.243256568908691,0.9149047492227499,7.24335241317749,0.9149036250454563,7.243411540985107,0.9149029315231458
42.62276147499661,87,1,7.243354320526123,0.9149036026737689,7.243418216705322,0.9149028532222399,7.243426322937012,0.9149027581425683
42.62276147499661,88,0,7.649531841278076,0.9101394623480514,7.649496555328369,0.910139876224269,7.649486064910889,0.9101399992685498
42.62276147499661,88,1,7.6495361328125,0.9101394120117546,7.649497985839844,0.9101398594455034,7.649536609649658,0.9101394064188328
42.62276147499661,89,0,7.436676979064941,0.9126360811434916,7.436670303344727,0.9126361594443977,7.43670129776001,0.9126357959044769
42.62276147499661,89,1,7.436676025390625,0.9126360923293353,7.436666488647461,0.9126362041877725,7.436717987060547,0.9126356001522118
42.62276147499661,90,0,7.037141799926758,0.9173223120677219,7.037186145782471,0.9173217919259891,7.0371575355529785,0.9173221275013006
42.62276147499661,90,1,7.037154197692871,0.9173221666517536,7.037172794342041,0.9173219485278011,7.037136077880859,0.9173223791827843
42.62276147499661,91,0,7.097360610961914,0.9166159931520709,7.097326278686523,0.9166163958424447,7.097397327423096,0.9166155624970878
42.62276147499661,91,1,7.097343444824219,0.9166161944972577,7.097355842590332,0.9166160490812895,7.097384452819824,0.9166157135059779
42.62276147499661,92,0,10.034400939941406,0.8821668383991301,10.034357070922852,0.8821673529479411,10.03437614440918,0.8821671292310668
42.62276147499661,92,1,10.034395217895508,0.8821669055141924,10.03433895111084,0.8821675654789718,10.034321784973145,0.8821677668241587
42.62276147499661,93,0,11.460034370422363,0.8654452884146024,11.46008586883545,0.8654446843790418,11.460087776184082,0.8654446620073544
42.62276147499661,93,1,11.46003532409668,0.8654452772287587,11.4600830078125,0.865444717936573,11.460057258605957,0.8654450199543533
42.62276147499661,94,0,9.963669776916504,0.882996458870071,9.963653564453125,0.8829966490294142,9.9636869430542,0.8829962575248841
42.62276147499661,94,1,9.963619232177734,0.882997051719788,9.96368408203125,0.8829962910824153,9.963687896728516,0.8829962463390404
42.62276147499661,95,0,8.880260467529297,0.8957039912085271,8.880293846130371,0.895703599703997,8.880265235900879,0.8957039352793085
42.62276147499661,95,1,8.880258560180664,0.8957040135802146,8.880293846130371,0.895703599703997,8.88028621673584,0.8957036891907467
42.62276147499661,96,0,7.038740634918213,0.9173035590007308,7.038733959197998,0.9173036373016368,7.038764953613281,0.9173032737617159
42.62276147499661,96,1,7.038748741149902,0.9173034639210591,7.0387396812438965,0.9173035701865745,7.038755893707275,0.9173033800272313
42.62276147499661,97,0,6.5368475914001465,0.9231903665310808,6.536849021911621,0.9231903497523153,6.536829471588135,0.9231905790621114
42.62276147499661,97,1,6.53683614730835,0.9231905007612055,6.536882400512695,0.9231899582477852,6.536844730377197,0.923190400088612
42.62276147499661,98,0,7.081024646759033,0.9168076010620171,7.0810441970825195,0.9168073717522209,7.0810112953186035,0.9168077576638292
42.62276147499661,98,1,7.081027984619141,0.9168075619115641,7.081007957458496,0.9168077968142821,7.081022262573242,0.9168076290266264
42.62276147499661,99,0,9.090412139892578,0.8932390786871021,9.09038257598877,0.8932394254482572,9.09033489227295,0.8932399847404431
42.62276147499661,99,1,9.090331077575684,0.893240029483818,9.090351104736328,0.8932397945810999,9.090332984924316,0.8932400071121305
42.62276147499661,100,0,8.727828979492188,0.897491891724839,8.727861404418945,0.8974915114061527,8.727852821350098,0.8974916120787461
42.62276147499661,100,1,8.727828979492188,0.897491891724839,8.7278413772583,0.8974917463088707,8.727877616882324,0.8974913212468094
42.62276147499661,101,0,9.219219207763672,0.8917282738913417,9.219242095947266,0.8917280054310924,9.219215393066406,0.8917283186347165
42.62276147499661,101,1,9.219133377075195,0.8917292806172762,9.219197273254395,0.8917285311657471,9.219283103942871,0.8917275244398126
42.62276147499661,102,0,10.498149871826172,0.8767274310599193,10.498082160949707,0.8767282252548232,10.498154640197754,0.8767273751307008
42.62276147499661,102,1,10.498095512390137,0.8767280686530111,10.498062133789062,0.8767284601575412,10.498065948486328,0.8767284154141664
42.62276147499661,103,0,9.36653995513916,0.8900003183115078,9.366583824157715,0.8899998037626968,9.36652660369873,0.8900004749133199
42.62276147499661,103,1,9.366488456726074,0.8900009223470685,9.366510391235352,0.8900006650726631,9.366511344909668,0.8900006538868193
42.62276147499661,104,0,9.938238143920898,0.8832947517644658,9.938309669494629,0.8832939128261871,9.938267707824707,0.8832944050033107
42.62276147499661,104,1,9.938305854797363,0.883293957569562,9.938295364379883,0.8832940806138428,9.938265800476074,0.8832944273749981
42.62276147499661,105,0,11.87763500213623,0.8605471640528456,11.877723693847656,0.8605461237693799,11.877655029296875,0.8605469291501275
42.62276147499661,105,1,11.877659797668457,0.860546873220909,11.87768268585205,0.8605466047606598,11.87762451171875,0.8605472870971265
42.62276147499661,106,0,10.718422889709473,0.8741438031791282,10.718422889709473,0.8741438031791282,10.71850299835205,0.8741428635682561
42.62276147499661,106,1,10.718510627746582,0.8741427740815063,10.718525886535645,0.8741425951080068,10.718428611755371,0.874143736064066
42.62276147499661,107,0,6.84383487701416,0.9195896490315778,6.843856334686279,0.9195893973500943,6.843792915344238,0.9195901412087014
42.62276147499661,107,1,6.843834400177002,0.9195896546244997,6.843811988830566,0.9195899174918271,6.843895435333252,0.9195889387305018
42.62276147499661,108,0,7.199149131774902,0.91542209449465,7.19918155670166,0.9154217141759636,7.199233531951904,0.915421104547481
42.62276147499661,108,1,7.199079513549805,0.9154229110612413,7.199156761169434,0.9154220050079003,7.1991987228393555,0.9154215128307768
42.62276147499661,109,0,7.461071968078613,0.9123499472612169,7.46096134185791,0.912351244819088,7.461085319519043,0.9123497906594049
42.62276147499661,109,1,7.461030960083008,0.9123504282524968,7.461004734039307,0.9123507358631989,7.46102237701416,0.9123505289250902
42.62276147499661,110,0,6.740203380584717,0.9208051643319813,6.740208625793457,0.920805102809841,6.740196228027344,0.9208052482258092
42.62276147499661,110,1,6.74018669128418,0.9208053600842464,6.740182876586914,0.9208054048276213,6.74021577835083,0.9208050189160131
42.62276147499661,111,0,9.482717514038086,0.8886376476440885,9.482778549194336,0.8886369317500906,9.482725143432617,0.8886375581573387
42.62276147499661,111,1,9.482743263244629,0.8886373456263081,9.482694625854492,0.8886379161043377,9.482769012451172,0.8886370436085278
42.62276147499661,112,0,8.072747230529785,0.9051754813314121,8.07267951965332,0.905176275526316,8.072708129882812,0.9051759399510045
42.62276147499661,112,1,8.072685241699219,0.9051762084112537,8.072723388671875,0.9051757609775051,8.072691917419434,0.9051761301103477
42.62276147499661,113,0,11.2074556350708,0.8684078367512987,11.207528114318848,0.8684069866271762,11.207510948181152,0.8684071879723632
42.62276147499661,113,1,11.207496643066406,0.8684073557600189,11.207501411437988,0.8684072998308003,11.207477569580078,0.8684075794768933
42.62276147499661,114,0,9.583528518676758,0.8874552144764773,9.583455085754395,0.8874560757864435,9.583513259887695,0.8874553934499767
42.62276147499661,114,1,9.583484649658203,0.8874557290252882,9.583541870117188,0.8874550578746653,9.583524703979492,0.8874552592198521
42.62276147499661,115,0,10.570682525634766,0.8758766805301974,10.57078742980957,0.8758754500873887,10.570646286010742,0.8758771055922587
42.62276147499661,115,1,10.5706148147583,0.8758774747251014,10.57070255279541,0.8758764456274795,10.570745468139648,0.8758759422645122
42.62276147499661,116,0,8.034576416015625,0.9056231947261754,8.03457260131836,0.9056232394695503,8.034564971923828,0.9056233289563
42.62276147499661,116,1,8.0346097946167,0.9056228032216453,8.034553527832031,0.9056234631864246,8.034544944763184,0.9056235638590181
42.62276147499661,117,0,8.516831398010254,0.8999667260896409,8.51683235168457,0.8999667149037971,8.516813278198242,0.8999669386206715
42.62276147499661,117,1,8.516819953918457,0.8999668603197655,8.51675033569336,0.8999676768863568,8.51674747467041,0.8999677104438879
42.62276147499661,118,0,9.264237403869629,0.891200246138692,9.264333724975586,0.8911991163684766,9.264342308044434,0.8911990156958831
42.62276147499661,118,1,9.264298439025879,0.8911995302446941,9.264328956604004,0.8911991722976952,9.264278411865234,0.8911997651474122
42.62276147499661,119,0,11.282633781433105,0.8675260566911066,11.282547950744629,0.8675270634170411,11.28260612487793,0.8675263810805743
42.62276147499661,119,1,11.282546043395996,0.8675270857887285,11.282571792602539,0.8675267837709482,11.28264331817627,0.8675259448326694
42.62276147499661,120,0,7.872529029846191,0.9075238821046834,7.872551441192627,0.9075236192373561,7.872543811798096,0.9075237087241058
42.62276147499661,120,1,7.872570037841797,0.9075234011134036,7.872547149658203,0.9075236695736528,7.872558116912842,0.90752354093645
42.62276147499661,121,0,10.943769454956055,0.8715006666097641,10.943686485290527,0.8715016397781674,10.94372272491455,0.8715012147161062
42.62276147499661,121,1,10.943787574768066,0.8715004540787334,10.943781852722168,0.8715005211937957,10.94379997253418,0.8715003086627651
42.62276147499661,122,0,9.059029579162598,0.8936071712462894,9.059042930603027,0.8936070146444773,9.059057235717773,0.8936068468568217
42.62276147499661,122,1,9.059063911437988,0.8936067685559156,9.059065818786621,0.8936067461842282,9.059017181396484,0.8936073166622578
42.62276147499661,123,0,8.531689643859863,0.8997924506445337,8.5316162109375,0.8997933119545,8.531550407409668,0.8997940837777164
42.62276147499661,123,1,8.531647682189941,0.8997929428216573,8.531577110290527,0.8997937705740924,8.531587600708008,0.8997936475298114
42.62276147499661,124,0,6.732425212860107,0.9208963960733353,6.732374668121338,0.9208969889230523,6.732402801513672,0.9208966589406626
42.62276147499661,124,1,6.732385158538818,0.9208968658787714,6.732385158538818,0.9208968658787714,6.73237943649292,0.9208969329938337
42.62276147499661,125,0,7.61310338973999,0.9105667392063441,7.613088607788086,0.9105669125869218,7.61306095123291,0.9105672369763895
42.62276147499661,125,1,7.613071441650391,0.9105671139321087,7.613097667694092,0.9105668063214065,7.613052845001221,0.9105673320560611
42.62276147499661,126,0,7.513928413391113,0.9117299830590593,7.513933181762695,0.9117299271298407,7.513930320739746,0.9117299606873718
42.62276147499661,126,1,7.513927936553955,0.9117299886519811,7.513948440551758,0.9117297481563412,7.5139617919921875,0.9117295915545292
42.62276147499661,127,0,7.582703590393066,0.9109233047535814,7.582727432250977,0.9109230251074885,7.582712650299072,0.9109231984880661
42.62276147499661,127,1,7.582759380340576,0.910922650381724,7.582727909088135,0.9109230195145667,7.582740306854248,0.9109228740985984
40.78557379650796,0,0,7.686219692230225,0.9056367069233873,7.686232566833496,0.9056365491142963,7.686179161071777,0.9056372037297847
40.78557379650796,0,1,7.6861348152160645,0.9056377472944315,7.6862335205078125,0.9056365374247339,7.6862568855285645,0.9056362510304578
40.78557379650796,1,0,7.530933380126953,0.9075401125071665,7.555466175079346,0.9072394043618984,7.555510997772217,0.9072388549524706
40.78557379650796,1,1,7.555459976196289,0.9072394803440533,7.555444240570068,0.9072396732218312,7.555490970611572,0.9072391004332787
40.78557379650796,2,0,8.93001651763916,0.8903909985895075,8.930017471313477,0.8903909868999452,8.929986000061035,0.890391372655501
40.78557379650796,2,1,8.930006980895996,0.8903911154851305,8.930027961730957,0.89039085831476,8.930055618286133,0.8903905193174534
40.78557379650796,3,0,11.232564926147461,0.8621677544521742,11.232661247253418,0.8621665738063824,11.232673645019531,0.8621664218420725
40.78557379650796,3,1,11.23262882232666,0.8621669712515004,11.23246955871582,0.8621689234084038,11.232575416564941,0.8621676258669889
40.78557379650796,4,0,11.035452842712402,0.8645838350143241,11.035454750061035,0.8645838116351995,11.03545093536377,0.8645838583934486
40.78557379650796,4,1,11.03538703918457,0.8645846415941225,11.03543758392334,0.8645840220473209,11.035441398620605,0.8645839752890716
40.78557379650796,5,0,8.172718048095703,0.8996735046648523,8.172685623168945,0.8996739021099703,8.172698974609375,0.8996737384560982
40.78557379650796,5,1,8.172708511352539,0.8996736215604753,8.172679901123047,0.8996739722473441,8.172715187072754,0.8996735397335393
40.78557379650796,6,0,8.938227653503418,0.8902903514581441,8.938166618347168,0.890291099590131,8.938321113586426,0.8902892058810391
40.78557379650796,6,1,8.938238143920898,0.8902902228729588,8.938295364379883,0.8902895214992211,8.938193321228027,0.8902907722823867
40.78557379650796,7,0,7.7709527015686035,0.904598101003003,7.773778915405273,0.9045634589851406,7.7738356590271,0.904562763456184
40.78557379650796,7,1,7.7738776206970215,0.904562249115443,7.773787021636963,0.904563359623861,7.773816108703613,0.904563003092211
40.78557379650796,8,0,7.207942008972168,0.9114991451549358,7.207954406738281,0.9114989931906259,7.2079644203186035,0.9114988704502218
40.78557379650796,8,1,7.207991600036621,0.9114985372976964,7.207981586456299,0.9114986600381005,7.2079691886901855,0.9114988120024103
40.78557379650796,9,0,11.318808555603027,0.8611106322651141,11.318886756896973,0.8611096737210058,11.318869590759277,0.8611098841331272
40.78557379650796,9,1,11.318899154663086,0.861109521756696,11.318835258483887,0.8611103049573697,11.318842887878418,0.8611102114408714
40.78557379650796,10,0,10.140127182006836,0.8755581948198071,10.140132904052734,0.8755581246824333,10.140048027038574,0.8755591650534776
40.78557379650796,10,1,10.140103340148926,0.8755584870588645,10.1400728225708,0.8755588611248579,10.140013694763184,0.8755595858777203
40.78557379650796,11,0,11.038708686828613,0.8645439268486476,11.038662910461426,0.8645444879476377,11.038644790649414,0.8645447100493213
40.78557379650796,11,1,11.03870677947998,0.8645439502277722,11.038701057434082,0.864544020365146,11.038743019104004,0.8645435060244049
40.78557379650796,12,0,7.7017903327941895,0.9054458514397902,7.701831340789795,0.9054453487886115,7.701735973358154,0.905446517744841
40.78557379650796,12,1,7.701674938201904,0.9054472658768279,7.701837539672852,0.9054452728064566,7.701787948608398,0.9054458806636959
40.78557379650796,13,0,9.173895835876465,0.8874016735819533,9.173901557922363,0.8874016034445795,9.173882484436035,0.8874018372358254
40.78557379650796,13,1,9.17393970489502,0.8874011358620878,9.173879623413086,0.8874018723045124,9.173891067504883,0.8874017320297648
40.78557379650796,14,0,9.012238502502441,0.8893831712866471,9.012256622314453,0.8893829491849634,9.012283325195312,0.8893826218772192
40.78557379650796,14,1,9.012186050415039,0.8893838142125733,9.012277603149414,0.889382692014593,9.0122652053833,0.8893828439789028
40.78557379650796,15,0,8.051766395568848,0.9011560567820913,8.051801681518555,0.9011556242682864,8.051841735839844,0.9011551333066701
40.78557379650796,15,1,8.051763534545898,0.9011560918507783,8.051775932312012,0.9011559398864684,8.051726341247559,0.9011565477437078
40.78557379650796,16,0,7.177484512329102,0.911872474705964,7.17759895324707,0.9118710719584886,7.177586555480957,0.9118712239227984
40.78557379650796,16,1,7.177533149719238,0.911871878538287,7.1775922775268555,0.9118711537854247,7.177614688873291,0.9118708790807107
40.78557379650796,17,0,10.282228469848633,0.8738164032795429,10.28227710723877,0.8738158071118659,10.282171249389648,0.8738171046532807
40.78557379650796,17,1,10.282295227050781,0.8738155850101823,10.28213882446289,0.8738175020983987,10.28211498260498,0.8738177943374561
40.78557379650796,18,0,9.23513412475586,0.8866510517182786,9.235107421875,0.886651379026023,9.235105514526367,0.8866514024051475
40.78557379650796,18,1,9.235119819641113,0.8866512270617131,9.23513126373291,0.8866510867869656,9.23513126373291,0.8866510867869656
40.78557379650796,19,0,9.211676597595215,0.8869385798820587,9.211718559265137,0.8869380655413177,9.211668014526367,0.8869386850881193
40.78557379650796,19,1,9.211710929870605,0.886938159057816,9.211706161499023,0.8869382175056275,9.211752891540527,0.886937644717075
40.78557379650796,20,0,10.182333946228027,0.8750408498612995,10.182312965393066,0.8750411070316699,10.182281494140625,0.8750414927872258
40.78557379650796,20,1,10.18234920501709,0.8750406628283027,10.18236255645752,0.8750404991744306,10.1823148727417,0.8750410836525454
40.78557379650796,21,0,10.956274032592773,0.8655543609238999,10.9562349319458,0.865554840195954,10.956235885620117,0.8655548285063916
40.78557379650796,21,1,10.956175804138184,0.8655555649488162,10.956172943115234,0.8655556000175032,10.956286430358887,0.86555420895959
40.78557379650796,22,0,8.204835891723633,0.8992798235858678,8.204874038696289,0.8992793560033759,8.20484447479248,0.8992797183798071
40.78557379650796,22,1,8.20487117767334,0.8992793910720628,8.204790115356445,0.8992803846848579,8.204865455627441,0.8992794612094366
40.78557379650796,23,0,8.486881256103516,0.8958226822952516,8.486849784851074,0.8958230680508074,8.486836433410645,0.8958232317046795
40.78557379650796,23,1,8.486847877502441,0.8958230914299319,8.48690128326416,0.8958224368144434,8.486886978149414,0.8958226121578778
40.78557379650796,24,0,8.1178560256958,0.9003459701150199,8.117756843566895,0.9003471858294987,8.117834091186523,0.9003462389749527
40.78557379650796,24,1,8.117789268493652,0.9003467883843806,8.11781120300293,0.9003465195244478,8.117810249328613,0.9003465312140101
40.78557379650796,25,0,10.021055221557617,0.8770177068097619,10.021134376525879,0.8770167365760914,10.0209321975708,0.877019214763298
40.78557379650796,25,1,10.02104663848877,0.8770178120158225,10.021068572998047,0.8770175431558898,10.021026611328125,0.8770180574966308
40.78557379650796,26,0,9.600547790527344,0.882172032270923,9.600594520568848,0.8821714594823705,9.600530624389648,0.8821722426830443
40.78557379650796,26,1,9.600598335266113,0.8821714127241214,9.600558280944824,0.8821719036857377,9.600560188293457,0.8821718803066132
40.78557379650796,27,0,10.418087005615234,0.8721511316140644,10.418156623840332,0.8721502782760169,10.418108940124512,0.8721508627541317
40.78557379650796,27,1,10.418127059936523,0.8721506406524481,10.418192863464355,0.8721498340726497,10.418116569519043,0.8721507692376333
40.78557379650796,28,0,8.36844253540039,0.8972744324158423,8.36843204498291,0.8972745610010275,8.368446350097656,0.8972743856575931
40.78557379650796,28,1,8.368429183959961,0.8972745960697144,8.368427276611328,0.897274619448839,8.368459701538086,0.8972742220037209
40.78557379650796,29,0,8.296110153198242,0.8981610389576994,8.296135902404785,0.8981607233395174,8.296102523803711,0.8981611324741977
40.78557379650796,29,1,8.296133041381836,0.8981607584082043,8.296103477478027,0.8981611207846354,8.296045303344727,0.8981618338479355
40.78557379650796,30,0,10.712044715881348,0.8685479760008165,10.712013244628906,0.8685483617563722,10.712031364440918,0.8685481396546886
40.78557379650796,30,1,10.7120361328125,0.8685480812068771,10.712127685546875,0.8685469590088968,10.712066650390625,0.8685477071408836
40.78557379650796,31,0,10.333390235900879,0.8731892933310814,10.333417892456055,0.873188954333775,10.333370208740234,0.8731895388118897
40.78557379650796,31,1,10.333409309387207,0.8731890595398356,10.333442687988281,0.8731886504051553,10.333444595336914,0.8731886270260306
40.78557379650796,32,0,7.783730983734131,0.9044414725578069,7.7837347984313965,0.9044414257995577,7.783723831176758,0.9044415602295242
40.78557379650796,32,1,7.7837324142456055,0.9044414550234634,7.783663749694824,0.9044422966719488,7.783735752105713,0.9044414141099955
40.78557379650796,33,0,8.557196617126465,0.8949607991776493,8.557210922241211,0.8949606238342148,8.557236671447754,0.8949603082160329
40.78557379650796,33,1,8.557198524475098,0.8949607757985246,8.557241439819336,0.8949602497682214,8.55723762512207,0.8949602965264706
40.78557379650796,34,0,8.965436935424805,0.889956836556294,8.965389251708984,0.8899574210344087,8.965539932250977,0.8899555740835661
40.78557379650796,34,1,8.965450286865234,0.8899566729024218,8.96546745300293,0.8899564624903005,8.965485572814941,0.8899562403886169
40.78557379650796,35,0,7.166362762451172,0.912008798381453,7.166347026824951,0.9120089912592309,7.166314601898193,0.912009388704349
40.78557379650796,35,1,7.166336536407471,0.9120091198444161,7.16633415222168,0.9120091490683219,7.166284084320068,0.9120097627703424
40.78557379650796,36,0,7.5356221199035645,0.9074826407741412,7.53558874130249,0.9074830499088214,7.535586357116699,0.9074830791327272
40.78557379650796,36,1,7.535590171813965,0.907483032374478,7.535568714141846,0.9074832953896297,7.535581111907959,0.9074831434253199
40.78557379650796,37,0,8.447260856628418,0.8963083251608142,8.447320938110352,0.8963075887183894,8.44729995727539,0.89630784588876
40.78557379650796,37,1,8.447253227233887,0.8963084186773125,8.447274208068848,0.8963081615069419,8.447305679321289,0.8963077757513862
40.78557379650796,38,0,7.3044304847717285,0.9103164478449173,7.304368495941162,0.9103172076664665,7.304401397705078,0.9103168043765673
40.78557379650796,38,1,7.3044047355651855,0.9103167634630992,7.3044304847717285,0.9103164478449173,7.304481506347656,0.9103158224533344
40.78557379650796,39,0,9.205926895141602,0.8870090562531376,9.205981254577637,0.8870083899480868,9.205835342407227,0.8870101784511181
40.78557379650796,39,1,9.205924034118652,0.8870090913218246,9.205975532531738,0.8870084600854606,9.205907821655273,0.8870092900443836
40.78557379650796,40,0,10.354968070983887,0.8729248052945857,10.354984283447266,0.8729246065720266,10.35499382019043,0.8729244896764037
40.78557379650796,40,1,10.355006217956543,0.8729243377120939,10.354982376098633,0.8729246299511513,10.355006217956543,0.8729243377120939
40.78557379650796,41,0,9.423215866088867,0.8843456596215039,9.423192024230957,0.8843459518605613,9.42319107055664,0.8843459635501236
40.78557379650796,41,1,9.423168182373047,0.8843462440996187,9.423227310180664,0.8843455193467564,9.423221588134766,0.8843455894841301
40.78557379650796,42,0,8.400338172912598,0.8968834750048725,8.400315284729004,0.8968837555543676,8.400362968444824,0.8968831710762528
40.78557379650796,42,1,8.400362968444824,0.8968831710762528,8.40032958984375,0.8968835802109332,8.400300979614258,0.896883930897802
40.78557379650796,43,0,8.551033020019531,0.8950363488187645,8.550992012023926,0.8950368514699432,8.550979614257812,0.895037003434253
40.78557379650796,43,1,8.550997734069824,0.8950367813325694,8.550966262817383,0.8950371670881251,8.550966262817383,0.8950371670881251
40.78557379650796,44,0,9.097634315490723,0.8883364411204675,9.097631454467773,0.8883364761891545,9.097615242004395,0.8883366749117134
40.78557379650796,44,1,9.097586631774902,0.8883370255985823,9.097604751586914,0.8883368034968987,9.097582817077637,0.8883370723568315
40.78557379650796,45,0,10.316656112670898,0.873394410080679,10.316635131835938,0.8733946672510494,10.316706657409668,0.8733937905338772
40.78557379650796,45,1,10.316605567932129,0.8733950296274806,10.316693305969238,0.8733939541877493,10.316652297973633,0.873394456838928
40.78557379650796,46,0,9.920025825500488,0.87825606397065,9.920087814331055,0.8782553041491008,9.920063972473145,0.8782555963881582
40.78557379650796,46,1,9.92003345489502,0.8782559704541516,9.920071601867676,0.8782555028716598,9.920032501220703,0.8782559821437139
40.78557379650796,47,0,8.261115074157715,0.8985899874461292,8.261128425598145,0.898589823792257,8.261144638061523,0.898589625069698
40.78557379650796,47,1,8.261117935180664,0.8985899523774423,8.261117935180664,0.8985899523774423,8.261090278625488,0.8985902913747488
40.78557379650796,48,0,8.388148307800293,0.8970328909901324,8.38819694519043,0.8970322948224553,8.388214111328125,0.897032084410334
40.78557379650796,48,1,8.38815689086914,0.8970327857840716,8.38824462890625,0.8970317103443405,8.388191223144531,0.8970323649598291
40.78557379650796,49,0,12.34245491027832,0.8485633950945354,12.342527389526367,0.848562506687801,12.342513084411621,0.8485626820312353
40.78557379650796,49,1,12.342548370361328,0.8485622495174304,12.34244441986084,0.8485635236797207,12.34254264831543,0.8485623196548042
40.78557379650796,50,0,8.564620971679688,0.8948697959351796,8.564635276794434,0.8948696205917451,8.564678192138672,0.8948690945614418
40.78557379650796,50,1,8.564651489257812,0.894869421869186,8.564682960510254,0.8948690361136303,8.564650535583496,0.8948694335587484
40.78557379650796,51,0,7.8653082847595215,0.9034415473990581,7.865322589874268,0.9034413720556237,7.865322113037109,0.9034413779004049
40.78557379650796,51,1,7.865323066711426,0.9034413662108426,7.865326404571533,0.9034413252973745,7.8653035163879395,0.9034416058468696
40.78557379650796,52,0,8.45181655883789,0.896252484121729,8.45186710357666,0.8962518645749273,8.451763153076172,0.8962531387372175
40.78557379650796,52,1,8.451770782470703,0.8962530452207191,8.451830863952637,0.8962523087782945,8.451789855957031,0.8962528114294732
40.78557379650796,53,0,11.518085479736328,0.8586680163965537,11.518020629882812,0.8586688112867897,11.518058776855469,0.8586683437042979
40.78557379650796,53,1,11.518129348754883,0.858667478676688,11.51802921295166,0.858668706080729,11.518092155456543,0.8586679345696175
40.78557379650796,54,0,11.71147346496582,0.8562975835751673,11.711442947387695,0.8562979576411607,11.711479187011719,0.8562975134377935
40.78557379650796,54,1,11.711458206176758,0.856297770608164,11.711479187011719,0.8562975134377935,11.711441040039062,0.8562979810202853
40.78557379650796,55,0,9.375661849975586,0.8849285479558019,9.375683784484863,0.8849282790958691,9.375664710998535,0.884928512887115
40.78557379650796,55,1,9.375650405883789,0.8849286882305495,9.375718116760254,0.8849278582716265,9.37568473815918,0.8849282674063068
40.78557379650796,56,0,8.938640594482422,0.8902852898776702,8.938667297363281,0.8902849625699258,8.938634872436523,0.890285360015044
40.78557379650796,56,1,8.938663482666016,0.8902850093281751,8.938655853271484,0.8902851028446734,8.938644409179688,0.890285243119421
40.78557379650796,57,0,9.099355697631836,0.8883153414605243,9.099191665649414,0.8883173520652391,9.099210739135742,0.8883171182739932
40.78557379650796,57,1,9.099259376525879,0.8883165221063162,9.09926986694336,0.8883163935211309,9.099234580993652,0.8883168260349359
40.78557379650796,58,0,8.600774765014648,0.8944266446285608,8.600671768188477,0.8944279071012887,8.600680351257324,0.8944278018952281
40.78557379650796,58,1,8.600756645202637,0.8944268667302444,8.600653648376465,0.8944281292029723,8.600711822509766,0.8944274161396724
40.78557379650796,59,0,7.80336332321167,0.9042008312283938,7.803314685821533,0.9042014273960708,7.8033528327941895,0.904200959813579
40.78557379650796,59,1,7.803330421447754,0.9042012345182929,7.803328037261963,0.9042012637421987,7.803256511688232,0.9042021404593709
40.78557379650796,60,0,6.586625099182129,0.919114871611266,6.586597919464111,0.9191152047637914,6.586577892303467,0.9191154502445996
40.78557379650796,60,1,6.586609363555908,0.9191150644890439,6.586606502532959,0.9191150995577307,6.586607456207275,0.9191150878681684
40.78557379650796,61,0,10.370857238769531,0.872730045497182,10.370838165283203,0.872730279288428,10.370857238769531,0.872730045497182
40.78557379650796,61,1,10.370880126953125,0.872729764947687,10.370877265930176,0.8727298000163738,10.370862007141113,0.8727299870493705
40.78557379650796,62,0,10.574295997619629,0.8702364163787644,10.574329376220703,0.870236007244084,10.574329376220703,0.870236007244084
40.78557379650796,62,1,10.57436752319336,0.8702355396615923,10.574295997619629,0.8702364163787644,10.5742826461792,0.8702365800326366
40.78557379650796,63,0,8.971366882324219,0.8898841508579411,8.97136402130127,0.889884185926628,8.971358299255371,0.8898842560640018
40.78557379650796,63,1,8.971369743347168,0.8898841157892543,8.971328735351562,0.889884618440433,8.971335411071777,0.8898845366134969
40.78557379650796,64,0,8.05932331085205,0.9010634286904626,8.059426307678223,0.9010621662177347,8.059432983398438,0.9010620843907986
40.78557379650796,64,1,8.059462547302246,0.9010617220143674,8.059361457824707,0.9010629611079708,8.059391021728516,0.9010625987315396
40.78557379650796,65,0,8.603202819824219,0.8943968830029567,8.603172302246094,0.8943972570689502,8.603166580200195,0.8943973272063239
40.78557379650796,65,1,8.603188514709473,0.8943970583463912,8.60318374633789,0.8943971167942026,8.6032133102417,0.8943967544177714
40.78557379650796,66,0,9.025571823120117,0.889219739516195,9.02556037902832,0.8892198797909425,9.025532722473145,0.8892202187882492
40.78557379650796,66,1,9.02556037902832,0.8892198797909425,9.025527000427246,0.8892202889256229,9.025514602661133,0.8892204408899328
40.78557379650796,67,0,9.407087326049805,0.8845433534990438,9.407086372375488,0.8845433651886061,9.407099723815918,0.884543201534734
40.78557379650796,67,1,9.407093048095703,0.88454328336167,9.407062530517578,0.8845436574276635,9.406977653503418,0.8845446977987077
40.78557379650796,68,0,9.90450382232666,0.87844632328657,9.904550552368164,0.8784457504980174,9.904532432556152,0.8784459725997011
40.78557379650796,68,1,9.90456485748291,0.8784455751545831,9.904572486877441,0.8784454816380847,9.904504776000977,0.8784463115970077
40.78557379650796,69,0,8.344027519226074,0.8975736969001669,8.344021797180176,0.8975737670375407,8.344001770019531,0.8975740125183488
40.78557379650796,69,1,8.343957901000977,0.8975745502382144,8.343865394592285,0.8975756841257571,8.343938827514648,0.8975747840294603
40.78557379650796,70,0,9.371112823486328,0.884984307167951,9.37112045288086,0.8849842136514526,9.371122360229492,0.884984190272328
40.78557379650796,70,1,9.371108055114746,0.8849843656157624,9.37111759185791,0.8849842487201395,9.371158599853516,0.8849837460689608
40.78557379650796,71,0,11.337662696838379,0.8608795296185339,11.33754825592041,0.8608809323660094,11.337614059448242,0.860880125786211
40.78557379650796,71,1,11.337638854980469,0.8608798218575913,11.337553024291992,0.8608808739181979,11.337586402893066,0.8608804647835175
40.78557379650796,72,0,7.268718719482422,0.9107541810394121,7.268701076507568,0.9107543972963145,7.268723487854004,0.9107541225916006
40.78557379650796,72,1,7.268529891967773,0.9107564955727465,7.268681049346924,0.9107546427771227,7.2687087059021,0.9107543037798161
40.78557379650796,73,0,9.333578109741211,0.8854443849607734,9.333575248718262,0.8854444200294603,9.333548545837402,0.8854447473372046
40.78557379650796,73,1,9.333614349365234,0.8854439407574062,9.333585739135742,0.8854442914442751,9.333611488342285,0.8854439758260931
40.78557379650796,74,0,8.672043800354004,0.8935530719486631,8.671966552734375,0.8935540188032091,8.67204475402832,0.8935530602591009
40.78557379650796,74,1,8.672028541564941,0.8935532589816598,8.671998977661133,0.893553621358091,8.672043800354004,0.8935530719486631
40.78557379650796,75,0,8.500099182128906,0.8956606649618373,8.500121116638184,0.8956603961019045,8.500100135803223,0.8956606532722751
40.78557379650796,75,1,8.500106811523438,0.895660571445339,8.500082015991211,0.8956608753739587,8.50010871887207,0.8956605480662143
40.78557379650796,76,0,8.809578895568848,0.8918672500326693,8.80958080291748,0.8918672266535447,8.80959415435791,0.8918670629996726
40.78557379650796,76,1,8.809571266174316,0.8918673435491676,8.80956745147705,0.8918673903074168,8.80960464477539,0.8918669344144874
40.78557379650796,77,0,11.108448028564453,0.8636891042266717,11.108466148376465,0.8636888821249881,11.108443260192871,0.8636891626744831
40.78557379650796,77,1,11.108441352844238,0.8636891860536078,11.108461380004883,0.8636889405727995,11.108399391174316,0.8636897003943487
40.78557379650796,78,0,7.1518707275390625,0.9121864329700939,7.151878833770752,0.9121863336088145,7.151885509490967,0.9121862517818784
40.78557379650796,78,1,7.151885032653809,0.9121862576266595,7.151880741119385,0.9121863102296899,7.151899337768555,0.9121860822832251
40.78557379650796,79,0,11.102852821350098,0.8637576868886588,11.102901458740234,0.8637570907209817,11.102849960327148,0.8637577219573457
40.78557379650796,79,1,11.102828979492188,0.8637579791277161,11.102856636047363,0.8637576401304097,11.102883338928223,0.8637573128226653
40.78557379650796,80,0,8.855287551879883,0.8913069810014129,8.855237007141113,0.8913076005482146,8.855255126953125,0.891307378446531
40.78557379650796,80,1,8.855257034301758,0.8913073550674064,8.855238914489746,0.89130757716909,8.855278015136719,0.8913070978970359
40.78557379650796,81,0,7.407853126525879,0.9090487557274489,7.407927989959717,0.9090478380968087,7.4078755378723145,0.9090484810227349
40.78557379650796,81,1,7.407886028289795,0.9090483524375497,7.407885551452637,0.9090483582823308,7.4078569412231445,0.9090487089691996
40.78557379650796,82,0,8.865981101989746,0.8911759059393947,8.865994453430176,0.8911757422855224,8.865978240966797,0.8911759410080815
40.78557379650796,82,1,8.865964889526367,0.8911761046619536,8.865983009338379,0.89117588256027,8.865962028503418,0.8911761397306405
40.78557379650796,83,0,10.955227851867676,0.8655671843737379,10.955286979675293,0.8655664596208756,10.95528507232666,0.8655664830000003
40.78557379650796,83,1,10.955255508422852,0.8655668453764314,10.9552640914917,0.8655667401703707,10.955316543579102,0.8655660972444444
40.78557379650796,84,0,8.589694023132324,0.8945624656528711,8.589702606201172,0.8945623604468105,8.589699745178223,0.8945623955154973
40.78557379650796,84,1,8.589707374572754,0.894562301998999,8.589701652526855,0.8945623721363728,8.589685440063477,0.8945625708589318
40.78557379650796,85,0,12.282519340515137,0.8492980490161146,12.28243637084961,0.8492990660080343,12.282539367675781,0.8492978035353064
40.78557379650796,85,1,12.282482147216797,0.849298504909044,12.28249740600586,0.8492983178760474,12.282509803771973,0.8492981659117376
40.78557379650796,86,0,8.422648429870605,0.8966100093845338,8.422533988952637,0.8966114121320093,8.422492980957031,0.896611914783188
40.78557379650796,86,1,8.422574043273926,0.8966109211703929,8.42251205444336,0.8966116809919421,8.422501564025879,0.8966118095771274
40.78557379650796,87,0,7.413120269775391,0.9089841942748913,7.413118839263916,0.9089842118092348,7.4130778312683105,0.9089847144604135
40.78557379650796,87,1,7.413084983825684,0.9089846267886963,7.413084506988525,0.9089846326334774,7.41309928894043,0.9089844514452619
40.78557379650796,88,0,7.88239860534668,0.9032320645979434,7.882476806640625,0.9032311060538352,7.882424354553223,0.9032317489797614
40.78557379650796,88,1,7.882345676422119,0.9032327133686507,7.8824334144592285,0.9032316379289196,7.88250207901001,0.9032307962804343
40.78557379650796,89,0,7.624757766723633,0.9063900699894202,7.624762058258057,0.9063900173863899,7.624748229980469,0.9063901868850431
40.78557379650796,89,1,7.624798774719238,0.9063895673382415,7.624775409698486,0.9063898537325177,7.6248250007629395,0.9063892458752784
40.78557379650796,90,0,7.219801425933838,0.9113537796030113,7.21976900100708,0.9113541770481294,7.219809532165527,0.9113536802417318
40.78557379650796,90,1,7.219772815704346,0.9113541302898801,7.219790458679199,0.9113539140329777,7.219771385192871,0.9113541478242236
40.78557379650796,91,0,7.296970844268799,0.9104078836011918,7.2970991134643555,0.9104063113550631,7.296989917755127,0.910407649809946
40.78557379650796,91,1,7.296883583068848,0.9104089531961419,7.297047138214111,0.9104069484362083,7.297030925750732,0.9104071471587672
40.78557379650796,92,0,10.252701759338379,0.8741783238177709,10.25267219543457,0.874178686194202,10.252659797668457,0.8741788381585119
40.78557379650796,92,1,10.252745628356934,0.8741777860979053,10.252641677856445,0.8741790602601955,10.252676010131836,0.8741786394359529
40.78557379650796,93,0,11.806673049926758,0.855130684708591,11.806670188903809,0.8551307197772778,11.80665111541748,0.8551309535685238
40.78557379650796,93,1,11.806681632995605,0.8551305795025304,11.806680679321289,0.8551305911920926,11.806722640991211,0.8551300768513517
40.78557379650796,94,0,10.253478050231934,0.8741688085140624,10.25356674194336,0.874167721384769,10.253523826599121,0.8741682474150723
40.78557379650796,94,1,10.253592491149902,0.874167405766587,10.25350284576416,0.8741685045854428,10.25353717803955,0.8741680837612001
40.78557379650796,95,0,9.128233909606934,0.8879613698246572,9.128243446350098,0.8879612529290343,9.12822437286377,0.8879614867202802
40.78557379650796,95,1,9.12822437286377,0.8879614867202802,9.128144264221191,0.887962468643513,9.12824535369873,0.8879612295499097
40.78557379650796,96,0,7.217140197753906,0.9113863993265966,7.217129230499268,0.911386533756563,7.217121124267578,0.9113866331178425
40.78557379650796,96,1,7.217135429382324,0.9113864577744081,7.217160224914551,0.9113861538457884,7.217155933380127,0.9113862064488187
40.78557379650796,97,0,6.709465026855469,0.9176091741606821,6.709470272064209,0.9176091098680894,6.7094831466674805,0.9176089520589985
40.78557379650796,97,1,6.709472179412842,0.9176090864889649,6.709461688995361,0.9176092150741502,6.709492206573486,0.9176088410081567
40.78557379650796,98,0,7.263321399688721,0.9108203381172228,7.263336181640625,0.9108201569290073,7.263339996337891,0.9108201101707581
40.78557379650796,98,1,7.263370037078857,0.9108197419495458,7.263341903686523,0.9108200867916335,7.26332426071167,0.910820303048536
40.78557379650796,99,0,9.335594177246094,0.885419673226081,9.33554744720459,0.8854202460146334,9.335615158081055,0.8854194160557105
40.78557379650796,99,1,9.335606575012207,0.8854195212617711,9.335620880126953,0.8854193459183367,9.335564613342285,0.8854200356025121
40.78557379650796,100,0,8.912874221801758,0.8906011184717674,8.912788391113281,0.8906021705323739,8.912768363952637,0.8906024160131821
40.78557379650796,100,1,8.912818908691406,0.8906017964663805,8.912813186645508,0.8906018666037543,8.912882804870605,0.8906010132657067
40.78557379650796,101,0,9.525586128234863,0.8830908669360286,9.525507926940918,0.8830918254801368,9.525506019592285,0.8830918488592614
40.78557379650796,101,1,9.52560043334961,0.8830906915925941,9.525550842285156,0.8830912994498334,9.525622367858887,0.8830904227326613
40.78557379650796,102,0,10.820899963378906,0.8672136942917323,10.820898056030273,0.8672137176708569,10.820873260498047,0.8672140215994766
40.78557379650796,102,1,10.8209228515625,0.8672134137422371,10.820846557617188,0.8672143489072208,10.820895195007324,0.8672137527395438
40.78557379650796,103,0,9.62463665008545,0.8818767656169034,9.624645233154297,0.8818766604108428,9.62463092803955,0.8818768357542772
40.78557379650796,103,1,9.624645233154297,0.8818766604108428,9.624673843383789,0.8818763097239739,9.624685287475586,0.8818761694492263
40.78557379650796,104,0,10.23923397064209,0.8743434038165065,10.239240646362305,0.8743433219895705,10.239287376403809,0.8743427492010181
40.78557379650796,104,1,10.239302635192871,0.8743425621680213,10.239317893981934,0.8743423751350246,10.239265441894531,0.8743430180609508
40.78557379650796,105,0,12.172706604003906,0.8506440670457434,12.172700881958008,0.850644137183117,12.172684669494629,0.8506443359056761
40.78557379650796,105,1,12.172771453857422,0.8506432721555072,12.172659873962402,0.8506446398342957,12.172759056091309,0.8506434241198171
40.78557379650796,106,0,11.076662063598633,0.8640787173379775,11.076616287231445,0.8640792784369676,11.076661109924316,0.8640787290275398
40.78557379650796,106,1,11.076629638671875,0.8640791147830955,11.076663970947266,0.8640786939588528,11.076626777648926,0.8640791498517824
40.78557379650796,107,0,6.99491024017334,0.9141103595804828,6.994919300079346,0.9141102485296411,6.994905471801758,0.9141104180282943
40.78557379650796,107,1,6.994353294372559,0.9141171862848634,6.994936943054199,0.9141100322727386,6.994938373565674,0.9141100147383951
40.78557379650796,108,0,7.412429332733154,0.9089926633627744,7.412490367889404,0.9089919152307875,7.4124650955200195,0.9089922250041883
40.78557379650796,108,1,7.412353038787842,0.908993598527758,7.412439346313477,0.9089925406223702,7.412379264831543,0.9089932770647948
40.78557379650796,109,0,7.668176174163818,0.9058578734420163,7.668317794799805,0.9058561375420153,7.668221473693848,0.9058573181878072
40.78557379650796,109,1,7.668172836303711,0.9058579143554842,7.6682000160217285,0.9058575812029589,7.668219089508057,0.905857347411713
40.78557379650796,110,0,6.902190208435059,0.915246865585091,6.902209281921387,0.9152466317938451,6.902180194854736,0.9152469883254951
40.78557379650796,110,1,6.902186870574951,0.9152469064985591,6.902169704437256,0.9152471169106804,6.902186393737793,0.9152469123433402
40.78557379650796,111,0,9.812904357910156,0.8795690940554811,9.812932968139648,0.8795687433686122,9.812976837158203,0.8795682056487466
40.78557379650796,111,1,9.812969207763672,0.879568299165245,9.812947273254395,0.8795685680251778,9.812905311584473,0.8795690823659188
40.78557379650796,112,0,8.273658752441406,0.8984362346332577,8.273579597473145,0.8984372048669282,8.27369499206543,0.8984357904298905
40.78557379650796,112,1,8.273641586303711,0.898436445045379,8.273614883422852,0.8984367723531232,8.273660659790039,0.8984362112541331
40.78557379650796,113,0,11.526914596557617,0.8585597944288228,11.526874542236328,0.8585602853904392,11.526870727539062,0.8585603321486883
40.78557379650796,113,1,11.526848793029785,0.8585606010086211,11.526894569396973,0.8585600399096309,11.526944160461426,0.8585594320523916
40.78557379650796,114,0,9.862140655517578,0.878965585333294,9.862105369567871,0.8789660178470989,9.862096786499023,0.8789661230531596
40.78557379650796,114,1,9.862099647521973,0.8789660879844727,9.862100601196289,0.8789660762949104,9.8621244430542,0.8789657840558531
40.78557379650796,115,0,11.013209342956543,0.864856482365302,11.013158798217773,0.8648571019121037,11.013178825378418,0.8648568564312955
40.78557379650796,115,1,11.013229370117188,0.8648562368844939,11.013150215148926,0.8648572071181644,11.013199806213379,0.864856599260925
40.78557379650796,116,0,8.257438659667969,0.8986350507087779,8.257493019104004,0.8986343844037271,8.257472038269043,0.8986346415740976
40.78557379650796,116,1,8.25751781463623,0.8986340804751074,8.257538795471191,0.898633823304737,8.257500648498535,0.8986342908872287
40.78557379650796,117,0,8.735597610473633,0.8927740678277352,8.735763549804688,0.8927720338438958,8.735669136047363,0.892773191110563
40.78557379650796,117,1,8.73579216003418,0.8927716831570269,8.73574161529541,0.8927723027038286,8.735679626464844,0.8927730625253778
40.78557379650796,118,0,9.519164085388184,0.8831695844485258,9.519225120544434,0.8831688363165389,9.519166946411133,0.8831695493798389
40.78557379650796,118,1,9.519177436828613,0.8831694207946537,9.519139289855957,0.8831698883771455,9.519168853759766,0.8831695260007143
40.78557379650796,119,0,11.675559997558594,0.8567377891120875,11.67556095123291,0.8567377774225252,11.675525665283203,0.8567382099363301
40.78557379650796,119,1,11.675631523132324,0.8567369123949153,11.675649642944336,0.8567366902932317,11.675541877746582,0.8567380112137711
40.78557379650796,120,0,8.047138214111328,0.9012127862279109,8.047184944152832,0.9012122134393584,8.047178268432617,0.9012122952662945
40.78557379650796,120,1,8.047198295593262,0.9012120497854863,8.047209739685059,0.9012119095107388,8.047170639038086,0.9012123887827929
40.78557379650796,121,0,11.328606605529785,0.8609905337020911,11.328592300415039,0.8609907090455255,11.328570365905762,0.8609909779054583
40.78557379650796,121,1,11.328585624694824,0.8609907908724616,11.328561782836914,0.860991083111519,11.328644752502441,0.8609900661195993
40.78557379650796,122,0,9.310657501220703,0.8857253319009811,9.310635566711426,0.8857256007609139,9.310688972473145,0.8857249461454254
40.78557379650796,122,1,9.310563087463379,0.8857264891676484,9.310638427734375,0.885725565692227,9.310574531555176,0.8857263488929008
40.78557379650796,123,0,8.771533966064453,0.8923335817413198,8.77147102355957,0.8923343532524313,8.771502494812012,0.8923339674968755
40.78557379650796,123,1,8.771493911743164,0.8923340727029362,8.771454811096191,0.8923345519749903,8.77150821685791,0.8923338973595017
40.78557379650796,124,0,6.90804386138916,0.9151751150517219,6.908022880554199,0.9151753722220923,6.908047199249268,0.9151750741382538
40.78557379650796,124,1,6.908035755157471,0.9151752144130014,6.9080328941345215,0.9151752494816883,6.908039569854736,0.9151751676547522
40.78557379650796,125,0,7.799794673919678,0.9042445735705031,7.79977560043335,0.9042448073617491,7.799797058105469,0.9042445443465974
40.78557379650796,125,1,7.7997822761535645,0.9042447255348129,7.799812316894531,0.9042443573136006,7.799793720245361,0.9042445852600655
40.78557379650796,126,0,7.675307273864746,0.9057704647399524,7.675307273864746,0.9057704647399524,7.675295829772949,0.9057706050146999
40.78557379650796,126,1,7.6753387451171875,0.9057700789843967,7.675323009490967,0.9057702718621745,7.675338268280029,0.9057700848291778
40.78557379650796,127,0,7.80118989944458,0.9042274717408649,7.801107883453369,0.9042284770432224,7.801199913024902,0.9042273490004609
40.78557379650796,127,1,7.801196575164795,0.9042273899139289,7.801150798797607,0.9042279510129191,7.801096439361572,0.9042286173179699
39.01668479354711,0,0,7.866792678833008,0.8990391683102628,7.866783618927002,0.8990392843941694,7.866810321807861,0.8990389422521289
39.01668479354711,0,1,7.866756916046143,0.89903962653621,7.866780757904053,0.8990393210522452,7.8667216300964355,0.8990400786524777
39.01668479354711,1,0,7.7660064697265625,0.9003305345647499,7.766112327575684,0.9003291782159464,7.766238212585449,0.9003275652606126
39.01668479354711,1,1,7.765603065490723,0.9003357033534334,7.766216278076172,0.9003278463058602,7.766218662261963,0.9003278157574637
39.01668479354711,2,0,9.15090274810791,0.8825859608207605,9.150976181030273,0.882585019930149,9.150941848754883,0.8825854598270583
39.01668479354711,2,1,9.150904655456543,0.8825859363820433,9.150908470153809,0.882585887504609,9.15091609954834,0.8825857897497402
39.01668479354711,3,0,11.695478439331055,0.8499825003992728,11.695612907409668,0.8499807774697117,11.695585250854492,0.8499811318311108
39.01668479354711,3,1,11.695535659790039,0.8499817672377574,11.695528030395508,0.8499818649926261,11.69556999206543,0.8499813273408482
39.01668479354711,4,0,11.340372085571289,0.8545324518863359,11.34034252166748,0.8545328306864521,11.340445518493652,0.8545315109957244
39.01668479354711,4,1,11.340331077575684,0.8545329773187552,11.340363502502441,0.8545325618605633,11.340354919433594,0.8545326718347905
39.01668479354711,5,0,8.362735748291016,0.8926846863853755,8.362712860107422,0.8926849796499816,8.362771987915039,0.892684222049749
39.01668479354711,5,1,8.362753868103027,0.8926844542175623,8.362717628479004,0.8926849185531887,8.362709045410156,0.8926850285274159
39.01668479354711,6,0,9.194354057312012,0.8820292224046921,9.194296836853027,0.8820299555662074,9.194397926330566,0.8820286603141969
39.01668479354711,6,1,9.19434928894043,0.882029283501485,9.194427490234375,0.8820282815140806,9.194316864013672,0.8820296989596771
39.01668479354711,7,0,7.999240398406982,0.8973421254602737,7.999218940734863,0.8973424003958419,7.99914026260376,0.8973434084929256
39.01668479354711,7,1,7.9989333152771,0.8973460600937396,7.999166965484619,0.8973430663508851,7.99918270111084,0.8973428647314683
39.01668479354711,8,0,7.382165908813477,0.9052486553261236,7.3822431564331055,0.9052476655580779,7.38220739364624,0.905248123784025
39.01668479354711,8,1,7.382233619689941,0.9052477877516638,7.382230758666992,0.9052478244097395,7.382253170013428,0.9052475372548127
39.01668479354711,9,0,11.675642967224121,0.850236650838582,11.675665855407715,0.8502363575739759,11.675653457641602,0.8502365164256376
39.01668479354711,9,1,11.675658226013184,0.8502364553288446,11.67567253112793,0.8502362720384657,11.67563247680664,0.8502367852515265
39.01668479354711,10,0,10.479582786560059,0.865561681607564,10.479482650756836,0.8655629646402159,10.479557991027832,0.8655619993108873
39.01668479354711,10,1,10.479594230651855,0.8655615349752609,10.479528427124023,0.8655623781110036,10.479571342468262,0.865561828239867
39.01668479354711,11,0,11.393759727478027,0.8538483999731203,11.393714904785156,0.853848974282974,11.393697738647461,0.8538491942314287
39.01668479354711,11,1,11.39370346069336,0.8538491209152772,11.393667221069336,0.8538495852509036,11.393710136413574,0.853849035379767
39.01668479354711,12,0,7.944977760314941,0.8980373886349953,7.9450483322143555,0.8980364844024596,7.944944858551025,0.8980378102028667
39.01668479354711,12,1,7.944981098175049,0.8980373458672403,7.945005893707275,0.898037028163917,7.945019721984863,0.8980368509832174
39.01668479354711,13,0,9.428844451904297,0.8790247142952738,9.428841590881348,0.8790247509533495,9.428913116455078,0.8790238345014554
39.01668479354711,13,1,9.428864479064941,0.8790244576887434,9.428878784179688,0.8790242743983645,9.428872108459473,0.8790243599338747
39.01668479354711,14,0,9.2532320022583,0.8812748236440751,9.253320693969727,0.8812736872437262,9.253204345703125,0.8812751780054742
39.01668479354711,14,1,9.253148078918457,0.881275898947631,9.253257751464844,0.8812744937213932,9.253228187561035,0.8812748725215095
39.01668479354711,15,0,8.268729209899902,0.8938891852196477,8.268638610839844,0.8938903460587136,8.268696784973145,0.8938896006778397
39.01668479354711,15,1,8.26865005493164,0.8938901994264106,8.268654823303223,0.8938901383296176,8.268648147583008,0.8938902238651277
39.01668479354711,16,0,7.3347249031066895,0.9058565134288524,7.334709644317627,0.9058567089385899,7.334746837615967,0.9058562323836049
39.01668479354711,16,1,7.334761142730713,0.905856049093226,7.334805011749268,0.9058554870027309,7.334697246551514,0.9058568677902515
39.01668479354711,17,0,10.628317832946777,0.863655950441899,10.628338813781738,0.8636556816160099,10.628239631652832,0.8636569524293033
39.01668479354711,17,1,10.628331184387207,0.8636557793708787,10.628273010253906,0.8636565247517527,10.628414154052734,0.8636547162866814
39.01668479354711,18,0,9.504140853881836,0.8780599470571748,9.504124641418457,0.8780601547862709,9.504159927368164,0.878059702670003
39.01668479354711,18,1,9.504173278808594,0.8780595315989828,9.504162788391113,0.8780596660119273,9.504204750061035,0.8780591283601493
39.01668479354711,19,0,9.496503829956055,0.8781577996807619,9.496501922607422,0.8781578241194791,9.496565818786621,0.8781570054224536
39.01668479354711,19,1,9.496562004089355,0.878157054299888,9.496499061584473,0.8781578607775549,9.49649429321289,0.8781579218743478
39.01668479354711,20,0,10.46399974822998,0.8657613459269213,10.464025497436523,0.8657610160042394,10.463998794555664,0.8657613581462799
39.01668479354711,20,1,10.463984489440918,0.8657615414366587,10.464040756225586,0.865760820494502,10.464020729064941,0.8657610771010323
39.01668479354711,21,0,11.363753318786621,0.8542328698717898,11.363836288452148,0.8542318067875925,11.363763809204102,0.8542327354588453
39.01668479354711,21,1,11.363898277282715,0.8542310125292841,11.363821029663086,0.8542320022973299,11.363778114318848,0.8542325521684664
39.01668479354711,22,0,8.417400360107422,0.8919842727510081,8.417417526245117,0.8919840528025536,8.417441368103027,0.8919837473185888
39.01668479354711,22,1,8.417433738708496,0.8919838450734575,8.417417526245117,0.8919840528025536,8.417418479919434,0.8919840405831949
39.01668479354711,23,0,8.722294807434082,0.8880776827130565,8.722369194030762,0.8880767296030866,8.722354888916016,0.8880769128934654
39.01668479354711,23,1,8.722169876098633,0.8880792834490319,8.722411155700684,0.8880761919513086,8.72238540649414,0.8880765218739906
39.01668479354711,24,0,8.338851928710938,0.8929907080018984,8.338814735412598,0.8929911845568833,8.338862419128418,0.8929905735889538
39.01668479354711,24,1,8.338868141174316,0.8929905002728022,8.338866233825684,0.8929905247115195,8.338923454284668,0.8929897915500041
39.01668479354711,25,0,10.360909461975098,0.8670822341517613,10.360913276672363,0.867082185274327,10.360816955566406,0.8670834194295445
39.01668479354711,25,1,10.360769271850586,0.8670840303974741,10.360776901245117,0.8670839326426053,10.360801696777344,0.867083614939282
39.01668479354711,26,0,9.834117889404297,0.873831975668953,9.834053039550781,0.873832806585337,9.834131240844727,0.8738318045979327
39.01668479354711,26,1,9.834097862243652,0.8738322322754833,9.83411979675293,0.8738319512302357,9.834147453308105,0.8738315968688366
39.01668479354711,27,0,10.806320190429688,0.8613752193804716,10.806196212768555,0.8613768078970883,10.806304931640625,0.8613754148902091
39.01668479354711,27,1,10.806214332580566,0.8613765757292751,10.806342124938965,0.861374938335224,10.806349754333496,0.8613748405803553
39.01668479354711,28,0,8.587301254272461,0.8898073451408012,8.58730411529541,0.8898073084827254,8.587323188781738,0.8898070640955535
39.01668479354711,28,1,8.587334632873535,0.8898069174632505,8.587362289428711,0.8898065631018515,8.58730411529541,0.8898073084827254
39.01668479354711,29,0,8.495174407958984,0.8909877596192929,8.495125770568848,0.890988382806581,8.49511432647705,0.8909885294388841
39.01668479354711,29,1,8.495137214660645,0.8909882361742779,8.495135307312012,0.8909882606129951,8.495116233825684,0.8909885050001669
39.01668479354711,30,0,10.95913314819336,0.8594172382374766,10.95910930633545,0.8594175437214414,10.959120750427246,0.8594173970891383
39.01668479354711,30,1,10.95910358428955,0.8594176170375929,10.959101676940918,0.8594176414763101,10.959126472473145,0.8594173237729867
39.01668479354711,31,0,10.63200855255127,0.8636086615241565,10.63212776184082,0.8636071341043328,10.632044792175293,0.86360819718853
39.01668479354711,31,1,10.631999969482422,0.8636087714983838,10.632065773010254,0.863607928362641,10.632023811340332,0.863608466014419
39.01668479354711,32,0,7.984129428863525,0.897535741197129,7.9841814041137695,0.8975350752420859,7.984103679656982,0.8975360711198109
39.01668479354711,32,1,7.98417329788208,0.8975351791066339,7.984127521514893,0.8975357656358462,7.984102725982666,0.8975360833391696
39.01668479354711,33,0,8.751953125,0.8876976728802723,8.751962661743164,0.8876975506866865,8.751971244812012,0.8876974407124592
39.01668479354711,33,1,8.751947402954102,0.8876977461964239,8.752023696899414,0.8876967686477367,8.751976013183594,0.8876973796156662
39.01668479354711,34,0,9.196477890014648,0.8820020098931126,9.196444511413574,0.8820024375706632,9.196446418762207,0.882002413131946
39.01668479354711,34,1,9.196470260620117,0.8820021076479814,9.196444511413574,0.8820024375706632,9.19649600982666,0.8820017777252994
39.01668479354711,35,0,7.353856086730957,0.9056113869858617,7.3539276123046875,0.9056104705339676,7.353908538818359,0.9056107149211393
39.01668479354711,35,1,7.353891372680664,0.905610934869594,7.353896617889404,0.9056108676631217,7.353883266448975,0.905611038734142
39.01668479354711,36,0,7.740361213684082,0.9006591253365882,7.7404022216796875,0.9006585999041689,7.740398406982422,0.9006586487816032
39.01668479354711,36,1,7.7403364181518555,0.9006594430399115,7.74041223526001,0.9006584716009036,7.740393161773682,0.9006587159880755
39.01668479354711,37,0,8.661916732788086,0.8888513025247353,8.661910057067871,0.8888513880602454,8.661956787109375,0.8888507893116745
39.01668479354711,37,1,8.661907196044922,0.8888514247183212,8.661921501159668,0.8888512414279424,8.661917686462402,0.8888512903053767
39.01668479354711,38,0,7.4905242919921875,0.9038602673644335,7.490575313568115,0.903859613628749,7.490525722503662,0.9038602490353956
39.01668479354711,38,1,7.490579605102539,0.9038595586416354,7.490612983703613,0.9038591309640847,7.490581035614014,0.9038595403125974
39.01668479354711,39,0,9.469903945922852,0.8784986220305486,9.469765663146973,0.8785003938375441,9.469813346862793,0.8784997828696146
39.01668479354711,39,1,9.469781875610352,0.878500186108448,9.469772338867188,0.878500308302034,9.469755172729492,0.8785005282504886
39.01668479354711,40,0,10.660150527954102,0.8632480804715301,10.660111427307129,0.8632485814652322,10.660176277160645,0.8632477505488482
39.01668479354711,40,1,10.660204887390137,0.8632473839680904,10.660236358642578,0.863246980729257,10.660176277160645,0.8632477505488482
39.01668479354711,41,0,9.664827346801758,0.8760010828896625,9.664837837219238,0.8760009484767179,9.664819717407227,0.8760011806445311
39.01668479354711,41,1,9.664898872375488,0.8760001664377682,9.664844512939453,0.8760008629412078,9.66484260559082,0.876000887379925
39.01668479354711,42,0,8.60711669921875,0.8895534513080223,8.607095718383789,0.8895537201339113,8.607149124145508,0.8895530358498303
39.01668479354711,42,1,8.607123374938965,0.8895533657725122,8.607138633728027,0.8895531702627748,8.607114791870117,0.8895534757467395
39.01668479354711,43,0,8.77243709564209,0.8874352132771222,8.77249526977539,0.8874344678962481,8.772472381591797,0.8874347611608543
39.01668479354711,43,1,8.77245044708252,0.8874350422061019,8.772455215454102,0.887434981109309,8.772459983825684,0.887434920012516
39.01668479354711,44,0,9.346226692199707,0.8800832895492666,9.346220016479492,0.8800833750847767,9.346206665039062,0.880083546155797
39.01668479354711,44,1,9.346195220947266,0.8800836927881002,9.346192359924316,0.8800837294461759,9.346192359924316,0.8800837294461759
39.01668479354711,45,0,10.662147521972656,0.863222493134643,10.662201881408691,0.8632217966312035,10.662135124206543,0.8632226519863047
39.01668479354711,45,1,10.66219425201416,0.8632218943860721,10.662161827087402,0.8632223098442642,10.662095069885254,0.8632231651993655
39.01668479354711,46,0,10.365711212158203,0.8670207096812617,10.365616798400879,0.8670219193977621,10.365628242492676,0.867021772765459
39.01668479354711,46,1,10.365708351135254,0.8670207463393375,10.365689277648926,0.8670209907265093,10.365619659423828,0.8670218827396863
39.01668479354711,47,0,8.476889610290527,0.891222041381535,8.476982116699219,0.8912208561037519,8.476937294006348,0.8912214304136056
39.01668479354711,47,1,8.476876258850098,0.8912222124525554,8.4768648147583,0.8912223590848585,8.476914405822754,0.8912217236782117
39.01668479354711,48,0,8.618517875671387,0.8894073688760813,8.61852741241455,0.8894072466824954,8.618477821350098,0.889407882089142
39.01668479354711,48,1,8.618526458740234,0.889407258901854,8.618525505065918,0.8894072711212125,8.618542671203613,0.889407051172758
39.01668479354711,49,0,12.8179349899292,0.8356005475068929,12.81804370880127,0.8355991545000137,12.818177223205566,0.835597443789811
39.01668479354711,49,1,12.818049430847168,0.8355990811838622,12.818009376525879,0.8355995943969229,12.818014144897461,0.8355995333001299
39.01668479354711,50,0,8.77193832397461,0.8874416040016646,8.771946907043457,0.8874414940274373,8.77197551727295,0.8874411274466796
39.01668479354711,50,1,8.771923065185547,0.887441799511402,8.771941184997559,0.8874415673435888,8.771952629089355,0.8874414207112857
39.01668479354711,51,0,8.077749252319336,0.8963361973127649,8.07772159576416,0.896336551674164,8.077739715576172,0.8963363195063508
39.01668479354711,51,1,8.077676773071289,0.8963371259840178,8.07774543762207,0.8963362461901994,8.077717781066895,0.8963366005515985
39.01668479354711,52,0,8.682181358337402,0.8885916533740607,8.682098388671875,0.888592716458258,8.682147026062012,0.8885920932709699
39.01668479354711,52,1,8.682092666625977,0.8885927897744095,8.68215274810791,0.8885920199548184,8.682040214538574,0.888593461839132
39.01668479354711,53,0,11.776501655578613,0.8489443559128421,11.776464462280273,0.848944832467827,11.776437759399414,0.8489451746098676
39.01668479354711,53,1,11.776532173156738,0.8489439648933672,11.77656078338623,0.8489435983126095,11.776407241821289,0.8489455656293425
39.01668479354711,54,0,12.050000190734863,0.8454400393790252,12.050034523010254,0.845439599482116,12.050094604492188,0.8454388296625248
39.01668479354711,54,1,12.05005168914795,0.8454393795336614,12.0501127243042,0.8454385974947116,12.050052642822266,0.8454393673143028
39.01668479354711,55,0,9.655096054077148,0.8761257692247127,9.655189514160156,0.876124571727571,9.655136108398438,0.876125256011652
39.01668479354711,55,1,9.655123710632324,0.8761254148633136,9.655083656311035,0.8761259280763745,9.655134201049805,0.8761252804503692
39.01668479354711,56,0,9.258955955505371,0.8812014830538191,9.258973121643066,0.8812012631053645,9.25893497467041,0.8812017518797081
39.01668479354711,56,1,9.258942604064941,0.8812016541248394,9.25896167755127,0.8812014097376676,9.258964538574219,0.8812013730795918
39.01668479354711,57,0,9.305811882019043,0.8806011215275852,9.305606842041016,0.8806037486896819,9.305628776550293,0.8806034676444344
39.01668479354711,57,1,9.305645942687988,0.8806032476959798,9.305624008178711,0.8806035287412273,9.305601119995117,0.8806038220058334
39.01668479354711,58,0,8.8253173828125,0.8867576620626764,8.825340270996094,0.8867573687980702,8.825309753417969,0.8867577598175451
39.01668479354711,58,1,8.825346946716309,0.8867572832625601,8.825311660766602,0.8867577353788278,8.82532787322998,0.8867575276497319
39.01668479354711,59,0,8.038883209228516,0.8968341850527336,8.038861274719238,0.8968344660979812,8.038904190063477,0.8968339162268446
39.01668479354711,59,1,8.038870811462402,0.8968343439043953,8.038890838623047,0.8968340872978648,8.038912773132324,0.8968338062526173
39.01668479354711,60,0,6.763709545135498,0.9131728910425703,6.7637224197387695,0.9131727260812292,6.7637038230896,0.9131729643587218
39.01668479354711,60,1,6.763768196105957,0.9131721395520169,6.7637038230896,0.9131729643587218,6.763728618621826,0.9131726466553984
39.01668479354711,61,0,10.675705909729004,0.8630487705135719,10.675731658935547,0.8630484405908899,10.675652503967285,0.8630494547976528
39.01668479354711,61,1,10.675708770751953,0.8630487338554961,10.675640106201172,0.8630496136493145,10.675700187683105,0.8630488438297235
39.01668479354711,62,0,10.869942665100098,0.8605600293108704,10.869918823242188,0.8605603347948352,10.870030403137207,0.8605589051298801
39.01668479354711,62,1,10.869935989379883,0.8605601148463805,10.869956970214844,0.8605598460204915,10.869942665100098,0.8605600293108704
39.01668479354711,63,0,9.269761085510254,0.8810630377209967,9.269794464111328,0.8810626100434461,9.269829750061035,0.8810621579271782
39.01668479354711,63,1,9.269758224487305,0.8810630743790725,9.269767761230469,0.8810629521854866,9.269793510437012,0.8810626222628046
39.01668479354711,64,0,8.298705101013184,0.8935051063404531,8.298600196838379,0.893506450469898,8.29859733581543,0.8935064871279738
39.01668479354711,64,1,8.298648834228516,0.8935058272826099,8.298731803894043,0.8935047641984126,8.298622131347656,0.8935061694246504
39.01668479354711,65,0,8.818164825439453,0.8868493072520999,8.818167686462402,0.8868492705940241,8.818154335021973,0.8868494416650443
39.01668479354711,65,1,8.818177223205566,0.8868491484004382,8.818168640136719,0.8868492583746655,8.818133354187012,0.8868497104909333
39.01668479354711,66,0,9.26754093170166,0.8810914843877937,9.267477989196777,0.8810922908654607,9.26750373840332,0.8810919609427788
39.01668479354711,66,1,9.267607688903809,0.8810906290326925,9.267518043518066,0.8810917776523999,9.267566680908203,0.8810911544651119
39.01668479354711,67,0,9.660085678100586,0.876061837540571,9.660140991210938,0.8760611288177728,9.660070419311523,0.8760620330503084
39.01668479354711,67,1,9.660097122192383,0.8760616909082679,9.660042762756348,0.8760623874117075,9.660107612609863,0.8760615564953234
39.01668479354711,68,0,10.187461853027344,0.8693046055565639,10.187543869018555,0.869303554691725,10.187521934509277,0.8693038357369727
39.01668479354711,68,1,10.187507629394531,0.8693040190273515,10.187500953674316,0.8693041045628616,10.187544822692871,0.8693035424723665
39.01668479354711,69,0,8.564329147338867,0.8901016850505122,8.564325332641602,0.8901017339279466,8.564346313476562,0.8901014651020576
39.01668479354711,69,1,8.564412117004395,0.8901006219663149,8.564335823059082,0.8901015995150021,8.564374923706055,0.8901010985212999
39.01668479354711,70,0,9.613325119018555,0.8766609771309459,9.613332748413086,0.8766608793760773,9.6133451461792,0.8766607205244156
39.01668479354711,70,1,9.613286018371582,0.8766614781246481,9.613314628601074,0.8766611115438905,9.613374710083008,0.8766603417242993
39.01668479354711,71,0,11.626357078552246,0.8508681472905029,11.626306533813477,0.8508687949165081,11.626259803771973,0.850869393665079
39.01668479354711,71,1,11.626357078552246,0.8508681472905029,11.626326560974121,0.8508685383099777,11.626289367675781,0.8508690148649627
39.01668479354711,72,0,7.44032096862793,0.9045035188393177,7.440432548522949,0.9045020891743627,7.4404520988464355,0.9045018386775117
39.01668479354711,72,1,7.440341949462891,0.9045032500134287,7.4403977394104,0.9045025351809513,7.440393924713135,0.9045025840583856
39.01668479354711,73,0,9.590362548828125,0.8769551948470711,9.590408325195312,0.8769546083178588,9.590340614318848,0.8769554758923187
39.01668479354711,73,1,9.590412139892578,0.8769545594404244,9.590441703796387,0.8769541806403082,9.590388298034668,0.8769548649243892
39.01668479354711,74,0,8.930757522583008,0.8854066653382711,8.930630683898926,0.8854082905129634,8.930699348449707,0.885407410719145
39.01668479354711,74,1,8.930716514587402,0.8854071907706904,8.930768966674805,0.885406518705968,8.930719375610352,0.8854071541126146
39.01668479354711,75,0,8.706141471862793,0.8882846542088506,8.705984115600586,0.8882866704030179,8.706026077270508,0.8882861327512399
39.01668479354711,75,1,8.705893516540527,0.8882878312420839,8.706045150756836,0.8882858883640681,8.705979347229004,0.8882867314998109
39.01668479354711,76,0,9.016597747802734,0.8843068008716033,9.016613006591797,0.8843066053618658,9.016556739807129,0.8843073263040226
39.01668479354711,76,1,9.01661205291748,0.8843066175812244,9.016616821289062,0.8843065564844315,9.016624450683594,0.8843064587295627
39.01668479354711,77,0,11.426706314086914,0.8534262577919186,11.426690101623535,0.8534264655210146,11.426634788513184,0.8534271742438129
39.01668479354711,77,1,11.42674446105957,0.853425769017575,11.426714897155762,0.8534261478176912,11.426695823669434,0.853426392204863
39.01668479354711,78,0,7.304260730743408,0.906246848619645,7.304320335388184,0.9062460849097331,7.304342746734619,0.9062457977548063
39.01668479354711,78,1,7.304319858551025,0.9062460910194124,7.304340839385986,0.9062458221935235,7.304312705993652,0.9062461826646019
39.01668479354711,79,0,11.395736694335938,0.8538230692427637,11.395723342895508,0.853823240313784,11.395760536193848,0.853822763758799
39.01668479354711,79,1,11.395740509033203,0.8538230203653293,11.395731925964355,0.8538231303395567,11.39572811126709,0.853823179216991
39.01668479354711,80,0,9.09680461883545,0.8832791161561254,9.09683609008789,0.883278712917292,9.0968599319458,0.8832784074333272
39.01668479354711,80,1,9.096824645996094,0.8832788595495951,9.096902847290039,0.8832778575621907,9.09679889678955,0.8832791894722769
39.01668479354711,81,0,7.596710205078125,0.902499715101611,7.596712112426758,0.9024996906628938,7.59670877456665,0.9024997334306488
39.01668479354711,81,1,7.596689224243164,0.9024999839275,7.59669303894043,0.9024999350500655,7.59673547744751,0.9024993912886083
39.01668479354711,82,0,9.123602867126465,0.8829357521797521,9.123557090759277,0.8829363387089644,9.123530387878418,0.8829366808510049
39.01668479354711,82,1,9.123563766479492,0.8829362531734543,9.123547554016113,0.8829364609025503,9.12354850769043,0.8829364486831917
39.01668479354711,83,0,11.240077018737793,0.8558175251711493,11.240006446838379,0.8558184294036849,11.239952087402344,0.8558191259071245
39.01668479354711,83,1,11.240084648132324,0.8558174274162805,11.24004077911377,0.8558179895067757,11.240006446838379,0.8558184294036849
39.01668479354711,84,0,8.8239107131958,0.8867756856165964,8.82399845123291,0.8867745614356061,8.823938369750977,0.8867753312551973
39.01668479354711,84,1,8.823944091796875,0.8867752579390457,8.823978424072266,0.8867748180421364,8.823954582214355,0.8867751235261012
39.01668479354711,85,0,12.709424018859863,0.8369908905659574,12.7094087600708,0.8369910860756948,12.709444046020508,0.8369906339594271
39.01668479354711,85,1,12.709526062011719,0.8369895830945883,12.709421157836914,0.8369909272240332,12.709452629089355,0.8369905239851997
39.01668479354711,86,0,8.69170093536377,0.8884696797366173,8.691790580749512,0.8884685311169098,8.691798210144043,0.8884684333620412
39.01668479354711,86,1,8.691776275634766,0.8884687144072887,8.691728591918945,0.8884693253752182,8.691764831542969,0.8884688610395918
39.01668479354711,87,0,7.588502883911133,0.9026048749016348,7.588382720947266,0.9026064145408171,7.588414669036865,0.9026060051923044
39.01668479354711,87,1,7.588346481323242,0.9026068788764435,7.588433742523193,0.9026057608051326,7.588402271270752,0.902606164043966
39.01668479354711,88,0,8.12686824798584,0.8957068392485974,8.126806259155273,0.8957076335069057,8.126852989196777,0.8957070347583348
39.01668479354711,88,1,8.126815795898438,0.8957075113133198,8.126790046691895,0.8957078412360018,8.126770973205566,0.8957080856231735
39.01668479354711,89,0,7.819065570831299,0.8996506922205686,7.819056987762451,0.8996508021947959,7.819070816040039,0.8996506250140963
39.01668479354711,89,1,7.819067478179932,0.8996506677818514,7.819066047668457,0.8996506861108893,7.8190507888793945,0.8996508816206267
39.01668479354711,90,0,7.408595561981201,0.9049100141318452,7.408609867095947,0.9049098308414664,7.408620834350586,0.9049096903188426
39.01668479354711,90,1,7.408626079559326,0.9049096231123703,7.408614158630371,0.9049097758543527,7.408605098724365,0.9049098919382593
39.01668479354711,91,0,7.503696441650391,0.9036914935835912,7.503745079040527,0.9036908703963031,7.5036725997924805,0.9036917990675559
39.01668479354711,91,1,7.503688812255859,0.90369159133846,7.503750324249268,0.9036908031898309,7.503717422485352,0.9036912247577022
39.01668479354711,92,0,10.471447944641113,0.865665912736335,10.471390724182129,0.8656666458978504,10.471440315246582,0.8656660104912037
39.01668479354711,92,1,10.471311569213867,0.8656676601046133,10.471457481384277,0.8656657905427491,10.471466064453125,0.8656656805685218
39.01668479354711,93,0,12.163116455078125,0.8439906890373307,12.16313648223877,0.8439904324308003,12.163158416748047,0.8439901513855527
39.01668479354711,93,1,12.163148880004883,0.8439902735791386,12.163164138793945,0.8439900780694012,12.163150787353516,0.8439902491404214
39.01668479354711,94,0,10.551094055175781,0.8646454130037079,10.551153182983398,0.8646446554034753,10.551078796386719,0.8646456085134453
39.01668479354711,94,1,10.551154136657715,0.8646446431841167,10.551189422607422,0.864644191067849,10.551121711730957,0.8646450586423088
39.01668479354711,95,0,9.383699417114258,0.8796031542921977,9.383689880371094,0.8796032764857836,9.383811950683594,0.8796017124078841
39.01668479354711,95,1,9.383736610412598,0.8796026777372127,9.383689880371094,0.8796032764857836,9.38371467590332,0.8796029587824603
39.01668479354711,96,0,7.400703430175781,0.9050111354338551,7.4007487297058105,0.9050105550143221,7.400728225708008,0.9050108177305318
39.01668479354711,96,1,7.4007248878479,0.9050108604982868,7.400693893432617,0.9050112576274411,7.400725841522217,0.9050108482789283
39.01668479354711,97,0,6.890491008758545,0.9115484495116424,6.890519142150879,0.911548089040564,6.890475749969482,0.9115486450213798
39.01668479354711,97,1,6.890503883361816,0.9115482845503013,6.890495300292969,0.9115483945245287,6.890511989593506,0.9115481806857534
39.01668479354711,98,0,7.453083515167236,0.9043399932729898,7.453064441680908,0.9043402376601615,7.453094005584717,0.9043398588600452
39.01668479354711,98,1,7.453059673309326,0.9043402987569544,7.453060626983643,0.9043402865375959,7.4531097412109375,0.9043396572406285
39.01668479354711,99,0,9.587475776672363,0.8769921828455225,9.587492942810059,0.8769919628970678,9.587478637695312,0.8769921461874467
39.01668479354711,99,1,9.58754825592041,0.8769912541742696,9.587540626525879,0.8769913519291384,9.587592124938965,0.8769906920837744
39.01668479354711,100,0,9.099571228027344,0.8832436677968564,9.09956169128418,0.8832437899904423,9.099628448486328,0.883242934635341
39.01668479354711,100,1,9.099557876586914,0.8832438388678767,9.099586486816406,0.883243472287119,9.099542617797852,0.8832440343776141
39.01668479354711,101,0,9.844480514526367,0.8736992001185162,9.844508171081543,0.8736988457571171,9.844491004943848,0.8736990657055717
39.01668479354711,101,1,9.8444242477417,0.873699921060673,9.844395637512207,0.8737002876414307,9.844490051269531,0.8736990779249303
39.01668479354711,102,0,11.159211158752441,0.8568536534634126,11.159256935119629,0.8568530669342003,11.159225463867188,0.8568534701730338
39.01668479354711,102,1,11.159307479858398,0.856852419308195,11.15923023223877,0.8568534090762409,11.1592435836792,0.8568532380052206
39.01668479354711,103,0,9.889184951782227,0.8731264054652608,9.889190673828125,0.8731263321491092,9.889156341552734,0.8731267720460185
39.01668479354711,103,1,9.8892183303833,0.8731259777877102,9.889188766479492,0.8731263565878264,9.889175415039062,0.8731265276588467
39.01668479354711,104,0,10.550592422485352,0.8646518403863261,10.550575256347656,0.8646520603347807,10.550474166870117,0.8646533555867912
39.01668479354711,104,1,10.55051326751709,0.8646528545930892,10.550500869750977,0.8646530134447508,10.550529479980469,0.864652646863993
39.01668479354711,105,0,12.4704008102417,0.840053477286753,12.470377922058105,0.8400537705513591,12.470330238342285,0.8400543815192887
39.01668479354711,105,1,12.470434188842773,0.8400530496092024,12.47040843963623,0.8400533795318843,12.470427513122559,0.8400531351447125
39.01668479354711,106,0,11.453850746154785,0.8530784581883771,11.453859329223633,0.8530783482141499,11.453840255737305,0.8530785926013216
39.01668479354711,106,1,11.45378303527832,0.8530793257628371,11.453837394714355,0.8530786292593974,11.453847885131836,0.8530784948464529
39.01668479354711,107,0,7.148067474365234,0.9082481412791615,7.148194313049316,0.908246516104469,7.148200035095215,0.9082464427883176
39.01668479354711,107,1,7.146228790283203,0.9082717002025227,7.14816951751709,0.9082468338077924,7.148200511932373,0.9082464366786382
39.01668479354711,108,0,7.6338582038879395,0.9020237405361419,7.633931636810303,0.9020227996455304,7.6340131759643555,0.902021754890371
39.01668479354711,108,1,7.633918762207031,0.9020229646068714,7.633940696716309,0.9020226835616239,7.633862018585205,0.9020236916587074
39.01668479354711,109,0,7.8834123611450195,0.8988262215481184,7.883438587188721,0.8988258855157572,7.883454322814941,0.8988256838963404
39.01668479354711,109,1,7.883462429046631,0.8988255800317924,7.883454322814941,0.8988256838963404,7.88343620300293,0.8988259160641536
39.01668479354711,110,0,7.068783760070801,0.9092639976555245,7.068768501281738,0.9092641931652619,7.068785667419434,0.9092639732168073
39.01668479354711,110,1,7.068726062774658,0.909264736926719,7.068790435791016,0.9092639121200143,7.0687384605407715,0.9092645780750575
39.01668479354711,111,0,10.15873908996582,0.8696726281985714,10.158751487731934,0.8696724693469097,10.1588134765625,0.8696716750886013
39.01668479354711,111,1,10.158742904663086,0.8696725793211371,10.158748626708984,0.8696725060049855,10.158791542053223,0.869671956133849
39.01668479354711,112,0,8.481404304504395,0.8911641949379709,8.481385231018066,0.8911644393251428,8.481345176696777,0.8911649525382036
39.01668479354711,112,1,8.481489181518555,0.8911631074150566,8.481465339660645,0.8911634128990212,8.481441497802734,0.891163718382986
39.01668479354711,113,0,11.855653762817383,0.8479301858079645,11.85576057434082,0.8479288172398025,11.855636596679688,0.8479304057564192
39.01668479354711,113,1,11.855669975280762,0.8479299780788685,11.855725288391113,0.8479292693560703,11.855721473693848,0.8479293182335047
39.01668479354711,114,0,10.14920711517334,0.8697947606876764,10.149148941040039,0.8697955060685504,10.149168968200684,0.86979524946202
39.01668479354711,114,1,10.149157524108887,0.8697953960943231,10.149189949035645,0.869794980636131,10.149147987365723,0.8697955182879089
39.01668479354711,115,0,11.48524284362793,0.8526762335616768,11.4852294921875,0.852676404632697,11.485220909118652,0.8526765146069243
39.01668479354711,115,1,11.485243797302246,0.8526762213423181,11.48523235321045,0.8526763679746212,11.485183715820312,0.8526769911619093
39.01668479354711,116,0,8.489065170288086,0.8910660368304192,8.489043235778809,0.8910663178756667,8.489028930664062,0.8910665011660456
39.01668479354711,116,1,8.489080429077148,0.8910658413206817,8.48901653289795,0.8910666600177072,8.48906135559082,0.8910660857078535
39.01668479354711,117,0,8.959558486938477,0.8850376407088592,8.959547996520996,0.8850377751218036,8.959558486938477,0.8850376407088592
39.01668479354711,117,1,8.959527015686035,0.8850380439476926,8.959566116333008,0.8850375429539904,8.959527015686035,0.8850380439476926
39.01668479354711,118,0,9.781797409057617,0.8745023541199065,9.781744956970215,0.8745030261846289,9.781786918640137,0.874502488532851
39.01668479354711,118,1,9.781791687011719,0.874502427436058,9.781787872314453,0.8745024763134923,9.781749725341797,0.874502965087836
39.01668479354711,119,0,12.086133003234863,0.844977072320775,12.086127281188965,0.8449771456369265,12.086135864257812,0.8449770356626992
39.01668479354711,119,1,12.086238861083984,0.8449757159719715,12.086230278015137,0.8449758259461988,12.086203575134277,0.8449761680882393
39.01668479354711,120,0,8.22533130645752,0.894445239351635,8.225314140319824,0.8944454593000897,8.225350379943848,0.8944449949644633
39.01668479354711,120,1,8.22535514831543,0.8944449338676703,8.225327491760254,0.8944452882290694,8.22531509399414,0.894445447080731
39.01668479354711,121,0,11.73271656036377,0.8495053711044169,11.732721328735352,0.849505310007624,11.73260498046875,0.8495068007693719
39.01668479354711,121,1,11.732730865478516,0.849505187814038,11.732626914978027,0.8495065197241244,11.732636451721191,0.8495063975305385
39.01668479354711,122,0,9.569672584533691,0.8772202938316768,9.56977653503418,0.8772189619215905,9.56967544555664,0.8772202571736011
39.01668479354711,122,1,9.56968879699707,0.8772200861025807,9.569761276245117,0.877219157431328,9.569717407226562,0.8772197195218231
39.01668479354711,123,0,9.018350601196289,0.8842843416905152,9.018349647521973,0.8842843539098738,9.018383026123047,0.8842839262323232
39.01668479354711,123,1,9.01829719543457,0.8842850259745962,9.01834487915039,0.8842844150066668,9.018462181091309,0.8842829120255602
39.01668479354711,124,0,7.0914201736450195,0.908973958960037,7.091400146484375,0.9089742155665673,7.0914225578308105,0.9089739284116405
39.01668479354711,124,1,7.091403961181641,0.908974166689133,7.091429710388184,0.908973836766451,7.091386318206787,0.9089743927472669
39.01668479354711,125,0,7.991580963134766,0.8974402652387876,7.991531848907471,0.897440894535755,7.991486072540283,0.8974414810649674
39.01668479354711,125,1,7.991548538208008,0.8974406806969797,7.991523742675781,0.897440998400303,7.991532802581787,0.8974408823163964
39.01668479354711,126,0,7.839749813079834,0.8993856665521144,7.839713096618652,0.8993861369974201,7.839687347412109,0.899386466920102
39.01668479354711,126,1,7.839725971221924,0.8993859720360792,7.839725971221924,0.8993859720360792,7.8397111892700195,0.8993861614361374
39.01668479354711,127,0,8.029145240783691,0.8969589569232941,8.029059410095215,0.8969600566655671,8.029129981994629,0.8969591524330315
39.01668479354711,127,1,8.029166221618652,0.8969586880974051,8.029097557067871,0.8969595678912236,8.029131889343262,0.8969591279943143
29.72207616356115,0,0,8.955426216125488,0.8491069352144229,8.955387115478516,0.8491075927994538,8.95542049407959,0.8491070314463787
29.72207616356115,0,1,8.955443382263184,0.8491066465185557,8.95541763305664,0.8491070795623565,8.955342292785645,0.8491083466164403
29.72207616356115,1,0,9.206567764282227,0.8448832986387731,9.2066011428833,0.844882737285698,9.206536293029785,0.8448838279145297
29.72207616356115,1,1,9.204659461975098,0.8449153919960091,9.206648826599121,0.8448819353527336,9.206629753112793,0.8448822561259193
29.72207616356115,2,0,10.570877075195312,0.821938681356746,10.570869445800781,0.8219388096660203,10.570809364318848,0.8219398201015554
29.72207616356115,2,1,10.570894241333008,0.8219383926608788,10.57080364227295,0.8219399163335112,10.570823669433594,0.8219395795216661
29.72207616356115,3,0,15.090234756469727,0.7459332392418405,15.090432167053223,0.7459299192393679,15.090326309204102,0.7459316995305489
29.72207616356115,3,1,15.090446472167969,0.7459296786594786,15.090405464172363,0.7459303683218279,15.09034538269043,0.7459313787573632
29.72207616356115,4,0,13.405623435974121,0.7742646166711078,13.405533790588379,0.7742661243050808,13.405498504638672,0.7742667177354745
29.72207616356115,4,1,13.405466079711914,0.7742672630498904,13.405560493469238,0.7742656752226208,13.405468940734863,0.7742672149339125
29.72207616356115,5,0,9.58211612701416,0.8385674189589597,9.582151412963867,0.8385668255285661,9.582087516784668,0.8385679001187384
29.72207616356115,5,1,9.582121849060059,0.838567322727004,9.58212947845459,0.8385671944177296,9.582101821899414,0.838567659538849
29.72207616356115,6,0,10.891098022460938,0.8165532844955454,10.891019821166992,0.8165545996656071,10.891008377075195,0.8165547921295185
29.72207616356115,6,1,10.891026496887207,0.816554487394992,10.891016960144043,0.8165546477815849,10.891172409057617,0.816552033480121
29.72207616356115,7,0,9.565300941467285,0.8388502125995316,9.565258979797363,0.8388509183005404,9.565271377563477,0.8388507097979696
29.72207616356115,7,1,9.565162658691406,0.8388525382051285,9.565343856811523,0.8388494908598637,9.56525707244873,0.838850950377859
29.72207616356115,8,0,8.530591011047363,0.8562517088449167,8.530661582946777,0.8562505219841294,8.530669212341309,0.8562503936748551
29.72207616356115,8,1,8.530640602111816,0.8562508748346338,8.530667304992676,0.8562504257521737,8.530680656433105,0.8562502012109436
29.72207616356115,9,0,14.059590339660645,0.7632663626826796,14.059569358825684,0.7632667155331838,14.059609413146973,0.7632660419094938
29.72207616356115,9,1,14.059579849243164,0.7632665391079317,14.059590339660645,0.7632663626826796,14.05959701538086,0.7632662504120645
29.72207616356115,10,0,12.706522941589355,0.7860219162490157,12.706693649291992,0.7860190453290031,12.706754684448242,0.7860180188548087
29.72207616356115,10,1,12.706703186035156,0.7860188849424102,12.706682205200195,0.7860192377929146,12.706546783447266,0.7860215152825336
29.72207616356115,11,0,13.90092658996582,0.7659347304671393,13.900837898254395,0.7659362220624533,13.900980949401855,0.7659338162635599
29.72207616356115,11,1,13.900958061218262,0.7659342011913829,13.900827407836914,0.7659363984877053,13.900864601135254,0.7659357729799932
29.72207616356115,12,0,9.602995872497559,0.8382162685525009,9.603171348571777,0.8382133174391918,9.603011131286621,0.8382160119339522
29.72207616356115,12,1,9.602996826171875,0.8382162525138416,9.603013038635254,0.8382159798566337,9.603148460388184,0.8382137023670148
29.72207616356115,13,0,11.086285591125488,0.8132706681376609,11.086363792419434,0.8132693529675992,11.086359977722168,0.8132694171222363
29.72207616356115,13,1,11.086380004882812,0.8132690803103914,11.086357116699219,0.8132694652382142,11.086310386657715,0.8132702511325194
29.72207616356115,14,0,10.782962799072266,0.8183718759949313,10.78292465209961,0.8183725175413029,10.78300666809082,0.8183711382166041
29.72207616356115,14,1,10.783038139343262,0.8183706089408476,10.782899856567383,0.8183729345464443,10.782964706420898,0.8183718439176128
29.72207616356115,15,0,9.728260040283203,0.8361096066936371,9.728291511535645,0.8361090774178807,9.728299140930176,0.8361089491086063
29.72207616356115,15,1,9.728227615356445,0.8361101520080529,9.72822093963623,0.836110264278668,9.728201866149902,0.8361105850518538
29.72207616356115,16,0,8.236176490783691,0.8612030995857749,8.23620319366455,0.8612026505033148,8.236254692077637,0.8612017844157133
29.72207616356115,16,1,8.236126899719238,0.861203933596058,8.236262321472168,0.861201656106439,8.236249923706055,0.8612018646090097
29.72207616356115,17,0,13.16867733001709,0.7782495178032507,13.168607711791992,0.7782506886253787,13.168641090393066,0.7782501272723037
29.72207616356115,17,1,13.168595314025879,0.7782508971279495,13.168669700622559,0.778249646112525,13.16872501373291,0.7782487158702862
29.72207616356115,18,0,11.26761245727539,0.810221157653873,11.267617225646973,0.8102210774605766,11.267642974853516,0.8102206444167758
29.72207616356115,18,1,11.267580032348633,0.8102217029682888,11.267651557922363,0.8102205000688422,11.26761245727539,0.810221157653873
29.72207616356115,19,0,11.420889854431152,0.8076433762170737,11.42082405090332,0.8076444828845646,11.420904159545898,0.8076431356371844
29.72207616356115,19,1,11.420811653137207,0.8076446913871353,11.420772552490234,0.8076453489721661,11.420859336853027,0.8076438894541709
29.72207616356115,20,0,12.31569766998291,0.792594719211969,12.315664291381836,0.792595280565044,12.315690994262695,0.7925948314825839
29.72207616356115,20,1,12.315662384033203,0.7925953126423626,12.315664291381836,0.792595280565044,12.315707206726074,0.7925945588253761
29.72207616356115,21,0,14.228567123413086,0.7604245528366756,14.228591918945312,0.7604241358315341,14.228506088256836,0.7604255793108701
29.72207616356115,21,1,14.228466033935547,0.7604262529345602,14.228476524353027,0.760426076509308,14.228525161743164,0.7604252585376843
29.72207616356115,22,0,9.79178524017334,0.8350412555597817,9.791792869567871,0.8350411272505075,9.791762351989746,0.8350416404876047
29.72207616356115,22,1,9.791733741760254,0.8350421216473833,9.791784286499023,0.835041271598441,9.79180908203125,0.8350408545932996
29.72207616356115,23,0,10.296501159667969,0.8265530677886376,10.296588897705078,0.826551592231983,10.296706199645996,0.8265496194768905
29.72207616356115,23,1,10.296453475952148,0.8265538697216019,10.296709060668945,0.8265495713609127,10.296597480773926,0.8265514478840494
29.72207616356115,24,0,9.8195161819458,0.8345748834249955,9.819602012634277,0.8345734399456596,9.819716453552246,0.8345715153065449
29.72207616356115,24,1,9.819501876831055,0.8345751240048849,9.819725036621094,0.8345713709586113,9.819621086120605,0.8345731191724738
29.72207616356115,25,0,12.853379249572754,0.7835521231052048,12.853445053100586,0.783551016437714,12.853469848632812,0.7835505994325724
29.72207616356115,25,1,12.853340148925781,0.7835527806902356,12.853440284729004,0.7835510966310104,12.8534517288208,0.7835509041670989
29.72207616356115,26,0,11.338444709777832,0.8090299183125504,11.338618278503418,0.80902699927656,11.338509559631348,0.8090288276837188
29.72207616356115,26,1,11.338418960571289,0.8090303513563512,11.338446617126465,0.8090298862352319,11.338447570800781,0.8090298701965726
29.72207616356115,27,0,13.654122352600098,0.7700854232203459,13.654090881347656,0.7700859524961023,13.654092788696289,0.7700859204187838
29.72207616356115,27,1,13.654158592224121,0.7700848137512929,13.654061317443848,0.7700864496945403,13.654291152954102,0.7700825843776519
29.72207616356115,28,0,10.027482032775879,0.8310773650713066,10.027534484863281,0.8310764829450457,10.027507781982422,0.8310769320275058
29.72207616356115,28,1,10.027470588684082,0.8310775575352181,10.027432441711426,0.8310781990815895,10.027525901794434,0.8310766272929793
29.72207616356115,29,0,9.806021690368652,0.8348018304539255,9.805893898010254,0.8348039796342701,9.80593204498291,0.8348033380878985
29.72207616356115,29,1,9.806035041809082,0.8348016059126955,9.805846214294434,0.8348047815672346,9.805870056152344,0.8348043806007523
29.72207616356115,30,0,12.487866401672363,0.789699227973327,12.487886428833008,0.789698891161482,12.487939834594727,0.7896979929965617
29.72207616356115,30,1,12.487884521484375,0.7896989232388005,12.487870216369629,0.7896991638186899,12.487812995910645,0.7897001261382471
29.72207616356115,31,0,12.6270112991333,0.7873591234285215,12.627021789550781,0.7873589470032694,12.626886367797852,0.7873612244928883
29.72207616356115,31,1,12.626948356628418,0.7873601819800345,12.626943588256836,0.787360262173331,12.626901626586914,0.7873609678743396
29.72207616356115,32,0,9.306079864501953,0.8432097286966723,9.30610179901123,0.8432093598075087,9.305999755859375,0.8432110759440525
29.72207616356115,32,1,9.306009292602539,0.8432109155574596,9.306038856506348,0.8432104183590217,9.306105613708496,0.8432092956528715
29.72207616356115,33,0,9.976173400878906,0.8319402609796783,9.976165771484375,0.8319403892889526,9.976140022277832,0.8319408223327535
29.72207616356115,33,1,9.97620964050293,0.8319396515106254,9.9761381149292,0.831940854410072,9.976140022277832,0.8319408223327535
29.72207616356115,34,0,10.663372039794922,0.8203831238696888,10.663333892822266,0.8203837654160603,10.663313865661621,0.8203841022279054
29.72207616356115,34,1,10.663331031799316,0.8203838135320382,10.663433074951172,0.8203820973954943,10.663346290588379,0.8203835569134895
29.72207616356115,35,0,8.58645248413086,0.8553122443771024,8.586480140686035,0.8553117792559831,8.586477279663086,0.855311827371961
29.72207616356115,35,1,8.58640193939209,0.8553130944260448,8.586443901062012,0.855312388725036,8.586444854736328,0.8553123726863767
29.72207616356115,36,0,9.114660263061523,0.8464289763117087,9.114737510681152,0.8464276771803063,9.11474895477295,0.8464274847163948
29.72207616356115,36,1,9.114653587341309,0.8464290885823237,9.114788055419922,0.846426827131364,9.114794731140137,0.8464267148607489
29.72207616356115,37,0,10.039928436279297,0.8308680445289345,10.039926528930664,0.8308680766062531,10.039958953857422,0.8308675312918372
29.72207616356115,37,1,10.039909362792969,0.8308683653021203,10.039904594421387,0.8308684454954167,10.039999961853027,0.8308668416294878
29.72207616356115,38,0,8.706074714660645,0.8533004672265886,8.706066131591797,0.8533006115745221,8.706110000610352,0.8532998737961949
29.72207616356115,38,1,8.706167221069336,0.8532989114766376,8.706132888793945,0.8532994888683719,8.706047058105469,0.8533009323477079
29.72207616356115,39,0,11.203804969787598,0.8112942562308778,11.203676223754883,0.8112964214498817,11.20383358001709,0.8112937750710991
29.72207616356115,39,1,11.203801155090332,0.8112943203855149,11.203775405883789,0.8112947534293157,11.203728675842285,0.8112955393236208
29.72207616356115,40,0,12.658811569213867,0.7868243143345519,12.658804893493652,0.7868244266051669,12.658793449401855,0.7868246190690784
29.72207616356115,40,1,12.658778190612793,0.786824875687627,12.658814430236816,0.786824266218574,12.658811569213867,0.7868243143345519
29.72207616356115,41,0,11.174261093139648,0.8117911178569711,11.174171447753906,0.8117926254909442,11.174151420593262,0.8117929623027893
29.72207616356115,41,1,11.174155235290527,0.8117928981481521,11.174214363098145,0.8117919037512762,11.174241065979004,0.8117914546688162
29.72207616356115,42,0,9.926166534423828,0.8327812641181216,9.926202774047852,0.8327806546490686,9.926226615905762,0.8327802536825863
29.72207616356115,42,1,9.926209449768066,0.8327805423784536,9.926177978515625,0.8327810716542101,9.926250457763672,0.8327798527161041
29.72207616356115,43,0,10.20473861694336,0.8280963075853613,10.204682350158691,0.8280972538662593,10.204680442810059,0.8280972859435779
29.72207616356115,43,1,10.204745292663574,0.8280961953147463,10.204675674438477,0.8280973661368743,10.204723358154297,0.8280965642039099
29.72207616356115,44,0,10.973336219787598,0.8151702227891343,10.973335266113281,0.8151702388277936,10.973320960998535,0.815170479407683
29.72207616356115,44,1,10.973381042480469,0.8151694689721478,10.973388671875,0.8151693406628735,10.973329544067383,0.8151703350597493
29.72207616356115,45,0,13.089579582214355,0.7795797642046254,13.089632034301758,0.7795788820783645,13.089619636535645,0.7795790905809352
29.72207616356115,45,1,13.089603424072266,0.7795793632381431,13.089619636535645,0.7795790905809352,13.089672088623047,0.7795782084546743
29.72207616356115,46,0,13.88511848449707,0.7662005872835028,13.885000228881836,0.7662025760772546,13.885087013244629,0.7662011165592594
29.72207616356115,46,1,13.88510799407959,0.766200763708755,13.885128021240234,0.7662004268969099,13.885025024414062,0.7662021590721131
29.72207616356115,47,0,9.89188289642334,0.8333578378808779,9.89185905456543,0.8333582388473602,9.891874313354492,0.8333579822288115
29.72207616356115,47,1,9.891857147216797,0.8333582709246787,9.891831398010254,0.8333587039684796,9.891852378845215,0.8333583511179752
29.72207616356115,48,0,10.141331672668457,0.829162669925465,10.141236305236816,0.8291642737913938,10.141234397888184,0.8291643058687124
29.72207616356115,48,1,10.141277313232422,0.8291635841290443,10.141258239746094,0.8291639049022301,10.141288757324219,0.8291633916651329
29.72207616356115,49,0,16.173267364501953,0.7277190641303155,16.17335319519043,0.7277176206509794,16.173307418823242,0.7277183905066253
29.72207616356115,49,1,16.173433303833008,0.7277162734035993,16.173372268676758,0.7277172998777938,16.17345428466797,0.727715920553095
29.72207616356115,50,0,10.077911376953125,0.8302292568067986,10.077889442443848,0.8302296256959623,10.077897071838379,0.8302294973866879
29.72207616356115,50,1,10.077975273132324,0.8302281822166262,10.077882766723633,0.8302297379665773,10.077906608581543,0.830229337000095
29.72207616356115,51,0,9.461957931518555,0.8405882098359937,9.461915016174316,0.8405889315756616,9.461991310119629,0.8405876484829186
29.72207616356115,51,1,9.462007522583008,0.8405873758257107,9.461997032165527,0.8405875522509629,9.462047576904297,0.8405867022020206
29.72207616356115,52,0,10.152525901794434,0.8289744081427384,10.152430534362793,0.8289760120086672,10.152311325073242,0.8289780168410783
29.72207616356115,52,1,10.152329444885254,0.8289777121065518,10.152430534362793,0.8289760120086672,10.152444839477539,0.828975771428778
29.72207616356115,53,0,13.055611610412598,0.7801510291711573,13.055563926696777,0.7801518311041217,13.05559253692627,0.7801513499443431
29.72207616356115,53,1,13.05549144744873,0.7801530500422276,13.05558967590332,0.780151398060321,13.055643081665039,0.7801504998954008
29.72207616356115,54,0,14.258213996887207,0.7599259590353791,14.258210182189941,0.7599260231900162,14.25822639465332,0.7599257505328083
29.72207616356115,54,1,14.258183479309082,0.7599264722724763,14.258194923400879,0.7599262798085649,14.258284568786621,0.7599247721745918
29.72207616356115,55,0,11.57961654663086,0.8049739498811008,11.579663276672363,0.8049731639867956,11.579633712768555,0.8049736611852336
29.72207616356115,55,1,11.579547882080078,0.8049751046645696,11.579651832580566,0.8049733564507071,11.579602241516113,0.8049741904609902
29.72207616356115,56,0,11.632465362548828,0.8040851515379783,11.632593154907227,0.8040830023576337,11.632513046264648,0.804084349605014
29.72207616356115,56,1,11.632505416870117,0.8040844779142883,11.632488250732422,0.8040847666101554,11.632575988769531,0.804083291053501
29.72207616356115,57,0,10.314385414123535,0.8262522948110034,10.314471244812012,0.8262508513316674,10.3145170211792,0.8262500814760215
29.72207616356115,57,1,10.314470291137695,0.8262508673703267,10.314543724060059,0.8262496323935615,10.314366340637207,0.8262526155841892
29.72207616356115,58,0,10.369242668151855,0.8253297190514197,10.369256019592285,0.8253294945101897,10.369241714477539,0.825329735090079
29.72207616356115,58,1,10.36905574798584,0.8253328626286401,10.369292259216309,0.8253288850411367,10.369224548339844,0.8253300237859461
29.72207616356115,59,0,9.649114608764648,0.8374406550279763,9.649166107177734,0.8374397889403746,9.649103164672852,0.8374408474918876
29.72207616356115,59,1,9.649109840393066,0.8374407352212727,9.649126052856445,0.8374404625640648,9.649171829223633,0.8374396927084189
29.72207616356115,60,0,8.032310485839844,0.8646316677431833,8.03226089477539,0.8646325017534663,8.032144546508789,0.8646344584698995
29.72207616356115,60,1,8.032252311706543,0.8646326461013999,8.032265663146973,0.8646324215601698,8.032255172729492,0.864632597985422
29.72207616356115,61,0,12.631974220275879,0.787275658245585,12.631952285766602,0.7872760271347486,12.632052421569824,0.7872743430755234
29.72207616356115,61,1,12.631965637207031,0.7872758025935186,12.631967544555664,0.7872757705162,12.631843566894531,0.7872778555419075
29.72207616356115,62,0,12.727791786193848,0.7856642220695673,12.727827072143555,0.7856636286391736,12.727768898010254,0.7856646069973902
29.72207616356115,62,1,12.727760314941406,0.7856647513453238,12.72778034210205,0.7856644145334788,12.72769832611084,0.7856657938581775
29.72207616356115,63,0,11.367605209350586,0.8085395042274909,11.367605209350586,0.8085395042274909,11.367664337158203,0.808538509830615
29.72207616356115,63,1,11.367680549621582,0.8085382371734071,11.367537498474121,0.8085406429723003,11.36763858795166,0.8085389428744159
29.72207616356115,64,0,9.949584007263184,0.8323874348392964,9.949637413024902,0.8323865366743763,9.949661254882812,0.8323861357078941
29.72207616356115,64,1,9.949687957763672,0.832385686625434,9.949603080749512,0.8323871140661107,9.949685096740723,0.8323857347414119
29.72207616356115,65,0,10.196709632873535,0.8282313370579097,10.196695327758789,0.8282315776377991,10.196711540222168,0.8282313049805912
29.72207616356115,65,1,10.196701049804688,0.8282314814058434,10.196706771850586,0.8282313851738876,10.196698188781738,0.8282315295218212
29.72207616356115,66,0,10.84437084197998,0.8173391306846961,10.844381332397461,0.8173389542594439,10.844326972961426,0.8173398684630233
29.72207616356115,66,1,10.844439506530762,0.8173379759012274,10.844411849975586,0.8173384410223467,10.844428062438965,0.8173381683651387
29.72207616356115,67,0,11.27651596069336,0.8100714207307571,11.276503562927246,0.8100716292333279,11.276576042175293,0.8100704102952219
29.72207616356115,67,1,11.27658462524414,0.8100702659472884,11.276551246643066,0.8100708273003634,11.276552200317383,0.8100708112617041
29.72207616356115,68,0,11.998412132263184,0.7979307490798799,11.998350143432617,0.7979317915927338,11.998430252075195,0.7979304443453534
29.72207616356115,68,1,11.998461723327637,0.797929915069597,11.998492240905762,0.7979294018324997,11.998446464538574,0.7979301716881456
29.72207616356115,69,0,10.030656814575195,0.8310239723745356,10.030778884887695,0.8310219194261468,10.030800819396973,0.8310215505369831
29.72207616356115,69,1,10.030603408813477,0.8310248705394558,10.030717849731445,0.8310229459003412,10.03071403503418,0.8310230100549784
29.72207616356115,70,0,11.108256340026855,0.8129011695049762,11.108308792114258,0.8129002873787153,11.10827350616455,0.8129008808091089
29.72207616356115,70,1,11.108274459838867,0.8129008647704496,11.108253479003906,0.812901217620954,11.108269691467285,0.8129009449637461
29.72207616356115,71,0,13.41870403289795,0.7740446304203089,13.418742179870605,0.7740439888739374,13.418691635131836,0.7740448389228797
29.72207616356115,71,1,13.418726921081543,0.774044245492486,13.41865348815918,0.7740454804692511,13.418731689453125,0.7740441652991895
29.72207616356115,72,0,8.481842041015625,0.8570715569917586,8.482224464416504,0.8570651254893841,8.48224925994873,0.8570647084842425
29.72207616356115,72,1,8.482287406921387,0.8570640669378711,8.482189178466797,0.8570657189197777,8.482128143310547,0.8570667453939722
29.72207616356115,73,0,11.247835159301758,0.8105537673701946,11.247861862182617,0.8105533182877345,11.247917175292969,0.8105523880454957
29.72207616356115,73,1,11.247894287109375,0.8105527729733186,11.247803688049316,0.810554296645951,11.247849464416504,0.8105535267903052
29.72207616356115,74,0,10.679372787475586,0.8201140272441491,10.67940616607666,0.8201134658910739,10.679433822631836,0.8201130007699546
29.72207616356115,74,1,10.679390907287598,0.8201137225096226,10.679484367370605,0.8201121507210123,10.679398536682129,0.8201135942003482
29.72207616356115,75,0,9.960844039916992,0.8321980663890791,9.96121597290039,0.8321918113119566,9.961220741271973,0.8321917311186602
29.72207616356115,75,1,9.961150169372559,0.8321929179794475,9.961209297180176,0.8321919235825717,9.961108207702637,0.8321936236804561
29.72207616356115,76,0,10.337686538696289,0.8258604222486114,10.337655067443848,0.825860951524368,10.33767318725586,0.8258606467898415
29.72207616356115,76,1,10.337678909301758,0.8258605505578858,10.337623596191406,0.8258614808001244,10.337597846984863,0.8258619138439253
29.72207616356115,77,0,13.473847389221191,0.7731172430629387,13.473772048950195,0.7731185101170225,13.47374153137207,0.7731190233541197
29.72207616356115,77,1,13.473788261413574,0.7731182374598146,13.473726272583008,0.7731192799726683,13.473865509033203,0.7731169383284122
29.72207616356115,78,0,8.267261505126953,0.8606803194862716,8.267230987548828,0.8606808327233688,8.267253875732422,0.8606804477955459
29.72207616356115,78,1,8.267255783081055,0.8606804157182273,8.267236709594727,0.8606807364914131,8.267212867736816,0.8606811374578953
29.72207616356115,79,0,13.322969436645508,0.7756546712329686,13.323099136352539,0.7756524899753053,13.322943687438965,0.7756551042767694
29.72207616356115,79,1,13.322933197021484,0.7756552807020215,13.322996139526367,0.7756542221505085,13.323015213012695,0.7756539013773227
29.72207616356115,80,0,10.666733741760254,0.8203265875956973,10.666709899902344,0.8203269885621796,10.666681289672852,0.8203274697219582
29.72207616356115,80,1,10.66666316986084,0.8203277744564847,10.666654586791992,0.8203279188044184,10.666681289672852,0.8203274697219582
29.72207616356115,81,0,8.836404800415039,0.8511086080095852,8.836431503295898,0.8511081589271251,8.836427688598633,0.8511082230817623
29.72207616356115,81,1,8.836441993713379,0.8511079825018729,8.836456298828125,0.8511077419219836,8.836431503295898,0.8511081589271251
29.72207616356115,82,0,10.856290817260742,0.8171386634822512,10.856308937072754,0.8171383587477247,10.856249809265137,0.8171393531446005
29.72207616356115,82,1,10.856301307678223,0.817138487056999,10.85629940032959,0.8171385191343176,10.856302261352539,0.8171384710183397
29.72207616356115,83,0,13.050518035888672,0.7802366916504163,13.050590515136719,0.7802354727123104,13.050505638122559,0.7802369001529871
29.72207616356115,83,1,13.050539016723633,0.7802363387999119,13.050600051879883,0.7802353123257175,13.050507545471191,0.7802368680756685
29.72207616356115,84,0,10.359886169433594,0.8254870743376975,10.359930992126465,0.825486320520711,10.360008239746094,0.8254850213893086
29.72207616356115,84,1,10.35998821258545,0.8254853582011537,10.359968185424805,0.8254856950129987,10.36002254486084,0.8254847808094193
29.72207616356115,85,0,15.65675163269043,0.7364056982328343,15.65668773651123,0.7364067728230066,15.656702041625977,0.7364065322431173
29.72207616356115,85,1,15.656804084777832,0.7364048161065735,15.65662670135498,0.7364077992972011,15.656737327575684,0.7364059388127235
29.72207616356115,86,0,10.479981422424316,0.8234673420121765,10.479886054992676,0.8234689458781055,10.479961395263672,0.8234676788240216
29.72207616356115,86,1,10.480010032653809,0.823466860852398,10.479933738708496,0.823468143945141,10.479931831359863,0.8234681760224596
29.72207616356115,87,0,8.761758804321289,0.8523639859494019,8.761774063110352,0.8523637293308532,8.76181411743164,0.8523630557071631
29.72207616356115,87,1,8.76175308227539,0.8523640821813576,8.76181411743164,0.8523630557071631,8.761842727661133,0.8523625745473845
29.72207616356115,88,0,9.846220016479492,0.8341257849262628,9.846185684204102,0.8341263623179972,9.846138954162598,0.8341271482123023
29.72207616356115,88,1,9.84619426727295,0.8341262179700636,9.846192359924316,0.8341262500473822,9.846208572387695,0.8341259773901742
29.72207616356115,89,0,9.103984832763672,0.8466085130637823,9.103950500488281,0.8466090904555167,9.10399055480957,0.8466084168318265
29.72207616356115,89,1,9.103970527648926,0.8466087536436716,9.103914260864258,0.8466096999245696,9.103979110717773,0.846608609295738
29.72207616356115,90,0,8.662392616271973,0.8540351019766315,8.662351608276367,0.8540357916389809,8.662357330322266,0.8540356954070252
29.72207616356115,90,1,8.662363052368164,0.8540355991750694,8.662361145019531,0.854035631252388,8.662360191345215,0.8540356472910473
29.72207616356115,91,0,8.865412712097168,0.8506207601100119,8.86542797088623,0.8506205034914632,8.865348815917969,0.8506218347001842
29.72207616356115,91,1,8.865374565124512,0.8506214016563833,8.86550235748291,0.8506192524760388,8.865499496459961,0.8506193005920166
29.72207616356115,92,0,11.749467849731445,0.8021174325845295,11.749455451965332,0.8021176410871003,11.749454498291016,0.8021176571257596
29.72207616356115,92,1,11.74949836730957,0.8021169193474322,11.749349594116211,0.8021194213782812,11.749459266662598,0.8021175769324631
29.72207616356115,93,0,14.43181324005127,0.7570064098078046,14.431878089904785,0.757005319178973,14.431933403015137,0.7570043889367343
29.72207616356115,93,1,14.431875228881836,0.7570053672949508,14.43184757232666,0.7570058324160702,14.43187141418457,0.757005431449588
29.72207616356115,94,0,12.43286418914795,0.7906242416091225,12.432808876037598,0.7906251718513613,12.432888984680176,0.790623824603981
29.72207616356115,94,1,12.43282699584961,0.7906248671168348,12.43287181854248,0.7906241132998482,12.432923316955566,0.7906232472122466
29.72207616356115,95,0,11.016880989074707,0.8144378976060289,11.016839027404785,0.8144386033070375,11.016899108886719,0.8144375928715024
29.72207616356115,95,1,11.016892433166504,0.8144377051421174,11.016911506652832,0.8144373843689316,11.016916275024414,0.8144373041756352
29.72207616356115,96,0,8.587891578674316,0.8552880420402363,8.587908744812012,0.8552877533443692,8.587921142578125,0.8552875448417985
29.72207616356115,96,1,8.58796501159668,0.8552868070634712,8.587920188903809,0.8552875608804578,8.587957382202148,0.8552869353727455
29.72207616356115,97,0,8.159317970275879,0.8624956872151406,8.15931224822998,0.8624957834470963,8.159285545349121,0.8624962325295563
29.72207616356115,97,1,8.159334182739258,0.8624954145579327,8.159287452697754,0.8624962004522377,8.15931224822998,0.8624957834470963
29.72207616356115,98,0,8.741165161132812,0.8527103247580742,8.741168975830078,0.852710260603437,8.741154670715332,0.8527105011833264
29.72207616356115,98,1,8.74113655090332,0.8527108059178529,8.741198539733887,0.8527097634049992,8.74116325378418,0.8527103568353928
29.72207616356115,99,0,11.21221923828125,0.8111527471399768,11.212122917175293,0.8111543670445649,11.212191581726074,0.811153212261096
29.72207616356115,99,1,11.21204948425293,0.8111556020213301,11.212133407592773,0.8111541906193127,11.212175369262695,0.811153484918304
29.72207616356115,100,0,10.223287582397461,0.8277843556622031,10.223382949829102,0.8277827517962744,10.223398208618164,0.8277824951777257
29.72207616356115,100,1,10.223381996154785,0.8277827678349337,10.223422050476074,0.8277820942112435,10.223416328430176,0.8277821904431992
29.72207616356115,101,0,11.990816116333008,0.7980584970011115,11.990923881530762,0.798056684632612,11.990949630737305,0.7980562515888112
29.72207616356115,101,1,11.99096965789795,0.7980559147769661,11.990898132324219,0.7980571176764127,11.990798950195312,0.7980587856969787
29.72207616356115,102,0,13.50229549407959,0.7726388098563677,13.502276420593262,0.7726391306295534,13.5022554397583,0.7726394834800577
29.72207616356115,102,1,13.50220012664795,0.7726404137222964,13.502189636230469,0.7726405901475486,13.502362251281738,0.7726376871502174
29.72207616356115,103,0,11.574710845947266,0.80505645274448,11.574719429016113,0.8050563083965464,11.574624061584473,0.8050579122624753
29.72207616356115,103,1,11.574789047241211,0.8050551375744184,11.57474136352539,0.8050559395073827,11.57475757598877,0.8050556668501749
29.72207616356115,104,0,12.615152359008789,0.787558564156772,12.615227699279785,0.7875572971026882,12.615163803100586,0.7875583716928605
29.72207616356115,104,1,12.615116119384766,0.787559173625825,12.615154266357422,0.7875585320794534,12.61511516571045,0.7875591896644842
29.72207616356115,105,0,14.21767520904541,0.7606077303644077,14.217660903930664,0.760607970944297,14.217601776123047,0.760608965341173
29.72207616356115,105,1,14.217679023742676,0.7606076662097705,14.21767520904541,0.7606077303644077,14.217682838439941,0.7606076020551334
29.72207616356115,106,0,14.155672073364258,0.7616504837980389,14.155725479125977,0.7616495856331188,14.155648231506348,0.7616508847645211
29.72207616356115,106,1,14.155752182006836,0.7616491365506587,14.155776977539062,0.7616487195455172,14.155728340148926,0.7616495375171409
29.72207616356115,107,0,8.075881004333496,0.8638989095162771,8.080118179321289,0.863827649753059,8.080228805541992,0.8638257892685816
29.72207616356115,107,1,8.080227851867676,0.8638258053072408,8.080272674560547,0.8638250514902543,8.080296516418457,0.8638246505237721
29.72207616356115,108,0,9.135136604309082,0.8460846102581288,9.13494873046875,0.8460877698740086,9.135209083557129,0.8460833913200229
29.72207616356115,108,1,9.135330200195312,0.8460813544102932,9.13516616821289,0.8460841130596908,9.134963035583496,0.8460875292941192
29.72207616356115,109,0,9.335124969482422,0.8427212552893867,9.335102081298828,0.8427216402172096,9.335171699523926,0.8427204693950816
29.72207616356115,109,1,9.335137367248535,0.842721046786816,9.33508586883545,0.8427219128744176,9.335140228271484,0.8427209986708382
29.72207616356115,110,0,8.143962860107422,0.8627539256683421,8.143976211547852,0.862753701127112,8.14395523071289,0.8627540539776164
29.72207616356115,110,1,8.143990516662598,0.8627534605472227,8.143962860107422,0.8627539256683421,8.143942832946777,0.862754262480187
29.72207616356115,111,0,12.465775489807129,0.7900707474770821,12.46579647064209,0.7900703946265777,12.465746879577637,0.7900712286368606
29.72207616356115,111,1,12.465847969055176,0.790069528538976,12.465831756591797,0.790069801196184,12.465770721435547,0.7900708276703785
29.72207616356115,112,0,9.874686241149902,0.8336470469851652,9.874714851379395,0.8336465658253867,9.87484359741211,0.8336444006063827
29.72207616356115,112,1,9.874672889709473,0.8336472715263953,9.874823570251465,0.8336447374182278,9.87484359741211,0.8336444006063827
29.72207616356115,113,0,13.96850872039795,0.7647981508766715,13.968621253967285,0.7647962583148754,13.968615531921387,0.7647963545468311
29.72207616356115,113,1,13.96859359741211,0.7647967234359947,13.968612670898438,0.764796402662809,13.96866512298584,0.7647955205365481
29.72207616356115,114,0,12.013388633728027,0.797678877974416,12.013420104980469,0.7976783486986594,12.013320922851562,0.7976800167192254
29.72207616356115,114,1,12.013392448425293,0.7976788138197788,12.013401985168457,0.7976786534331859,12.013470649719238,0.7976774986497172
29.72207616356115,115,0,14.839884757995605,0.7501435637302811,14.840024948120117,0.7501412060473658,14.83991813659668,0.750143002377206
29.72207616356115,115,1,14.839827537536621,0.7501445260498384,14.839900016784668,0.7501433071117325,14.839825630187988,0.750144558127157
29.72207616356115,116,0,10.06727409362793,0.8304081520125006,10.067301750183105,0.8304076868913813,10.06730842590332,0.8304075746207663
29.72207616356115,116,1,10.067304611206055,0.8304076387754035,10.067304611206055,0.8304076387754035,10.067281723022461,0.8304080237032264
29.72207616356115,117,0,10.368426322937012,0.8253434481437705,10.368355751037598,0.8253446350045578,10.368403434753418,0.8253438330715934
29.72207616356115,117,1,10.368393898010254,0.8253439934581863,10.368371963500977,0.82534436234735,10.368388175964355,0.8253440896901421
29.72207616356115,118,0,11.488479614257812,0.8065066683173314,11.48849868774414,0.8065063475441456,11.488537788391113,0.8065056899591148
29.72207616356115,118,1,11.488476753234863,0.8065067164333093,11.4884614944458,0.8065069730518579,11.488457679748535,0.8065070372064951
29.72207616356115,119,0,14.943910598754883,0.7483940828137687,14.943634986877441,0.748398717986303,14.943767547607422,0.748396488612662
29.72207616356115,119,1,14.943782806396484,0.7483962319941133,14.943692207336426,0.7483977556667457,14.94381046295166,0.7483957668729939
29.72207616356115,120,0,9.344666481018066,0.8425607885032069,9.34468936920166,0.842560403575384,9.344672203063965,0.8425606922712512
29.72207616356115,120,1,9.34461498260498,0.8425616545908085,9.344672203063965,0.8425606922712512,9.344613075256348,0.842561686668127
29.72207616356115,121,0,14.594756126403809,0.754266076559118,14.594719886779785,0.7542666860281709,14.594837188720703,0.7542647132730785
29.72207616356115,121,1,14.594785690307617,0.7542655793606801,14.594697952270508,0.7542670549173346,14.594722747802734,0.7542666379121931
29.72207616356115,122,0,11.244152069091797,0.8106157086723661,11.244184494018555,0.8106151633579503,11.24419116973877,0.8106150510873352
29.72207616356115,122,1,11.244099617004395,0.8106165907986269,11.244170188903809,0.8106154039378396,11.244136810302734,0.8106159652909147
29.72207616356115,123,0,10.617733001708984,0.8211506699485914,10.617655754089355,0.8211519690799938,10.617671966552734,0.8211516964227858
29.72207616356115,123,1,10.61773681640625,0.8211506057939543,10.61762809753418,0.8211524342011132,10.617720603942871,0.8211508784511621
29.72207616356115,124,0,8.352017402648926,0.8592549157193392,8.351997375488281,0.8592552525311843,8.352059364318848,0.8592542100183306
29.72207616356115,124,1,8.352001190185547,0.8592551883765471,8.351973533630371,0.8592556534976665,8.351980209350586,0.8592555412270515
29.72207616356115,125,0,9.228205680847168,0.84451939749818,9.228218078613281,0.8445191889956093,9.228191375732422,0.8445196380780693
29.72207616356115,125,1,9.228201866149902,0.8445194616528171,9.228198051452637,0.8445195258074543,9.228185653686523,0.844519734310025
29.72207616356115,126,0,8.881766319274902,0.8503457291805354,8.881896018981934,0.8503435479228723,8.881853103637695,0.8503442696625402
29.72207616356115,126,1,8.881843566894531,0.8503444300491331,8.881856918334961,0.8503442055079031,8.88187026977539,0.8503439809666731
29.72207616356115,127,0,9.594172477722168,0.8383646582282366,9.593989372253418,0.83836773765082,9.594080924987793,0.8383661979395283
29.72207616356115,127,1,9.594073295593262,0.8383663262488026,9.594136238098145,0.8383652676972895,9.594117164611816,0.8383655884704753
20.324220585062683,0,0,10.361258506774902,0.7446500410672661,10.3613862991333,0.7446468991248152,10.361310005187988,0.7446487749113531
20.324220585062683,0,1,10.361339569091797,0.7446480480440696,10.361324310302734,0.7446484232013773,10.361300468444824,0.7446490093846703
20.324220585062683,1,0,11.462671279907227,0.7175703659498622,11.462809562683105,0.7175669660867623,11.462830543518066,0.7175664502454644
20.324220585062683,1,1,11.462654113769531,0.7175707880018333,11.462772369384766,0.7175678805326995,11.462759971618652,0.717568185348012
20.324220585062683,2,0,12.47107982635498,0.692777321516794,12.471126556396484,0.6927761725975395,12.471136093139648,0.6927759381242223
20.324220585062683,2,1,12.471171379089355,0.6927750705729485,12.471104621887207,0.6927767118861692,12.471108436584473,0.6927766180968423
20.324220585062683,3,0,20.41530990600586,0.4974580235545508,20.41530418395996,0.49745816423854117,20.41516876220703,0.4974614937596459
20.324220585062683,3,1,20.415508270263672,0.4974531465095523,20.41531753540039,0.497457835975897,20.41519546508789,0.49746083723435763
20.324220585062683,4,0,16.639373779296875,0.5902943570978363,16.639474868774414,0.5902918716806735,16.639657974243164,0.5902873697929827
20.324220585062683,4,1,16.639440536499023,0.5902927157846156,16.639524459838867,0.590290652419424,16.63950538635254,0.5902911213660584
20.324220585062683,5,0,11.311685562133789,0.721282547508321,11.31183910369873,0.7212787724879135,11.311838150024414,0.7212787959352452
20.324220585062683,5,1,11.31174373626709,0.7212811172210858,11.311838150024414,0.7212787959352452,11.311769485473633,0.7212804841431293
20.324220585062683,6,0,13.318639755249023,0.6719389509468685,13.318685531616211,0.6719378254749458,13.318840980529785,0.6719340035598749
20.324220585062683,6,1,13.318609237670898,0.6719397012614837,13.318726539611816,0.6719368172396818,13.318437576293945,0.671943921781194
20.324220585062683,7,0,11.72697925567627,0.7110720083046995,11.72676944732666,0.7110771667176787,11.726913452148438,0.7110736261705884
20.324220585062683,7,1,11.726829528808594,0.7110756895357802,11.726722717285156,0.7110783156369331,11.726886749267578,0.7110742826958767
20.324220585062683,8,0,10.197578430175781,0.7486743300582959,10.197516441345215,0.7486758541348579,10.19752311706543,0.7486756900035358
20.324220585062683,8,1,10.197509765625,0.74867601826618,10.197504997253418,0.7486761355028386,10.197406768798828,0.748678550578006
20.324220585062683,9,0,17.29950523376465,0.5740641609735183,17.299543380737305,0.5740632230802494,17.2994441986084,0.5740656616027486
20.324220585062683,9,1,17.299482345581055,0.5740647237094797,17.299510955810547,0.574064020289528,17.299489974975586,0.5740645361308259
20.324220585062683,10,0,15.372553825378418,0.6214407843240211,15.372661590576172,0.6214381347755363,15.372607231140137,0.6214394712734446
20.324220585062683,10,1,15.372492790222168,0.6214422849532515,15.372557640075684,0.6214406905346942,15.372507095336914,0.6214419332432756
20.324220585062683,11,0,17.99791717529297,0.5568927889538204,17.997819900512695,0.5568951805816563,17.997943878173828,0.5568921324285323
20.324220585062683,11,1,17.997892379760742,0.5568933985844453,17.997819900512695,0.5568951805816563,17.997867584228516,0.5568940082150702
20.324220585062683,12,0,12.072108268737793,0.7025865596379683,12.071985244750977,0.7025895843437607,12.072036743164062,0.7025883181878476
20.324220585062683,12,1,12.072012901306152,0.7025889043711407,12.072160720825195,0.7025852700347236,12.072117805480957,0.7025863251646511
20.324220585062683,13,0,13.231169700622559,0.674089516765213,13.23111629486084,0.6740908298157895,13.231048583984375,0.6740924945763418
20.324220585062683,13,1,13.23115348815918,0.6740899153698523,13.23109245300293,0.6740914159990825,13.231183052062988,0.6740891885025688
20.324220585062683,14,0,12.770493507385254,0.6854158441435589,12.770380020141602,0.685418634376034,12.770349502563477,0.6854193846906491
20.324220585062683,14,1,12.770458221435547,0.6854167116948326,12.770430564880371,0.6854173916674526,12.770398139953613,0.6854181888767312
20.324220585062683,15,0,11.973845481872559,0.7050024789094271,11.973970413208008,0.7049994073089714,11.973999977111816,0.704998680441688
20.324220585062683,15,1,11.973984718322754,0.7049990555989956,11.973973274230957,0.7049993369669763,11.973928451538086,0.7050004389915673
20.324220585062683,16,0,8.780926704406738,0.783504567571554,8.780838966369629,0.7835067247260725,8.78084659576416,0.7835065371474188
20.324220585062683,16,1,8.78088665008545,0.7835055523594864,8.780869483947754,0.7835059744114574,8.780827522277832,0.7835070060940532
20.324220585062683,17,0,17.566415786743164,0.5675018155600823,17.566591262817383,0.5674975012510451,17.56627082824707,0.5675053795545042
20.324220585062683,17,1,17.566186904907227,0.5675074429196959,17.56629180908203,0.5675048637132063,17.56614875793457,0.5675083808129648
20.324220585062683,18,0,13.6144437789917,0.6646662217242068,13.6144380569458,0.6646663624081971,13.614506721496582,0.664664674200313
20.324220585062683,18,1,13.614461898803711,0.664665776224904,13.614418029785156,0.6646668548021633,13.614420890808105,0.6646667844601681
20.324220585062683,19,0,14.325945854187012,0.6471730116292727,14.32606315612793,0.6471701276074706,14.326008796691895,0.647171464105379
20.324220585062683,19,1,14.326056480407715,0.6471702917387927,14.32612419128418,0.6471686269782404,14.325966835021973,0.6471724957879748
20.324220585062683,20,0,14.81701946258545,0.635099323999573,14.817078590393066,0.6350978702650062,14.817132949829102,0.635096533767098
20.324220585062683,20,1,14.817014694213867,0.6350994412362316,14.817028045654297,0.6350991129735876,14.817144393920898,0.6350962523991173
20.324220585062683,21,0,18.87582778930664,0.5353082070517958,18.87598991394043,0.5353042210054029,18.876012802124023,0.5353036582694415
20.324220585062683,21,1,18.87592124938965,0.535305909213287,18.87589454650879,0.5353065657385752,18.875932693481445,0.5353056278453063
20.324220585062683,22,0,11.652789115905762,0.7128960700287946,11.652830123901367,0.7128950617935306,11.652847290039062,0.7128946397415594
20.324220585062683,22,1,11.652795791625977,0.7128959058974726,11.652867317199707,0.7128941473475934,11.652832984924316,0.7128949914515353
20.324220585062683,23,0,12.559483528137207,0.6906038007606924,12.559466361999512,0.6906042228126634,12.559347152709961,0.6906071537291288
20.324220585062683,23,1,12.559550285339355,0.6906021594474718,12.559375762939453,0.6906064503091771,12.559392929077148,0.6906060282572062
20.324220585062683,24,0,11.812715530395508,0.7089640697354285,11.812967300415039,0.7089578796398535,11.813035011291504,0.708956214879301
20.324220585062683,24,1,11.81284236907959,0.7089609512403092,11.813007354736328,0.708956894851921,11.813061714172363,0.7089555583540128
20.324220585062683,25,0,17.47413444519043,0.5697706731669715,17.474279403686523,0.5697671091725496,17.474088668823242,0.5697717986388942
20.324220585062683,25,1,17.4741268157959,0.5697708607456253,17.47425651550293,0.5697676719085109,17.473825454711914,0.5697782701024499
20.324220585062683,26,0,13.257667541503906,0.6734380326532765,13.26086711883545,0.6733593668553443,13.260835647583008,0.6733601406172911
20.324220585062683,26,1,13.260947227478027,0.6733573972794795,13.260818481445312,0.6733605626692623,13.260958671569824,0.6733571159114988
20.324220585062683,27,0,18.007604598999023,0.5566546109581736,18.007761001586914,0.5566507655957709,18.00768280029297,0.5566526882769722
20.324220585062683,27,1,18.007680892944336,0.5566527351716357,18.0076847076416,0.5566526413823087,18.007713317871094,0.5566519379623571
20.324220585062683,28,0,11.981021881103516,0.7048260377382081,11.981056213378906,0.7048251936342661,11.98095417022705,0.7048277024987605
20.324220585062683,28,1,11.980934143066406,0.7048281948927266,11.980981826782227,0.7048270225261406,11.980997085571289,0.7048266473688329
20.324220585062683,29,0,11.64669418334961,0.7130459219258393,11.668375015258789,0.7125128702864381,11.66836166381836,0.7125131985490822
20.324220585062683,29,1,11.668342590332031,0.7125136674957167,11.668290138244629,0.7125149570989615,11.668399810791016,0.7125122606558132
20.324220585062683,30,0,14.141369819641113,0.6517110551056953,14.141385078430176,0.6517106799483876,14.141362190246582,0.651711242684349
20.324220585062683,30,1,14.141390800476074,0.6517105392643974,14.14139175415039,0.6517105158170656,14.1414213180542,0.6517097889497822
20.324220585062683,31,0,15.30315113067627,0.6231471404428645,15.303062438964844,0.6231493210447148,15.303093910217285,0.6231485472827678
20.324220585062683,31,1,15.303152084350586,0.6231471169955327,15.303129196166992,0.6231476797314941,15.302976608276367,0.6231514313045698
20.324220585062683,32,0,11.136181831359863,0.7255975365180583,11.136232376098633,0.7255962938094769,11.136245727539062,0.7255959655468327
20.324220585062683,32,1,11.13629150390625,0.72559484007491,11.136228561401367,0.7255963875988038,11.136178970336914,0.7255976068600534
20.324220585062683,33,0,11.57877254486084,0.7147158643385161,11.578752517700195,0.7147163567324823,11.578750610351562,0.7147164036271457
20.324220585062683,33,1,11.578649520874023,0.7147188890443084,11.578763008117676,0.7147160988118333,11.578750610351562,0.7147164036271457
20.324220585062683,34,0,12.412094116210938,0.694227562431222,12.412373542785645,0.694220692363027,12.412223815917969,0.6942243735941076
20.324220585062683,34,1,12.41227912902832,0.6942230136488676,12.412238121032715,0.6942240218841318,12.41238784790039,0.6942203406530512
20.324220585062683,35,0,10.31088924407959,0.7458884353395725,10.310930252075195,0.7458874271043084,10.31089973449707,0.7458881774189237
20.324220585062683,35,1,10.310968399047852,0.7458864892110395,10.310978889465332,0.7458862312903906,10.310954093933105,0.7458868409210153
20.324220585062683,36,0,11.127025604248047,0.7258226543499352,11.127103805541992,0.725820731668734,11.127154350280762,0.7258194889601526
20.324220585062683,36,1,11.127009391784668,0.7258230529545745,11.127140998840332,0.7258198172227968,11.127113342285156,0.7258204971954167
20.324220585062683,37,0,11.818411827087402,0.7088240188230441,11.818533897399902,0.7088210175645835,11.818585395812988,0.7088197514086705
20.324220585062683,37,1,11.818570137023926,0.7088201265659781,11.818625450134277,0.7088187666207382,11.818550109863281,0.7088206189599442
20.324220585062683,38,0,10.407894134521484,0.743503443098657,10.408045768737793,0.743499714972913,10.407831192016602,0.7435049906225508
20.324220585062683,38,1,10.407951354980469,0.7435020362587537,10.407914161682129,0.7435029507046909,10.408034324645996,0.7434999963408937
20.324220585062683,39,0,13.46033763885498,0.6684551229520647,13.460735321044922,0.668445345414736,13.460699081420898,0.6684462364133414
20.324220585062683,39,1,13.460721969604492,0.6684456736773801,13.460627555847168,0.6684479949632207,13.460674285888672,0.6684468460439663
20.324220585062683,40,0,15.291906356811523,0.6234236079312159,15.291962623596191,0.623422224538644,15.292051315307617,0.6234200439367938
20.324220585062683,40,1,15.292071342468262,0.6234195515428276,15.291966438293457,0.6234221307493173,15.292049407958984,0.6234200908314573
20.324220585062683,41,0,12.932778358459473,0.6814258585988405,12.932761192321777,0.6814262806508116,12.932705879211426,0.6814276405960515
20.324220585062683,41,1,12.932818412780762,0.6814248738109081,12.932719230651855,0.6814273123334074,12.932770729064941,0.6814260461774944
20.324220585062683,42,0,11.70387077331543,0.7116401605996907,11.70376205444336,0.7116428335955072,11.703856468200684,0.7116405123096666
20.324220585062683,42,1,11.70384693145752,0.7116407467829838,11.703852653503418,0.7116406060989935,11.703840255737305,0.7116409109143059
20.324220585062683,43,0,12.10895824432373,0.7016805547401738,12.108942985534668,0.7016809298974813,12.108987808227539,0.7016798278728904
20.324220585062683,43,1,12.109049797058105,0.7016783037963283,12.10899543762207,0.7016796402942366,12.108935356140137,0.7016811174761352
20.324220585062683,44,0,13.1677885055542,0.6756478264315543,13.167861938476562,0.6756460209870117,13.167826652526855,0.6756468885382854
20.324220585062683,44,1,13.167781829833984,0.6756479905628764,13.167771339416504,0.6756482484835253,13.167778968811035,0.6756480609048716
20.324220585062683,45,0,17.39377212524414,0.5717464860219809,17.393857955932617,0.5717443757621257,17.39392852783203,0.5717426406595782
20.324220585062683,45,1,17.393766403198242,0.5717466267059712,17.393798828125,0.5717458294966926,17.393814086914062,0.571745454339385
20.324220585062683,46,0,20.352951049804688,0.49899119768128464,20.35303497314453,0.49898913431609293,20.352949142456055,0.498991244575948
20.324220585062683,46,1,20.35285186767578,0.4989936362037839,20.352903366088867,0.4989923700478708,20.353246688842773,0.49898392900845034
20.324220585062683,47,0,11.84355640411377,0.7082058064748233,11.84348201751709,0.7082076353666977,11.84353256225586,0.7082063926581164
20.324220585062683,47,1,11.84349536895752,0.7082073071040537,11.843489646911621,0.708207447788044,11.843457221984863,0.7082082449973226
20.324220585062683,48,0,12.303495407104492,0.6968976038838997,12.303443908691406,0.6968988700398127,12.30346393585205,0.6968983776458465
20.324220585062683,48,1,12.303421020507812,0.696899432775774,12.303458213806152,0.6968985183298368,12.303522109985352,0.6968969473586114
20.324220585062683,49,0,20.67311668395996,0.4911195063697469,20.673234939575195,0.4911165989006132,20.67327117919922,0.49111570790200765
20.324220585062683,49,1,20.673038482666016,0.49112142905094824,20.67306137084961,0.49112086631498686,20.672880172729492,0.49112532130801434
20.324220585062683,50,0,11.816912651062012,0.7088608780285135,11.816841125488281,0.7088626365783928,11.816832542419434,0.7088628476043782
20.324220585062683,50,1,11.816848754882812,0.7088624489997389,11.816890716552734,0.708861417317143,11.81689739227295,0.708861253185821
20.324220585062683,51,0,11.233521461486816,0.7232043142637078,11.233535766601562,0.7232039625537319,11.233564376831055,0.7232032591337803
20.324220585062683,51,1,11.233588218688965,0.7232026729504871,11.233515739440918,0.7232044549476981,11.233574867248535,0.7232030012131312
20.324220585062683,52,0,11.959259986877441,0.7053610824008059,11.95911979675293,0.7053645291585692,11.959114074707031,0.7053646698425595
20.324220585062683,52,1,11.959127426147461,0.7053643415799153,11.958982467651367,0.7053679055743374,11.959108352661133,0.7053648105265499
20.324220585062683,53,0,13.703285217285156,0.662481938642844,13.703293800354004,0.6624817276168585,13.70335578918457,0.6624802035402966
20.324220585062683,53,1,13.703227043151855,0.6624833689300792,13.703381538391113,0.66247957046234,13.7032470703125,0.662482876536113
20.324220585062683,54,0,17.086360931396484,0.579304592719049,17.086299896240234,0.5793060933482792,17.086315155029297,0.5793057181909718
20.324220585062683,54,1,17.08637046813965,0.5793043582457318,17.086328506469727,0.5793053899283276,17.08637046813965,0.5793043582457318
20.324220585062683,55,0,14.860053062438965,0.6340412866028835,14.859969139099121,0.6340433499680751,14.85998821258545,0.6340428810214407
20.324220585062683,55,1,14.859991073608398,0.6340428106794456,14.86005973815918,0.6340411224715614,14.860040664672852,0.6340415914181958
20.324220585062683,56,0,16.65932273864746,0.5898038858128449,16.659149169921875,0.5898081532272186,16.659177780151367,0.5898074498072668
20.324220585062683,56,1,16.659252166748047,0.5898056209153925,16.65924072265625,0.589805902283373,16.659080505371094,0.5898098414351027
20.324220585062683,57,0,11.336637496948242,0.7206690715211084,11.336957931518555,0.7206611932176492,11.337072372436523,0.7206583795378424
20.324220585062683,57,1,11.336782455444336,0.7206655075266863,11.336806297302246,0.7206649213433932,11.336793899536133,0.7206652261587057
20.324220585062683,58,0,12.96898078918457,0.6805357744392861,12.969054222106934,0.6805339689947434,12.969090461730957,0.6805330779961379
20.324220585062683,58,1,12.969213485717773,0.6805300532903455,12.969029426574707,0.6805345786253683,12.968999862670898,0.6805353054926517
20.324220585062683,59,0,12.19102668762207,0.6996627946087111,12.191203117370605,0.6996584568523423,12.19115924835205,0.6996595354296016
20.324220585062683,59,1,12.191079139709473,0.6996615050054664,12.19108772277832,0.6996612939794808,12.191055297851562,0.6996620911887594
20.324220585062683,60,0,10.081242561340332,0.751534599713246,10.081082344055176,0.7515385388649756,10.081204414367676,0.7515355376065149
20.324220585062683,60,1,10.08124828338623,0.7515344590292556,10.081134796142578,0.7515372492617307,10.081104278564453,0.7515379995763459
20.324220585062683,61,0,14.997037887573242,0.6306733353214569,14.997153282165527,0.6306704981943183,14.997184753417969,0.6306697244323716
20.324220585062683,61,1,14.997184753417969,0.6306697244323716,14.997243881225586,0.6306682706978046,14.997159004211426,0.6306703575103281
20.324220585062683,62,0,14.905396461486816,0.6329264597687597,14.905492782592773,0.6329240915882557,14.90542984008789,0.6329256391121494
20.324220585062683,62,1,14.905406951904297,0.6329262018481108,14.905403137207031,0.6329262956374376,14.90546703338623,0.6329247246662122
20.324220585062683,63,0,15.01547908782959,0.6302199342679203,15.015509605407715,0.6302191839533051,15.015460014343262,0.6302204032145549
20.324220585062683,63,1,15.015496253967285,0.6302195122159493,15.015472412109375,0.6302200983992423,15.015435218811035,0.6302210128451795
20.324220585062683,64,0,12.526040077209473,0.6914260517895708,12.526225090026855,0.6914215030072164,12.526073455810547,0.6914252311329605
20.324220585062683,64,1,12.525866508483887,0.6914303192039445,12.52599811553955,0.6914270834721666,12.526237487792969,0.6914211981919041
20.324220585062683,65,0,12.001655578613281,0.7043187312690393,12.001758575439453,0.7043161989572131,12.001708030700684,0.7043174416657945
20.324220585062683,65,1,12.001694679260254,0.7043177699284386,12.001738548278809,0.7043166913511794,12.001715660095215,0.7043172540871407
20.324220585062683,66,0,12.996637344360352,0.6798558018193057,12.996665000915527,0.6798551218466857,12.996585845947266,0.6798570679752187
20.324220585062683,66,1,12.996696472167969,0.6798543480847388,12.996622085571289,0.6798561769766133,12.996511459350586,0.6798588968670931
20.324220585062683,67,0,13.340662002563477,0.6713975051627104,13.340628623962402,0.6713983258193207,13.340607643127441,0.6713988416606186
20.324220585062683,67,1,13.340502738952637,0.6714014208671082,13.340582847595215,0.6713994512912433,13.34066104888916,0.6713975286100421
20.324220585062683,68,0,14.137540817260742,0.6518051961425649,14.137442588806152,0.6518076112177325,14.13735294342041,0.6518098152669145
20.324220585062683,68,1,14.137494087219238,0.6518063450618194,14.137486457824707,0.6518065326404732,14.137506484985352,0.651806040246507
20.324220585062683,69,0,12.140071868896484,0.7009155855426958,12.140202522277832,0.7009123732582496,12.14022445678711,0.7009118339696201
20.324220585062683,69,1,12.140213012695312,0.7009121153376008,12.140254020690918,0.7009111071023366,12.140192031860352,0.7009126311788987
20.324220585062683,70,0,12.800651550292969,0.6846743691724677,12.800651550292969,0.6846743691724677,12.800581932067871,0.6846760808276836
20.324220585062683,70,1,12.800522804260254,0.6846775345622504,12.800541877746582,0.684677065615616,12.800655364990234,0.684674275383141
20.324220585062683,71,0,15.696287155151367,0.613481376544506,15.696271896362305,0.6134817517018134,15.696420669555664,0.6134780939180646
20.324220585062683,71,1,15.69642162322998,0.6134780704707329,15.696398735046387,0.6134786332066943,15.696496963500977,0.6134762181315268
20.324220585062683,72,0,9.446667671203613,0.7671364542420386,9.446676254272461,0.7671362432160531,9.446596145629883,0.7671382127919179
20.324220585062683,72,1,9.446561813354492,0.7671390568958599,9.44678783416748,0.7671334998782414,9.446718215942383,0.7671352115334573
20.324220585062683,73,0,13.338918685913086,0.6714403668851008,13.338980674743652,0.6714388428085388,13.338910102844238,0.6714405779110864
20.324220585062683,73,1,13.338955879211426,0.6714394524391636,13.338942527770996,0.6714397807018078,13.339021682739258,0.6714378345732748
20.324220585062683,74,0,13.2560453414917,0.6734779165645381,13.25606632232666,0.6734774007232402,13.256033897399902,0.6734781979325188
20.324220585062683,74,1,13.25606918334961,0.673477330381245,13.25609302520752,0.6734767441979519,13.256011962890625,0.6734787372211484
20.324220585062683,75,0,11.365589141845703,0.7199572574246473,11.365679740905762,0.7199550299281336,11.365729331970215,0.719953810666884
20.324220585062683,75,1,11.365623474121094,0.7199564133207054,11.365777015686035,0.7199526383002979,11.365630149841309,0.7199562491893833
20.324220585062683,76,0,12.026373863220215,0.7037109998780988,12.026209831237793,0.7037150328191553,12.026124000549316,0.7037171430790103
20.324220585062683,76,1,12.026342391967773,0.7037117736400458,12.026179313659668,0.7037157831337704,12.026116371154785,0.7037173306576642
20.324220585062683,77,0,15.83893871307373,0.6099741012179785,15.83889389038086,0.6099752032425696,15.838956832885742,0.6099736557186758
20.324220585062683,77,1,15.838899612426758,0.6099750625585791,15.838813781738281,0.6099771728184342,15.839024543762207,0.6099719909581234
20.324220585062683,78,0,9.760221481323242,0.7594273232813397,9.760237693786621,0.7594269246767004,9.760169982910156,0.7594285894372528
20.324220585062683,78,1,9.760307312011719,0.7594252130214846,9.760234832763672,0.7594269950186956,9.760236740112305,0.7594269481240321
20.324220585062683,79,0,16.09385871887207,0.6037065591063016,16.093904495239258,0.6037054336343788,16.093921661376953,0.6037050115824079
20.324220585062683,79,1,16.093984603881836,0.603703464058514,16.094017028808594,0.6037026668492355,16.09385871887207,0.6037065591063016
20.324220585062683,80,0,12.79472541809082,0.6848200708917973,12.79470443725586,0.6848205867330953,12.794870376586914,0.6848165068973754
20.324220585062683,80,1,12.79477310180664,0.6848188985252113,12.79489517211914,0.6848158972667506,12.794849395751953,0.6848170227386734
20.324220585062683,81,0,10.571045875549316,0.739492143929402,10.571091651916504,0.7394910184574793,10.57114315032959,0.7394897523015662
20.324220585062683,81,1,10.571114540100098,0.739490455721518,10.571083068847656,0.7394912294834648,10.571094512939453,0.7394909481154841
20.324220585062683,82,0,13.373610496520996,0.6705874232989963,13.37348461151123,0.670590518346784,13.373496055603027,0.6705902369788033
20.324220585062683,82,1,13.373493194580078,0.6705903073207984,13.373531341552734,0.6705893694275294,13.373517990112305,0.6705896976901736
20.324220585062683,83,0,15.540278434753418,0.6173170551991521,15.540350914001465,0.6173152732019411,15.540251731872559,0.6173177117244404
20.324220585062683,83,1,15.540390014648438,0.6173143118613404,15.540379524230957,0.6173145697819895,15.540349960327148,0.6173152966492729
20.324220585062683,84,0,12.520685195922852,0.691557708557198,12.52074909210205,0.6915561375859726,12.520594596862793,0.6915599360537118
20.324220585062683,84,1,12.520729064941406,0.6915566299799387,12.520689964294434,0.6915575913205394,12.520723342895508,0.6915567706639292
20.324220585062683,85,0,20.202957153320312,0.5026789940147509,20.202983856201172,0.5026783374894628,20.203033447265625,0.502677118228213
20.324220585062683,85,1,20.203020095825195,0.5026774464908572,20.202821731567383,0.5026823235358557,20.20291519165039,0.5026800256973467
20.324220585062683,86,0,12.762127876281738,0.685621524137437,12.762018203735352,0.6856242205805854,12.761906623840332,0.685626963918397
20.324220585062683,86,1,12.76196575164795,0.68562551018383,12.761990547180176,0.6856249005532052,12.761956214904785,0.6856257446571473
20.324220585062683,87,0,10.557899475097656,0.7398153653972099,10.55793571472168,0.7398144743986045,10.557844161987305,0.7398167253424499
20.324220585062683,87,1,10.557771682739258,0.7398185073396609,10.55789852142334,0.7398153888445418,10.557897567749023,0.7398154122918734
20.324220585062683,88,0,12.842692375183105,0.6836407404481024,12.842484474182129,0.683645851966418,12.842596054077148,0.6836431086286063
20.324220585062683,88,1,12.842609405517578,0.6836427803659623,12.842561721801758,0.6836439527325484,12.84270191192627,0.6836405059747851
20.324220585062683,89,0,10.900320053100586,0.7313965071525735,10.900253295898438,0.7313981484657941,10.900318145751953,0.7313965540472369
20.324220585062683,89,1,10.900304794311523,0.7313968823098811,10.900283813476562,0.731397398151179,10.900300979614258,0.7313969760992081
20.324220585062683,90,0,10.4777193069458,0.7417866998118602,10.477757453918457,0.7417857619185912,10.47771167755127,0.741786887390514
20.324220585062683,90,1,10.477734565734863,0.7417863246545526,10.477677345275879,0.741787731494456,10.477675437927246,0.7417877783891195
20.324220585062683,91,0,10.800873756408691,0.7338415245627011,10.801188468933105,0.7338337869432323,10.801177978515625,0.7338340448638814
20.324220585062683,91,1,10.801103591918945,0.7338358737557558,10.80100154876709,0.7338383826202501,10.801054000854492,0.7338370930170054
20.324220585062683,92,0,13.06838607788086,0.6780917652644227,13.068489074707031,0.6780892329525965,13.068486213684082,0.6780893032945916
20.324220585062683,92,1,13.068377494812012,0.6780919762904081,13.068463325500488,0.678089866030553,13.068355560302734,0.6780925155790378
20.324220585062683,93,0,16.798603057861328,0.58637949680396,16.798490524291992,0.5863822635891034,16.798564910888672,0.5863804346972289
20.324220585062683,93,1,16.798511505126953,0.5863817477478054,16.798601150512695,0.5863795436986234,16.79851531982422,0.5863816539584785
20.324220585062683,94,0,14.585257530212402,0.6407974945550092,14.585190773010254,0.6407991358682298,14.585301399230957,0.64079641597775
20.324220585062683,94,1,14.585272789001465,0.6407971193977016,14.585248947143555,0.6407977055809947,14.585189819335938,0.6407991593155615
20.324220585062683,95,0,12.800159454345703,0.684686467995637,12.799993515014648,0.684690547831357,12.800073623657227,0.6846885782554921
20.324220585062683,95,1,12.800209999084473,0.6846852252870557,12.800165176391602,0.6846863273116468,12.800119400024414,0.6846874527835695
20.324220585062683,96,0,10.216344833374023,0.7482129334646415,10.216383934020996,0.7482119721240409,10.216365814208984,0.7482124176233436
20.324220585062683,96,1,10.21633529663086,0.7482131679379588,10.216346740722656,0.7482128865699781,10.216387748718262,0.748211878334714
20.324220585062683,97,0,10.134243965148926,0.7502314908053828,10.134269714355469,0.7502308577274263,10.134204864501953,0.7502324521459834
20.324220585062683,97,1,10.134313583374023,0.750229779150167,10.134316444396973,0.7502297088081717,10.134271621704102,0.7502308108327628
20.324220585062683,98,0,10.595848083496094,0.7388823491732699,10.595846176147461,0.7388823960679334,10.595890045166016,0.7388813174906741
20.324220585062683,98,1,10.59585189819336,0.738882255383943,10.595890045166016,0.7388813174906741,10.595854759216309,0.7388821850419478
20.324220585062683,99,0,13.426399230957031,0.6692895431461076,13.426555633544922,0.669285697783705,13.426398277282715,0.6692895665934393
20.324220585062683,99,1,13.426340103149414,0.6692909968806744,13.426348686218262,0.6692907858546888,13.426411628723145,0.6692892383307951
20.324220585062683,100,0,11.63908576965332,0.7132329847383291,11.639102935791016,0.713232562686358,11.639093399047852,0.7132327971596752
20.324220585062683,100,1,11.639058113098145,0.7132336647109491,11.639098167419434,0.7132326799230166,11.639144897460938,0.7132315310037622
20.324220585062683,101,0,15.258293151855469,0.624250032585141,15.258049964904785,0.6242560116547304,15.25798225402832,0.6242576764152828
20.324220585062683,101,1,15.258116722106934,0.6242543703415098,15.258301734924316,0.6242498215591554,15.258132934570312,0.6242539717368705
20.324220585062683,102,0,16.934228897094727,0.5830449579702393,16.93415641784668,0.5830467399674504,16.934354782104492,0.5830418629224519
20.324220585062683,102,1,16.934385299682617,0.5830411126078366,16.934175491333008,0.5830462710208159,16.934303283691406,0.5830431290783649
20.324220585062683,103,0,13.687854766845703,0.6628613164701297,13.687975883483887,0.6628583386590008,13.687929153442383,0.6628594875782552
20.324220585062683,103,1,13.687986373901367,0.6628580807383518,13.68792724609375,0.6628595344729187,13.68792724609375,0.6628595344729187
20.324220585062683,104,0,15.510285377502441,0.6180544737818551,15.51025390625,0.6180552475438019,15.510424613952637,0.6180510504714234
20.324220585062683,104,1,15.510324478149414,0.6180535124412544,15.510210037231445,0.6180563261210612,15.510289192199707,0.6180543799925282
20.324220585062683,105,0,15.83615493774414,0.6100425439792794,15.836277961730957,0.610039519273487,15.83617115020752,0.6100421453746401
20.324220585062683,105,1,15.836268424987793,0.6100397537468042,15.836250305175781,0.610040199246107,15.836187362670898,0.6100417467700008
20.324220585062683,106,0,18.681833267211914,0.5400778163763194,18.681819915771484,0.5400781446389635,18.68181800842285,0.5400781915336269
20.324220585062683,106,1,18.681800842285156,0.5400786135855979,18.68178939819336,0.5400788949535786,18.68191909790039,0.5400757061164643
20.324220585062683,107,0,9.14827823638916,0.7744727491810027,9.148321151733398,0.7744716940510752,9.148360252380371,0.7744707327104745
20.324220585062683,107,1,9.148049354553223,0.7744783765406164,9.14836311340332,0.7744706623684794,9.148390769958496,0.7744699823958594
20.324220585062683,108,0,11.339921951293945,0.7205883189106527,11.3399076461792,0.7205886706206286,11.339835166931152,0.7205904526178395
20.324220585062683,108,1,11.339900970458984,0.7205888347519507,11.339795112609863,0.7205914374057719,11.339920043945312,0.7205883658053162
20.324220585062683,109,0,11.297290802001953,0.7216364615333549,11.297133445739746,0.7216403303430894,11.297320365905762,0.7216357346660716
20.324220585062683,109,1,11.297396659851074,0.7216338588795337,11.297191619873047,0.7216389000558542,11.297191619873047,0.7216389000558542
20.324220585062683,110,0,9.594765663146973,0.7634952712040385,9.594748497009277,0.7634956932560095,9.59477424621582,0.763495060178053
20.324220585062683,110,1,9.594801902770996,0.763494380205433,9.594805717468262,0.7634942864161061,9.594791412353516,0.763494638126082
20.324220585062683,111,0,15.13455581665039,0.627292276981597,15.134462356567383,0.6272945748201058,15.134592056274414,0.6272913859829914
20.324220585062683,111,1,15.134477615356445,0.6272941996627983,15.134347915649414,0.6272973884999127,15.134390830993652,0.627296333369985
20.324220585062683,112,0,11.872698783874512,0.7074893029120177,11.872714042663574,0.7074889277547102,11.872732162475586,0.7074884822554074
20.324220585062683,112,1,11.872578620910645,0.7074922572758149,11.872784614562988,0.7074871926521626,11.872720718383789,0.7074887636233881
20.324220585062683,113,0,16.407377243041992,0.5959982956968763,16.40744972229004,0.5959965136996654,16.40726661682129,0.5960010155873563
20.324220585062683,113,1,16.391935348510742,0.5963779548921426,16.40738296508789,0.5959981550128861,16.407583236694336,0.5959932310732241
20.324220585062683,114,0,14.428525924682617,0.6446509462871017,14.428596496582031,0.6446492111845542,14.428590774536133,0.6446493518685446
20.324220585062683,114,1,14.428576469421387,0.6446497035785204,14.428650856018066,0.644647874686646,14.428576469421387,0.6446497035785204
20.324220585062683,115,0,18.161672592163086,0.5528666476235846,18.161930084228516,0.5528603168440193,18.161645889282227,0.5528673041488729
20.324220585062683,115,1,18.16160011291504,0.5528684296207955,18.16141700744629,0.5528729315084865,18.161653518676758,0.552867116570219
20.324220585062683,116,0,12.60785961151123,0.689414411411688,12.607831001281738,0.6894151148316396,12.607808113098145,0.689415677567601
20.324220585062683,116,1,12.607847213745117,0.6894147162270003,12.607882499694824,0.6894138486757266,12.607813835144043,0.6894155368836108
20.324220585062683,117,0,12.006935119628906,0.7041889268406182,12.006942749023438,0.7041887392619643,12.006897926330566,0.7041898412865555
20.324220585062683,117,1,12.007060050964355,0.7041858552401624,12.007010459899902,0.704187074501412,12.006930351257324,0.7041890440772768
20.324220585062683,118,0,13.83388614654541,0.6592709437999744,13.833931922912598,0.6592698183280516,13.833963394165039,0.6592690445661047
20.324220585062683,118,1,13.833842277526855,0.6592720223772337,13.83382797241211,0.6592723740872095,13.833889961242676,0.6592708500106474
20.324220585062683,119,0,19.665592193603516,0.5158908151263075,19.665557861328125,0.5158916592302496,19.665271759033203,0.5158986934297666
20.324220585062683,119,1,19.665435791015625,0.5158946604887101,19.665451049804688,0.5158942853314026,19.665424346923828,0.5158949418566908
20.324220585062683,120,0,10.853520393371582,0.732547138062239,10.853578567504883,0.7325457077750039,10.853548049926758,0.732546458089619
20.324220585062683,120,1,10.8535737991333,0.7325458250116625,10.853535652160645,0.7325467629049315,10.853519439697266,0.7325471615095708
20.324220585062683,121,0,19.25447654724121,0.5259986315696485,19.254711151123047,0.5259928635260445,19.254594802856445,0.5259957241005148
20.324220585062683,121,1,19.25465965270996,0.5259941296819576,19.254737854003906,0.5259922070007562,19.254558563232422,0.5259966150991202
20.324220585062683,122,0,13.302739143371582,0.6723298883086939,13.30263614654541,0.67233242062052,13.302689552307129,0.6723311075699435
20.324220585062683,122,1,13.302623748779297,0.6723327254358324,13.302693367004395,0.6723310137806167,13.302587509155273,0.6723336164344379
20.324220585062683,123,0,12.667266845703125,0.6879538067766382,12.667237281799316,0.6879545336439217,12.667191505432129,0.6879556591158444
20.324220585062683,123,1,12.667207717895508,0.6879552605112051,12.667171478271484,0.6879561515098106,12.667320251464844,0.6879524937260617
20.324220585062683,124,0,10.275642395019531,0.74675502527274,10.275618553161621,0.7467556114560331,10.275617599487305,0.7467556349033648
20.324220585062683,124,1,10.275643348693848,0.7467550018254083,10.275626182556152,0.7467554238773793,10.275632858276367,0.7467552597460573
20.324220585062683,125,0,10.909012794494629,0.7311827847239141,10.908855438232422,0.7311866535336485,10.908963203430176,0.7311840039851638
20.324220585062683,125,1,10.908920288085938,0.7311850591150914,10.908920288085938,0.7311850591150914,10.908859252929688,0.7311865597443217
20.324220585062683,126,0,10.34621810913086,0.7450198289358768,10.346229553222656,0.7450195475678962,10.346211433410645,0.7450199930671989
20.324220585062683,126,1,10.346261024475098,0.7450187738059493,10.346259117126465,0.7450188207006128,10.34624195098877,0.7450192427525837
20.324220585062683,127,0,12.00036334991455,0.7043505024035246,12.000179290771484,0.7043550277385472,12.000239372253418,0.7043535505566486
20.324220585062683,127,1,12.000152587890625,0.7043556842638354,12.000189781188965,0.7043547698178982,12.000149726867676,0.7043557546058306
12.25238611881397,0,0,12.07924747467041,0.5062224828862799,12.07918643951416,0.506224969490985,12.079233169555664,0.5062230656842577
12.25238611881397,0,1,12.079155921936035,0.5062262127933377,12.079187393188477,0.5062249306377866,12.07918643951416,0.506224969490985
12.25238611881397,1,0,13.278361320495605,0.4573699474902244,13.278740882873535,0.4573544839172139,13.278613090515137,0.45735969024581546
12.25238611881397,1,1,13.276382446289062,0.4574505678771511,13.278536796569824,0.45736279850169703,13.278646469116211,0.4573583303838673
12.25238611881397,2,0,13.741472244262695,0.4385025623170824,13.741365432739258,0.4385069138753165,13.741392135620117,0.43850582598575794
12.25238611881397,2,1,13.741354942321777,0.43850734126050017,13.74135971069336,0.43850714699450755,13.741400718688965,0.43850547630697123
12.25238611881397,3,0,21.493806838989258,0.12266833063883864,21.493623733520508,0.12267579045295429,21.49372673034668,0.12267159430751429
12.25238611881397,3,1,21.493690490722656,0.12267307072905798,21.493694305419922,0.1226729153162639,21.493871688842773,0.12266568862133942
12.25238611881397,4,0,19.092926025390625,0.22048149102922898,19.093111038208008,0.22047395350871635,19.09306526184082,0.22047581846224518
12.25238611881397,4,1,19.092975616455078,0.22047947066290596,19.093034744262695,0.2204770617645978,19.0928955078125,0.2204827343315816
12.25238611881397,5,0,12.604918479919434,0.48480636674349986,12.604863166809082,0.48480862022901394,12.604886054992676,0.4848076877522496
12.25238611881397,5,1,12.60494613647461,0.4848052400007429,12.604886054992676,0.4848076877522496,12.604839324951172,0.48480959155897696
12.25238611881397,6,0,15.068954467773438,0.3844202309875959,15.068770408630371,0.38442772965491,15.068955421447754,0.3844201921343974
12.25238611881397,6,1,15.069183349609375,0.38441090621995144,15.068767547607422,0.38442784621450565,15.069070816040039,0.3844154908973766
12.25238611881397,7,0,15.494905471801758,0.36706676069474076,15.494139671325684,0.3670979598131514,15.494588851928711,0.36707965995664893
12.25238611881397,7,1,15.494141578674316,0.3670978821067543,15.493901252746582,0.36710767311278103,15.494425773620605,0.36708630385359575
12.25238611881397,8,0,11.486634254455566,0.5303658604458918,11.486825942993164,0.5303580509529896,11.486871719360352,0.5303561859994608
12.25238611881397,8,1,11.486814498901367,0.5303585171913718,11.486885070800781,0.5303556420546814,11.486909866333008,0.53035463187152
12.25238611881397,9,0,17.74823760986328,0.2752648117663925,17.74822235107422,0.2752654334175687,17.748144149780273,0.27526861937984726
12.25238611881397,9,1,17.748069763183594,0.27527164992933173,17.748159408569336,0.27526799772867094,17.748146057128906,0.2752685416734503
12.25238611881397,10,0,15.344799995422363,0.3731821375820118,15.345072746276855,0.37317102556723536,15.34489631652832,0.3731782134089614
12.25238611881397,10,1,15.344731330871582,0.3731849350123052,15.345137596130371,0.37316838354973614,15.34494686126709,0.37317615418943995
12.25238611881397,11,0,19.701988220214844,0.19566797350156384,19.70195960998535,0.19566913909751948,19.701988220214844,0.19566797350156384
12.25238611881397,11,1,19.701967239379883,0.19566882827193133,19.702056884765625,0.19566517607127054,19.70206642150879,0.1956647875392854
12.25238611881397,12,0,13.296832084655762,0.45661743874131144,13.297035217285156,0.45660916301002685,13.29697322845459,0.45661168846793065
12.25238611881397,12,1,13.296918869018555,0.4566139031002462,13.297032356262207,0.4566092795696225,13.29697036743164,0.4566118050275262
12.25238611881397,13,0,13.86336612701416,0.43353654074839587,13.863451957702637,0.43353304396052916,13.863611221313477,0.43352655547637653
12.25238611881397,13,1,13.863336563110352,0.43353774519754995,13.863554954528809,0.43352884781508905,13.863628387451172,0.4335258561188031
12.25238611881397,14,0,13.748045921325684,0.4382347472196919,13.748167991638184,0.4382297740102815,13.748054504394531,0.4382343975409052
12.25238611881397,14,1,13.747864723205566,0.43824212932741047,13.747960090637207,0.4382382440075586,13.748064041137695,0.43823400900892007
12.25238611881397,15,0,14.039934158325195,0.42634306530862376,14.040053367614746,0.4263382086588089,14.03991985321045,0.4263436481066015
12.25238611881397,15,1,14.039936065673828,0.42634298760222666,14.03991985321045,0.4263436481066015,14.03984260559082,0.42634679521568153
12.25238611881397,16,0,8.727142333984375,0.6427890279285231,8.844284057617188,0.6380166118480559,8.844433784484863,0.6380105118958885
12.25238611881397,16,1,8.84045696258545,0.6381725297337121,8.844371795654297,0.6380130373537922,8.8444185256958,0.6380111335470648
12.25238611881397,17,0,20.683481216430664,0.15568142718192135,20.682954788208008,0.15570287414750372,20.682775497436523,0.1557101785488253
12.25238611881397,17,1,20.683124542236328,0.1556959582781674,20.682926177978516,0.15570403974345937,20.682809829711914,0.1557087798336786
12.25238611881397,18,0,14.321321487426758,0.4148791959664466,14.321393966674805,0.41487624312335913,14.321247100830078,0.4148822265159311
12.25238611881397,18,1,14.321288108825684,0.4148805558283948,14.32125473022461,0.41488191569034294,14.321199417114258,0.414884169175857
12.25238611881397,19,0,16.908687591552734,0.3094685257248867,16.908523559570312,0.30947520847503196,16.908586502075195,0.3094726441639297
12.25238611881397,19,1,16.90870475769043,0.3094678263673134,16.90874481201172,0.30946619453297564,16.90855598449707,0.30947388746628235
12.25238611881397,20,0,16.046369552612305,0.34459982094482,16.04658317565918,0.3445911178283517,16.046476364135742,0.3445954693865859
12.25238611881397,20,1,16.046546936035156,0.3445925942498955,16.046493530273438,0.3445947700290125,16.046369552612305,0.34459982094482
12.25238611881397,21,0,19.87323570251465,0.18869126005632852,19.873271942138672,0.18868978363478472,19.87346649169922,0.18868185758228695
12.25238611881397,21,1,19.873624801635742,0.18867540795133275,19.873334884643555,0.1886872193236825,19.873348236083984,0.18868667537890327
12.25238611881397,22,0,12.667623519897461,0.4822517300876872,12.668618202209473,0.48221120620163194,12.668596267700195,0.48221209982519786
12.25238611881397,22,1,12.668760299682617,0.4822054170750527,12.668622016906738,0.48221105078883786,12.668617248535156,0.4822112450548305
12.25238611881397,23,0,14.046124458312988,0.42609086919703787,14.047184944152832,0.42604766444028497,14.047318458557129,0.42604222499249234
12.25238611881397,23,1,14.0466947555542,0.42606763498432365,14.047080993652344,0.4260518994389235,14.04708480834961,0.42605174402612944
12.25238611881397,24,0,12.215890884399414,0.5006555577493008,12.229995727539062,0.5000809189432072,12.229982376098633,0.5000814628879864
12.25238611881397,24,1,12.230008125305176,0.5000804138516264,12.229880332946777,0.500085620180228,12.230022430419922,0.5000798310536485
12.25238611881397,25,0,20.29347038269043,0.1715706758353952,20.293489456176758,0.17156989877142492,20.293624877929688,0.1715643816172352
12.25238611881397,25,1,20.2937068939209,0.17156104024216257,20.293428421020508,0.17157238537613007,20.293663024902344,0.1715628274892944
12.25238611881397,26,0,14.067493438720703,0.4252202855778261,14.067765235900879,0.4252092124162482,14.06757640838623,0.4252169053495549
12.25238611881397,26,1,14.066789627075195,0.42524895923833306,14.067695617675781,0.42521204869974005,14.06764030456543,0.42521430218525424
12.25238611881397,27,0,20.383642196655273,0.16789702820904118,20.384212493896484,0.16787379399632685,20.383468627929688,0.16790409949117158
12.25238611881397,27,1,20.380373001098633,0.1680302169735638,20.382659912109375,0.16793704700351553,20.382722854614258,0.1679344826924133
12.25238611881397,28,0,12.884747505187988,0.4734059835277026,12.884675025939941,0.47340893637078996,12.884645462036133,0.47341014081994404
12.25238611881397,28,1,12.88478946685791,0.4734042739869677,12.88476276397705,0.47340536187652626,12.884639739990234,0.4734103739391352
12.25238611881397,29,0,12.307761192321777,0.4969127125763847,12.311405181884766,0.4967642545048442,12.311418533325195,0.49676371056006496
12.25238611881397,29,1,12.309647560119629,0.49683586094971444,12.31148624420166,0.4967609519829701,12.311450004577637,0.4967624284045138
12.25238611881397,30,0,14.952446937561035,0.389166809691048,14.952431678771973,0.3891674313422243,14.952427864074707,0.3891675867550184
12.25238611881397,30,1,14.952390670776367,0.3891691020297606,14.952354431152344,0.3891705784513043,14.952492713928223,0.38916494473751906
12.25238611881397,31,0,14.862014770507812,0.3928510642405977,14.862051963806152,0.39284954896585544,14.861907958984375,0.3928554157988319
12.25238611881397,31,1,14.86204719543457,0.39284974323184807,14.862071990966797,0.3928487330486866,14.8620023727417,0.39285156933217846
12.25238611881397,32,0,12.153998374938965,0.5031770914799756,12.154020309448242,0.5031761978564097,12.153959274291992,0.5031786844611148
12.25238611881397,32,1,12.15400505065918,0.5031768195075859,12.154047012329102,0.5031751099668511,12.153968811035156,0.5031782959291297
12.25238611881397,33,0,12.649941444396973,0.48297210724142514,12.649928092956543,0.48297265118620436,12.649813652038574,0.4829773135700266
12.25238611881397,33,1,12.649771690368652,0.48297902311076146,12.649860382080078,0.4829754097632992,12.649839401245117,0.4829762645336666
12.25238611881397,34,0,12.960118293762207,0.470335337542361,12.960612297058105,0.47031521158552825,12.960624694824219,0.47031470649394747
12.25238611881397,34,1,12.957327842712402,0.4704490220012272,12.960505485534668,0.47031956314376233,12.960603713989258,0.47031556126431484
12.25238611881397,35,0,11.45864486694336,0.5315061629692215,11.458636283874512,0.5315065126480082,11.458745002746582,0.531502083383377
12.25238611881397,35,1,11.45860767364502,0.5315076782439638,11.458590507507324,0.5315083776015371,11.458599090576172,0.5315080279227504
12.25238611881397,36,0,12.492950439453125,0.4893680042220022,12.49395751953125,0.4893269752443663,12.4939603805542,0.48932685868477077
12.25238611881397,36,1,12.494058609008789,0.4893228568053234,12.493989944458008,0.4893256542356167,12.494010925292969,0.4893247994652493
12.25238611881397,37,0,12.141538619995117,0.5036847085186242,12.14156723022461,0.5036835429226687,12.141535758972168,0.5036848250782199
12.25238611881397,37,1,12.141622543334961,0.5036812894371547,12.141703605651855,0.5036779869152805,12.141576766967773,0.5036831543906836
12.25238611881397,38,0,11.561858177185059,0.5273011978531221,11.561967849731445,0.5272967297352926,11.562026023864746,0.5272943596901829
12.25238611881397,38,1,11.56156063079834,0.52731332005106,11.561854362487793,0.5273013532659163,11.561759948730469,0.5273051997325697
12.25238611881397,39,0,14.1470947265625,0.42197728680385493,14.147351264953613,0.42196683529345336,14.147208213806152,0.42197266327323113
12.25238611881397,39,1,13.730057716369629,0.43896759625015447,14.146931648254395,0.42198393070080165,14.14718246459961,0.42197371230959113
12.25238611881397,40,0,15.79596996307373,0.3548012333075242,15.795859336853027,0.3548057402785524,15.795977592468262,0.35480092248193607
12.25238611881397,40,1,15.795899391174316,0.3548041084442146,15.79598331451416,0.3548006893627449,15.79590129852295,0.3548040307378175
12.25238611881397,41,0,13.431507110595703,0.45113070660607524,13.431547164916992,0.45112907477173747,13.431558609008789,0.45112860853335524
12.25238611881397,41,1,13.4315824508667,0.45112763720339233,13.431504249572754,0.4511308231656709,13.43154239654541,0.4511292690377301
12.25238611881397,42,0,12.735732078552246,0.47947695120906664,12.735783576965332,0.4794748531363465,12.735696792602539,0.4794783887774118
12.25238611881397,42,1,12.73575210571289,0.4794761352918977,12.735779762268066,0.4794750085491406,12.735730171203613,0.4794770289154636
12.25238611881397,43,0,12.92292594909668,0.47185057343139747,12.922972679138184,0.4718486696246701,12.922887802124023,0.47185212755933825
12.25238611881397,43,1,12.922844886779785,0.47185387595327166,12.922920227050781,0.47185080655058864,12.922886848449707,0.4718521664125368
12.25238611881397,44,0,13.927730560302734,0.4309142995271603,13.927924156188965,0.430906412327861,13.927892684936523,0.43090769448341204
12.25238611881397,44,1,13.913159370422363,0.43150793754732975,13.92796516418457,0.43090474164032466,13.927962303161621,0.4309048581999202
12.25238611881397,45,0,41.70475769042969,-0.7007365489691193,41.70518112182617,-0.7007537997892617,41.70407485961914,-0.7007087300789798
12.25238611881397,45,1,41.70505905151367,-0.7007488265798514,41.70331954956055,-0.700677958345753,41.70547866821289,-0.7007659219871996
12.25238611881397,46,0,23.494474411010742,0.04116007041967684,23.53583526611328,0.03947500719991448,23.536230087280273,0.039458921975727645
12.25238611881397,46,1,23.535940170288086,0.03947073334807738,23.535751342773438,0.039478426281384094,23.535266876220703,0.039498163706231715
12.25238611881397,47,0,13.085611343383789,0.46522268400246436,13.111922264099121,0.4641507631085279,13.111995697021484,0.46414777141224184
12.25238611881397,47,1,13.111221313476562,0.4641793202094392,13.111932754516602,0.4641503357233441,13.111978530883789,0.46414847076981525
12.25238611881397,48,0,13.489608764648438,0.44876361433951295,13.489420890808105,0.4487712684196212,13.489577293395996,0.4487648964950641
12.25238611881397,48,1,13.489510536193848,0.44876761621896044,13.48953628540039,0.44876656718260044,13.489477157592773,0.4487689760809086
12.25238611881397,49,0,19.03331756591797,0.222909971349451,19.033226013183594,0.2229137012565089,19.033367156982422,0.2229079509831281
12.25238611881397,49,1,19.033283233642578,0.2229113700645977,19.03333282470703,0.2229093496982747,19.033220291137695,0.22291393437569995
12.25238611881397,50,0,13.241710662841797,0.4588631147625023,13.241729736328125,0.4588623376985319,13.24170207977295,0.458863464441289
12.25238611881397,50,1,13.241822242736816,0.4588585689382756,13.241806030273438,0.45885922944265045,13.241811752319336,0.4588589963234593
12.25238611881397,51,0,11.643579483032227,0.5239718284188436,11.643601417541504,0.5239709347952777,11.643516540527344,0.5239743927299458
12.25238611881397,51,1,11.643404960632324,0.5239789385541727,11.643516540527344,0.5239743927299458,11.643509864807129,0.5239746647023356
12.25238611881397,52,0,12.505946159362793,0.48883855168578594,12.505942344665527,0.48883870709858,12.506020545959473,0.48883552113630147
12.25238611881397,52,1,12.505959510803223,0.4888380077410066,12.505970001220703,0.4888375803558229,12.506105422973633,0.4888320632016333
12.25238611881397,53,0,13.081767082214355,0.4653793012456938,13.103206634521484,0.46450584248979154,13.103236198425293,0.46450463804063746
12.25238611881397,53,1,13.097467422485352,0.46473966103847797,13.103216171264648,0.4645054539578064,13.103242874145508,0.46450436606824785
12.25238611881397,54,0,17.562509536743164,0.282831472177938,17.562631607055664,0.28282649896852763,17.56247901916504,0.28283271548029065
12.25238611881397,54,1,17.56265640258789,0.2828254887853662,17.562501907348633,0.2828317830035262,17.56247901916504,0.28283271548029065
12.25238611881397,55,0,18.416234970092773,0.24805024427665967,18.416234970092773,0.24805024427665967,18.416120529174805,0.2480549066604819
12.25238611881397,55,1,18.4158878326416,0.24806438684092047,18.416183471679688,0.24805234234937967,18.416126251220703,0.24805467354129074
12.25238611881397,56,0,18.266942977905273,0.25413247938559413,18.266889572143555,0.2541346551647111,18.26703643798828,0.25412867177213927
12.25238611881397,56,1,18.266979217529297,0.25413100296405045,18.26688575744629,0.2541348105775052,18.26700210571289,0.254130070487286
12.25238611881397,57,0,17.22550392150879,0.2965612600577344,17.225284576416016,0.29657019629339376,17.225994110107422,0.29654128951369574
12.25238611881397,57,1,17.225921630859375,0.2965442423567831,17.226377487182617,0.29652567052789114,17.2258358001709,0.2965477391446498
12.25238611881397,58,0,15.639421463012695,0.36117910240398865,15.639732360839844,0.36116643626127143,15.640149116516113,0.3611494574135188
12.25238611881397,58,1,15.63940143585205,0.3611799183211575,15.639839172363281,0.36116208470303734,15.639960289001465,0.3611571503468255
12.25238611881397,59,0,14.620089530944824,0.4027072270812635,14.620232582092285,0.4027013991014856,14.620172500610352,0.4027038468529923
12.25238611881397,59,1,14.61997127532959,0.4027120448778798,14.620037078857422,0.40270936400718205,14.619824409484863,0.40271802827045167
12.25238611881397,60,0,11.781150817871094,0.5183670991197058,11.781145095825195,0.5183673322388969,11.781180381774902,0.5183658946705516
12.25238611881397,60,1,11.781099319458008,0.5183691971924258,11.781197547912598,0.5183651953129784,11.781085014343262,0.5183697799904036
12.25238611881397,61,0,15.077075958251953,0.3840893571490094,15.077200889587402,0.38408426738000345,15.077187538146973,0.38408481132478267
12.25238611881397,61,1,15.077322006225586,0.3840793330237916,15.07713794708252,0.3840868316911057,15.077035903930664,0.38409098898334726
12.25238611881397,62,0,14.933499336242676,0.38993874503922044,14.933396339416504,0.38994294118466044,14.933480262756348,0.3899395221031908
12.25238611881397,62,1,14.933526039123535,0.3899376571496619,14.933384895324707,0.3899434074230427,14.933518409729004,0.38993796797525004
12.25238611881397,63,0,19.025989532470703,0.2232085193268698,19.025985717773438,0.22320867473966388,19.02591323852539,0.22321162758275137
12.25238611881397,63,1,19.025867462158203,0.2232134925362803,19.025856018066406,0.22321395877466255,19.02613639831543,0.22320253593429795
12.25238611881397,64,0,14.616678237915039,0.40284620497236534,14.616586685180664,0.4028499348794232,14.616680145263672,0.40284612726596836
12.25238611881397,64,1,14.616469383239746,0.402854713822841,14.616345405578613,0.4028597647386485,14.616650581359863,0.40284733171512244
12.25238611881397,65,0,12.822322845458984,0.4759491973431508,12.822290420532227,0.4759505183519004,12.822319984436035,0.4759493139027463
12.25238611881397,65,1,12.822267532348633,0.47595145082866486,12.822212219238281,0.47595370431417894,12.822257995605469,0.47595183936065
12.25238611881397,66,0,13.994378089904785,0.42819904374867057,13.99446964263916,0.4281953138416128,13.994439125061035,0.42819655714396543
12.25238611881397,66,1,13.994424819946289,0.4281971399419432,13.994547843933105,0.42819212787933425,13.994484901428223,0.4281946921904365
12.25238611881397,67,0,14.08353042602539,0.42456693019153313,14.08376693725586,0.4245572945983005,14.083762168884277,0.4245574888642931
12.25238611881397,67,1,14.083945274353027,0.42455002905017747,14.083805084228516,0.4245557404703597,14.083768844604492,0.4245572168919034
12.25238611881397,68,0,14.134880065917969,0.42247491857048436,14.135345458984375,0.42245595820960713,14.135333061218262,0.4224564633011879
12.25238611881397,68,1,14.135392189025879,0.42245405440287964,14.135331153869629,0.4224565410075849,14.135316848754883,0.42245712380556266
12.25238611881397,69,0,13.72131061553955,0.4393239577869693,13.741717338562012,0.43849257704506295,13.741591453552246,0.43849770566726753
12.25238611881397,69,1,13.74126148223877,0.43851114887395504,13.741588592529297,0.43849782222686307,13.741708755493164,0.43849292672384965
12.25238611881397,70,0,13.074480056762695,0.4656761785355763,13.074463844299316,0.46567683903995116,13.074533462524414,0.4656740027564592
12.25238611881397,70,1,13.07426643371582,0.4656848816520446,13.074410438537598,0.46567901481906815,13.07446575164795,0.46567676133355407
12.25238611881397,71,0,17.67531967163086,0.27823552732514356,17.675580978393555,0.27822488154874936,17.675514221191406,0.2782276012726457
12.25238611881397,71,1,17.675376892089844,0.2782331961332324,17.675445556640625,0.2782303987029391,17.675504684448242,0.2782279898046309
12.25238611881397,72,0,9.114072799682617,0.627025275106265,9.769845008850098,0.6003087667683453,9.94362735748291,0.5932287815214468
12.25238611881397,72,1,9.943942070007324,0.5932159599659356,9.943998336791992,0.5932136676272229,9.943991661071777,0.5932139395996125
12.25238611881397,73,0,13.571340560913086,0.44543381752005073,13.5714111328125,0.44543094238336034,13.571393966674805,0.44543164174093364
12.25238611881397,73,1,13.571436882019043,0.44542989334700034,13.571396827697754,0.4454315251813381,13.571359634399414,0.44543304045608034
12.25238611881397,74,0,14.6728515625,0.4005576738732082,14.672889709472656,0.4005561197452675,14.672928810119629,0.40055452676412817
12.25238611881397,74,1,14.672718048095703,0.4005631133210008,14.672624588012695,0.4005669209344557,14.67273998260498,0.4005622196974349
12.25238611881397,75,0,12.271551132202148,0.49838792967094686,12.272093772888184,0.4983658222009896,12.272074699401855,0.49836659926495996
12.25238611881397,75,1,12.271910667419434,0.4983732820151052,12.272067070007324,0.4983669100905481,12.272159576416016,0.4983631413302918
12.25238611881397,76,0,12.916923522949219,0.4720951154628752,12.91688060760498,0.4720968638568085,12.916837692260742,0.4720986122507419
12.25238611881397,76,1,12.916893005371094,0.4720963587652277,12.916890144348145,0.47209647532482335,12.91696834564209,0.4720932893625448
12.25238611881397,77,0,15.62441349029541,0.36179053518907967,15.62429141998291,0.3617955083984902,15.624268531799316,0.36179644087525453
12.25238611881397,77,1,15.624272346496582,0.36179628546246045,15.624332427978516,0.36179383771095386,15.624305725097656,0.3617949256005123
12.25238611881397,78,0,13.3839750289917,0.4530671888734532,13.383705139160156,0.453078184328634,13.383811950683594,0.4530738327703999
12.25238611881397,78,1,13.38397216796875,0.45306730543304874,13.383641242980957,0.4530807874929348,13.38369083404541,0.45307876712661177
12.25238611881397,79,0,17.551767349243164,0.2832691146060543,17.55173683166504,0.28327035790840693,17.551776885986328,0.28326872607406917
12.25238611881397,79,1,17.54725456237793,0.2834529679414456,17.551952362060547,0.28326157708554167,17.551898956298828,0.28326375286465877
12.25238611881397,80,0,14.065651893615723,0.42529531110416596,14.065485954284668,0.4253020715607083,14.065539360046387,0.4252998957815912
12.25238611881397,80,1,14.064275741577148,0.4253513762696287,14.065568923950195,0.42529869133243714,14.0655517578125,0.42529939069001044
12.25238611881397,81,0,11.608723640441895,0.525391873971509,11.6088285446167,0.5253876001196719,11.608835220336914,0.5253873281472823
12.25238611881397,81,1,11.608780860900879,0.5253895427795978,11.608810424804688,0.5253883383304438,11.608792304992676,0.5253890765412157
12.25238611881397,82,0,14.668704986572266,0.40072660758036815,14.668720245361328,0.40072598592919184,14.66871166229248,0.40072633560797855
12.25238611881397,82,1,14.668621063232422,0.4007300266618379,14.668696403503418,0.40072695725915486,14.668696403503418,0.40072695725915486
12.25238611881397,83,0,16.931697845458984,0.308531075751024,16.931867599487305,0.3085241598816876,16.931612014770508,0.3085345725388907
12.25238611881397,83,1,16.93160057067871,0.30853503877727284,16.931772232055664,0.30852804520153954,16.931549072265625,0.30853713684999295
12.25238611881397,84,0,14.175554275512695,0.42081782965365544,14.177559852600098,0.4207361213771703,14.177534103393555,0.4207371704135303
12.25238611881397,84,1,14.177043914794922,0.420757140957569,14.177348136901855,0.4207447467872415,14.177526473999023,0.42073748123911847
12.25238611881397,85,0,21.440032958984375,0.12485910709052239,21.440107345581055,0.12485607654103792,21.43998146057129,0.1248612051632424
12.25238611881397,85,1,21.43990707397461,0.12486423571272687,21.439809799194336,0.12486819873897581,21.44002914428711,0.12485926250331647
12.25238611881397,86,0,14.331296920776367,0.41447279150993943,14.336747169494629,0.4142507454804043,14.336884498596191,0.4142451506198176
12.25238611881397,86,1,14.330611228942871,0.41450072695967455,14.336664199829102,0.41425412570867537,14.336840629577637,0.41424693786694944
12.25238611881397,87,0,12.505316734313965,0.4888641947968083,12.508346557617188,0.488740758185114,12.508213996887207,0.48874615877970806
12.25238611881397,87,1,12.502154350280762,0.48899303200309685,12.50822639465332,0.4887456536881274,12.508346557617188,0.488740758185114
12.25238611881397,88,0,16.86228370666504,0.3113590446584168,16.861862182617188,0.3113762177721622,16.861961364746094,0.31137217703951614
12.25238611881397,88,1,16.86207389831543,0.311367592362091,16.862173080444336,0.31136355162944496,16.861753463745117,0.31138064703679325
12.25238611881397,89,0,11.935212135314941,0.5120905591649785,11.935182571411133,0.5120917636141327,11.935208320617676,0.5120907145777726
12.25238611881397,89,1,11.935126304626465,0.5120940559528452,11.935169219970703,0.5120923075589119,11.93521785736084,0.5120903260457874
12.25238611881397,90,0,11.738871574401855,0.5200895779696418,11.738845825195312,0.5200906270060018,11.738847732543945,0.5200905492996049
12.25238611881397,90,1,11.738780975341797,0.5200932690235012,11.738858222961426,0.5200901219144212,11.738819122314453,0.5200917148955604
12.25238611881397,91,0,12.483206748962402,0.4897649673512693,12.485577583312988,0.4896683782997515,12.485651969909668,0.48966534775026704
12.25238611881397,91,1,12.485679626464844,0.48966422100750995,12.48578929901123,0.48965975288968033,12.485734939575195,0.48966196752199587
12.25238611881397,92,0,13.151034355163574,0.4625573157308729,13.151196479797363,0.4625507106871246,13.151103973388672,0.46255447944738093
12.25238611881397,92,1,13.150981903076172,0.46255945265679144,13.151156425476074,0.4625523425214625,13.150996208190918,0.46255886985881356
12.25238611881397,93,0,15.921515464782715,0.349686442841709,15.921937942504883,0.3496692308747652,15.922057151794434,0.34966437422495034
12.25238611881397,93,1,15.921401023864746,0.34969110522553126,15.921934127807617,0.3496693862875593,15.921899795532227,0.3496707850027059
12.25238611881397,94,0,14.678560256958008,0.4003250986268744,14.678427696228027,0.40033049922146857,14.678363800048828,0.40033310238576925
12.25238611881397,94,1,14.678390502929688,0.4003320144962107,14.678460121154785,0.40032917821271885,14.678512573242188,0.4003270412868003
12.25238611881397,95,0,12.940916061401367,0.47111764669453793,12.940808296203613,0.47112203710597056,12.94094467163086,0.4711164810985824
12.25238611881397,95,1,12.940816879272461,0.47112168742718397,12.94083309173584,0.4711210269228091,12.94085693359375,0.4711200555928462
12.25238611881397,96,0,11.571528434753418,0.5269072264201411,11.571467399597168,0.5269097130248463,11.571515083312988,0.5269077703649203
12.25238611881397,96,1,11.571479797363281,0.5269092079332656,11.571521759033203,0.5269074983925307,11.57151985168457,0.5269075760989277
12.25238611881397,97,0,11.718955039978027,0.5209009881675095,11.718976974487305,0.5209000945439435,11.718984603881836,0.5208997837183553
12.25238611881397,97,1,11.71897029876709,0.5209003665163332,11.718935012817383,0.5209018040846783,11.719005584716797,0.520898928947988
12.25238611881397,98,0,11.404752731323242,0.5337017572175216,11.405028343200684,0.5336905286431497,11.40500259399414,0.5336915776795097
12.25238611881397,98,1,11.40488052368164,0.5336965508889201,11.405012130737305,0.5336911891475244,11.405043601989746,0.5336899069919734
12.25238611881397,99,0,14.73748779296875,0.39792435949039484,14.73740005493164,0.39792793398465853,14.73747444152832,0.39792490343517406
12.25238611881397,99,1,14.737404823303223,0.3979277397186659,14.737438201904297,0.39792637985671775,14.737356185913086,0.3979297212317904
12.25238611881397,100,0,12.95995044708252,0.47034217570530035,12.959854125976562,0.47034609987835074,12.959839820861816,0.4703466826763285
12.25238611881397,100,1,12.95999813079834,0.4703402330453743,12.959914207458496,0.47034365212684404,12.959962844848633,0.47034167061371956
12.25238611881397,101,0,19.987323760986328,0.1840432519175187,19.986587524414062,0.18407324658677526,19.987953186035156,0.1840176088064963
12.25238611881397,101,1,19.9870548248291,0.18405420851950105,19.987957000732422,0.18401745339370223,19.986968994140625,0.18405770530736776
12.25238611881397,102,0,18.2460880279541,0.2549821211308043,18.24597930908203,0.2549865503954354,18.246204376220703,0.254977381040585
12.25238611881397,102,1,18.24615478515625,0.254979401406908,18.24614906311035,0.25497963452609906,18.245983123779297,0.2549863949826413
12.25238611881397,103,0,14.315901756286621,0.41509999869362924,14.315923690795898,0.4150991050700633,14.315926551818848,0.4150989885104678
12.25238611881397,103,1,14.315901756286621,0.41509999869362924,14.315953254699707,0.41509790062090923,14.315906524658203,0.4150998044276366
12.25238611881397,104,0,16.670740127563477,0.3191626318745303,16.670703887939453,0.3191641082960741,16.67072105407715,0.3191634089385007
12.25238611881397,104,1,16.670700073242188,0.3191642637088682,16.6706600189209,0.31916589554320596,16.670764923095703,0.31916162169136886
12.25238611881397,105,0,15.247790336608887,0.37713436264174605,15.248156547546387,0.37711944301351474,15.248152732849121,0.3771195984263088
12.25238611881397,105,1,15.246835708618164,0.3771732546934634,15.248276710510254,0.37711454751050144,15.248244285583496,0.37711586851925105
12.25238611881397,106,0,21.755126953125,0.11202201029989511,21.754911422729492,0.11203079112276038,21.755096435546875,0.11202325360224774
12.25238611881397,106,1,21.75497055053711,0.11202838222445222,21.755081176757812,0.11202387525342405,21.75527000427246,0.11201618232011723
12.25238611881397,107,0,9.670990943908691,0.604336133914015,9.816645622253418,0.5984020849042313,9.81674861907959,0.5983978887587913
12.25238611881397,107,1,9.816497802734375,0.5984081071500018,9.816781997680664,0.5983965288968431,9.816786766052246,0.5983963346308505
12.25238611881397,108,0,12.532959938049316,0.48773799598454104,12.533196449279785,0.4877283603913084,12.53304672241211,0.4877344603434758
12.25238611881397,108,1,12.533061027526855,0.487733877545498,12.533111572265625,0.48773181832597656,12.533195495605469,0.48772839924450684
12.25238611881397,109,0,10.689845085144043,0.5628274746891981,11.107878684997559,0.5457965636504463,11.110888481140137,0.5456739429559209
12.25238611881397,109,1,11.094256401062012,0.5463515427380896,11.1106538772583,0.5456835008427565,11.110774993896484,0.5456785664865447
12.25238611881397,110,0,10.64406681060791,0.5646925059244998,10.644083023071289,0.564691845420125,10.64407730102539,0.5646920785393161
12.25238611881397,110,1,10.644173622131348,0.5646881543662656,10.644109725952148,0.5646907575305664,10.644105911254883,0.5646909129433606
12.25238611881397,111,0,16.27741050720215,0.3351870896588498,16.279754638671875,0.33509158849689047,16.27958106994629,0.335098659779021
12.25238611881397,111,1,16.2795352935791,0.3351005247325498,16.279836654663086,0.33508824712181784,16.27974510192871,0.3350919770288757
12.25238611881397,112,0,12.703973770141602,0.4807708015729427,12.70387077331543,0.4807749977183827,12.704068183898926,0.4807669551062894
12.25238611881397,112,1,12.70389461517334,0.4807740263884198,12.704028129577637,0.4807685869406272,12.703864097595215,0.48077526969077244
12.25238611881397,113,0,14.944219589233398,0.3895019962346701,14.94469165802002,0.38948276390140324,14.944801330566406,0.3894782957835736
12.25238611881397,113,1,14.38512897491455,0.41227964501314607,14.388370513916016,0.41214758299138055,14.43359088897705,0.4103052808772123
12.25238611881397,114,0,15.139630317687988,0.38154085929856263,15.139606475830078,0.38154183062852565,15.139551162719727,0.3815440841140397
12.25238611881397,114,1,15.13961124420166,0.381541636362533,15.139627456665039,0.38154097585815816,15.139608383178711,0.38154175292212855
12.25238611881397,115,0,22.677217483520508,0.07445555200959453,22.67577362060547,0.07451437575215214,22.67610740661621,0.07450077713267045
12.25238611881397,115,1,22.67623519897461,0.07449557080406899,22.676559448242188,0.07448236071657255,22.676502227783203,0.07448469190848372
12.25238611881397,116,0,15.530927658081055,0.3655991976802868,15.53076171875,0.36560595813682906,15.530826568603516,0.36560331611932984
12.25238611881397,116,1,15.53088092803955,0.3656011014870142,15.530766487121582,0.36560576387083654,15.530749320983887,0.36560646322840984
12.25238611881397,117,0,12.856289863586426,0.474565362971505,12.878604888916016,0.47365623697936243,12.87857723236084,0.47365736372211953
12.25238611881397,117,1,12.878572463989258,0.47365755798811204,12.87845230102539,0.47366245349112546,12.878564834594727,0.4736578688137002
12.25238611881397,118,0,15.489834785461426,0.3672733431512655,15.489623069763184,0.36728196856133666,15.489862442016602,0.3672722164085084
12.25238611881397,118,1,15.489723205566406,0.3672778889754922,15.490036964416504,0.36726510627317943,15.489570617675781,0.3672841054872552
12.25238611881397,119,0,19.756410598754883,0.19345077687488732,19.756183624267578,0.19346002393613482,19.756458282470703,0.1934488342149614
12.25238611881397,119,1,19.756431579589844,0.19344992210451994,19.756595611572266,0.19344323935437469,19.756452560424805,0.19344906733415246
12.25238611881397,120,0,12.184852600097656,0.5019200739482953,12.184967994689941,0.5019153727112745,12.184910774230957,0.5019177039031857
12.25238611881397,120,1,12.1848783493042,0.5019190249119353,12.184847831726074,0.5019202682142878,12.184954643249512,0.5019159166560538
12.25238611881397,121,0,21.26230812072754,0.1320997114600978,21.262168884277344,0.1321053840270816,21.262388229370117,0.13209644779142227
12.25238611881397,121,1,21.262361526489258,0.13209753568098082,21.262496948242188,0.1320920185267911,21.262413024902344,0.1320954376082607
12.25238611881397,122,0,13.59788990020752,0.4443521833264845,13.597805976867676,0.44435560240795413,13.597819328308105,0.4443550584631749
12.25238611881397,122,1,13.597862243652344,0.4443533100692415,13.597921371459961,0.44435090117093334,13.597864151000977,0.4443532323628445
12.25238611881397,123,0,12.77124309539795,0.47803021350901875,12.771224975585938,0.4780309517197906,12.771172523498535,0.47803308864570915
12.25238611881397,123,1,12.770939826965332,0.4780425688261478,12.771172523498535,0.47803308864570915,12.771097183227539,0.47803615804839217
12.25238611881397,124,0,11.724459648132324,0.5206767275056587,11.724591255187988,0.5206713657642631,11.724649429321289,0.5206689957191535
12.25238611881397,124,1,11.724486351013184,0.5206756396161001,11.724523544311523,0.520674124341358,11.724691390991211,0.5206672861784185
12.25238611881397,125,0,12.289941787719727,0.49763868459070937,12.28994369506836,0.4976386068843124,12.289982795715332,0.49763701390317305
12.25238611881397,125,1,12.289972305297852,0.49763744128835674,12.289974212646484,0.49763736358195976,12.289953231811523,0.49763821835232713
12.25238611881397,126,0,12.453340530395508,0.49098173296928405,12.454429626464844,0.4909373626165755,12.4539794921875,0.4909557013262764
12.25238611881397,126,1,12.42182445526123,0.4922657146207364,12.453895568847656,0.49095912040774614,12.454066276550293,0.4909521656852113
12.25238611881397,127,0,14.12588119506836,0.42284153735170815,14.125473976135254,0.42285812766747566,14.125529289245605,0.4228558741819616
12.25238611881397,127,1,14.125723838806152,0.4228479481294638,14.125688552856445,0.42284938569780894,14.125656127929688,0.42285070670655855
9.376974006210345,0,0,12.136505126953125,0.3518555773311367,12.136459350585938,0.3518580113030476,12.13654613494873,0.3518533968979666
9.376974006210345,0,1,12.136366844177246,0.35186292995461743,12.136382102966309,0.3518621186306472,12.136444091796875,0.35185882262701784
9.376974006210345,1,0,12.887948036193848,0.3119006607208361,12.98724365234375,0.3066210206919663,12.986870765686035,0.30664084742149
9.376974006210345,1,1,12.980602264404297,0.306974149450032,12.987269401550293,0.3066196515827664,12.987049102783203,0.30663136507258737
9.376974006210345,2,0,13.2448091506958,0.29292602419683,13.244879722595215,0.2929222718234674,13.24484634399414,0.29292404659465243
9.376974006210345,2,1,13.244833946228027,0.2929247057953782,13.244759559631348,0.29292866099973336,13.244794845581055,0.2929267848130521
9.376974006210345,3,0,18.03207015991211,0.038382915115862115,18.031949996948242,0.03838930429212806,18.03221893310547,0.03837500470715183
9.376974006210345,3,1,18.032005310058594,0.03838636324273581,18.03226661682129,0.038372469319744695,18.03193473815918,0.0383901156160984
9.376974006210345,4,0,18.30048179626465,0.02411121940109895,18.300485610961914,0.02411101657010628,18.300508499145508,0.024109799584150937
9.376974006210345,4,1,18.287015914916992,0.024827212804873877,18.30030632019043,0.024120549626757137,18.30033302307129,0.024119129809809126
9.376974006210345,5,0,12.369087219238281,0.33948897171409476,12.369612693786621,0.3394610317448682,12.369604110717773,0.3394614881146014
9.376974006210345,5,1,12.369300842285156,0.3394776131785109,12.369617462158203,0.3394607782061275,12.369584083557129,0.3394625529773124
9.376974006210345,6,0,14.464282989501953,0.22808546886152858,14.479430198669434,0.22728007769777803,14.479053497314453,0.22730010725829441
9.376974006210345,6,1,14.477075576782227,0.2274052751279424,14.47919750213623,0.2272924503883248,14.479296684265137,0.22728717678251797
9.376974006210345,7,0,15.598308563232422,0.167788277052065,15.598340034484863,0.16778660369637632,15.598601341247559,0.1677727097733852
9.376974006210345,7,1,15.59841537475586,0.16778259778427296,15.59825611114502,0.1677910659782128,15.599020957946777,0.16775039836420236
9.376974006210345,8,0,11.229445457458496,0.4000847814523707,11.22973346710205,0.4000694677124317,11.229708671569824,0.40007078611388336
9.376974006210345,8,1,11.218806266784668,0.4006504770906507,11.229598045349121,0.40007666821266785,11.229682922363281,0.40007215522308326
9.376974006210345,9,0,15.62327766418457,0.1664606467901928,15.623302459716797,0.1664593283887411,15.623403549194336,0.16645395336743796
9.376974006210345,9,1,15.623318672180176,0.16645846635702266,15.623347282409668,0.16645694512457831,15.623350143432617,0.16645679300133398
9.376974006210345,10,0,13.569034576416016,0.27568665752201515,13.625835418701172,0.2726665040426359,13.626617431640625,0.2726249236891589
9.376974006210345,10,1,12.204642295837402,0.34823266084958515,13.562944412231445,0.2760104772016545,13.626690864562988,0.2726210191925519
9.376974006210345,11,0,17.092424392700195,0.08834475228338401,17.092424392700195,0.08834475228338401,17.09243392944336,0.08834424520590267
9.376974006210345,11,1,17.092510223388672,0.0883401885860512,17.09239959716797,0.0883460706848358,17.09242057800293,0.08834495511437668
9.376974006210345,12,0,12.69265079498291,0.3222847962164911,12.693303108215332,0.32225011211676147,12.693232536315918,0.32225386449012405
9.376974006210345,12,1,12.691130638122559,0.32236562436703053,12.69331169128418,0.32224965574702813,12.693252563476562,0.32225279962741304
9.376974006210345,13,0,12.802071571350098,0.31646679202559014,12.801847457885742,0.3164787083464037,12.801926612854004,0.31647449960330776
9.376974006210345,13,1,12.801695823669434,0.3164867708783583,12.801874160766602,0.31647728852945567,12.801852226257324,0.3164784548076629
9.376974006210345,14,0,12.900110244750977,0.3112539848087723,12.899967193603516,0.3112615909709937,12.89998722076416,0.3112605261082827
9.376974006210345,14,1,12.89993667602539,0.3112632136189343,12.900168418884277,0.3112508916361356,12.900091171264648,0.3112549989637351
9.376974006210345,15,0,13.656668663024902,0.27102707183743424,13.656843185424805,0.27101779231952416,13.656662940979004,0.27102737608392313
9.376974006210345,15,1,13.656686782836914,0.27102610839021957,13.656710624694824,0.271024840696516,13.656826972961426,0.2710186543512425
9.376974006210345,16,0,9.026430130004883,0.5172211501867063,9.132579803466797,0.5115770735719349,9.138579368591309,0.5112580711283692
9.376974006210345,16,1,9.095460891723633,0.5135507205451451,9.136382102966309,0.5113749017800899,9.13856029510498,0.511259085283332
9.376974006210345,17,0,21.828351974487305,-0.16346891083830672,21.82864761352539,-0.16348463024023085,21.828868865966797,-0.16349639443780006
9.376974006210345,17,1,21.828166961669922,-0.16345907353516687,21.828304290771484,-0.1634663754508996,21.82898712158203,-0.16350268219856967
9.376974006210345,18,0,12.96304702758789,0.3079075776778428,12.9649658203125,0.30780555368857976,12.965113639831543,0.3077976939876176
9.376974006210345,18,1,12.965164184570312,0.3077950064769661,12.965015411376953,0.3078029168856763,12.965056419372559,0.30780073645250616
9.376974006210345,19,0,16.80771255493164,0.10348314482940235,16.807588577270508,0.10348973683666085,16.807497024536133,0.10349460478048256
9.376974006210345,19,1,16.807594299316406,0.10348943259017207,16.807546615600586,0.1034919679775792,16.807842254638672,0.10347624857565496
9.376974006210345,20,0,15.342069625854492,0.1814127390695348,15.34256649017334,0.18138632033275237,15.342607498168945,0.18138413989958224
9.376974006210345,20,1,15.342330932617188,0.1813988451465437,15.342714309692383,0.1813784606317903,15.342700958251953,0.1813791705402643
9.376974006210345,21,0,17.85201644897461,0.04795653796520405,17.852338790893555,0.047939398746331796,17.852624893188477,0.047924186421889
9.376974006210345,21,1,17.851600646972656,0.04797864654339434,17.852563858032227,0.04792743171777014,17.852500915527344,0.047930778429147614
9.376974006210345,22,0,12.035289764404297,0.35723729205701793,12.035898208618164,0.3572049405137029,12.035904884338379,0.3572045855594659
9.376974006210345,22,1,12.03524398803711,0.35723972602892873,12.03597354888916,0.35720093460159963,12.035916328430176,0.3572039770664881
9.376974006210345,23,0,13.49797534942627,0.279464942543876,13.501988410949707,0.27925156433969145,13.502172470092773,0.2792417777442999
9.376974006210345,23,1,13.50203800201416,0.2792489275367881,13.501916885375977,0.27925536742080215,13.50213623046875,0.2792437046387294
9.376974006210345,24,0,11.140706062316895,0.4048031374170491,11.41263198852539,0.39034458365038005,11.41453742980957,0.3902432695695909
9.376974006210345,24,1,11.39090633392334,0.39149975686081884,11.414523124694824,0.390244030185813,11.414340019226074,0.3902537660734564
9.376974006210345,25,0,18.34607696533203,0.02168688196239632,18.34612274169922,0.021684447990485523,18.34601402282715,0.021690228673773793
9.376974006210345,25,1,18.34615135192871,0.021682926758041288,18.34615135192871,0.021682926758041288,18.34600830078125,0.021690532920262684
9.376974006210345,26,0,13.465559005737305,0.2811885496109945,13.468182563781738,0.281049052595854,13.468093872070312,0.28105376841643126
9.376974006210345,26,1,13.46320915222168,0.2813134935024182,13.468133926391602,0.28105163869100924,13.468010902404785,0.28105817999051963
9.376974006210345,27,0,23.986835479736328,-0.27823748127311876,23.985774993896484,-0.27818109425718407,23.984899520874023,-0.27813454454438924
9.376974006210345,27,1,23.983678817749023,-0.2780696386267665,23.98429298400879,-0.2781022944165703,23.983306884765625,-0.27804986260499076
9.376974006210345,28,0,12.300102233886719,0.34315696738374524,12.300124168395996,0.343155801105538,12.300106048583984,0.3431567645527527
9.376974006210345,28,1,12.300165176391602,0.34315362067236777,12.300189018249512,0.3431523529786642,12.30008602142334,0.3431578294154637
9.376974006210345,29,0,11.444230079650879,0.3886644838311679,11.44473934173584,0.3886374058936597,11.444622039794922,0.3886436429466812
9.376974006210345,29,1,10.783379554748535,0.42380251932214885,11.345389366149902,0.39391993626417376,11.444276809692383,0.3886619991515089
9.376974006210345,30,0,13.71238899230957,0.2680643702367006,14.326980590820312,0.23538596477712947,14.327386856079102,0.23536436327642074
9.376974006210345,30,1,14.31850814819336,0.2358364524116292,14.327258110046387,0.23537120882242002,14.327476501464844,0.23535959674809526
9.376974006210345,31,0,13.029313087463379,0.3043841497981473,13.029414176940918,0.30437877477684416,13.029373168945312,0.3043809552100143
9.376974006210345,31,1,13.029084205627441,0.30439631965770153,13.029335021972656,0.30438298351994,13.029393196105957,0.3043798903473033
9.376974006210345,32,0,11.789010047912598,0.37033221306063346,11.789068222045898,0.37032911988799677,11.789109230041504,0.37032693945482664
9.376974006210345,32,1,11.789051055908203,0.37033003262746333,11.78902530670166,0.3703314017366631,11.789012908935547,0.370332060937389
9.376974006210345,33,0,12.265114784240723,0.34501728253985653,12.264955520629883,0.3450257507337964,12.265114784240723,0.34501728253985653
9.376974006210345,33,1,12.265055656433105,0.34502042642024133,12.26502513885498,0.3450220490681819,12.265045166015625,0.3450209842054709
9.376974006210345,34,0,12.436222076416016,0.3359193490758412,12.43625259399414,0.33591772642790063,12.436322212219238,0.33591402476228627
9.376974006210345,34,1,12.435290336608887,0.3359688905457766,12.436197280883789,0.335920667477293,12.436278343200684,0.33591635731870084
9.376974006210345,35,0,11.154813766479492,0.4040530176987741,11.154818534851074,0.40405276416003333,11.154762268066406,0.4040557559171738
9.376974006210345,35,1,11.154891014099121,0.4040489103711745,11.154814720153809,0.404052966991026,11.154960632324219,0.40404520870556015
9.376974006210345,36,0,11.975531578063965,0.3604146902633877,11.97552490234375,0.3604150452176247,11.975598335266113,0.36041114072101765
9.376974006210345,36,1,11.975679397583008,0.3604068305624256,11.975537300109863,0.3604143860168988,11.975619316101074,0.36041002515055853
9.376974006210345,37,0,11.136880874633789,0.40500652619484945,11.136885643005371,0.4050062726561088,11.136859893798828,0.40500764176530857
9.376974006210345,37,1,11.13694953918457,0.4050028752369832,11.136878967285156,0.4050066276103458,11.136938095092773,0.40500348372996087
9.376974006210345,38,0,11.139299392700195,0.4048779313455596,11.13936710357666,0.40487433109544146,11.139524459838867,0.40486596431699784
9.376974006210345,38,1,11.139495849609375,0.4048674855494422,11.13936710357666,0.40487433109544146,11.139426231384277,0.40487118721505655
9.376974006210345,39,0,13.1527681350708,0.2978199303855783,13.199481964111328,0.2953361127583044,13.20086669921875,0.29526248510800124
9.376974006210345,39,1,13.17936897277832,0.29640553916663404,13.200250625610352,0.2952952423133014,13.200788497924805,0.29526664314334894
9.376974006210345,40,0,13.983224868774414,0.2536637754261587,14.096020698547363,0.2476663165145807,14.095919609069824,0.24767169153588386
9.376974006210345,40,1,14.09374713897705,0.24778720378615293,14.095870971679688,0.2476742776310391,14.096071243286133,0.24766362900392913
9.376974006210345,41,0,12.960227966308594,0.30805746978135273,12.960158348083496,0.3080611714469671,12.960312843322754,0.30805295679176803
9.376974006210345,41,1,12.960309982299805,0.3080531089150125,12.960180282592773,0.30806000516875987,12.960188865661621,0.30805954879902653
9.376974006210345,42,0,12.205838203430176,0.3481690733334143,12.215757369995117,0.34764166204498204,12.215774536132812,0.3476407493055155
9.376974006210345,42,1,12.215792655944824,0.3476397858583007,12.215688705444336,0.3476453130028483,12.215738296508789,0.3476426761999448
9.376974006210345,43,0,12.098679542541504,0.3538667987457207,12.09874153137207,0.35386350274209144,12.098791122436523,0.353860865939188
9.376974006210345,43,1,12.098615646362305,0.3538701961648463,12.098636627197266,0.35386908059438715,12.098712921142578,0.3538650239745357
9.376974006210345,44,0,12.856096267700195,0.31359424880105424,12.858080863952637,0.31348872597716926,12.858203887939453,0.31348218467765887
9.376974006210345,44,1,12.853568077087402,0.3137286750413806,12.85778522491455,0.3135044453790935,12.858119010925293,0.3134866976672436
9.376974006210345,45,0,28.266069412231445,-0.5057683193797291,28.26667022705078,-0.5058002652610589,28.266555786132812,-0.505794180331282
9.376974006210345,45,1,28.26629066467285,-0.5057800835772983,28.266952514648438,-0.5058152747545093,28.26603889465332,-0.5057666967317886
9.376974006210345,46,0,33.64455795288086,-0.79174754479852,33.64680862426758,-0.7918672150841368,33.64473342895508,-0.7917568750241784
9.376974006210345,46,1,33.64362335205078,-0.7916978512053403,33.64607620239258,-0.7918282715335632,33.64557647705078,-0.7918017006735365
9.376974006210345,47,0,12.656844139099121,0.32418866932825685,12.656871795654297,0.3241871988035607,12.656879425048828,0.3241867931415756
9.376974006210345,47,1,12.65615463256836,0.32422533103016404,12.65679931640625,0.32419105259241965,12.656903266906738,0.32418552544787205
9.376974006210345,48,0,12.803959846496582,0.31636639068426753,12.803914070129395,0.31636882465617844,12.803890228271484,0.316370092349882
9.376974006210345,48,1,12.803817749023438,0.3163739461387408,12.804059982299805,0.3163610663707126,12.804079055786133,0.3163600522157497
9.376974006210345,49,0,15.605278968811035,0.16741765412088994,15.605283737182617,0.16741740058214927,15.605141639709473,0.16742495603662255
9.376974006210345,49,1,15.605259895324707,0.16741866827585283,15.605205535888672,0.16742155861749697,15.605137825012207,0.1674251588676151
9.376974006210345,50,0,13.133068084716797,0.2988674003389621,13.133110046386719,0.29886516919804385,13.133084297180176,0.29886653830724375
9.376974006210345,50,1,13.13314151763916,0.29886349584235516,13.132997512817383,0.2988711527123247,13.13314437866211,0.2988633437191107
9.376974006210345,51,0,10.802064895629883,0.42280900241278896,10.802024841308594,0.422811132138211,10.802054405212402,0.4228095601980185
9.376974006210345,51,1,10.801994323730469,0.42281275478615155,10.802048683166504,0.4228098644445074,10.80198860168457,0.4228130590326403
9.376974006210345,52,0,11.910599708557129,0.3638671780034316,11.910436630249023,0.363875849028364,11.910478591918945,0.36387361788744577
9.376974006210345,52,1,11.910381317138672,0.36387879007775636,11.910426139831543,0.36387640681359357,11.910451889038086,0.3638750377043938
9.376974006210345,53,0,12.990264892578125,0.3064603785458502,13.000564575195312,0.305912734865909,13.003793716430664,0.3057410384306978
9.376974006210345,53,1,12.850412368774414,0.31389646697998475,12.953771591186523,0.3084007612362788,13.000191688537598,0.3059325615954328
9.376974006210345,54,0,15.819303512573242,0.15603777057495682,15.819132804870605,0.15604684726187446,15.81921100616455,0.15604268922652675
9.376974006210345,54,1,15.819233894348145,0.1560414722405713,15.819306373596191,0.15603761845171238,15.819222450256348,0.15604208073354897
9.376974006210345,55,0,18.331260681152344,0.0224746775375414,18.331174850463867,0.022479241234874214,18.33142852783203,0.022465752973868214
9.376974006210345,55,1,18.33151626586914,0.022461087861039175,18.331668853759766,0.02245297462133633,18.33138084411621,0.022468288361275346
9.376974006210345,56,0,14.296056747436523,0.23703021421840476,14.548282623291016,0.22361913040511938,14.583327293395996,0.22175577278411962
9.376974006210345,56,1,14.552571296691895,0.22339109766172172,14.581009864807129,0.2218789926121063,14.584017753601074,0.22171906037446432
9.376974006210345,57,0,17.579179763793945,0.062463517631349386,17.576780319213867,0.06259109832567644,17.578155517578125,0.06251797775285473
9.376974006210345,57,1,17.57733726501465,0.06256148500076109,17.577096939086914,0.06257426335329308,17.576675415039062,0.06259667617797215
9.376974006210345,58,0,16.39156723022461,0.12560997780895133,16.390836715698242,0.12564881994402866,16.391693115234375,0.1256032843861965
9.376974006210345,58,1,16.320863723754883,0.1293693488407549,16.391700744628906,0.1256028787242114,16.390960693359375,0.12564222793677016
9.376974006210345,59,0,14.599966049194336,0.22087107470227385,14.600008010864258,0.2208688435613556,14.600057601928711,0.22086620675845214
9.376974006210345,59,1,14.599973678588867,0.22087066904028874,14.600017547607422,0.22086833648387416,14.600016593933105,0.22086838719162227
9.376974006210345,60,0,11.948539733886719,0.36184987165907057,11.948665618896484,0.36184317823631573,11.94858455657959,0.3618474883949079
9.376974006210345,60,1,11.948637962341309,0.36184464876101186,11.948537826538086,0.3618499730745669,11.948561668395996,0.36184870538086333
9.376974006210345,61,0,13.679486274719238,0.269813838255372,13.679950714111328,0.26978914358202644,13.679990768432617,0.26978701385660453
9.376974006210345,61,1,13.679519653320312,0.26981206348418696,13.679768562316895,0.26979882876192174,13.679891586303711,0.26979228746241135
9.376974006210345,62,0,13.548489570617676,0.2767790545402534,13.548725128173828,0.2767665297264621,13.548715591430664,0.27676703680394354
9.376974006210345,62,1,13.548689842224121,0.27676840591314344,13.548759460449219,0.27676470424752897,13.54876708984375,0.27676429858554386
9.376974006210345,63,0,18.423154830932617,0.017588580342006943,18.423171997070312,0.01758766760254038,18.4228458404541,0.01760500965240519
9.376974006210345,63,1,18.42311668395996,0.017590608651932738,18.42311668395996,0.017590608651932738,18.423099517822266,0.0175915213913993
9.376974006210345,64,0,14.278971672058105,0.23793864352638117,14.278901100158691,0.23794239589974375,14.278855323791504,0.23794482987165466
9.376974006210345,64,1,14.278834342956543,0.23794594544211378,14.27877426147461,0.2379491400302468,14.279073715209961,0.2379332177973299
9.376974006210345,65,0,12.067153930664062,0.355543044776074,12.19792366027832,0.34858989693525055,12.19987678527832,0.34848604746705425
9.376974006210345,65,1,12.199868202209473,0.3484865038367876,12.199840545654297,0.3484879743614837,12.199912071228027,0.348484171280373
9.376974006210345,66,0,13.223427772521973,0.2940628919101893,13.223597526550293,0.2940538659310199,13.223602294921875,0.29405361239227923
9.376974006210345,66,1,13.223516464233398,0.29405817608961204,13.223735809326172,0.2940465133075393,13.223566055297852,0.2940555392867087
9.376974006210345,67,0,13.030427932739258,0.3043248724405685,13.030823707580566,0.3043038287250892,13.030924797058105,0.30429845370378616
9.376974006210345,67,1,13.029369354248047,0.30438115804100685,13.030855178833008,0.30430215536940053,13.030844688415527,0.3043027131546301
9.376974006210345,68,0,12.813159942626953,0.3158772130379349,12.813155174255371,0.3158774665766756,12.813255310058594,0.31587214226312066
9.376974006210345,68,1,12.81295108795166,0.3158883180347781,12.813282012939453,0.31587072244617265,12.81325912475586,0.3158719394321281
9.376974006210345,69,0,13.566012382507324,0.2758473503758794,13.566908836364746,0.2757996850926253,13.566878318786621,0.2758013077405659
9.376974006210345,69,1,13.567176818847656,0.2757854362153972,13.566930770874023,0.27579851881441797,13.567248344421387,0.2757816331342865
9.376974006210345,70,0,12.293065071105957,0.3435311398572902,12.293034553527832,0.3435327625052308,12.29306411743164,0.34353119056503834
9.376974006210345,70,1,12.292932510375977,0.34353818823428206,12.29302978515625,0.34353301604397146,12.293076515197754,0.34353053136431255
9.376974006210345,71,0,17.098350524902344,0.08802965433642529,17.099424362182617,0.0879725574120166,17.099435806274414,0.08797194891903892
9.376974006210345,71,1,17.099475860595703,0.0879698191936169,17.099519729614258,0.08796748663720233,17.09950828552246,0.08796809513018011
9.376974006210345,72,0,10.230355262756348,0.45320733397712354,10.234373092651367,0.4529937022341983,10.234284400939941,0.4529984180547756
9.376974006210345,72,1,10.23437213897705,0.45299375294194644,10.23434829711914,0.45299502063565,10.234383583068848,0.45299314444896877
9.376974006210345,73,0,12.283548355102539,0.3440371524760062,12.292600631713867,0.34355583453063576,12.29259204864502,0.343556290900369
9.376974006210345,73,1,12.285274505615234,0.343945371451868,12.292608261108398,0.34355542886865054,12.292550086975098,0.34355852204128734
9.376974006210345,74,0,13.715388298034668,0.26790489436879183,13.71536922454834,0.26790590852375473,13.71531867980957,0.2679085960344063
9.376974006210345,74,1,13.715113639831543,0.26791949820025696,13.715312004089355,0.2679089509886433,13.715323448181152,0.26790834249566553
9.376974006210345,75,0,12.108861923217773,0.3533253921188011,12.109325408935547,0.3533007481532038,12.109174728393555,0.3533087599774103
9.376974006210345,75,1,11.911718368530273,0.3638076978148602,12.109341621398926,0.35329988612148533,12.109077453613281,0.3533139321677208
9.376974006210345,76,0,12.460657119750977,0.3346201151529289,12.460543632507324,0.33462614937495794,12.460745811462402,0.3346153993323516
9.376974006210345,76,1,12.460275650024414,0.33464039825218606,12.460716247558594,0.3346169712725441,12.460688591003418,0.3346184417972402
9.376974006210345,77,0,13.893220901489258,0.2584493698648742,13.921741485595703,0.25693290394891866,13.921957015991211,0.25692144399783834
9.376974006210345,77,1,13.921396255493164,0.25695126015374625,13.921935081481934,0.2569226102760457,13.921963691711426,0.25692108904360134
9.376974006210345,78,0,17.134315490722656,0.08611736373846779,17.134387969970703,0.08611350994960898,17.134052276611328,0.08613135907695513
9.376974006210345,78,1,17.13467025756836,0.08609850045615874,17.134586334228516,0.08610296273799523,17.1345157623291,0.08610671511135781
9.376974006210345,79,0,16.1252498626709,0.13977031930879324,16.125288009643555,0.13976829099886756,16.125057220458984,0.139780562273918
9.376974006210345,79,1,16.12520408630371,0.13977275328070404,16.12513542175293,0.1397764042385703,16.12518310546875,0.13977386885116316
9.376974006210345,80,0,13.522829055786133,0.27814344791952905,13.522539138793945,0.2781588630749644,13.522624015808105,0.2781543500853797
9.376974006210345,80,1,13.518583297729492,0.27836919881426037,13.522566795349121,0.2781573925502683,13.522595405578613,0.27815587131782404
9.376974006210345,81,0,11.123628616333008,0.4057111610630404,11.123857498168945,0.4056989912034862,11.123790740966797,0.4057025407458562
9.376974006210345,81,1,11.123855590820312,0.4056990926189824,11.123832702636719,0.40570030960493786,11.123811721801758,0.405701425175397
9.376974006210345,82,0,13.670683860778809,0.27028187077072907,13.67058277130127,0.2702872457920322,13.67066478729248,0.27028288492569197
9.376974006210345,82,1,13.670625686645508,0.27028496394336576,13.670492172241211,0.2702920630281058,13.670621871948242,0.27028516677435843
9.376974006210345,83,0,15.219871520996094,0.1879101256700516,15.219927787780762,0.18790713391291125,15.219947814941406,0.18790606905020024
9.376974006210345,83,1,15.220041275024414,0.1879010996908822,15.220118522644043,0.1878969923632826,15.219730377197266,0.18791763041677678
9.376974006210345,84,0,14.280022621154785,0.23788276358792793,14.280139923095703,0.23787652653490643,14.279778480529785,0.23789574477145248
9.376974006210345,84,1,14.279685020446777,0.23790071413077052,14.280173301696777,0.23787475176372141,14.280037879943848,0.2378819522639577
9.376974006210345,85,0,18.022180557250977,0.03890875446410191,18.022125244140625,0.03891169551349416,18.022293090820312,0.038902770949821086
9.376974006210345,85,1,18.0219669342041,0.038920112999685896,18.02214241027832,0.0389107827740276,18.02224349975586,0.03890540775272455
9.376974006210345,86,0,14.725785255432129,0.21418115078205924,14.727241516113281,0.21410372005064526,14.72774600982666,0.21407689565187782
9.376974006210345,86,1,14.724176406860352,0.21426669475317595,14.72736644744873,0.21409707733563854,14.727960586547852,0.21406548640854572
9.376974006210345,87,0,12.6995210647583,0.32191949759887106,12.700042724609375,0.32189176046063694,12.700182914733887,0.32188430642166
9.376974006210345,87,1,12.692268371582031,0.32230513002349626,12.700003623962402,0.32189383947831085,12.700096130371094,0.32188892082674103
9.376974006210345,88,0,18.378849029541016,0.01994436090522056,18.378768920898438,0.019948620356064595,18.378942489624023,0.01993939154590263
9.376974006210345,88,1,18.37908935546875,0.019931582552688676,18.378910064697266,0.01994111560933942,18.37865447998047,0.019954705285841645
9.376974006210345,89,0,11.585210800170898,0.3811684081309805,11.585271835327148,0.3811651628350994,11.585249900817871,0.3811663291133067
9.376974006210345,89,1,11.585275650024414,0.3811649600041068,11.585265159606934,0.3811655177893364,11.58525562286377,0.38116602486681783
9.376974006210345,90,0,11.401453018188477,0.39093897987410875,11.401571273803711,0.39093269211333903,11.401468276977539,0.3909381685501384
9.376974006210345,90,1,11.401395797729492,0.39094202233899733,11.40153980255127,0.3909343654690277,11.401556968688965,0.39093345272956115
9.376974006210345,91,0,12.087080001831055,0.35448355708638035,12.154561996459961,0.35089547682780287,12.155865669250488,0.35082615933609174
9.376974006210345,91,1,11.661478996276855,0.3771131573887643,12.143462181091309,0.35148566430843575,12.15584659576416,0.35082717349105463
9.376974006210345,92,0,12.25989818572998,0.34529465392219705,12.260032653808594,0.345287504129709,12.26007080078125,0.3452854758197833
9.376974006210345,92,1,12.259950637817383,0.34529186499604925,12.260058403015137,0.3452861350205091,12.26008129119873,0.34528491803455363
9.376974006210345,93,0,14.509410858154297,0.22568597821941594,14.509808540344238,0.22566483308844043,14.509650230407715,0.22567325057463206
9.376974006210345,93,1,14.509638786315918,0.22567385906760984,14.5096435546875,0.22567360552886906,14.509714126586914,0.22566985315550658
9.376974006210345,94,0,13.434571266174316,0.28283619647139535,13.444833755493164,0.2822905303936317,13.444986343383789,0.2822824171539289
9.376974006210345,94,1,13.444130897521973,0.2823279020040129,13.444864273071289,0.28228890774569115,13.444891929626465,0.28228743722099503
9.376974006210345,95,0,12.047090530395508,0.35660983438150007,12.047025680541992,0.3566132825083739,12.047073364257812,0.35661074712096663
9.376974006210345,95,1,12.047013282775879,0.35661394170909966,12.046981811523438,0.35661561506478834,12.047022819519043,0.3566134346316182
9.376974006210345,96,0,11.52131462097168,0.38456582725654154,11.521270751953125,0.3845681598129561,11.521366119384766,0.38456308903814185
9.376974006210345,96,1,11.521233558654785,0.3845701374151337,11.521305084228516,0.3845663343340229,11.52126407623291,0.3845685147671931
9.376974006210345,97,0,11.606972694396973,0.38001130802611227,11.606998443603516,0.38000993891691237,11.606931686401367,0.3800134884592824
9.376974006210345,97,1,11.607020378112793,0.38000877263870514,11.607023239135742,0.3800086205154607,11.60690975189209,0.38001465473748963
9.376974006210345,98,0,10.44354248046875,0.4418719718340597,10.553828239440918,0.43600797571559335,11.110599517822266,0.406403930318166
9.376974006210345,98,1,10.43062686920166,0.44255870686715626,10.462625503540039,0.4408573097937243,11.005960464477539,0.4119676858598794
9.376974006210345,99,0,14.070005416870117,0.2490495731761655,14.069830894470215,0.24905885269407557,14.069914817810059,0.24905439041223898
9.376974006210345,99,1,14.070060729980469,0.24904663212677314,14.06993579864502,0.24905327484177986,14.069857597351074,0.24905743287712756
9.376974006210345,100,0,12.945889472961426,0.30881986077467816,12.945901870727539,0.3088192015739524,12.945802688598633,0.3088244751797592
9.376974006210345,100,1,12.945735931396484,0.3088280247221292,12.945854187011719,0.3088217369613595,12.945812225341797,0.30882396810227775
9.376974006210345,101,0,21.484487533569336,-0.14518531950598912,21.484481811523438,-0.14518501525950023,21.484094619750977,-0.14516442791375428
9.376974006210345,101,1,21.484251022338867,-0.14517274398444968,21.48397445678711,-0.14515803873748845,21.484045028686523,-0.14516179111085092
9.376974006210345,102,0,16.562063217163086,0.11654454801149561,16.561819076538086,0.11655752919502005,16.56153678894043,0.11657253868847028
9.376974006210345,102,1,16.561504364013672,0.11657426275190719,16.56179428100586,0.11655884759647184,16.561603546142578,0.11656898914610037
9.376974006210345,103,0,13.292922973632812,0.2903677675952826,13.292862892150879,0.2903709621834155,13.29295539855957,0.2903660435318457
9.376974006210345,103,1,13.292881965637207,0.29036994802845273,13.292895317077637,0.2903692381199787,13.292916297912598,0.2903681225495196
9.376974006210345,104,0,15.304459571838379,0.18341250053303848,15.304585456848145,0.18340580711028365,15.304508209228516,0.18340991443788324
9.376974006210345,104,1,15.304491996765137,0.18341077646960158,15.304348945617676,0.18341838263182297,15.304523468017578,0.1834091031139129
9.376974006210345,105,0,15.344316482543945,0.1812932716149106,15.41112232208252,0.1777411431497662,15.413355827331543,0.17762238560361598
9.376974006210345,105,1,15.187877655029297,0.18961126920474292,15.405597686767578,0.17803489313475684,15.412847518920898,0.1776494128333761
9.376974006210345,106,0,18.864667892456055,-0.005887078738137985,18.864727020263672,-0.005890222618522678,18.864662170410156,-0.005886774491649094
9.376974006210345,106,1,18.865083694458008,-0.005909187316328168,18.864822387695312,-0.005895293393336942,18.8644962310791,-0.005877951343472132
9.376974006210345,107,0,9.597984313964844,0.48683108398531905,9.59811019897461,0.4868243905625642,9.598121643066406,0.48682378206958654
9.376974006210345,107,1,9.596196174621582,0.4869261610130866,9.598072052001953,0.4868264188724899,9.598082542419434,0.48682586108726034
9.376974006210345,108,0,11.686745643615723,0.3757697063094716,11.686627388000488,0.3757759940702413,11.686684608459473,0.37577295160535273
9.376974006210345,108,1,11.686593055725098,0.37577781954917444,11.686617851257324,0.37577650114772265,11.686635971069336,0.375775537700508
9.376974006210345,109,0,10.596610069274902,0.43373322613391174,10.597546577453613,0.43368343112523566,10.597416877746582,0.43369032737898305
9.376974006210345,109,1,10.597328186035156,0.4336950431995603,10.597561836242676,0.4336826198012653,10.59732723236084,0.4336950939073084
9.376974006210345,110,0,10.523615837097168,0.4376143971767541,10.523714065551758,0.4376091742786954,10.523762702941895,0.43760658818354015
9.376974006210345,110,1,10.523659706115723,0.4376120646203395,10.523758888244629,0.4376067910145327,10.5237398147583,0.4376078051694955
9.376974006210345,111,0,15.840291023254395,0.15492184516158047,15.840097427368164,0.15493213883445345,15.840338706970215,0.15491930977417334
9.376974006210345,111,1,15.83919620513916,0.1549800576564483,15.840337753295898,0.15491936048192145,15.840249061584473,0.15492407630249871
9.376974006210345,112,0,12.099770545959473,0.35380878908184543,12.099882125854492,0.3538028562753127,12.099823951721191,0.3538059494479494
9.376974006210345,112,1,12.09976863861084,0.35380889049734177,12.099886894226074,0.35380260273657205,12.099872589111328,0.35380336335279416
9.376974006210345,113,0,14.049919128417969,0.250117579767547,14.15255069732666,0.24466056403567393,14.166046142578125,0.24394299869170655
9.376974006210345,113,1,14.075523376464844,0.24875617814541173,14.155990600585938,0.2444776611881232,14.166083335876465,0.24394102108952898
9.376974006210345,114,0,14.012925148010254,0.2520845840257505,14.012964248657227,0.2520825050080767,14.012956619262695,0.25208291067006183
9.376974006210345,114,1,14.012944221496582,0.2520835698707877,14.012970924377441,0.2520821500538397,14.01294231414795,0.25208367128628395
9.376974006210345,115,0,27.702842712402344,-0.4758210332351238,27.702714920043945,-0.47581423839687265,27.70294189453125,-0.47582630684093075
9.376974006210345,115,1,27.7042236328125,-0.4758944580544344,27.70393943786621,-0.47587934714548785,27.702096939086914,-0.47578137977607615
9.376974006210345,116,0,15.308232307434082,0.18321190068138593,15.308127403259277,0.18321747853368164,15.308228492736816,0.1832121035123785
9.376974006210345,116,1,15.308225631713867,0.18321225563562293,15.308237075805664,0.18321164714264526,15.308073997497559,0.18322031816757767
9.376974006210345,117,0,13.458560943603516,0.2815606430668657,13.458754539489746,0.2815503493939927,13.45865535736084,0.2815556229997995
9.376974006210345,117,1,13.458731651306152,0.28155156637994816,13.458905220031738,0.2815423375697862,13.459028244018555,0.2815357962702757
9.376974006210345,118,0,14.866434097290039,0.20670272137822554,14.866209030151367,0.2067146884067872,14.86629867553711,0.2067099218784617
9.376974006210345,118,1,14.866253852844238,0.2067123051426245,14.866408348083496,0.20670409048742533,14.866339683532715,0.20670774144529158
9.376974006210345,119,0,15.61645793914795,0.16682325789716124,15.616303443908691,0.1668314725523603,15.616442680358887,0.16682406922113158
9.376974006210345,119,1,15.616504669189453,0.16682077321750222,15.616378784179688,0.16682746664025705,15.616328239440918,0.16683015415090863
9.376974006210345,120,0,12.078556060791016,0.3549367829392799,12.078583717346191,0.35493531241458365,12.078520774841309,0.3549386591259611
9.376974006210345,120,1,12.078028678894043,0.3549648243240028,12.078673362731934,0.3549305458862583,12.078519821166992,0.35493870983370923
9.376974006210345,121,0,18.85332489013672,-0.005283960781728547,18.85329818725586,-0.0052825409647805355,18.853290557861328,-0.005282135302795421
9.376974006210345,121,1,18.85328483581543,-0.00528183105630653,18.85330581665039,-0.005282946626765872,18.8532657623291,-0.005280816901343854
9.376974006210345,122,0,12.482346534729004,0.33346686883691945,12.482312202453613,0.3334686943158526,12.482261657714844,0.33347138182650415
9.376974006210345,122,1,12.482348442077637,0.3334667674214232,12.482304573059082,0.3334690999778378,12.482248306274414,0.33347209173497816
9.376974006210345,123,0,11.391863822937012,0.39144884628168364,11.392913818359375,0.3913930170509785,11.392970085144043,0.39139002529383804
9.376974006210345,123,1,11.39173412322998,0.39145574253543103,11.393112182617188,0.39138246983936475,11.393058776855469,0.3913853094732608
9.376974006210345,124,0,11.699217796325684,0.3751065503792613,11.699418067932129,0.37509590175215135,11.699324607849121,0.3751008711114694
9.376974006210345,124,1,11.698713302612305,0.37513337477802877,11.699137687683105,0.37511080983010536,11.699359893798828,0.37509899492478804
9.376974006210345,125,0,12.107823371887207,0.35338061285652844,12.108098983764648,0.3533659583173152,12.108105659484863,0.3533656033630782
9.376974006210345,125,1,12.108033180236816,0.3533694571519371,12.108142852783203,0.35336362576090063,12.108121871948242,0.35336474133135987
9.376974006210345,126,0,14.73015308380127,0.21394890929556565,14.731888771057129,0.21385662119394588,14.732481956481934,0.21382508097460118
9.376974006210345,126,1,14.725215911865234,0.21421142330770038,14.73135757446289,0.21388486540966134,14.731467247009277,0.21387903401862496
9.376974006210345,127,0,14.33161449432373,0.2351395758289041,14.331790924072266,0.2351301948954977,14.331929206848145,0.23512284227201707
9.376974006210345,127,1,14.331599235534668,0.23514038715287444,14.331890106201172,0.23512492128969087,14.331741333007812,0.23513283169840116
8.877462928241497,0,0,12.028841018676758,0.32148700394285734,12.028752326965332,0.3214919834765856,12.02879524230957,0.3214895740247815
8.877462928241497,0,1,12.028630256652832,0.32149883702838367,12.0286226272583,0.321499265375371,12.028614044189453,0.32149974726573183
8.877462928241497,1,0,12.863404273986816,0.27463103723084126,12.890084266662598,0.27313310781597777,12.889759063720703,0.27315136610631474
8.877462928241497,1,1,12.889819145202637,0.2731479928737891,12.889753341674805,0.27315168736655526,12.889838218688965,0.27314692200632074
8.877462928241497,2,0,13.015791893005371,0.26607534159168444,13.015918731689453,0.26606822032301936,13.015826225280762,0.2660734140302413
8.877462928241497,2,1,13.015876770019531,0.2660705762314499,13.015987396240234,0.2660643652001329,13.015915870666504,0.26606838095313956
8.877462928241497,3,0,17.130817413330078,0.03504012937425194,17.130834579467773,0.035039165593530264,17.130786895751953,0.03504184276220146
8.877462928241497,3,1,17.130844116210938,0.035038630159796025,17.130821228027344,0.03503991520075822,17.130720138549805,0.03504559079834102
8.877462928241497,4,0,17.965866088867188,-0.01184309091483604,17.966232299804688,-0.011863651570230282,17.9663028717041,-0.011867613779863562
8.877462928241497,4,1,17.96630096435547,-0.011867506693116758,17.965864181518555,-0.011842983828089237,17.96615982055664,-0.0118595822738502
8.877462928241497,5,0,12.263062477111816,0.3083368049737023,12.263017654418945,0.3083393215122532,12.262813568115234,0.3083507797941656
8.877462928241497,5,1,12.262924194335938,0.30834456876284855,12.262872695922852,0.30834746010501335,12.262804985046387,0.3083512616845263
8.877462928241497,6,0,14.534642219543457,0.18080055877805223,14.535428047180176,0.18075643903835226,14.534761428833008,0.18079386585637447
8.877462928241497,6,1,13.72560977935791,0.22622311584017862,14.530596733093262,0.1810276897681098,14.534647941589355,0.1808002375178117
8.877462928241497,7,0,15.440016746520996,0.12996894304605355,15.43921184539795,0.130014133653222,15.440166473388672,0.12996053673642627
8.877462928241497,7,1,15.439973831176758,0.12997135249785752,15.439530372619629,0.12999625016649896,15.440037727355957,0.12996776509183827
8.877462928241497,8,0,11.092690467834473,0.37404651787856846,11.093141555786133,0.3740211918629397,11.093145370483398,0.3740209776894461
8.877462928241497,8,1,11.092434883117676,0.37406086750264567,11.093218803405762,0.3740168548496925,11.09320068359375,0.37401787217378757
8.877462928241497,9,0,15.07822322845459,0.1502815855345424,15.078317642211914,0.15027628474057364,15.07831859588623,0.15027623119720024
8.877462928241497,9,1,15.078154563903809,0.15028544065742888,15.078338623046875,0.15027510678635836,15.078339576721191,0.15027505324298496
8.877462928241497,10,0,12.155567169189453,0.31437205339574903,13.123943328857422,0.26000325532872326,13.203601837158203,0.25553088443350147
8.877462928241497,10,1,13.145363807678223,0.2588006176182839,13.202239990234375,0.2556073443707486,13.203532218933105,0.25553479309976124
8.877462928241497,11,0,16.4239444732666,0.07472701318862962,16.423879623413086,0.07473065413802238,16.423885345458984,0.07473033287778175
8.877462928241497,11,1,16.423879623413086,0.07473065413802238,16.424043655395508,0.07472144467779362,16.423959732055664,0.07472615649465486
8.877462928241497,12,0,12.778441429138184,0.27940121636903814,12.778307914733887,0.27940871244131726,12.778493881225586,0.27939827148349994
8.877462928241497,12,1,12.77708911895752,0.27947714087255104,12.778159141540527,0.27941706520757115,12.778307914733887,0.27940871244131726
8.877462928241497,13,0,12.50177001953125,0.2949347379759687,12.501972198486328,0.2949233867808031,12.501852989196777,0.29493007970248086
8.877462928241497,13,1,12.501087188720703,0.29497307503133907,12.501860618591309,0.29492965135549354,12.501869201660156,0.2949291694651327
8.877462928241497,14,0,12.615625381469727,0.28854240879656834,12.619108200073242,0.2883468683968299,12.619053840637207,0.288349920369115
8.877462928241497,14,1,12.61680793762207,0.2884760150135246,12.619013786315918,0.28835216919079876,12.619041442871094,0.28835061643296944
8.877462928241497,15,0,13.412618637084961,0.24379578328052565,13.412630081176758,0.2437951407600446,13.412500381469727,0.24380242265883012
8.877462928241497,15,1,13.41249942779541,0.24380247620220352,13.412334442138672,0.24381173920580557,13.412576675415039,0.24379813918895632
8.877462928241497,16,0,8.686066627502441,0.5091647199243166,9.027705192565918,0.4899836630897356,9.17551326751709,0.48168508272975297
8.877462928241497,16,1,8.946356773376465,0.49455091284266184,9.14443302154541,0.4834300612695872,9.176932334899902,0.4816054101901005
8.877462928241497,17,0,21.87672233581543,-0.23141536294639875,21.87623405456543,-0.23138794873920643,21.8761043548584,-0.2313806668404209
8.877462928241497,17,1,21.87676239013672,-0.2314176117680825,21.876800537109375,-0.23141975350301924,21.876218795776367,-0.23138709204523178
8.877462928241497,18,0,12.559033393859863,0.2917197261188238,12.561044692993164,0.2916068031442761,12.560944557189941,0.2916124251984854
8.877462928241497,18,1,12.560564994812012,0.2916337354611075,12.561175346374512,0.2915994677021172,12.561056137084961,0.2916061606237951
8.877462928241497,19,0,16.5773868560791,0.06611209857846767,16.577341079711914,0.06611466866039195,16.577367782592773,0.06611316944593615
8.877462928241497,19,1,16.577594757080078,0.06610042612306166,16.577478408813477,0.06610695841461911,16.57748794555664,0.06610642298088487
8.877462928241497,20,0,15.13302230834961,0.14720492975432098,15.133319854736328,0.1471882242218132,15.132864952087402,0.1472137644109357
8.877462928241497,20,1,15.133374214172363,0.1471851722495281,15.132957458496094,0.14720857070371374,15.133105278015137,0.14720027148083326
8.877462928241497,21,0,18.309940338134766,-0.031160897525137732,18.309934616088867,-0.03116057626489732,18.309370040893555,-0.031128878587831088
8.877462928241497,21,1,18.3099422454834,-0.031161004611884535,18.309953689575195,-0.031161647132365577,18.309612274169922,-0.031142478604680446
8.877462928241497,22,0,11.813948631286621,0.3335519858194881,11.815003395080566,0.33349276684848306,11.814921379089355,0.3334973715785974
8.877462928241497,22,1,11.814316749572754,0.33353131807734715,11.814962387084961,0.3334950692135402,11.814961433410645,0.3334951227569136
8.877462928241497,23,0,13.19721508026123,0.2558894644053109,13.266692161560059,0.25198872256474614,13.267631530761719,0.25193598234192505
8.877462928241497,23,1,12.729974746704102,0.28212234414973525,13.266648292541504,0.2519911855599235,13.267516136169434,0.2519424610901092
8.877462928241497,24,0,11.197178840637207,0.36818009171292254,11.214221000671387,0.3672232716298651,11.214384078979492,0.36721411571301
8.877462928241497,24,1,11.196625709533691,0.3682111468695075,11.2141752243042,0.3672258417117894,11.214353561401367,0.3672158291009595
8.877462928241497,25,0,17.668521881103516,0.004851090397770652,17.668773651123047,0.004836954947187055,17.668859481811523,0.004832136043579127
8.877462928241497,25,1,17.668621063232422,0.004845521886934656,17.668787002563477,0.00483620533995921,17.668869018554688,0.004831600609844888
8.877462928241497,26,0,12.898416519165039,0.2726652993623867,13.274667739868164,0.25154093933281507,13.27495288848877,0.25152492986416175
8.877462928241497,26,1,13.274908065795898,0.25152744640271263,13.27498722076416,0.2515230023027185,13.274937629699707,0.2515257865581365
8.877462928241497,27,0,23.022947311401367,-0.29576935763621115,23.02284049987793,-0.2957633607783877,23.024255752563477,-0.29584281914454647
8.877462928241497,27,1,23.022775650024414,-0.29575971982899507,23.0240535736084,-0.2958314679493811,23.023143768310547,-0.2957803875711361
8.877462928241497,28,0,12.11147403717041,0.3168476312659312,12.111592292785645,0.3168409918876268,12.111536026000977,0.31684415094665874
8.877462928241497,28,1,12.111553192138672,0.3168431871659372,12.111552238464355,0.3168432407093106,12.111531257629395,0.31684441866352586
8.877462928241497,29,0,11.239506721496582,0.3658036226269451,11.303304672241211,0.3622217315751103,11.308423042297363,0.3619343642899526
8.877462928241497,29,1,10.648301124572754,0.39899644485242003,11.077058792114258,0.37492414731233425,11.305585861206055,0.36209365582588404
8.877462928241497,30,0,14.061347961425781,0.2073733318569616,14.06110954284668,0.20738671770031725,14.061419486999512,0.20736931610395493
8.877462928241497,30,1,14.055256843566895,0.2077153133830102,14.061322212219238,0.207374777528044,14.061447143554688,0.20736776334612572
8.877462928241497,31,0,12.616717338562012,0.28848110163399976,12.61667251586914,0.28848361817255064,12.61661148071289,0.2884870449484497
8.877462928241497,31,1,12.615901947021484,0.28852688121827585,12.61655330657959,0.2884903110942284,12.616573333740234,0.2884891866833865
8.877462928241497,32,0,11.648933410644531,0.3428166492661302,11.648880004882812,0.3428196476950419,11.64897346496582,0.34281440044444644
8.877462928241497,32,1,11.648892402648926,0.34281895163118736,11.648873329162598,0.34282002249865584,11.64887523651123,0.34281991541190904
8.877462928241497,33,0,12.091622352600098,0.3179621901270908,12.091580390930176,0.3179645460355214,12.091534614562988,0.31796711611744566
8.877462928241497,33,1,12.091509819030762,0.31796850824515466,12.091567993164062,0.3179652420993758,12.09151554107666,0.317968186984914
8.877462928241497,34,0,10.156943321228027,0.4265833829673221,12.178613662719727,0.3130781242336246,12.309203147888184,0.3057462694807823
8.877462928241497,34,1,12.298173904418945,0.30636549859441176,12.308985710144043,0.3057584773699227,12.308930397033691,0.3057615828855811
8.877462928241497,35,0,11.026790618896484,0.3777464185254261,11.026644706726074,0.3777546106615597,11.026571273803711,0.3777587335013133
8.877462928241497,35,1,11.026643753051758,0.3777546642049332,11.026724815368652,0.3777501130181923,11.026679992675781,0.37775262955674305
8.877462928241497,36,0,11.770048141479492,0.336016747928239,11.770284652709961,0.33600346917163026,11.770233154296875,0.33600636051379507
8.877462928241497,36,1,11.770150184631348,0.3360110187872828,11.770271301269531,0.3360042187788582,11.770222663879395,0.3360069494909027
8.877462928241497,37,0,10.884119033813477,0.38575661427615604,10.88414478302002,0.38575516860507364,10.884160041809082,0.3857543119110989
8.877462928241497,37,1,10.884129524230957,0.3857560252990484,10.884079933166504,0.3857588095544664,10.884154319763184,0.3857546331713394
8.877462928241497,38,0,10.960780143737793,0.3814525302036007,10.960923194885254,0.38144449869758734,10.960956573486328,0.3814426246795175
8.877462928241497,38,1,10.597844123840332,0.40182931765344954,10.96116828918457,0.3814307380506178,10.961042404174805,0.3814378057759096
8.877462928241497,39,0,12.92300033569336,0.2712850582823054,12.930089950561523,0.27088701684428373,12.930387496948242,0.27087031131177597
8.877462928241497,39,1,12.86142349243164,0.27474224681743953,12.926852226257324,0.2710687965970525,12.930439949035645,0.27086736642623765
8.877462928241497,40,0,13.621231079101562,0.23208338451788102,13.6376953125,0.23115901171911757,13.637821197509766,0.23115194399382588
8.877462928241497,40,1,13.150007247924805,0.2585399149330905,13.63668155670166,0.23121592832506555,13.63766860961914,0.23116051093357348
8.877462928241497,41,0,12.823261260986328,0.27688483844830813,12.823261260986328,0.27688483844830813,12.823193550109863,0.2768886400278211
8.877462928241497,41,1,12.823163986206055,0.2768902998723972,12.823307037353516,0.27688226836638385,12.82326602935791,0.276884570731441
8.877462928241497,42,0,12.018903732299805,0.3220449258939181,12.021783828735352,0.3218832249061827,12.021799087524414,0.32188236821220795
8.877462928241497,42,1,12.019913673400879,0.32198822346146383,12.021821022033691,0.32188113671461915,12.021784782409668,0.3218831713628092
8.877462928241497,43,0,11.852151870727539,0.3314070918235623,11.852178573608398,0.3314055926091065,11.852171897888184,0.33140596741272044
8.877462928241497,43,1,11.851966857910156,0.33141747923800624,11.8522367477417,0.3314023264633278,11.852190971374512,0.33140489654525207
8.877462928241497,44,0,12.545936584472656,0.29245503726603295,12.54696273803711,0.2923974245962304,12.546875953674316,0.29240229704321186
8.877462928241497,44,1,12.54167366027832,0.29269437614523075,12.546751976013184,0.29240925768175685,12.546932220458984,0.29239913798417994
8.877462928241497,45,0,24.83822250366211,-0.39768670595047084,24.83734893798828,-0.397637660220416,24.838607788085938,-0.39770833747333356
8.877462928241497,45,1,24.838411331176758,-0.3976973075384086,24.838054656982422,-0.3976772823167486,24.837831497192383,-0.3976647531673677
8.877462928241497,46,0,36.868343353271484,-1.0731093758131713,36.86697769165039,-1.0730327017024304,36.86568832397461,-1.0729603110615638
8.877462928241497,46,1,36.86626052856445,-1.0729924370856168,36.86604690551758,-1.0729804433699703,36.86528778076172,-1.0729378228447262
8.877462928241497,47,0,12.429925918579102,0.29896837446936775,12.44276237487793,0.2982476806631029,12.443037033081055,0.29823226017155735
8.877462928241497,47,1,11.387491226196289,0.35749513674287925,12.391316413879395,0.3011360779423714,12.44299030303955,0.29823488379685503
8.877462928241497,48,0,12.590482711791992,0.2899540262934751,12.590592384338379,0.2899478688055315,12.590530395507812,0.289951349124804
8.877462928241497,48,1,12.587357521057129,0.29012948792818016,12.59056568145752,0.2899493680199874,12.590605735778809,0.2899471191983036
8.877462928241497,49,0,14.961337089538574,0.15684407555467894,14.961335182189941,0.15684418264142586,14.96133041381836,0.15684445035829286
8.877462928241497,49,1,14.96127986907959,0.15684728815708426,14.961255073547363,0.15684868028479326,14.961384773254395,0.15684139838600786
8.877462928241497,50,0,13.006545066833496,0.2665944981403876,13.006534576416016,0.26659508711749524,13.00645637512207,0.26659947767411585
8.877462928241497,50,1,13.00656509399414,0.2665933737295457,13.006562232971191,0.26659353435966593,13.006505966186523,0.26659669341869785
8.877462928241497,51,0,10.581531524658203,0.4027451770558388,10.581494331359863,0.40274726524740223,10.581478118896484,0.4027481754847504
8.877462928241497,51,1,10.581477165222168,0.4027482290281239,10.581465721130371,0.40274887154860495,10.58148193359375,0.4027479613112568
8.877462928241497,52,0,11.795369148254395,0.33459511782050233,11.79546070098877,0.33458997765665377,11.795469284057617,0.33458949576629293
8.877462928241497,52,1,11.795557022094727,0.3345845697759381,11.79555606842041,0.3345846233193115,11.79568099975586,0.3345776091373932
8.877462928241497,53,0,13.295495986938477,0.2503715520572709,13.345372200012207,0.24757128717065569,13.358040809631348,0.24686001699811322
8.877462928241497,53,1,12.695759773254395,0.2840433197580088,12.746077537536621,0.2812182642894989,13.181694984436035,0.25676082926438615
8.877462928241497,54,0,15.348824501037598,0.13508886749944526,15.348822593688965,0.13508897458619207,15.348827362060547,0.13508870686932495
8.877462928241497,54,1,15.34884262084961,0.1350878501753502,15.34886646270752,0.1350865115910146,15.348836898803711,0.1350881714355907
8.877462928241497,55,0,18.12104034423828,-0.02055524029113298,18.121112823486328,-0.020559309587513064,18.121191024780273,-0.02056370014413378
8.877462928241497,55,1,18.121185302734375,-0.020563378883893146,18.121131896972656,-0.02056038045498154,18.121238708496094,-0.02056637731280475
8.877462928241497,56,0,15.013273239135742,0.15392815698147133,15.025090217590332,0.1532647010413951,15.025871276855469,0.15322084901856214
8.877462928241497,56,1,14.966538429260254,0.15655204999603345,15.02353572845459,0.1533519767400735,15.025649070739746,0.15323332462456962
8.877462928241497,57,0,17.189231872558594,0.03176049066538633,17.18902015686035,0.03177237729428606,17.189796447753906,0.03172879298832032
8.877462928241497,57,1,17.188831329345703,0.0317829788822237,17.189918518066406,0.03172193943652224,17.189767837524414,0.031730399289522926
8.877462928241497,58,0,16.64900016784668,0.062091419581436824,16.650726318359375,0.061994506075542355,16.65052604675293,0.06200575018396104
8.877462928241497,58,1,16.650314331054688,0.06201763681286088,16.65068244934082,0.06199696907071983,16.65041160583496,0.062012175388771795
8.877462928241497,59,0,14.505203247070312,0.18245338917222664,14.505314826965332,0.1824471245975362,14.505168914794922,0.18245531673366988
8.877462928241497,59,1,14.504963874816895,0.18246682855895568,14.505146980285645,0.18245654823125856,14.505302429199219,0.18244782066139076
8.877462928241497,60,0,11.900520324707031,0.3286914790103277,11.900567054748535,0.32868885538503,11.900468826293945,0.3286943703524926
8.877462928241497,60,1,11.900578498840332,0.32868821286454897,11.900483131408691,0.32869356720189125,11.90060806274414,0.32868655301997285
8.877462928241497,61,0,13.328125,0.2485396190789988,13.329720497131348,0.24845004101526325,13.329591751098633,0.24845726937067525
8.877462928241497,61,1,13.32978343963623,0.2484465071526173,13.329743385314941,0.24844875597430105,13.329628944396973,0.2484551811791117
8.877462928241497,62,0,13.20055866241455,0.2557017413380922,13.200850486755371,0.25568535706582496,13.20081901550293,0.2556871239971479
8.877462928241497,62,1,13.200566291809082,0.25570131299110477,13.200824737548828,0.25568680273690736,13.200835227966309,0.2556862137597997
8.877462928241497,63,0,18.0,-0.013759515336368655,17.99978256225586,-0.013747307447228407,17.999879837036133,-0.0137527688713176
8.877462928241497,63,1,17.999780654907227,-0.013747200360481604,17.999853134155273,-0.013751269656861687,17.99986457824707,-0.013751912177342729
8.877462928241497,64,0,14.079591751098633,0.2063490471233922,14.079413414001465,0.20635905973422208,14.079452514648438,0.20635686445591184
8.877462928241497,64,1,14.071610450744629,0.20679715161556378,14.079615592956543,0.2063477085390566,14.079593658447266,0.20634894003664528
8.877462928241497,65,0,11.76554012298584,0.33626984745440647,11.988096237182617,0.3237745910289537,12.004185676574707,0.3228712607759452
8.877462928241497,65,1,12.000541687011719,0.323075850005792,12.003941535949707,0.32288496787954135,12.00420093536377,0.32287040408197043
8.877462928241497,66,0,12.995891571044922,0.26719263116488856,12.999492645263672,0.26699045138684585,12.999558448791504,0.2669867568940797
8.877462928241497,66,1,12.999323844909668,0.2669999285639416,12.999545097351074,0.26698750650130765,12.999608039855957,0.2669839726386617
8.877462928241497,67,0,12.744393348693848,0.2813128218869628,12.744242668151855,0.2813212817399635,12.744239807128906,0.28132144237008383
8.877462928241497,67,1,12.743304252624512,0.2813739684194111,12.744382858276367,0.28131341086407047,12.744332313537598,0.28131624866286187
8.877462928241497,68,0,12.482629776000977,0.2960093534805551,12.482714653015137,0.2960045881203206,12.482684135437012,0.2960063015082701
8.877462928241497,68,1,12.4824800491333,0.2960177597901824,12.482717514038086,0.2960044274902003,12.482730865478516,0.2960036778829723
8.877462928241497,69,0,13.397787094116211,0.24462848982399,13.398018836975098,0.24461547878424839,13.39811897277832,0.2446098567300391
8.877462928241497,69,1,13.393684387207031,0.24485883341645298,13.397884368896484,0.2446230283999009,13.39793872833252,0.2446199764276159
8.877462928241497,70,0,12.082557678222656,0.31847111989147014,12.08253288269043,0.31847251201917914,12.082725524902344,0.3184616962577479
8.877462928241497,70,1,12.082494735717773,0.3184746537541161,12.082586288452148,0.31846951359026754,12.08265209197998,0.3184658190975014
8.877462928241497,71,0,16.765974044799805,0.055524003570945446,16.76613426208496,0.05551500828421052,16.766183853149414,0.05551222402879252
8.877462928241497,71,1,16.766250610351562,0.05550847599265296,16.766111373901367,0.055516293325172605,16.766292572021484,0.0555061200842224
8.877462928241497,72,0,10.215763092041016,0.423280988324752,10.21585464477539,0.42327584816090347,10.21572208404541,0.4232832906898092
8.877462928241497,72,1,10.213926315307617,0.4233841128619634,10.216106414794922,0.42326171271032,10.215924263000488,0.4232719394946436
8.877462928241497,73,0,11.975767135620117,0.3244667997605577,11.97596263885498,0.32445582336900614,11.975842475891113,0.3244625698340574
8.877462928241497,73,1,11.974485397338867,0.3245387620544373,11.97598648071289,0.32445448478467065,11.975826263427734,0.3244634800714056
8.877462928241497,74,0,13.43024730682373,0.24280603402281364,13.430303573608398,0.24280287496378172,13.43032455444336,0.24280169700956644
8.877462928241497,74,1,13.430132865905762,0.2428124592276243,13.430315017700195,0.24280223244330068,13.430262565612793,0.24280517732883888
8.877462928241497,75,0,11.992889404296875,0.3235054820341329,11.992897033691406,0.32350505368714555,11.992925643920898,0.32350344738594283
8.877462928241497,75,1,11.984188079833984,0.3239940117732384,11.992745399475098,0.32351356708351975,11.992898941040039,0.32350494660039875
8.877462928241497,76,0,12.301750183105469,0.30616471094407793,12.301687240600586,0.3061682448067239,12.301610946655273,0.3061725282765977
8.877462928241497,76,1,12.301502227783203,0.3061786322211678,12.301752090454102,0.30616460385733113,12.301750183105469,0.30616471094407793
8.877462928241497,77,0,13.525056838989258,0.23748301955403106,13.525158882141113,0.23747729041307486,13.525100708007812,0.23748055655885358
8.877462928241497,77,1,13.501666069030762,0.23879627787396096,13.525167465209961,0.23747680852271402,13.525134086608887,0.23747868254078375
8.877462928241497,78,0,17.620891571044922,0.007525260639976272,17.621231079101562,0.007506199199037944,17.62082862854004,0.007528794502622227
8.877462928241497,78,1,17.621097564697266,0.007513695271317067,17.62114906311035,0.0075108039291522655,17.62098503112793,0.0075200133893809085
8.877462928241497,79,0,15.67288875579834,0.11689450795029122,15.672908782958984,0.11689338353944934,15.672821044921875,0.11689830952980418
8.877462928241497,79,1,15.6729154586792,0.11689300873583541,15.672863006591797,0.11689595362137362,15.672751426696777,0.11690221819606406
8.877462928241497,80,0,13.309745788574219,0.24957150697159425,13.310047149658203,0.24955458726559276,13.31009292602539,0.24955201718366848
8.877462928241497,80,1,13.309588432312012,0.24958034162820897,13.310023307800293,0.24955592584992836,13.309871673583984,0.24956443924630256
8.877462928241497,81,0,10.944381713867188,0.382373208509598,10.944360733032227,0.3823743864638133,10.944392204284668,0.38237261953249024
8.877462928241497,81,1,10.944404602050781,0.3823719234686358,10.944330215454102,0.3823760998517628,10.944377899169922,0.3823734226830916
8.877462928241497,82,0,13.346311569213867,0.2475185469478346,13.346282005310059,0.2475202067924107,13.346291542053223,0.24751967135867647
8.877462928241497,82,1,13.34634780883789,0.24751651229964455,13.346273422241211,0.24752068868277155,13.346389770507812,0.247514156391214
8.877462928241497,83,0,14.859711647033691,0.16254976451331105,14.85977840423584,0.16254601647717148,14.859850883483887,0.1625419471807914
8.877462928241497,83,1,14.85986042022705,0.16254141174705716,14.859737396240234,0.16254831884222865,14.859827995300293,0.1625432322217536
8.877462928241497,84,0,14.263907432556152,0.1960007728854286,14.264460563659668,0.19596971772884364,14.264297485351562,0.19597887364569888
8.877462928241497,84,1,14.264206886291504,0.19598396026617393,14.264409065246582,0.19597260907100844,14.264744758605957,0.19595376180356372
8.877462928241497,85,0,17.152273178100586,0.03383551055899592,17.152034759521484,0.03384889640235156,17.152070999145508,0.03384686175416152
8.877462928241497,85,1,16.94141387939453,0.04567405750942366,17.15239143371582,0.033828871180691555,17.15203285217285,0.03384900348909836
8.877462928241497,86,0,16.91166114807129,0.047344503673454,16.917560577392578,0.04701328436546337,16.917844772338867,0.04699732844018356
8.877462928241497,86,1,16.85248565673828,0.05066686999431069,16.917827606201172,0.046998292220905125,16.917205810546875,0.04703320250037657
8.877462928241497,87,0,12.493149757385254,0.2954187165283332,12.60659408569336,0.28904946454287794,12.60650634765625,0.2890543905332328
8.877462928241497,87,1,12.602845191955566,0.28925994354380125,12.606823921203613,0.28903656058988314,12.606646537780762,0.28904651965733974
8.877462928241497,88,0,18.988563537597656,-0.06926171953199878,18.987937927246094,-0.06922659507903373,18.988746643066406,-0.06927199985969568
8.877462928241497,88,1,18.98853874206543,-0.06926032740428967,18.987939834594727,-0.06922670216578053,18.988595962524414,-0.0692635400066951
8.877462928241497,89,0,11.448086738586426,0.3540930443389967,11.448123931884766,0.35409095614743324,11.4481201171875,0.35409117032092696
8.877462928241497,89,1,11.448052406311035,0.3540949719004399,11.448129653930664,0.3540906348871927,11.448042869567871,0.35409550733417416
8.877462928241497,90,0,11.25125789642334,0.36514386117963493,11.25127124786377,0.365143111572407,11.251236915588379,0.3651450391338502
8.877462928241497,90,1,11.251250267028809,0.36514428952662226,11.25124740600586,0.3651444501567426,11.251240730285645,0.3651448249603565
8.877462928241497,91,0,11.969987869262695,0.32479127260349716,11.973580360412598,0.3245895747158152,11.974769592285156,0.3245228061291575
8.877462928241497,91,1,11.96252155303955,0.32521046367402073,11.972806930541992,0.3246329983916607,11.974350929260254,0.32454631167008996
8.877462928241497,92,0,12.01031494140625,0.32252713751495976,12.015551567077637,0.32223313085149774,12.015667915344238,0.3222265985599402
8.877462928241497,92,1,12.015690803527832,0.322225313518978,12.015607833862305,0.3222299717924658,12.015705108642578,0.32222451036837674
8.877462928241497,93,0,14.176431655883789,0.20091203881259334,14.176032066345215,0.2009344734860573,14.176173210144043,0.20092654906679086
8.877462928241497,93,1,14.136229515075684,0.20316915971921234,14.175921440124512,0.20094068451737435,14.175960540771484,0.200938489239064
8.877462928241497,94,0,13.08006763458252,0.26246662530976517,13.122247695922852,0.2600984554466682,13.122405052185059,0.2600896207900535
8.877462928241497,94,1,13.121163368225098,0.26015933426224935,13.122260093688965,0.26009775938281365,13.122304916381836,0.2600952428442629
8.877462928241497,95,0,11.818268775939941,0.33330943433788485,11.818355560302734,0.3333045618909035,11.818143844604492,0.33331644851980324
8.877462928241497,95,1,11.818120002746582,0.33331778710413873,11.818154335021973,0.3333158595426956,11.818269729614258,0.33330938079451145
8.877462928241497,96,0,11.431645393371582,0.35501613209679794,11.431732177734375,0.3550112596498166,11.431595802307129,0.35501891635221594
8.877462928241497,96,1,11.43167781829834,0.3550143116221016,11.431647300720215,0.35501602501005114,11.431634902954102,0.3550167210739057
8.877462928241497,97,0,11.494150161743164,0.351506845859324,11.494075775146484,0.3515110222424509,11.49412727355957,0.3515081309002861
8.877462928241497,97,1,11.494155883789062,0.3515065245990834,11.494195938110352,0.35150427577739973,11.494120597839355,0.3515085057039
8.877462928241497,98,0,11.317570686340332,0.36142077625208546,11.36353874206543,0.35883993210975484,11.366854667663574,0.35865376180036534
8.877462928241497,98,1,11.320029258728027,0.3612827414354026,11.364049911499023,0.35881123286160055,11.366864204406738,0.3586532263666312
8.877462928241497,99,0,13.817293167114258,0.22107561654947439,13.817596435546875,0.2210585897567261,13.817388534545898,0.22107026221213222
8.877462928241497,99,1,13.817306518554688,0.22107486694224654,13.81753921508789,0.22106180235913142,13.817386627197266,0.22107036929887902
8.877462928241497,100,0,12.86532211303711,0.27452336150688894,12.865411758422852,0.2745183284297873,12.865365028381348,0.274520952055085
8.877462928241497,100,1,12.864770889282227,0.2745543095767271,12.865203857421875,0.2745300008851933,12.865278244018555,0.2745258245020664
8.877462928241497,101,0,21.316864013671875,-0.1999825114053163,21.317047119140625,-0.19999279173301343,21.317163467407227,-0.19999932402457088
8.877462928241497,101,1,21.31723403930664,-0.20000328623420416,21.317556381225586,-0.2000213838944208,21.317405700683594,-0.20001292404142024
8.877462928241497,102,0,16.0732421875,0.09441694624421659,16.073198318481445,0.09441940923939407,16.073144912719727,0.09442240766830567
8.877462928241497,102,1,16.07338523864746,0.09440891473820323,16.073169708251953,0.09442101554059668,16.073129653930664,0.09442326436228043
8.877462928241497,103,0,12.996912956237793,0.26713528621195326,12.996926307678223,0.2671345366047253,12.996959686279297,0.2671326625866556
8.877462928241497,103,1,12.996912956237793,0.26713528621195326,12.99688720703125,0.26713673188303566,12.996928215026855,0.2671344295179785
8.877462928241497,104,0,14.889763832092285,0.16086250573002614,14.889784812927246,0.16086132777581075,14.889799118041992,0.1608605246252095
8.877462928241497,104,1,14.889823913574219,0.1608591324975005,14.889874458312988,0.1608562946987091,14.889856338500977,0.16085731202280418
8.877462928241497,105,0,15.953986167907715,0.10111249154730761,15.966195106506348,0.10042702928075475,15.966232299804688,0.10042494108919131
8.877462928241497,105,1,15.719443321228027,0.1142807346333059,15.964737892150879,0.10050884355534406,15.965751647949219,0.1004519269493962
8.877462928241497,106,0,17.92304039001465,-0.009438672187932151,17.922718048095703,-0.009420574527715497,17.922643661499023,-0.00941639814458839
8.877462928241497,106,1,17.923152923583984,-0.009444990305995993,17.922929763793945,-0.009432461156615113,17.923023223876953,-0.009437708407210477
8.877462928241497,107,0,9.481184959411621,0.4645233606804223,9.499221801757812,0.4635106948588854,9.49908447265625,0.46351840510465825
8.877462928241497,107,1,9.498688697814941,0.4635406256046285,9.499119758605957,0.4635164239998416,9.499137878417969,0.46351540667574664
8.877462928241497,108,0,11.418913841247559,0.35573093613198636,11.419114112854004,0.3557196920235677,11.4191255569458,0.3557190495030865
8.877462928241497,108,1,11.419092178344727,0.35572092352115636,11.419034004211426,0.3557241896669351,11.419052124023438,0.3557231723428401
8.877462928241497,109,0,10.545608520507812,0.4047620488459117,10.546854019165039,0.40469212120022213,10.54686450958252,0.4046915322231145
8.877462928241497,109,1,10.225217819213867,0.42275015932064286,10.546083450317383,0.40473538424594746,10.546854972839355,0.40469206765684873
8.877462928241497,110,0,10.440860748291016,0.41064303880912867,10.440862655639648,0.41064293172238175,10.440850257873535,0.4106436277862363
8.877462928241497,110,1,10.440940856933594,0.41063854116576115,10.440828323364258,0.410644859283825,10.440845489501953,0.41064389550310343
8.877462928241497,111,0,15.63044261932373,0.11927761641457302,15.630085945129395,0.11929764163623302,15.630194664001465,0.1192915376916629
8.877462928241497,111,1,15.628419876098633,0.11939118190960185,15.63003158569336,0.11930069360851803,15.630112648010254,0.11929614242177722
8.877462928241497,112,0,11.914648056030273,0.3278982874764491,11.914741516113281,0.32789304022585375,11.914637565612793,0.32789887645355675
8.877462928241497,112,1,11.914680480957031,0.3278964670017528,11.914678573608398,0.3278965740884996,11.914737701416016,0.32789325439934736
8.877462928241497,113,0,13.799966812133789,0.2220483925578116,13.881479263305664,0.21747193334465675,13.89051342010498,0.21696471696822694
8.877462928241497,113,1,13.612727165222168,0.23256083077868805,13.857049942016602,0.21884350039824363,13.890275955200195,0.21697804926820907
8.877462928241497,114,0,13.699380874633789,0.22769571923941334,13.699399948120117,0.22769464837194497,13.69950008392334,0.22768902631773558
8.877462928241497,114,1,13.699445724487305,0.2276920782900207,13.699461936950684,0.22769116805267253,13.699535369873047,0.22768704521291894
8.877462928241497,115,0,22.371952056884766,-0.2592196871573954,22.372514724731445,-0.2592512777477146,22.37314224243164,-0.2592865092874267
8.877462928241497,115,1,22.372560501098633,-0.259253847829639,22.372604370117188,-0.25925631082481637,22.371999740600586,-0.2592223643260666
8.877462928241497,116,0,15.07083511352539,0.15069638604844537,15.070700645446777,0.1507039356640979,15.07067584991455,0.1507053277918069
8.877462928241497,116,1,15.070638656616211,0.15070741598337034,15.070879936218262,0.1506938695098945,15.070883750915527,0.15069365533640078
8.877462928241497,117,0,13.66791820526123,0.22946216867198999,13.668022155761719,0.22945633244428698,13.667829513549805,0.22946714820571834
8.877462928241497,117,1,13.668353080749512,0.2294377528937095,13.668066024780273,0.22945386944910962,13.668105125427246,0.22945167417079926
8.877462928241497,118,0,14.601722717285156,0.17703437143489775,14.602267265319824,0.17700379816867362,14.60207462310791,0.17701461393010498
8.877462928241497,118,1,14.602002143859863,0.17701868322648506,14.602174758911133,0.17700899187589558,14.602018356323242,0.1770177729891369
8.877462928241497,119,0,14.802180290222168,0.1657798220583876,14.802289962768555,0.16577366457044396,14.80225658416748,0.1657755385885138
8.877462928241497,119,1,14.80231761932373,0.16577211181261475,14.80226993560791,0.16577478898128584,14.802226066589355,0.1657772519764633
8.877462928241497,120,0,11.971789360046387,0.3246901291711023,11.971949577331543,0.32468113388436737,11.971893310546875,0.3246842929433993
8.877462928241497,120,1,11.972006797790527,0.32467792128196205,11.971853256225586,0.32468654176508305,11.971906661987305,0.32468354333617144
8.877462928241497,121,0,18.158618927001953,-0.0226650633774671,18.158554077148438,-0.02266142242807445,18.158445358276367,-0.022655318483504217
8.877462928241497,121,1,18.15856170654297,-0.022661850775061887,18.15838050842285,-0.02265167753411157,18.15867805480957,-0.022668383066619335
8.877462928241497,122,0,12.195262908935547,0.3121433640204172,12.195384979248047,0.3121365104686191,12.195261001586914,0.3121434711071641
8.877462928241497,122,1,12.195245742797852,0.3121443278011389,12.195295333862305,0.3121415435457209,12.19534969329834,0.31213849157343576
8.877462928241497,123,0,11.08582592010498,0.3744319230804626,11.086902618408203,0.37437147261186876,11.086820602416992,0.3743760773419831
8.877462928241497,123,1,10.796012878417969,0.39070327237315294,11.086568832397461,0.37439021279256657,11.086941719055176,0.3743692773335584
8.877462928241497,124,0,11.667346000671387,0.341782887355465,11.667973518371582,0.34174765581575306,11.667999267578125,0.34174621014467066
8.877462928241497,124,1,11.667861938476562,0.3417539203904435,11.667946815490723,0.34174915503020886,11.667948722839355,0.34174904794346206
8.877462928241497,125,0,11.968303680419922,0.32488583020096107,11.968522071838379,0.3248735687684473,11.968581199645996,0.32487024907929507
8.877462928241497,125,1,11.968616485595703,0.32486826797447854,11.968499183654785,0.3248748538094094,11.968520164489746,0.3248736758551941
8.877462928241497,126,0,15.40988540649414,0.13166064592933258,15.409165382385254,0.1317010711762665,15.408934593200684,0.1317140286726347
8.877462928241497,126,1,15.409494400024414,0.13168259871243582,15.408797264099121,0.13172173891840755,15.409119606018066,0.13170364125819078
8.877462928241497,127,0,14.295306205749512,0.1942379108588712,14.295403480529785,0.19423244943478213,14.295287132263184,0.1942389817263397
8.877462928241497,127,1,14.201469421386719,0.1995063110867631,14.295564651489258,0.1942234006046738,14.29548454284668,0.1942278982480412
8.400935309099815,0,0,11.883697509765625,0.29168258073209297,11.884020805358887,0.2916634070082522,11.884055137634277,0.29166137086058774
8.400935309099815,0,1,11.873828887939453,0.2922678600663219,11.883927345275879,0.2916689498546723,11.883962631225586,0.2916668571473504
8.400935309099815,1,0,12.799569129943848,0.237364891642469,12.800699234008789,0.23729786844851253,12.8003511428833,0.23731851272344429
8.400935309099815,1,1,12.800363540649414,0.23731777744789884,12.800642013549805,0.23730126202795343,12.800543785095215,0.23730708767266018
8.400935309099815,2,0,12.744590759277344,0.24062549932887833,12.744647979736328,0.24062210574943754,12.744611740112305,0.2406242550164167
8.400935309099815,2,1,12.734471321105957,0.24122565385298955,12.744735717773438,0.24061690226096155,12.74455451965332,0.2406276485958575
8.400935309099815,3,0,16.215774536132812,0.03475965851650353,16.215553283691406,0.03477278035700815,16.215818405151367,0.03475705677226559
8.400935309099815,3,1,16.215688705444336,0.03476474888566483,16.215688705444336,0.03476474888566483,16.215728759765625,0.03476237338005628
8.400935309099815,4,0,17.58369255065918,-0.04636759095398468,17.583879470825195,-0.0463786766468246,17.58357810974121,-0.04636080379510288
8.400935309099815,4,1,17.58344841003418,-0.04635311168170375,17.583593368530273,-0.04636170874962042,17.583276748657227,-0.046342930943381155
8.400935309099815,5,0,12.149659156799316,0.2759091669314456,12.14983081817627,0.27589898619312314,12.149870872497559,0.2758966106875146
8.400935309099815,5,1,12.149344444274902,0.2759278316183702,12.149819374084473,0.2758996649090113,12.149847984313965,0.2758979681192909
8.400935309099815,6,0,14.996908187866211,0.10704708602088153,15.021615982055664,0.10558173841833007,15.022204399108887,0.10554684110974688
8.400935309099815,6,1,15.021146774291992,0.1056095657697449,15.02131462097168,0.1055996112700518,15.021870613098145,0.10556663698981839
8.400935309099815,7,0,15.230656623840332,0.09318414432610833,15.230633735656738,0.09318550175788465,15.230175018310547,0.09321270695306871
8.400935309099815,7,1,15.230560302734375,0.09318985685150039,15.230417251586914,0.09319834080010247,15.229944229125977,0.09322639439014668
8.400935309099815,8,0,10.902709007263184,0.3498621632253843,10.930049896240234,0.3482406544088972,10.930062294006348,0.3482399191333516
8.400935309099815,8,1,10.930100440979004,0.34823765674705776,10.930072784423828,0.34823929697712086,10.9301176071167,0.3482366386732255
8.400935309099815,9,0,14.510429382324219,0.13589873283026688,14.51054859161377,0.1358916628730984,14.51054859161377,0.1358916628730984
8.400935309099815,9,1,14.51063346862793,0.1358866290635945,14.51050853729248,0.13589403837870706,14.510519981384277,0.1358933596628189
8.400935309099815,10,0,12.433709144592285,0.25906298610989387,12.748008728027344,0.24042278951694596,12.76937198638916,0.23915579663271103
8.400935309099815,10,1,12.680055618286133,0.244452891341564,12.764935493469238,0.23941891215869027,12.769418716430664,0.2391530252095011
8.400935309099815,11,0,15.741541862487793,0.06288502276589336,15.741629600524902,0.06287981927741737,15.741575241088867,0.06288304317788618
8.400935309099815,11,1,15.741528511047363,0.06288581460109621,15.741620063781738,0.06288038487399084,15.741619110107422,0.06288044143364824
8.400935309099815,12,0,13.183008193969727,0.21462423301116307,13.183367729187012,0.21460291002034315,13.183525085449219,0.21459357767688092
8.400935309099815,12,1,13.178048133850098,0.21491839978902594,13.183578491210938,0.2145904103360694,13.183473587036133,0.21459663189837763
8.400935309099815,13,0,12.182014465332031,0.2739902674366269,12.182103157043457,0.27398500738849363,12.182201385498047,0.27397918174378677
8.400935309099815,13,1,12.182205200195312,0.2739789555051574,12.182184219360352,0.273980199817619,12.18210220336914,0.2739850639481509
8.400935309099815,14,0,12.305660247802734,0.26665719474224636,12.305926322937012,0.2666414145978465,12.306117057800293,0.2666301026663771
8.400935309099815,14,1,12.298341751098633,0.2670912335527289,12.305867195129395,0.2666449212966021,12.30565071105957,0.2666577603388198
8.400935309099815,15,0,13.123109817504883,0.21817663196982662,13.123342514038086,0.21816283141343384,13.123209953308105,0.21817069320580518
8.400935309099815,15,1,13.123111724853516,0.21817651885051192,13.123287200927734,0.21816611187356005,13.123266220092773,0.21816735618602168
8.400935309099815,16,0,9.211816787719727,0.45014407593205064,9.212413787841797,0.45010866958655127,9.212691307067871,0.45009221072626326
8.400935309099815,16,1,9.092168807983398,0.45724005054283157,9.185391426086426,0.45171128747748446,9.211697578430176,0.450151145889219
8.400935309099815,17,0,21.590368270874023,-0.2839919056054472,21.591039657592773,-0.2840317236042196,21.591169357299805,-0.2840394157176187
8.400935309099815,17,1,21.590824127197266,-0.28401894112165915,21.590646743774414,-0.2840084210253926,21.59201431274414,-0.2840895275740285
8.400935309099815,18,0,12.120345115661621,0.27764769767898423,12.121294975280762,0.2775913642602664,12.121232032775879,0.2775950971976513
8.400935309099815,18,1,12.118878364562988,0.2777346864319842,12.121232032775879,0.2775950971976513,12.121159553527832,0.27759939573160963
8.400935309099815,19,0,16.266923904418945,0.031726137854343306,16.26682472229004,0.031732020058707455,16.266878128051758,0.03172885271789594
8.400935309099815,19,1,16.26677703857422,0.03173484804157478,16.266698837280273,0.031739485933477196,16.266958236694336,0.03172410170667883
8.400935309099815,20,0,14.897756576538086,0.11292748047595624,14.89759349822998,0.11293715217736267,14.89770793914795,0.11293036501848097
8.400935309099815,20,1,14.897921562194824,0.11291769565523524,14.897557258605957,0.11293930144434183,14.897561073303223,0.11293907520571245
8.400935309099815,21,0,19.249923706054688,-0.14518692748130935,19.249391555786133,-0.14515536719250965,19.249723434448242,-0.14517504995326647
8.400935309099815,21,1,19.24946403503418,-0.145159665726468,19.249868392944336,-0.14518364702118314,19.2492618560791,-0.14514767507911053
8.400935309099815,22,0,11.567048072814941,0.3104621403207444,11.567047119140625,0.3104621968804018,11.567121505737305,0.31045778522712864
8.400935309099815,22,1,11.566963195800781,0.31046717413024827,11.567151069641113,0.31045603187775084,11.567092895507812,0.31045948201684903
8.400935309099815,23,0,12.986515998840332,0.22627761513201017,12.988554000854492,0.22615674714425915,12.988433837890625,0.22616387366108492
8.400935309099815,23,1,12.988682746887207,0.22614911159051732,12.988656997680664,0.22615063870126562,12.98856258392334,0.2261562381073431
8.400935309099815,24,0,11.006498336791992,0.3437067191566301,11.008846282958984,0.3435674692802413,11.008737564086914,0.3435739170811788
8.400935309099815,24,1,10.493436813354492,0.3741349098549115,10.994430541992188,0.34442242506070164,11.00880241394043,0.34357007102447923
8.400935309099815,25,0,16.91177749633789,-0.006518258131378518,16.911861419677734,-0.006523235381225012,16.911964416503906,-0.0065293438242184365
8.400935309099815,25,1,16.911352157592773,-0.006493032524201636,16.9119815826416,-0.006530361898050785,16.912073135375977,-0.006535791625156051
8.400935309099815,26,0,13.045604705810547,0.22277323532243432,13.06180191040039,0.22181262610204933,13.061812400817871,0.22181200394581857
8.400935309099815,26,1,13.061617851257324,0.22182354211591737,13.061890602111816,0.22180736605391604,13.061713218688965,0.2218178861501826
8.400935309099815,27,0,22.220748901367188,-0.32137795223126764,22.221220016479492,-0.32140589270199715,22.221311569213867,-0.3214113224291024
8.400935309099815,27,1,22.221336364746094,-0.32141279298019354,22.219890594482422,-0.3213270485396551,22.21967887878418,-0.32131449229572406
8.400935309099815,28,0,11.90073299407959,0.29067225557289966,11.900798797607422,0.2906683529565427,11.900776863098145,0.2906696538286617
8.400935309099815,28,1,11.90080738067627,0.29066784391962663,11.900808334350586,0.29066778735996923,11.900784492492676,0.29066920135140295
8.400935309099815,29,0,11.213615417480469,0.3314232058932778,11.2781400680542,0.32759643603682287,11.284144401550293,0.32724033643416484
8.400935309099815,29,1,11.267752647399902,0.3282124838246486,11.283105850219727,0.3273019299010159,11.284219741821289,0.3272358682212344
8.400935309099815,30,0,13.730215072631836,0.18217098034122214,13.75744915008545,0.18055580620635792,13.757671356201172,0.180542627806196
8.400935309099815,30,1,13.754767417907715,0.18071485196281822,13.75767707824707,0.18054228844825193,13.757713317871094,0.18054013918127265
8.400935309099815,31,0,12.201355934143066,0.27284318102596805,12.201461791992188,0.27283690290400253,12.201421737670898,0.2728392784096112
8.400935309099815,31,1,12.201268196105957,0.27284838451444404,12.201398849487305,0.2728406358413875,12.201337814331055,0.2728442556594577
8.400935309099815,32,0,11.48590087890625,0.31527474500476116,11.485939979553223,0.3152724260588099,11.485901832580566,0.31527468844510376
8.400935309099815,32,1,11.485915184020996,0.3152738966099009,11.4859037399292,0.31527457532578906,11.485949516296387,0.31527186046223643
8.400935309099815,33,0,11.887436866760254,0.29146081031563453,11.887354850769043,0.29146567444616633,11.887348175048828,0.2914660703637678
8.400935309099815,33,1,11.887478828430176,0.2914583216907112,11.887391090393066,0.29146352517918717,11.887391090393066,0.29146352517918717
8.400935309099815,34,0,12.197760581970215,0.2730564109341671,12.202786445617676,0.27275834153994727,12.20295524597168,0.2727483304805969
8.400935309099815,34,1,12.202071189880371,0.2728007612829577,12.202972412109375,0.27274731240676453,12.202909469604492,0.2727510453441495
8.400935309099815,35,0,10.883302688598633,0.35101309569274264,10.88333797454834,0.3510110029854209,10.883282661437988,0.35101428344554697
8.400935309099815,35,1,10.88332462310791,0.3510117948206237,10.883160591125488,0.35102152308168744,10.883379936218262,0.3510085143604975
8.400935309099815,36,0,11.538064002990723,0.31218110142684075,11.538240432739258,0.3121706378902316,11.538274765014648,0.312168601742567
8.400935309099815,36,1,11.53779125213623,0.3121972774888421,11.538228988647461,0.31217131660611974,11.538227081298828,0.31217142972543444
8.400935309099815,37,0,10.621864318847656,0.36651824703859215,10.621820449829102,0.3665208487828301,10.62183952331543,0.36651971758968316
8.400935309099815,37,1,10.621848106384277,0.366519208552767,10.621857643127441,0.3665186429561935,10.621908187866211,0.3665156452943541
8.400935309099815,38,0,10.757208824157715,0.35849135702753343,10.757308959960938,0.358485418263512,10.757431983947754,0.35847812206771423
8.400935309099815,38,1,10.747756004333496,0.35905197635115893,10.757147789001465,0.3584949768456036,10.75732707977295,0.35848434363002235
8.400935309099815,39,0,12.046658515930176,0.2820178361635737,12.501242637634277,0.2550577705345085,12.646064758300781,0.24646879064873328
8.400935309099815,39,1,12.611613273620605,0.2485120082704012,12.644131660461426,0.24658343707417607,12.647788047790527,0.24636658734790684
8.400935309099815,40,0,13.144745826721191,0.21689346302359047,13.15298080444336,0.2164050703823973,13.15296745300293,0.21640586221760016
8.400935309099815,40,1,13.146944046020508,0.21676309301340513,13.15308952331543,0.2163986225814597,13.152979850769043,0.2164051269420546
8.400935309099815,41,0,12.672639846801758,0.2448926992370959,12.672781944274902,0.2448842718481512,12.672696113586426,0.2448893622173124
8.400935309099815,41,1,12.672646522521973,0.24489230331949452,12.672801971435547,0.24488308409534687,12.672767639160156,0.24488512024301146
8.400935309099815,42,0,11.797725677490234,0.2967813207226292,11.799031257629395,0.29670389055172086,11.798993110656738,0.2967061529380147
8.400935309099815,42,1,11.795928001403809,0.29688793567672866,11.799013137817383,0.2967049651852105,11.798961639404297,0.2967080194067072
8.400935309099815,43,0,11.587038040161133,0.30927659334308955,11.586923599243164,0.30928338050197113,11.586925506591797,0.30928326738265643
8.400935309099815,43,1,11.585412979125977,0.30937297099920913,11.586912155151367,0.3092840592178594,11.586979866027832,0.30928004348218774
8.400935309099815,44,0,12.197110176086426,0.2730949846204779,12.212054252624512,0.2722086947898471,12.212142944335938,0.2722034347417138
8.400935309099815,44,1,11.123358726501465,0.336776068424275,12.189332008361816,0.2735562851858018,12.212124824523926,0.27220450937520335
8.400935309099815,45,0,21.998750686645508,-0.3082118820746693,21.997922897338867,-0.3081627882920921,21.998262405395508,-0.3081829235301077
8.400935309099815,45,1,21.998727798461914,-0.308210524642893,21.998382568359375,-0.30819005004693323,21.998632431030273,-0.30820486867715835
8.400935309099815,46,0,41.1061897277832,-1.4414186659397439,41.10589599609375,-1.441401245565281,41.104801177978516,-1.441336315078646
8.400935309099815,46,1,41.10360336303711,-1.441265276149018,41.103858947753906,-1.441280434137187,41.10591506958008,-1.4414023767584276
8.400935309099815,47,0,12.052990913391113,0.2816422800387882,12.184444427490234,0.2738461534297062,12.190726280212402,0.27347359496676005
8.400935309099815,47,1,12.091816902160645,0.27933962326886863,12.18639850616455,0.2737302626918018,12.190661430358887,0.2734774410234597
8.400935309099815,48,0,12.3554048538208,0.2637069864553586,12.355581283569336,0.26369652291874934,12.35563850402832,0.26369312933930855
8.400935309099815,48,1,12.355591773986816,0.2636959007625185,12.355679512023926,0.2636906972740426,12.355607986450195,0.26369493924834364
8.400935309099815,49,0,14.33683967590332,0.14619383477992065,14.336687088012695,0.1462028843250962,14.336779594421387,0.14619739803833354
8.400935309099815,49,1,14.336780548095703,0.14619734147867625,14.336687088012695,0.1462028843250962,14.336792945861816,0.14619660620313069
8.400935309099815,50,0,12.840779304504395,0.23492083572918143,12.840669631958008,0.23492734008977634,12.840777397155762,0.23492094884849613
8.400935309099815,50,1,12.840702056884766,0.23492541706142656,12.840764999389648,0.23492168412404157,12.840806007385254,0.23491925205877562
8.400935309099815,51,0,10.349464416503906,0.38267349508599036,10.349398612976074,0.3826773977023473,10.349449157714844,0.3826744000405079
8.400935309099815,51,1,10.349376678466797,0.38267869857446635,10.349397659301758,0.3826774542620047,10.34946346282959,0.38267355164564776
8.400935309099815,52,0,11.721209526062012,0.30131927171056794,11.721407890319824,0.30130750730183964,11.721216201782227,0.30131887579296646
8.400935309099815,52,1,11.721455574035645,0.3013046793189723,11.721248626708984,0.3013169527646167,11.721460342407227,0.3013043965206855
8.400935309099815,53,0,13.839092254638672,0.1757137905005206,13.873619079589844,0.17366610466592225,13.876063346862793,0.17352114226414128
8.400935309099815,53,1,13.874101638793945,0.17363748547930447,13.875882148742676,0.17353188859903723,13.87601089477539,0.1735242530452954
8.400935309099815,54,0,14.850042343139648,0.11575727325235186,14.84988784790039,0.1157664359168421,14.84993839263916,0.11576343825500279
8.400935309099815,54,1,14.849952697753906,0.11576258986014254,14.849940299987793,0.1157633251356881,14.84993839263916,0.11576343825500279
8.400935309099815,55,0,17.8382625579834,-0.06146539964761932,17.837923049926758,-0.06144526440960374,17.8378963470459,-0.06144368073919804
8.400935309099815,55,1,17.83815574645996,-0.06145906496599651,17.83805274963379,-0.06145295652300309,17.83794403076172,-0.061446508722065474
8.400935309099815,56,0,17.486751556396484,-0.040618301784640654,17.487285614013672,-0.04064997519275515,17.487403869628906,-0.04065698859026612
8.400935309099815,56,1,17.48768424987793,-0.04067361712952633,17.487455368041992,-0.04066004281176294,17.487491607666016,-0.04066219207874222
8.400935309099815,57,0,16.667083740234375,0.007993818750768655,16.668882369995117,0.007887147237011893,16.66887855529785,0.00788737347564128
8.400935309099815,57,1,16.668188095092773,0.007928322667560606,16.66826629638672,0.00792368477565819,16.668743133544922,0.007895404946984597
8.400935309099815,58,0,17.096195220947266,-0.017455538430552586,17.09674072265625,-0.01748789055455502,17.096664428710938,-0.017483365781967297
8.400935309099815,58,1,17.096954345703125,-0.017500559917800862,17.096778869628906,-0.01749015294084888,17.096458435058594,-0.017471148895980226
8.400935309099815,59,0,14.388511657714844,0.1431293194255342,14.388774871826172,0.14311370896010633,14.388893127441406,0.14310669556259525
8.400935309099815,59,1,14.388798713684082,0.14311229496867262,14.388949394226074,0.14310335854281175,14.388598442077637,0.1431241724967156
8.400935309099815,60,0,11.81586742401123,0.29570538636091326,11.815917015075684,0.29570244525873113,11.815911293029785,0.2957027846166752
8.400935309099815,60,1,11.815797805786133,0.2957095152158996,11.815825462341309,0.2957078749858365,11.81587028503418,0.29570521668194116
8.400935309099815,61,0,12.963926315307617,0.2276173437355935,12.964110374450684,0.22760642772172546,12.964059829711914,0.22760942538356488
8.400935309099815,61,1,12.964055061340332,0.22760970818185167,12.9642333984375,0.2275991315259277,12.964000701904297,0.22761293208232047
8.400935309099815,62,0,12.836980819702148,0.23514611284439535,12.838163375854492,0.23507597886928477,12.838263511657715,0.23507004010526333
8.400935309099815,62,1,12.837132453918457,0.23513711985887709,12.83830738067627,0.2350674383610254,12.838316917419434,0.23506687276445193
8.400935309099815,63,0,17.49379539489746,-0.041036051413807284,17.493738174438477,-0.04103265783436627,17.493852615356445,-0.041039444993248075
8.400935309099815,63,1,17.49397087097168,-0.041046458390759044,17.493831634521484,-0.04103820068078634,17.493913650512695,-0.04104306481131825
8.400935309099815,64,0,13.830326080322266,0.17623368687085617,13.838114738464355,0.1757717641493015,13.838348388671875,0.17575790703325145
8.400935309099815,64,1,13.837959289550781,0.17578098337344905,13.838366508483887,0.1757568323997618,13.838204383850098,0.17576644754151083
8.400935309099815,65,0,11.777055740356445,0.2980071947359726,11.787137031555176,0.29740930259815523,11.789740562438965,0.29725489473359734
8.400935309099815,65,1,11.762701988220215,0.2988584741387055,11.784141540527344,0.2975869564818828,11.789579391479492,0.29726445331568907
8.400935309099815,66,0,12.768263816833496,0.23922151895454857,12.771538734436035,0.23902729309121817,12.771585464477539,0.23902452166800825
8.400935309099815,66,1,12.769397735595703,0.23915426952196273,12.77155590057373,0.23902627501738594,12.771468162536621,0.23903147850586193
8.400935309099815,67,0,12.44485855102539,0.2584017471558476,12.44534969329834,0.2583726189323138,12.445281982421875,0.25837663466798544
8.400935309099815,67,1,12.445294380187988,0.25837589939244,12.445398330688477,0.25836973438978916,12.445428848266602,0.25836792448075396
8.400935309099815,68,0,12.1360445022583,0.27671661259973446,12.137592315673828,0.2766248162758599,12.137628555297852,0.2766226670088807
8.400935309099815,68,1,12.137353897094727,0.27663895619019674,12.137554168701172,0.27662707866215375,12.137534141540527,0.2766282664149581
8.400935309099815,69,0,13.211008071899414,0.21296364147144897,13.210816383361816,0.2129750099625758,13.210942268371582,0.21296754408780594
8.400935309099815,69,1,13.210806846618652,0.21297557555914925,13.210838317871094,0.21297370909045676,13.210835456848145,0.21297387876942886
8.400935309099815,70,0,11.857399940490723,0.29324221328344224,11.857598304748535,0.29323044887471406,11.857539176940918,0.29323395557346954
8.400935309099815,70,1,11.849671363830566,0.293700572746584,11.857592582702637,0.29323078823265813,11.85760498046875,0.2932300529571126
8.400935309099815,71,0,16.365570068359375,0.025875720017662585,16.365690231323242,0.025868593500836812,16.365446090698242,0.025883072773117743
8.400935309099815,71,1,16.365619659423828,0.025872778915480565,16.36573028564453,0.025866217995228258,16.365442276000977,0.02588329901174713
8.400935309099815,72,0,10.166226387023926,0.39354081108902594,10.169877052307129,0.3933243007207008,10.169828414916992,0.3933271852632255
8.400935309099815,72,1,10.15853214263916,0.39399713440450324,10.169950485229492,0.39331994562708505,10.170059204101562,0.39331349782614755
8.400935309099815,73,0,11.32204532623291,0.32499254253187204,11.651520729064941,0.3054523121115579,11.652199745178223,0.3054120416355267
8.400935309099815,73,1,11.615232467651367,0.30760446363327665,11.652106285095215,0.3054175844819468,11.652226448059082,0.305410457965121
8.400935309099815,74,0,13.089648246765137,0.2201611406671682,13.143341064453125,0.21697677539886295,13.143450736999512,0.21697027103826794
8.400935309099815,74,1,13.143572807312012,0.21696303140212758,13.1431884765625,0.2169858249440385,13.143292427062988,0.21697965994138757
8.400935309099815,75,0,11.84378719329834,0.29404954583241627,11.84395694732666,0.2940394782134085,11.844047546386719,0.2940341050459605
8.400935309099815,75,1,11.843910217285156,0.2940422496366185,11.844067573547363,0.29403291729315617,11.844091415405273,0.29403150330172256
8.400935309099815,76,0,12.108305931091309,0.2783617067933354,12.1265869140625,0.27727751472164675,12.126585960388184,0.27727757128130404
8.400935309099815,76,1,8.761332511901855,0.47686099159418016,12.126440048217773,0.2772862249088782,12.12670612335205,0.27727044476447826
8.400935309099815,77,0,13.112860679626465,0.21878447860733707,13.137335777282715,0.21733293156117828,13.138080596923828,0.21728875846879014
8.400935309099815,77,1,13.137181282043457,0.21734209422566853,13.137842178344727,0.21730289838312689,13.138288497924805,0.21727642846348838
8.400935309099815,78,0,17.83968162536621,-0.06154956041775206,17.840171813964844,-0.061578632081628504,17.840028762817383,-0.061570148133026414
8.400935309099815,78,1,17.840219497680664,-0.06158146006449594,17.84005355834961,-0.061571618684117535,17.83988380432129,-0.06156155106510974
8.400935309099815,79,0,15.177539825439453,0.09633434756137593,15.177268028259277,0.09635046706371986,15.177576065063477,0.09633219829439676
8.400935309099815,79,1,15.177355766296387,0.09634526357524398,15.177410125732422,0.09634203967477517,15.177480697631836,0.09633785426013142
8.400935309099815,80,0,13.063763618469238,0.22169628288688614,13.063852310180664,0.22169102283875286,13.06384563446045,0.22169141875635423
8.400935309099815,80,1,13.063858032226562,0.22169068348080878,13.063836097717285,0.2216919843529278,13.063874244689941,0.22168972196663383
8.400935309099815,81,0,10.738868713378906,0.35957905579797766,10.740463256835938,0.35948448805089306,10.740412712097168,0.3594874857127325
8.400935309099815,81,1,10.740456581115723,0.35948488396849454,10.740514755249023,0.35948143382939635,10.740458488464355,0.35948477084917985
8.400935309099815,82,0,12.988385200500488,0.22616675820360965,12.988471984863281,0.22616161127479106,12.988506317138672,0.22615957512712648
8.400935309099815,82,1,12.988381385803223,0.22616698444223904,12.988466262817383,0.22616195063273514,12.988533020019531,0.22615799145672077
8.400935309099815,83,0,14.6404390335083,0.1281882375424085,14.640420913696289,0.12818931217589802,14.64077377319336,0.12816838510267958
8.400935309099815,83,1,14.640379905700684,0.12819174424116397,14.640593528747559,0.12817907487791824,14.640542030334473,0.12818212909941495
8.400935309099815,84,0,14.236629486083984,0.15213701045465078,14.23690128326416,0.15212089095230685,14.236600875854492,0.15213870724437117
8.400935309099815,84,1,14.23672866821289,0.15213112825028674,14.236692428588867,0.1521332775172659,14.236970901489258,0.1521167620973205
8.400935309099815,85,0,16.291765213012695,0.030252871899763223,16.291797637939453,0.03025094887141333,16.29167366027832,0.03025830162686849
8.400935309099815,85,1,16.291702270507812,0.030256604837148093,16.29153823852539,0.030266333098211806,16.29180335998535,0.03025060951346925
8.400935309099815,86,0,20.929964065551758,-0.24482524784702187,20.93153190612793,-0.24491823192370066,20.930736541748047,-0.2448710611694731
8.400935309099815,86,1,20.92991065979004,-0.24482208050621024,20.93109893798828,-0.244892553839265,20.931615829467773,-0.24492320917354715
8.400935309099815,87,0,12.459897994995117,0.2575098013594821,12.46022891998291,0.2574901751583827,12.460185050964355,0.2574927769026206
8.400935309099815,87,1,12.460234642028809,0.2574898358004386,12.460180282592773,0.2574930597009074,12.460199356079102,0.25749192850776037
8.400935309099815,88,0,19.942663192749023,-0.18627129698174927,19.94281005859375,-0.18628000716898074,19.942853927612305,-0.18628260891321857
8.400935309099815,88,1,19.94269561767578,-0.18627322001009894,19.94251823425293,-0.18626269991383237,19.942895889282227,-0.18628509753814204
8.400935309099815,89,0,11.288981437683105,0.3269534658520997,11.28892707824707,0.32695668975256853,11.28894329071045,0.3269557282383937
8.400935309099815,89,1,11.288934707641602,0.32695623727530976,11.288933753967285,0.32695629383496716,11.288921356201172,0.3269570291105126
8.400935309099815,90,0,11.075319290161133,0.33962514804382604,11.075182914733887,0.33963323607482665,11.075236320495605,0.33963006873401524
8.400935309099815,90,1,11.075347900390625,0.33962345125410565,11.075227737426758,0.3396305777709314,11.075223922729492,0.3396308040095608
8.400935309099815,91,0,11.700420379638672,0.3025522156810797,11.701653480529785,0.3024790840441298,11.706022262573242,0.30221998425382224
8.400935309099815,91,1,11.76510238647461,0.29871611348116256,11.790363311767578,0.2972179612773497,11.84045696258545,0.29424705215587277
8.400935309099815,92,0,11.749404907226562,0.29964708544109764,11.752148628234863,0.29948436330690975,11.752111434936523,0.2994865691335462
8.400935309099815,92,1,11.68138313293457,0.30368125956104475,11.75216007232666,0.2994836845910216,11.752108573913574,0.2994867388125183
8.400935309099815,93,0,13.863543510437012,0.17426365744579542,13.864083290100098,0.17423164467973695,13.863990783691406,0.17423713096649962
8.400935309099815,93,1,13.86133098602295,0.174394875850841,13.864107131958008,0.17423023068830323,13.864100456237793,0.17423062660590471
8.400935309099815,94,0,12.779942512512207,0.23852888939067463,12.784622192382812,0.23825135115207186,12.78444766998291,0.23826170156936644
8.400935309099815,94,1,12.784238815307617,0.23827408813432538,12.784307479858398,0.23827001583899643,12.784428596496582,0.23826283276251337
8.400935309099815,95,0,11.577117919921875,0.3098649268988152,11.5770263671875,0.30987035662592055,11.576952934265137,0.3098747117195363
8.400935309099815,95,1,11.577035903930664,0.3098697910293471,11.576997756958008,0.30987205341564095,11.576993942260742,0.30987227965427033
8.400935309099815,96,0,11.313282012939453,0.3255122692232355,11.313218116760254,0.3255160587202778,11.313304901123047,0.3255109117914592
8.400935309099815,96,1,11.313156127929688,0.32551973509800536,11.31314468383789,0.3255204138138935,11.313262939453125,0.32551340041638244
8.400935309099815,97,0,11.349403381347656,0.32337001564155254,11.349395751953125,0.3233704681188113,11.349427223205566,0.32336860165011894
8.400935309099815,97,1,11.349472045898438,0.3233659433462236,11.349458694458008,0.32336673518142645,11.34945011138916,0.3233672442183426
8.400935309099815,98,0,11.568580627441406,0.31037124895138746,11.57944393157959,0.3097269778945454,11.579684257507324,0.30971272486089385
8.400935309099815,98,1,11.533531188964844,0.31244992947821204,11.578546524047852,0.3097802005321091,11.579524040222168,0.3097222268833282
8.400935309099815,99,0,13.526836395263672,0.19423277974777342,13.526754379272461,0.19423764387830533,13.526817321777344,0.19423391094092035
8.400935309099815,99,1,13.526923179626465,0.19422763281895483,13.526796340942383,0.19423515525338209,13.526796340942383,0.19423515525338209
8.400935309099815,100,0,12.77472972869873,0.2388380444777345,12.77475357055664,0.23883663048630077,12.77470588684082,0.2388394584691681
8.400935309099815,100,1,12.774711608886719,0.23883911911122402,12.774744987487793,0.23883713952321695,12.774938583374023,0.23882565791277544
8.400935309099815,101,0,20.82177734375,-0.23840900719823965,20.821426391601562,-0.2383881932443359,20.82260513305664,-0.23845810098081688
8.400935309099815,101,1,20.821897506713867,-0.23841613371506543,20.822263717651367,-0.2384378526234867,20.82109832763672,-0.23836873672220849
8.400935309099815,102,0,15.552404403686523,0.07410221680927875,15.552482604980469,0.07409757891737623,15.552565574645996,0.07409265822718702
8.400935309099815,102,1,15.552489280700684,0.07409718299977486,15.552478790283203,0.07409780515600561,15.55231761932373,0.07410736373809734
8.400935309099815,103,0,12.67750358581543,0.24460424498462519,12.677543640136719,0.24460186947901663,12.677580833435059,0.24459966365238006
8.400935309099815,103,1,12.67753791809082,0.2446022088369607,12.677568435668945,0.2446003989279255,12.677558898925781,0.24460096452449898
8.400935309099815,104,0,14.438782691955566,0.14014789020779073,14.438844680786133,0.14014421383006315,14.438838958740234,0.14014455318800723
8.400935309099815,104,1,14.438698768615723,0.14015286745763722,14.43879222869873,0.14014732461121715,14.43873405456543,0.14015077475031534
8.400935309099815,105,0,16.30263900756836,0.029607978686690295,16.304227828979492,0.02951375029754988,16.303943634033203,0.029530605075439365
8.400935309099815,105,1,15.074071884155273,0.10247073102560411,16.30219268798828,0.0296344486063288,16.302982330322266,0.029587617210045325
8.400935309099815,106,0,16.929933547973633,-0.007595040887954596,16.929777145385742,-0.0075857651041497665,16.92996597290039,-0.007596963916304489
8.400935309099815,106,1,16.929834365844727,-0.007589158683590558,16.929811477661133,-0.007587801251814241,16.929752349853516,-0.007584294553058646
8.400935309099815,107,0,9.384061813354492,0.43992872309925635,9.384202003479004,0.43992040882962624,9.384373664855957,0.43991022809130376
8.400935309099815,107,1,9.384021759033203,0.4399310986048649,9.38434886932373,0.43991169864239477,9.384340286254883,0.43991220767931094
8.400935309099815,108,0,11.128188133239746,0.33648965031946876,11.128005027770996,0.3365005097736794,11.128118515014648,0.3364937791744551
8.400935309099815,108,1,11.035446166992188,0.3419899073175129,11.127964973449707,0.33650288527928796,11.128015518188477,0.33649988761744865
8.400935309099815,109,0,10.487107276916504,0.37451029630072497,10.489579200744629,0.374363693668881,10.489643096923828,0.37435990417183873
8.400935309099815,109,1,10.267449378967285,0.38753756905819314,10.489278793334961,0.3743815099609453,10.489569664001465,0.37436425926545447
8.400935309099815,110,0,10.337386131286621,0.3833898231462928,10.339600563049316,0.3832584916219326,10.33952522277832,0.383262959834863
8.400935309099815,110,1,10.338764190673828,0.3833080944414261,10.339509963989258,0.38326386478938057,10.339508056640625,0.38326397790869526
8.400935309099815,111,0,15.3673734664917,0.08507586496812702,15.36889362335205,0.08498570887431556,15.36870002746582,0.08499719048475707
8.400935309099815,111,1,15.36882209777832,0.0849899508486166,15.369025230407715,0.08497790364160163,15.36905288696289,0.08497626341153863
8.400935309099815,112,0,11.709206581115723,0.3020311315579399,11.709260940551758,0.3020279076574711,11.709177017211914,0.3020328849073176
8.400935309099815,112,1,11.709234237670898,0.3020294913278768,11.708932876586914,0.30204736417959854,11.708978652954102,0.3020446493160459
8.400935309099815,113,0,13.505215644836426,0.19551504373949202,13.58554458618164,0.19075096724147922,13.592733383178711,0.19032462054439592
8.400935309099815,113,1,12.852031707763672,0.23425348833214166,13.433466911315918,0.199770253000352,13.591607093811035,0.190391417499723
8.400935309099815,114,0,13.369277000427246,0.203577170417078,13.369159698486328,0.2035841272549318,13.3692626953125,0.20357801881193827
8.400935309099815,114,1,13.369132041931152,0.2035857674849948,13.369221687316895,0.20358045087720422,13.369162559509277,0.2035839575759597
8.400935309099815,115,0,18.7587833404541,-0.11605881706681087,18.758460998535156,-0.11603969990262764,18.758268356323242,-0.11602827485184353
8.400935309099815,115,1,18.758647918701172,-0.11605078559546755,18.758398056030273,-0.11603596696524265,18.75836181640625,-0.1160338176982636
8.400935309099815,116,0,14.800751686096191,0.11868055914234243,14.800786972045898,0.11867846643502056,14.800801277160645,0.11867761804016042
8.400935309099815,116,1,14.800199508666992,0.11871330718394646,14.800637245178223,0.11868734630122413,14.800861358642578,0.11867405478174753
8.400935309099815,117,0,13.934247970581055,0.1700703810097307,13.93455982208252,0.17005188600177812,13.934545516967773,0.17005273439663837
8.400935309099815,117,1,13.934170722961426,0.17007496234197583,13.934653282165527,0.17004634315535816,13.934401512145996,0.17006127490489775
8.400935309099815,118,0,14.300344467163086,0.14835825974728367,14.30036449432373,0.14835707199447945,14.300268173217773,0.1483627845198715
8.400935309099815,118,1,14.300400733947754,0.14835492272750028,14.300311088562012,0.14836023933529086,14.300296783447266,0.1483610877301511
8.400935309099815,119,0,14.02437973022461,0.16472492779384584,14.024314880371094,0.16472877385054552,14.02435302734375,0.16472651146425155
8.400935309099815,119,1,14.024222373962402,0.16473426013730819,14.02427864074707,0.16473092311752469,14.024435997009277,0.16472159077406234
8.400935309099815,120,0,11.834794998168945,0.2945828468415431,11.834888458251953,0.29457730399512316,11.834894180297852,0.2945769646371791
8.400935309099815,120,1,11.834514617919922,0.2945994753808032,11.834878921508789,0.29457786959169663,11.83484172821045,0.2945800754183331
8.400935309099815,121,0,17.420392990112305,-0.0366827677071071,17.420400619506836,-0.03668322018436587,17.420366287231445,-0.0366811840367014
8.400935309099815,121,1,17.420427322387695,-0.036684803854771575,17.420385360717773,-0.03668231522984833,17.420377731323242,-0.036681862752589556
8.400935309099815,122,0,11.894923210144043,0.2910168170054589,11.895086288452148,0.2910071453040526,11.894926071166992,0.2910166473264869
8.400935309099815,122,1,11.894989013671875,0.29101291438910193,11.895034790039062,0.2910101995255493,11.895031929016113,0.2910103692045213
8.400935309099815,123,0,10.7874116897583,0.3567001126793473,10.787588119506836,0.35668964914273804,10.787574768066406,0.3566904409779409
8.400935309099815,123,1,10.787510871887207,0.35669423047498316,10.787552833557129,0.3566917418500599,10.787575721740723,0.3566903844182836
8.400935309099815,124,0,11.603955268859863,0.3082732815814073,11.646188735961914,0.3057685371557861,11.646538734436035,0.3057477797615398
8.400935309099815,124,1,11.646323204040527,0.3057605622441002,11.646368026733398,0.30575790394020486,11.646284103393555,0.30576288119005146
8.400935309099815,125,0,11.789196014404297,0.2972871902979426,11.7928466796875,0.29707067992961755,11.792850494384766,0.29707045369098817
8.400935309099815,125,1,11.79289436340332,0.2970678519467501,11.792847633361816,0.29707062336996015,11.792795181274414,0.29707373415111427
8.400935309099815,126,0,16.17690086364746,0.03706514326929056,16.177343368530273,0.03703889958828144,16.176509857177734,0.03708833272880285
8.400935309099815,126,1,16.176998138427734,0.0370593741842411,16.17705535888672,0.03705598060480031,16.176876068115234,0.037066613820381566
8.400935309099815,127,0,14.237380027770996,0.15209249800431857,14.237293243408203,0.15209764493313715,14.237049102783203,0.1521121242054181
8.400935309099815,127,1,14.237977027893066,0.1520570916588192,14.237482070922852,0.15208644612098243,14.237241744995117,0.15210069915463387
7.946503042423345,0,0,11.706585884094238,0.2623739906691914,11.70652961730957,0.262377517056923,11.706501007080078,0.2623793101354306
7.946503042423345,0,1,11.435891151428223,0.2793391431997345,11.706571578979492,0.26237488720844515,11.706417083740234,0.26238456983238634
7.946503042423345,1,0,12.710403442382812,0.19946209792019343,12.710920333862305,0.19942970296848916,12.710947036743164,0.19942802942854865
7.946503042423345,1,1,12.711174964904785,0.19941374456977135,12.711166381835938,0.1994142824933236,12.711077690124512,0.1994198410366973
7.946503042423345,2,0,12.437541961669922,0.2165630462630469,12.437361717224121,0.21657434265764486,12.437378883361816,0.21657326681054023
7.946503042423345,2,1,12.43631649017334,0.21663984979245643,12.437494277954102,0.21656603472722624,12.437457084655762,0.21656836572928606
7.946503042423345,3,0,15.316819190979004,0.03611115164411338,15.316774368286133,0.036113960800441935,15.316755294799805,0.03611515618611372
7.946503042423345,3,1,15.316742897033691,0.0361159331868004,15.316832542419434,0.03611031487414318,15.316855430603027,0.036108880411337085
7.946503042423345,4,0,17.16382598876953,-0.0796456336499961,17.164104461669922,-0.07966308628080354,17.164148330688477,-0.07966583566784868
7.946503042423345,4,1,17.164207458496094,-0.07966954136343107,17.164228439331055,-0.0796708562876699,17.163806915283203,-0.07964443826432432
7.946503042423345,5,0,12.040695190429688,0.2414344796265132,12.04093074798584,0.24141971661346706,12.041020393371582,0.24141409830080995
7.946503042423345,5,1,12.040149688720703,0.24146866765672503,12.041051864624023,0.2414121259144515,12.040910720825195,0.24142097176842248
7.946503042423345,6,0,15.842266082763672,0.0031800096967553593,15.84986686706543,0.002703648506564904,15.850619316101074,0.0026564905418144935
7.946503042423345,6,1,15.84444522857666,0.0030434368837585213,15.849297523498535,0.0027393307688664548,15.850373268127441,0.0026719110169800553
7.946503042423345,7,0,14.982513427734375,0.05706297515921055,14.982060432434082,0.057091365568914476,14.982105255126953,0.05708855641258592
7.946503042423345,7,1,14.894209861755371,0.06259719243440598,14.982247352600098,0.057079650789331415,14.982019424438477,0.05709393564810872
7.946503042423345,8,0,10.740866661071777,0.32289816030816176,10.74118423461914,0.32287825713672713,10.741215705871582,0.3228762847503688
7.946503042423345,8,1,10.740097045898438,0.3229463941200167,10.741069793701172,0.3228854294507576,10.741207122802734,0.32287682267392104
7.946503042423345,9,0,13.929180145263672,0.12307814888134283,13.929083824157715,0.12308418557898515,13.929150581359863,0.12308000172913403
7.946503042423345,9,1,13.929168701171875,0.12307886611274588,13.929083824157715,0.12308418557898515,13.929088592529297,0.1230838867325672
7.946503042423345,10,0,12.331947326660156,0.22318094041896297,12.331769943237305,0.22319205750571025,12.33173656463623,0.22319414943063576
7.946503042423345,10,1,12.105561256408691,0.2373691522647583,12.307283401489258,0.22472669363109676,12.331352233886719,0.2232182364519214
7.946503042423345,11,0,15.056405067443848,0.0524319912975858,15.056432723999023,0.05243025798836176,15.056439399719238,0.05242983960337666
7.946503042423345,11,1,15.056549072265625,0.05242296613576414,15.056543350219727,0.052423324751465716,15.056418418884277,0.0524311545276156
7.946503042423345,12,0,13.978612899780273,0.11998006783588056,13.979878425598145,0.1199007539965603,13.980169296264648,0.11988252436506619
7.946503042423345,12,1,13.98112678527832,0.11982251600434457,13.980391502380371,0.11986859812199036,13.980533599853516,0.11985969249873585
7.946503042423345,13,0,11.846354484558105,0.2536143240052092,11.846268653869629,0.25361970324073213,11.846214294433594,0.2536231100898966
7.946503042423345,13,1,11.844579696655273,0.2537255546419651,11.846288681030273,0.2536184480857768,11.846202850341797,0.2536238273212996
7.946503042423345,14,0,11.96464729309082,0.2462006018383287,11.965100288391113,0.24617221142862478,11.965001106262207,0.24617842743411789
7.946503042423345,14,1,11.96357250213623,0.24626796182093158,11.964974403381348,0.2461801009740583,11.964948654174805,0.24618171474471517
7.946503042423345,15,0,12.80439281463623,0.19357153617625067,12.804505348205566,0.19356448340078747,12.804631233215332,0.19355659385535395
7.946503042423345,15,1,12.804529190063477,0.19356298916869774,12.804659843444824,0.19355480077684628,12.804605484008789,0.19355820762601073
7.946503042423345,16,0,9.19765853881836,0.41961508169984707,9.24764633178711,0.4164822149313371,9.267667770385742,0.4152274185917061
7.946503042423345,16,1,9.22475814819336,0.41791667773743135,9.256723403930664,0.4159133308901535,9.268482208251953,0.4151763756235225
7.946503042423345,17,0,20.95338249206543,-0.3171471301451215,20.95280647277832,-0.3171110294978349,20.952924728393555,-0.31711844088899965
7.946503042423345,17,1,20.952138900756836,-0.31706919099932385,20.95355224609375,-0.31715776907760007,20.9533634185791,-0.31714593475944997
7.946503042423345,18,0,10.312287330627441,0.3497583568137107,11.61113452911377,0.2683561787248734,11.65209674835205,0.26578896845623323
7.946503042423345,18,1,11.48483657836914,0.2762716042581854,11.650907516479492,0.2658635007528666,11.652053833007812,0.26579165807399463
7.946503042423345,19,0,15.87782096862793,0.0009516912660549881,15.877765655517578,0.0009551578845030662,15.877734184265137,0.0009571302708614171
7.946503042423345,19,1,15.877642631530762,0.0009628681220857915,15.877806663513184,0.0009525878053088244,15.877782821655273,0.0009540820373985515
7.946503042423345,20,0,14.63995361328125,0.07853210182375547,14.639759063720703,0.07854429475760727,14.639713287353516,0.07854716368321946
7.946503042423345,20,1,14.639681816101074,0.07854913606957792,14.639698028564453,0.07854811999175693,14.639610290527344,0.07855361876584688
7.946503042423345,21,0,20.570148468017578,-0.2931288435355798,20.569480895996094,-0.29308700503706875,20.570068359375,-0.29312382291575856
7.946503042423345,21,1,20.57058334350586,-0.2931560983288958,20.569644927978516,-0.2930972853538457,20.568832397460938,-0.2930463619242295
7.946503042423345,22,0,11.294267654418945,0.2882150611202938,11.294578552246094,0.2881955763338444,11.294539451599121,0.2881980268744715
7.946503042423345,22,1,11.293315887451172,0.288274710865314,11.29446029663086,0.2882029877250092,11.294500350952148,0.2882004774150986
7.946503042423345,23,0,12.660829544067383,0.20256902481962658,12.668206214904785,0.2021067094110791,12.668309211730957,0.2021002543284517
7.946503042423345,23,1,11.177577018737793,0.2955283708907478,12.658825874328613,0.2026946000844434,12.668256759643555,0.20210354163904898
7.946503042423345,24,0,10.283927917480469,0.3515357159997451,10.70769214630127,0.3249772946070283,10.802796363830566,0.31901686257057205
7.946503042423345,24,1,10.521112442016602,0.3366707365558912,10.770267486572266,0.32105553306445,10.80296802520752,0.31900610409952634
7.946503042423345,25,0,16.09317398071289,-0.012545049737919256,16.094072341918945,-0.012601352403058486,16.094072341918945,-0.012601352403058486
7.946503042423345,25,1,16.09407615661621,-0.012601591480192798,16.09382438659668,-0.012585812389325768,16.09393882751465,-0.012592984703356236
7.946503042423345,26,0,12.79030704498291,0.19445432849483457,12.831767082214355,0.19185591866016194,12.831875801086426,0.19184910496183294
7.946503042423345,26,1,12.802038192749023,0.19371910653742763,12.831899642944336,0.19184761072974332,12.83194351196289,0.1918448613426983
7.946503042423345,27,0,21.871543884277344,-0.3746907251501622,21.872859954833984,-0.3747732067615127,21.87087631225586,-0.3746488866516512
7.946503042423345,27,1,21.87131118774414,-0.37467614144496697,21.871854782104492,-0.37471020993661186,21.87295150756836,-0.3747789446127371
7.946503042423345,28,0,11.668425559997559,0.26476559878265216,11.668414115905762,0.2647663160140552,11.668396949768066,0.2647673918611597
7.946503042423345,28,1,11.668400764465332,0.2647671527840254,11.668512344360352,0.2647601597778457,11.66835880279541,0.2647697826325033
7.946503042423345,29,0,11.24044418334961,0.29158831994739187,11.363292694091797,0.283889079912815,11.368599891662598,0.28355646384965183
7.946503042423345,29,1,11.358938217163086,0.28416198646167434,11.36843490600586,0.28356680393571243,11.368680000305176,0.2835514432298305
7.946503042423345,30,0,13.37998104095459,0.15749790460572521,13.421663284301758,0.15488556852797664,13.422527313232422,0.15483141755704655
7.946503042423345,30,1,13.422260284423828,0.15484815295645105,13.42268180847168,0.15482173493310547,13.42242431640625,0.15483787263967408
7.946503042423345,31,0,11.77639389038086,0.25799893887988734,11.787286758422852,0.2573162541227536,11.787320137023926,0.257314162197828
7.946503042423345,31,1,11.786039352416992,0.2573944323456857,11.787317276000977,0.2573143415056788,11.787291526794434,0.25731595527633566
7.946503042423345,32,0,11.299453735351562,0.28789003575614636,11.299489974975586,0.28788776452337006,11.299507141113281,0.28788668867626543
7.946503042423345,32,1,11.299479484558105,0.2878884219854895,11.299517631530762,0.287886031214146,11.299504280090332,0.2878868679841162
7.946503042423345,33,0,11.652820587158203,0.2657436035699905,11.654251098632812,0.26565394964460964,11.654251098632812,0.26565394964460964
7.946503042423345,33,1,11.654061317443848,0.2656658437320435,11.654220581054688,0.26565586226168436,11.6542387008667,0.2656547266452962
7.946503042423345,34,0,12.157867431640625,0.23409098636784764,12.160198211669922,0.2339449102387604,12.160333633422852,0.233936423000491
7.946503042423345,34,1,12.150167465209961,0.2345735635635312,12.160360336303711,0.2339347494605506,12.16027545928955,0.23394006892678987
7.946503042423345,35,0,10.732297897338867,0.32343518732119325,10.732562065124512,0.32341863122963965,10.732443809509277,0.32342604262080443
7.946503042423345,35,1,10.732381820678711,0.3234299276242376,10.732468605041504,0.3234244886194312,10.732378959655762,0.3234301069320884
7.946503042423345,36,0,11.284756660461426,0.2888111401855097,11.284730911254883,0.28881275395616646,11.284749984741211,0.2888115585704948
7.946503042423345,36,1,11.284723281860352,0.2888132321104352,11.284767150878906,0.28881048272339016,11.284760475158691,0.28881090110837526
7.946503042423345,37,0,10.352227210998535,0.347255219217076,10.35223388671875,0.3472548008320909,10.352242469787598,0.34725426290853867
7.946503042423345,37,1,10.35219669342041,0.34725713183415086,10.35223388671875,0.3472548008320909,10.352198600769043,0.3472570122955837
7.946503042423345,38,0,10.527947425842285,0.33624237010042124,10.532999992370605,0.335925712435976,10.533102989196777,0.3359192573533486
7.946503042423345,38,1,10.532767295837402,0.33594029614117127,10.533068656921387,0.33592140904755774,10.532986640930176,0.3359265492059462
7.946503042423345,39,0,11.72188663482666,0.2614150522833173,11.829512596130371,0.25466984955336036,12.310857772827148,0.22450267835621174
7.946503042423345,39,1,12.320014953613281,0.2239287736952068,12.367795944213867,0.2209342130489178,12.378111839294434,0.22028768870835436
7.946503042423345,40,0,12.602980613708496,0.2061945697927463,12.648983001708984,0.2033114788603475,12.651750564575195,0.20313802839937734
7.946503042423345,40,1,12.257781028747559,0.22782913783426084,12.617968559265137,0.20525523573188897,12.651625633239746,0.20314585817552722
7.946503042423345,41,0,12.514056205749512,0.21176769687155717,12.514036178588867,0.21176895202651247,12.514079093933105,0.21176626240875107
7.946503042423345,41,1,12.514201164245605,0.21175861194045187,12.514135360717773,0.21176273602101936,12.514055252075195,0.2117677566408407
7.946503042423345,42,0,11.549492835998535,0.2722194261388198,11.550212860107422,0.27217430032971135,11.550298690795898,0.27216892109418844
7.946503042423345,42,1,11.53559684753418,0.2730903243699697,11.550085067749023,0.272182309413712,11.550283432006836,0.2721698774027259
7.946503042423345,43,0,11.306685447692871,0.2874368052787041,11.306706428527832,0.28743549035446514,11.306703567504883,0.28743566966231593
7.946503042423345,43,1,11.306600570678711,0.28744212474494335,11.306609153747559,0.2874415868213911,11.306671142578125,0.2874377018179579
7.946503042423345,44,0,11.857588768005371,0.25291024184455124,11.85870361328125,0.25284037155203776,11.858604431152344,0.25284658755753087
7.946503042423345,44,1,11.679509162902832,0.26407096016880094,11.8550443649292,0.25306970629316206,11.858447074890137,0.25285644948932273
7.946503042423345,45,0,19.754281997680664,-0.24199634096524336,19.75423812866211,-0.24199359157819844,19.754295349121094,-0.24199717773521356
7.946503042423345,45,1,19.754167556762695,-0.2419891686512129,19.754566192626953,-0.24201415221175238,19.753694534301758,-0.24195952308655355
7.946503042423345,46,0,46.816219329833984,-1.938039297140651,46.81925964355469,-1.9382298416167272,46.818634033203125,-1.9381906329666938
7.946503042423345,46,1,46.81553649902344,-1.9379965023336023,46.81603240966797,-1.9380275823610678,46.81614685058594,-1.938034754675098
7.946503042423345,47,0,11.496856689453125,0.2755182722078515,11.836684226989746,0.2542203845407841,11.90524673461914,0.24992339143584497
7.946503042423345,47,1,11.89077377319336,0.2508304500835653,11.90445327758789,0.24997311947978962,11.905976295471191,0.24987766793390076
7.946503042423345,48,0,12.067235946655273,0.23977110046427963,12.099777221679688,0.237731652969715,12.09959888458252,0.2377428298257459
7.946503042423345,48,1,12.098746299743652,0.23779626356527284,12.099630355834961,0.23774085743938744,12.09975528717041,0.23773302766323756
7.946503042423345,49,0,13.730048179626465,0.13555827414078125,13.730081558227539,0.13555618221585575,13.729928970336914,0.13556574530122967
7.946503042423345,49,1,13.729936599731445,0.13556526714696104,13.730020523071289,0.1355600074500053,13.730067253112793,0.13555707875510958
7.946503042423345,50,0,12.636216163635254,0.20411161025973024,12.63619613647461,0.20411286541468554,12.636245727539062,0.20410975741193904
7.946503042423345,50,1,12.63622760772705,0.2041108930283272,12.636141777038574,0.2041162722638501,12.636302947998047,0.2041061712549238
7.946503042423345,51,0,10.107784271240234,0.3625751026783126,10.107776641845703,0.36257558083258135,10.10778522491455,0.362575042909029
7.946503042423345,51,1,10.107819557189941,0.36257289121481984,10.107804298400879,0.3625738475233573,10.10777473449707,0.3625757003711485
7.946503042423345,52,0,11.727298736572266,0.26107586159895957,11.72739028930664,0.2610701237477352,11.72757625579834,0.26105846873743577
7.946503042423345,52,1,11.727459907531738,0.2610657605900334,11.727566719055176,0.26105906643027155,11.72739028930664,0.2610701237477352
7.946503042423345,53,0,14.330916404724121,0.09790027840092452,14.37877082824707,0.0949011155197993,14.379681587219238,0.0948440358539735
7.946503042423345,53,1,14.159838676452637,0.10862217064507651,14.375307083129883,0.09511819755778828,14.379338264465332,0.0948655527960649
7.946503042423345,54,0,14.327926635742188,0.09808765510497064,14.32787036895752,0.09809118149270224,14.327860832214355,0.09809177918553813
7.946503042423345,54,1,14.327898025512695,0.09808944818347831,14.327847480773926,0.09809261595550833,14.327791213989258,0.09809614234324004
7.946503042423345,55,0,17.476118087768555,-0.09921780279204861,17.4759578704834,-0.09920776155240596,17.4764461517334,-0.09923836342560255
7.946503042423345,55,1,17.47632598876953,-0.0992308324958705,17.47650146484375,-0.09924183004405063,17.47660255432129,-0.09924816558811089
7.946503042423345,56,0,21.159265518188477,-0.33005036216307426,21.158838272094727,-0.33002358552402733,21.159122467041016,-0.33004139677053634
7.946503042423345,56,1,21.159015655517578,-0.3300347026107745,21.159990310668945,-0.33009578681860063,21.160133361816406,-0.3301047522111388
7.946503042423345,57,0,16.127182006835938,-0.01467642239064093,16.12721824645996,-0.01467869362341745,16.126962661743164,-0.014662675455415886
7.946503042423345,57,1,16.12748146057129,-0.014695189945687415,16.12690544128418,-0.014659089298400763,16.12782096862793,-0.014716467810644507
7.946503042423345,58,0,18.40695571899414,-0.15755585111453108,18.407817840576172,-0.157609882546894,18.407787322998047,-0.1576079699298193
7.946503042423345,58,1,18.407533645629883,-0.157592071300385,18.40733528137207,-0.157579639289399,18.406661987304688,-0.15753744217518617
7.946503042423345,59,0,14.248690605163574,0.10305358603181836,14.248639106750488,0.10305681357313212,14.248734474182129,0.10305083664477344
7.946503042423345,59,1,14.24875545501709,0.1030495217205345,14.248848915100098,0.10304366433074297,14.248734474182129,0.10305083664477344
7.946503042423345,60,0,11.689090728759766,0.26347045817659975,11.68936824798584,0.26345306531507584,11.689250946044922,0.2634604169369571
7.946503042423345,60,1,11.68927001953125,0.2634592215512853,11.68930721282959,0.2634568905492254,11.689226150512695,0.26346197093833035
7.946503042423345,61,0,12.587329864501953,0.20717544350569694,12.587560653686523,0.20716097933906885,12.587388038635254,0.20717179757939808
7.946503042423345,61,1,12.587390899658203,0.2071716182715474,12.587442398071289,0.20716839073023363,12.587483406066895,0.2071658206510394
7.946503042423345,62,0,12.464540481567383,0.21487097784469145,12.46503734588623,0.2148398380479425,12.465184211730957,0.21483063357827004
7.946503042423345,62,1,12.464996337890625,0.21484240812713673,12.465078353881836,0.21483726796874825,12.465204238891602,0.21482937842331473
7.946503042423345,63,0,16.918148040771484,-0.0642483489665141,16.918060302734375,-0.06424285019242404,16.91807746887207,-0.06424392603952855
7.946503042423345,63,1,16.91798973083496,-0.06423842726543871,16.918228149414062,-0.06425336958633554,16.91788101196289,-0.0642316135671096
7.946503042423345,64,0,13.557419776916504,0.14637735124004614,13.557353019714355,0.14638153508989726,13.557456970214844,0.1463750202379862
7.946503042423345,64,1,13.557149887084961,0.14639426594730132,13.557483673095703,0.1463733466980458,13.557570457458496,0.14636790769323937
7.946503042423345,65,0,11.45435905456543,0.2781817110230672,11.45557689666748,0.2781053856479262,11.459479331970215,0.2778608097394871
7.946503042423345,65,1,11.519927024841309,0.274072393468592,11.52783203125,0.27357696587693725,11.540604591369629,0.27277647586185305
7.946503042423345,66,0,12.55333137512207,0.20930621846558284,12.563047409057617,0.20869728900439588,12.562997817993164,0.20870039700714238
7.946503042423345,66,1,12.502363204956055,0.21250052805762054,12.563042640686035,0.20869758785081371,12.56307315826416,0.208695675233739
7.946503042423345,67,0,12.101923942565918,0.23759711231236014,12.10267162322998,0.23755025319402767,12.10257625579834,0.23755623012238647
7.946503042423345,67,1,12.102611541748047,0.2375540186588937,12.102585792541504,0.23755563242955058,12.102657318115234,0.2375511497332815
7.946503042423345,68,0,11.780680656433105,0.2577302759501625,11.780817031860352,0.2577217289426096,11.780818939208984,0.25772160940404243
7.946503042423345,68,1,11.780450820922852,0.2577446803475071,11.780826568603516,0.2577211312497737,11.780893325805664,0.25771694739992257
7.946503042423345,69,0,13.01395034790039,0.18043801310863627,13.013742446899414,0.18045104281245827,13.013824462890625,0.1804459026540698
7.946503042423345,69,1,13.01389217376709,0.18044165903493503,13.01395320892334,0.18043783380078549,13.013848304748535,0.18044440842198006
7.946503042423345,70,0,11.60741138458252,0.268589518007998,11.616156578063965,0.2680414336775029,11.616060256958008,0.2680474703751452
7.946503042423345,70,1,11.614042282104492,0.26817394217921586,11.6161527633667,0.2680416727546372,11.61611557006836,0.2680440037566971
7.946503042423345,71,0,15.912945747375488,-0.001249671217747439,15.912946701049805,-0.0012497309870310724,15.912964820861816,-0.0012508666034192206
7.946503042423345,71,1,15.912772178649902,-0.001238793208134581,15.913031578063965,-0.0012550504532703455,15.913010597229004,-0.0012537355290314078
7.946503042423345,72,0,10.053671836853027,0.3659664715983375,10.095895767211914,0.3633201865675114,10.095821380615234,0.3633248485716313
7.946503042423345,72,1,10.090412139892578,0.3636638599481382,10.095842361450195,0.36332353364739234,10.095909118652344,0.3633193497975412
7.946503042423345,73,0,11.30795669555664,0.28735713282368225,11.327115058898926,0.2861564276856977,11.327061653137207,0.28615977476557863
7.946503042423345,73,1,11.287818908691406,0.288619221015911,11.326929092407227,0.28616808269599725,11.327064514160156,0.28615959545772784
7.946503042423345,74,0,12.503494262695312,0.21242964168728606,12.883631706237793,0.18860542594155216,12.883959770202637,0.18858486530799812
7.946503042423345,74,1,12.883407592773438,0.18861947172319515,12.883777618408203,0.18859628124116334,12.883837699890137,0.18859251577629732
7.946503042423345,75,0,11.661050796508789,0.26522779465263246,11.661629676818848,0.2651915146974949,11.661724090576172,0.26518559753841986
7.946503042423345,75,1,11.661576271057129,0.26519486177737583,11.661640167236328,0.2651908572353755,11.661572456359863,0.26519510085451015
7.946503042423345,76,0,11.893813133239746,0.2506399653767727,11.934747695922852,0.24807448841735658,11.93472671508789,0.2480758033415955
7.946503042423345,76,1,11.93476676940918,0.2480732930316848,11.934551239013672,0.24808680088977553,11.934660911560059,0.248079927422163
7.946503042423345,77,0,12.844162940979004,0.19107903751209465,12.84839153289795,0.1908140205086687,12.850371360778809,0.1906899394759416
7.946503042423345,77,1,12.707178115844727,0.19966423763728558,12.792037963867188,0.19434584724512372,12.843923568725586,0.1910940396022751
7.946503042423345,78,0,17.778003692626953,-0.11813776951159671,17.777828216552734,-0.11812677196341659,17.777631759643555,-0.11811445949099764
7.946503042423345,78,1,17.77806854248047,-0.11814183382288068,17.778091430664062,-0.11814326828568678,17.777828216552734,-0.11812677196341659
7.946503042423345,79,0,14.6483736038208,0.0780043988189636,14.648704528808594,0.07798365887755876,14.648576736450195,0.07799166796155943
7.946503042423345,79,1,14.648645401000977,0.07798736457314115,14.648824691772461,0.07797612794782682,14.64866828918457,0.07798593011033506
7.946503042423345,80,0,12.787087440490723,0.19465610959622515,12.787010192871094,0.1946609509081958,12.787199020385742,0.19464911659004547
7.946503042423345,80,1,12.787307739257812,0.19464230289171658,12.787047386169434,0.19465861990613587,12.78720474243164,0.194648757974344
7.946503042423345,81,0,10.513402938842773,0.33715391144441065,10.513448715209961,0.33715104251879846,10.513436317443848,0.33715181951948514
7.946503042423345,81,1,10.513411521911621,0.3371533735208584,10.513477325439453,0.3371492494402908,10.513458251953125,0.33715044482596257
7.946503042423345,82,0,12.6016263961792,0.20627944217544025,12.601625442504883,0.2062795019447239,12.601619720458984,0.20627986056042535
7.946503042423345,82,1,12.60165786743164,0.2062774697890819,12.601652145385742,0.20627782840478337,12.601661682128906,0.2062772307119476
7.946503042423345,83,0,15.403197288513184,0.030697608552480604,15.403407096862793,0.03068445931009145,15.403735160827637,0.030663898676537404
7.946503042423345,83,1,15.40320873260498,0.030696891321077557,15.403610229492188,0.030671728452687286,15.40329360961914,0.030691571854838284
7.946503042423345,84,0,14.19401741027832,0.10648009929059266,14.193726539611816,0.10649832892208677,14.193292617797852,0.10652552394611892
7.946503042423345,84,1,14.190567970275879,0.1066962847893278,14.193492889404297,0.10651297239656565,14.193422317504883,0.10651739532355109
7.946503042423345,85,0,15.462226867675781,0.026998069206279784,15.462488174438477,0.026981692422576864,15.462623596191406,0.02697320518430746
7.946503042423345,85,1,15.4624662399292,0.026983067116099324,15.462427139282227,0.02698551765672641,15.462481498718262,0.026982110807561965
7.946503042423345,86,0,24.12788963317871,-0.5161018616534477,24.129621505737305,-0.5162104026724422,24.128801345825195,-0.5161590010885572
7.946503042423345,86,1,24.129133224487305,-0.5161798007992454,24.12908172607422,-0.5161765732579319,24.127275466918945,-0.5160633702348175
7.946503042423345,87,0,12.254302024841309,0.22804717618078718,12.257848739624023,0.2278248942151262,12.257681846618652,0.22783535383975395
7.946503042423345,87,1,12.257772445678711,0.2278296757578131,12.257773399353027,0.22782961598852958,12.257772445678711,0.2278296757578131
7.946503042423345,88,0,21.206342697143555,-0.33300081307807605,21.2059326171875,-0.3329751122861334,21.206035614013672,-0.33298156736876094
7.946503042423345,88,1,21.206132888793945,-0.3329876638356869,21.205835342407227,-0.3329690158192077,21.2059326171875,-0.3329751122861334
7.946503042423345,89,0,11.108423233032227,0.29986242095151106,11.108420372009277,0.29986260025936173,11.108391761779785,0.2998643933378694
7.946503042423345,89,1,11.108424186706543,0.2998623611822274,11.108419418334961,0.29986266002864537,11.108360290527344,0.29986636572422776
7.946503042423345,90,0,10.874692916870117,0.31451091605021186,10.874750137329102,0.31450732989319663,10.874736785888672,0.31450816666316683
7.946503042423345,90,1,10.874642372131348,0.314514083822242,10.874709129333496,0.31450989997239087,10.8746919631958,0.3145109758194954
7.946503042423345,91,0,12.377820014953613,0.220305978109132,12.565781593322754,0.2085259304683511,12.579658508300781,0.20765622762287284
7.946503042423345,91,1,12.536906242370605,0.21033562483680635,12.576458930969238,0.2078567535693081,12.579671859741211,0.20765539085290263
7.946503042423345,92,0,11.450437545776367,0.27842748231717795,11.471951484680176,0.27707914704873293,11.472138404846191,0.27706743226914987
7.946503042423345,92,1,11.471940040588379,0.277079864280136,11.47221565246582,0.2770625909571792,11.4721097946167,0.27706922534765743
7.946503042423345,93,0,13.576444625854492,0.14518501380176385,13.581499099731445,0.14486823659875137,13.58160400390625,0.1448616619775568
7.946503042423345,93,1,13.580639839172363,0.1449220887232635,13.581393241882324,0.14487487098922958,13.581583976745605,0.1448629171325121
7.946503042423345,94,0,12.401031494140625,0.21885125351590162,12.437259674072266,0.21658073797098865,12.437676429748535,0.21655461879406102
7.946503042423345,94,1,12.25399398803711,0.22806648165938592,12.436028480529785,0.21665790011609987,12.437628746032715,0.21655760725824036
7.946503042423345,95,0,11.324341773986816,0.28633023676236957,11.324752807617188,0.2863044762011434,11.324816703796387,0.2863004716591431
7.946503042423345,95,1,11.324873924255371,0.28629688550212784,11.324731826782227,0.28630579112538235,11.324566841125488,0.28631613121144295
7.946503042423345,96,0,11.165200233459473,0.2963040566531433,11.165098190307617,0.2963104519664872,11.165114402770996,0.2963094358886662
7.946503042423345,96,1,11.165189743041992,0.2963047141152628,11.165131568908691,0.2963083600415616,11.165095329284668,0.2963106312743379
7.946503042423345,97,0,11.172853469848633,0.29582440815235556,11.17286205291748,0.2958238702288032,11.17279052734375,0.29582835292507226
7.946503042423345,97,1,11.172754287719727,0.29583062415784855,11.17278003692627,0.2958290103871918,11.172715187072754,0.29583307469847564
7.946503042423345,98,0,11.25144100189209,0.2908991203383471,11.690901756286621,0.26335695630706746,11.696922302246094,0.2629796328197811
7.946503042423345,98,1,10.896753311157227,0.3131283329822713,11.68213939666748,0.26390611648466733,11.697199821472168,0.2629622399582572
7.946503042423345,99,0,13.196399688720703,0.16900343192698974,13.201414108276367,0.16868916503388798,13.201318740844727,0.16869514196224666
7.946503042423345,99,1,13.20111083984375,0.16870817166606866,13.201396942138672,0.1686902408809925,13.20142650604248,0.1686883880332013
7.946503042423345,100,0,12.682376861572266,0.20121859762625594,12.682843208312988,0.2011893704465818,12.682920455932617,0.20118452913461116
7.946503042423345,100,1,12.682023048400879,0.20124077203046686,12.682722091674805,0.20119696114559737,12.682669639587402,0.20120024845619466
7.946503042423345,101,0,19.89092254638672,-0.25055996437905936,19.891260147094727,-0.2505811227054492,19.891374588012695,-0.25058829501947966
7.946503042423345,101,1,19.890689849853516,-0.2505453806738639,19.891401290893555,-0.25058996855942006,19.8909854888916,-0.25056390915177607
7.946503042423345,102,0,15.009202003479004,0.055390331758020994,15.009178161621094,0.05539182599011072,15.009234428405762,0.05538829960237901
7.946503042423345,102,1,15.00919246673584,0.055390929450856885,15.009042739868164,0.05540031322838013,15.009086608886719,0.055397563841335096
7.946503042423345,103,0,12.337979316711426,0.22280289970027356,12.33800220489502,0.22280146523746747,12.337923049926758,0.22280642608800516
7.946503042423345,103,1,12.33796215057373,0.22280397554737807,12.337984085083008,0.22280260085385561,12.33797836303711,0.22280295946955708
7.946503042423345,104,0,13.955796241760254,0.12141004794570587,13.955815315246582,0.12140885256003409,13.95587158203125,0.12140532617230249
7.946503042423345,104,1,13.955961227416992,0.12139970785964527,13.955805778503418,0.12140945025286998,13.955902099609375,0.12140341355522766
7.946503042423345,105,0,16.525402069091797,-0.03963392352247308,16.53354835510254,-0.04014447274287536,16.53367805480957,-0.0401526013654433
7.946503042423345,105,1,13.181523323059082,0.1699357729816675,16.527864456176758,-0.0397882478126953,16.533884048461914,-0.04016551153069814
7.946503042423345,106,0,15.917287826538086,-0.0015218007659202337,15.9170560836792,-0.0015072768300086192,15.916923522949219,-0.001498968899589892
7.946503042423345,106,1,15.91720962524414,-0.001516899684666062,15.91724681854248,-0.001519230686725992,15.917203903198242,-0.0015165410689645942
7.946503042423345,107,0,9.250349044799805,0.41631282878165077,9.25543212890625,0.4159942585001306,9.255488395690918,0.415990732112399
7.946503042423345,107,1,9.254505157470703,0.4160523542437775,9.255599975585938,0.41598373910621933,9.25550651550293,0.41598959649601086
7.946503042423345,108,0,10.818815231323242,0.31801291791415676,10.81930160522461,0.3179824355795272,10.819415092468262,0.3179753230347804
7.946503042423345,108,1,10.818408012390137,0.3180384393982485,10.819316864013672,0.31798147927098985,10.81919002532959,0.317989428585707
7.946503042423345,109,0,10.419901847839355,0.3430138713151567,10.420738220214844,0.34296145365345065,10.421061515808105,0.34294119186631455
7.946503042423345,109,1,10.419754981994629,0.34302307578482916,10.420852661132812,0.3429542813394202,10.421009063720703,0.34294447917691184
7.946503042423345,110,0,10.220279693603516,0.3555247179863591,10.220349311828613,0.3555203548286572,10.220349311828613,0.3555203548286572
7.946503042423345,110,1,10.220230102539062,0.3555278259891056,10.220290184020996,0.35552406052423957,10.220414161682129,0.3555162905173732
7.946503042423345,111,0,15.05180835723877,0.052720079244476414,15.052199363708496,0.05269557383820567,15.052047729492188,0.052705077154296065
7.946503042423345,111,1,15.05185604095459,0.05271709078029707,15.052014350891113,0.05270716907922157,15.052173614501953,0.05269718760886255
7.946503042423345,112,0,11.48404598236084,0.2763211529942793,11.484110832214355,0.2763170886829953,11.484071731567383,0.2763195392236224
7.946503042423345,112,1,11.484025955200195,0.2763224081492346,11.484199523925781,0.27631153013962173,11.48415756225586,0.2763141599880995
7.946503042423345,113,0,12.810218811035156,0.1932064056228161,13.2374267578125,0.16643215734706573,13.282327651977539,0.16361809993721022
7.946503042423345,113,1,13.278489112854004,0.16385867130364895,13.28217601776123,0.1636276032533005,13.282432556152344,0.16361152531601553
7.946503042423345,114,0,13.033411979675293,0.17921830133847094,13.03342342376709,0.1792175841070679,13.033385276794434,0.17921997487841146
7.946503042423345,114,1,13.033402442932129,0.17921889903130683,13.03341007232666,0.1792184208770381,13.033456802368164,0.1792154921821424
7.946503042423345,115,0,16.316904067993164,-0.026566804128924093,16.31684684753418,-0.026563217971908748,16.31723976135254,-0.02658784291674665
7.946503042423345,115,1,16.31721305847168,-0.026586169376806246,16.316926956176758,-0.026568238591730187,16.317052841186523,-0.02657612813716359
7.946503042423345,116,0,14.504091262817383,0.08704695350216418,14.50503158569336,0.08698802098854719,14.504888534545898,0.08699698638108522
7.946503042423345,116,1,14.504798889160156,0.08700260469374244,14.504828453063965,0.08700075184595124,14.504942893981934,0.08699357953192077
7.946503042423345,117,0,14.298384666442871,0.09993912820265327,14.298535346984863,0.0999296846558465,14.298773765563965,0.09991474233494968
7.946503042423345,117,1,14.298530578613281,0.09992998350226445,14.298471450805664,0.09993368919784684,14.298819541931152,0.09991187340933749
7.946503042423345,118,0,13.966385841369629,0.12074636982075293,13.966400146484375,0.1207454732814991,13.96670150756836,0.12072658618788545
7.946503042423345,118,1,13.966262817382812,0.12075408005833566,13.966615676879883,0.12073196542340836,13.966404914855957,0.12074517443508115
7.946503042423345,119,0,13.277978897094727,0.1638906478703681,13.277701377868652,0.16390804073189202,13.277711868286133,0.1639073832697725
7.946503042423345,119,1,13.277787208557129,0.16390266149636912,13.277772903442383,0.16390355803562295,13.277714729309082,0.1639072039619217
7.946503042423345,120,0,11.665727615356445,0.2649346860859205,11.665483474731445,0.2649499870225188,11.665471076965332,0.2649507640232055
7.946503042423345,120,1,11.663399696350098,0.26508058290715697,11.665427207946777,0.26495351341025053,11.665514945983887,0.26494801463616047
7.946503042423345,121,0,16.65130615234375,-0.04752466434166347,16.651317596435547,-0.04752538157306663,16.651445388793945,-0.0475333906570673
7.946503042423345,121,1,16.65132713317871,-0.04752597926590252,16.651208877563477,-0.047518567874737516,16.65148162841797,-0.047535661889843595
7.946503042423345,122,0,11.583880424499512,0.2700642653112302,11.58403205871582,0.2700547619951398,11.583965301513672,0.2700589458449909
7.946503042423345,122,1,11.58396053314209,0.27005924469140885,11.584033012390137,0.27005470222585626,11.583931922912598,0.2700610377699165
7.946503042423345,123,0,10.391439437866211,0.3447976855838185,10.49816608428955,0.33810884528828433,10.498664855957031,0.3380775859529682
7.946503042423345,123,1,10.489177703857422,0.33867217078609435,10.498725891113281,0.33807376071881867,10.498621940612793,0.3380802755707296
7.946503042423345,124,0,11.4220552444458,0.28020627596601855,11.650341987609863,0.2658989439380338,11.653132438659668,0.26572405901425744
7.946503042423345,124,1,11.652209281921387,0.2657819156807699,11.653214454650879,0.26571891885586896,11.65317440032959,0.2657214291657797
7.946503042423345,125,0,11.581466674804688,0.27021554136798953,11.581649780273438,0.2702040656655408,11.581550598144531,0.2702102816710339
7.946503042423345,125,1,11.570999145507812,0.2708715690246434,11.58171558380127,0.2701999415849733,11.58155632019043,0.2702099230553323
7.946503042423345,126,0,17.03846549987793,-0.07178896132245038,17.037113189697266,-0.0717042084783236,17.037593841552734,-0.07173433219725156
7.946503042423345,126,1,17.037139892578125,-0.071705882018264,17.03728485107422,-0.07171496694936941,17.03737449645996,-0.07172058526202651
7.946503042423345,127,0,14.169737815856934,0.1080017654814408,14.169612884521484,0.10800959525759068,14.170069694519043,0.10798096577075234
7.946503042423345,127,1,14.169816017150879,0.10799686440018663,14.169617652893066,0.10800929641117274,14.169541358947754,0.10801407795385976
5.976588892004314,0,0,14.198444366455078,-0.1865329305972444,14.197840690612793,-0.1864827782345485,14.199615478515625,-0.18663022459628198
5.976588892004314,0,1,14.166474342346191,-0.1838769153450167,14.19936466217041,-0.18660938720072273,14.197961807250977,-0.18649284039894398
5.976588892004314,1,0,12.536852836608887,-0.04849073109144875,12.536504745483398,-0.04846181227251656,12.536773681640625,-0.04848415503125325
5.976588892004314,1,1,12.537373542785645,-0.048533990475385536,12.536992073059082,-0.048502298619021667,12.536831855773926,-0.04848898803934876
5.976588892004314,2,0,10.515512466430664,0.11943879047700212,10.524410247802734,0.11869957792731134,10.524347305297852,0.11870480708361142
5.976588892004314,2,1,10.521177291870117,0.11896816640999641,10.52442741394043,0.11869815179377496,10.524367332458496,0.11870314326115228
5.976588892004314,3,0,11.494339942932129,0.03811946778794306,11.49425983428955,0.03812612307777952,11.494312286376953,0.03812176544752943
5.976588892004314,3,1,11.494339942932129,0.03811946778794306,11.494330406188965,0.0381202600843521,11.494366645812988,0.03811724935799754
5.976588892004314,4,0,14.730716705322266,-0.23075321161909235,14.731362342834473,-0.23080685008598845,14.731009483337402,-0.2307775351188518
5.976588892004314,4,1,14.731558799743652,-0.23082317139201602,14.7312593460083,-0.2307982932847702,14.731280326843262,-0.23080003633687018
5.976588892004314,5,0,11.749492645263672,0.01692181505138024,11.749512672424316,0.0169201512289211,11.749704360961914,0.016904226071098205
5.976588892004314,5,1,11.749372482299805,0.016931797986134867,11.749760627746582,0.016899551522284506,11.749771118164062,0.0168986799962344
5.976588892004314,6,0,15.921650886535645,-0.32969399874295713,15.92741584777832,-0.33017294192225843,15.927895545959473,-0.3302127944316361
5.976588892004314,6,1,15.928927421569824,-0.33029852090310097,15.92774772644043,-0.3302005138372951,15.928126335144043,-0.3302319680047364
5.976588892004314,7,0,13.110916137695312,-0.09618293420761626,13.36085319519043,-0.11694728003804189,13.360447883605957,-0.11691360744065527
5.976588892004314,7,1,13.36085033416748,-0.11694704234911935,13.36058521270752,-0.11692501650894627,13.360943794250488,-0.11695480685392845
5.976588892004314,8,0,8.580963134765625,0.28015786011515154,9.475178718566895,0.20586794962691435,9.480347633361816,0.20543852497318194
5.976588892004314,8,1,9.478520393371582,0.2055903289651656,9.480283737182617,0.20544383335912286,9.480301856994629,0.20544232799594553
5.976588892004314,9,0,13.757749557495117,-0.1499207550734255,13.758872032165527,-0.15001400836077672,13.758371353149414,-0.14997241279929885
5.976588892004314,9,1,13.757415771484375,-0.14989302469910715,13.758524894714355,-0.14998516877148538,13.758310317993164,-0.1499673421022808
5.976588892004314,10,0,10.308053016662598,0.13667416887165307,10.320770263671875,0.13561764161011747,10.323163986206055,0.1354187752114332
5.976588892004314,10,1,10.317485809326172,0.13589050849341167,10.322297096252441,0.13549079495502048,10.323393821716309,0.13539968086797394
5.976588892004314,11,0,11.790096282958984,0.013548533859993661,11.796494483947754,0.013016982199128058,11.796496391296387,0.01301682373984625
5.976588892004314,11,1,11.791133880615234,0.013462332010683475,11.796496391296387,0.01301682373984625,11.79652214050293,0.013014684539541688
5.976588892004314,12,0,15.177495956420898,-0.2678708722519175,15.1768217086792,-0.267814856895794,15.178333282470703,-0.2679404358766365
5.976588892004314,12,1,15.177655220031738,-0.26788410360194936,15.17737865447998,-0.26786112700608544,15.177112579345703,-0.2678390219362715
5.976588892004314,13,0,10.006765365600586,0.1617046347168808,10.006803512573242,0.16170146553124443,10.006853103637695,0.1616973455899171
5.976588892004314,13,1,10.006714820861816,0.16170883388784907,10.006858825683594,0.16169687021207158,10.006744384765625,0.16170637776898078
5.976588892004314,14,0,10.023604393005371,0.1603056769473319,10.123856544494629,0.15197689863558494,10.125016212463379,0.15188055539223833
5.976588892004314,14,1,10.113483428955078,0.1528386794397637,10.124835968017578,0.15189552979437038,10.125170707702637,0.15186772019041095
5.976588892004314,15,0,12.664856910705566,-0.05912509195367821,12.66512680053711,-0.05914751394205575,12.665802955627441,-0.05920368775746099
5.976588892004314,15,1,12.645639419555664,-0.057528535459699826,12.66511058807373,-0.059146167038160447,12.665261268615723,-0.05915868532142421
5.976588892004314,16,0,10.44704818725586,0.12512668639793512,10.449556350708008,0.12491831244234164,10.44942855834961,0.1249289292142236
5.976588892004314,16,1,10.42258358001709,0.12715916437620078,10.4491548538208,0.12495166812116476,10.449312210083008,0.12493859523041462
5.976588892004314,17,0,14.689886093139648,-0.22736107377316916,14.69028377532959,-0.22739411253342878,14.690266609191895,-0.2273926863998924
5.976588892004314,17,1,14.690373420715332,-0.22740156011967427,14.690007209777832,-0.22737113593756486,14.690507888793945,-0.2274127314990425
5.976588892004314,18,0,10.9692964553833,0.08173918813169279,10.977588653564453,0.08105028640397982,10.977677345275879,0.08104291804737518
5.976588892004314,18,1,10.97096061706543,0.08160093240830468,10.97782039642334,0.08103103360123864,10.97763442993164,0.08104648338121612
5.976588892004314,19,0,13.05409049987793,-0.09146195682434966,13.054313659667969,-0.09148049656032253,13.05419635772705,-0.09147075131449067
5.976588892004314,19,1,13.053971290588379,-0.09145205311923588,13.054156303405762,-0.09146742366957239,13.054305076599121,-0.09147978349355446
5.976588892004314,20,0,13.011893272399902,-0.08795628290300239,13.012543678283691,-0.08801031751810295,13.012843132019043,-0.08803519562534878
5.976588892004314,20,1,13.005644798278809,-0.08743717029575959,13.012557029724121,-0.08801142673307571,13.01279067993164,-0.08803083799509881
5.976588892004314,21,0,20.727598190307617,-0.7289639303747361,20.726957321166992,-0.7289106880560444,20.72796630859375,-0.7289945130161274
5.976588892004314,21,1,20.727493286132812,-0.7289552151142359,20.727632522583008,-0.7289667826418088,20.72715187072754,-0.7289268509027901
5.976588892004314,22,0,9.632118225097656,0.19282968222983277,9.671503067016602,0.18955765651952927,9.6715726852417,0.1895518727557428
5.976588892004314,22,1,9.666942596435547,0.1899365326623612,9.671510696411133,0.18955702268240204,9.671537399291992,0.18955480425245652
5.976588892004314,23,0,9.877320289611816,0.17245871156652548,10.732709884643555,0.10139439821901863,10.77049732208252,0.09825508215723944
5.976588892004314,23,1,10.655003547668457,0.10785010859001087,10.768558502197266,0.09841615601720954,10.770724296569824,0.09823622550270283
5.976588892004314,24,0,10.016026496887207,0.16093523567400325,10.78081226348877,0.0973981343611563,10.812536239624023,0.09476256035628328
5.976588892004314,24,1,9.730005264282227,0.18469739342754277,10.69428539276123,0.10458663968092574,10.812548637390137,0.09476153037095147
5.976588892004314,25,0,17.00706672668457,-0.4198685014779696,17.0075740814209,-0.41991065164693364,17.007051467895508,-0.41986723380371493
5.976588892004314,25,1,16.996347427368164,-0.4189779603141405,17.00737953186035,-0.419894488800188,17.007444381713867,-0.41989987641576987
5.976588892004314,26,0,11.374968528747559,0.04803664194065482,11.540215492248535,0.03430820514160571,11.546910285949707,0.03375201306241704
5.976588892004314,26,1,11.49308967590332,0.03822333784717613,11.545166015625,0.0338969240756416,11.546804428100586,0.03376080755255806
5.976588892004314,27,0,74.74203491210938,-5.216391505811608,74.74817657470703,-5.2169017446990695,74.74390411376953,-5.216546795907792
5.976588892004314,27,1,74.74778747558594,-5.216869419005578,74.73633575439453,-5.21591802947753,74.74663543701172,-5.216773709599359
5.976588892004314,28,0,10.167027473449707,0.14839033125086853,10.167028427124023,0.1483902520212277,10.167038917541504,0.14838938049517758
5.976588892004314,28,1,10.167067527770996,0.14838700360595036,10.16702938079834,0.14839017279158673,10.16705322265625,0.14838819205056397
5.976588892004314,29,0,11.527281761169434,0.035382717531627916,11.527700424194336,0.03534793571926831,11.528156280517578,0.035310063950913295
5.976588892004314,29,1,11.527267456054688,0.035383905976241525,11.527761459350586,0.03534286502225015,11.528136253356934,0.03531172777337244
5.976588892004314,30,0,12.038095474243164,-0.007054817340102937,12.173225402832031,-0.018281182079212477,12.18347454071045,-0.019132663030072883
5.976588892004314,30,1,11.204427719116211,0.06220488247639566,11.652701377868652,0.024963068996264548,12.179443359375,-0.01879775933794592
5.976588892004314,31,0,9.7937593460083,0.17940081270306463,9.794389724731445,0.1793484419104231,9.794355392456055,0.17935129417749585
5.976588892004314,31,1,9.7929048538208,0.17947180246132,9.79432487487793,0.17935382952600498,9.794327735900879,0.17935359183708222
5.976588892004314,32,0,9.985963821411133,0.16343279164441094,9.98603630065918,0.16342677019170182,9.98604679107666,0.16342589866565183
5.976588892004314,32,1,9.985987663269043,0.16343081090338818,9.9860258102417,0.16342764171775181,9.986000061035156,0.16342978091805638
5.976588892004314,33,0,10.095224380493164,0.15435561014462762,10.139421463012695,0.15068379166629198,10.139636039733887,0.15066596499708718
5.976588892004314,33,1,10.125965118408203,0.1518017218995329,10.139552116394043,0.15067293720548725,10.139631271362305,0.15066636114529175
5.976588892004314,34,0,16.201276779174805,-0.3529248425245538,16.20168685913086,-0.3529589112701451,16.20189094543457,-0.3529758664132999
5.976588892004314,34,1,16.201278686523438,-0.3529250009838357,16.20148468017578,-0.3529421145862722,16.201452255249023,-0.3529394207784814
5.976588892004314,35,0,11.178561210632324,0.06435382802679912,11.17834758758545,0.06437157546636296,11.178290367126465,0.06437632924481751
5.976588892004314,35,1,11.176718711853027,0.06450689969303736,11.178404808044434,0.0643668216879083,11.178552627563477,0.06435454109356731
5.976588892004314,36,0,9.818410873413086,0.17735280571518053,9.81888484954834,0.1773134285836483,9.818860054016113,0.1773154885543119
5.976588892004314,36,1,9.81812572479248,0.17737649537781264,9.818863868713379,0.17731517163574828,9.818943977355957,0.17730851634591183
5.976588892004314,37,0,8.949956893920898,0.24950248591351432,8.949986457824707,0.24950002979464603,8.949990272521973,0.2494997128760824
5.976588892004314,37,1,8.949880599975586,0.24950882428478705,8.949990272521973,0.2494997128760824,8.950006484985352,0.249498365972187
5.976588892004314,38,0,9.293910026550293,0.2209274443932524,9.29439640045166,0.22088703727638836,9.294699668884277,0.22086184225057892
5.976588892004314,38,1,9.27702808380127,0.22232996749664224,9.294428825378418,0.22088434346859742,9.294482231140137,0.22087990660870638
5.976588892004314,39,0,13.241133689880371,-0.10700118706639816,13.244897842407227,-0.10731390645907013,13.244986534118652,-0.10732127481567477
5.976588892004314,39,1,13.242263793945312,-0.10709507419087638,13.245162010192871,-0.10733585306960214,13.245084762573242,-0.10732943546868834
5.976588892004314,40,0,10.922456741333008,0.08563055194499014,10.974187850952148,0.08133281930346503,10.977925300598145,0.08102231834073859
5.976588892004314,40,1,10.971094131469727,0.0815898402585773,10.977601051330566,0.08104925641864802,10.977927207946777,0.08102215988145678
5.976588892004314,41,0,11.197017669677734,0.06282049678626678,12.403521537780762,-0.037413793455095656,12.419098854064941,-0.038707930409720315
5.976588892004314,41,1,10.526032447814941,0.11856480830812333,11.97754955291748,-0.0020247651276461553,12.419164657592773,-0.03871339725494327
5.976588892004314,42,0,10.206635475158691,0.14509976580459205,10.244407653808594,0.14196171741706753,10.254646301269531,0.14111110799225712
5.976588892004314,42,1,10.029302597045898,0.1598322798428944,10.182840347290039,0.14707662457493886,10.251476287841797,0.14137446731864212
5.976588892004314,43,0,9.206502914428711,0.2281890786715819,9.836892127990723,0.17581741450398458,9.838570594787598,0.17567797033598287
5.976588892004314,43,1,9.838313102722168,0.1756993623390286,9.838615417480469,0.17567424654286012,9.838610649108887,0.1756746426910647
5.976588892004314,44,0,9.90108585357666,0.17048430891504684,9.9664945602417,0.16505026476358975,9.991050720214844,0.16301018073979667
5.976588892004314,44,1,9.792315483093262,0.1795207663794024,9.903463363647461,0.1702867894202581,9.984505653381348,0.16355393376536242
5.976588892004314,45,0,13.889843940734863,-0.1608949318655185,14.05752944946289,-0.17482595885637464,14.637005805969238,-0.22296786941434743
5.976588892004314,45,1,14.342510223388672,-0.19850167707168132,14.61213493347168,-0.22090163960905407,14.695730209350586,-0.22784659301266597
5.976588892004314,46,0,46.338897705078125,-2.856707153492818,46.33676528930664,-2.8565299960157433,46.34176254272461,-2.8569451593341118
5.976588892004314,46,1,46.33722686767578,-2.8565683431619435,46.33926010131836,-2.856737260756364,46.33859634399414,-2.8566821169262906
5.976588892004314,47,0,10.177725791931152,0.1475015331391395,10.414117813110352,0.1278624858985593,10.6196870803833,0.11078414065219211
5.976588892004314,47,1,10.611146926879883,0.11149364208654167,10.628449440002441,0.11005617871151052,10.632376670837402,0.10972991105024288
5.976588892004314,48,0,9.749829292297363,0.1830504468819455,10.482355117797852,0.12219344663216292,10.489998817443848,0.12155842106026882
5.976588892004314,48,1,10.47985553741455,0.1224011075209882,10.490086555480957,0.12155113193330513,10.489948272705078,0.1215626202312371
5.976588892004314,49,0,10.893643379211426,0.08802431708580571,10.893659591674805,0.08802297018191019,10.893593788146973,0.08802843702713303
5.976588892004314,49,1,10.893617630004883,0.08802645628611028,10.893633842468262,0.08802510938221475,10.893593788146973,0.08802843702713303
5.976588892004314,50,0,11.055031776428223,0.07461644341387863,11.055310249328613,0.0745933083587329,11.055265426635742,0.07459703215185576
5.976588892004314,50,1,11.055215835571289,0.07460115209318308,11.055314064025879,0.07459299144016929,11.055218696594238,0.07460091440426031
5.976588892004314,51,0,8.79244613647461,0.2625882118655011,8.792423248291016,0.26259011337688287,8.79245376586914,0.26258757802837374
5.976588892004314,51,1,8.792454719543457,0.2625874987987328,8.792463302612305,0.2625867857319646,8.792400360107422,0.26259201488826467
5.976588892004314,52,0,14.101526260375977,-0.17848113911011898,14.101475715637207,-0.17847693993915092,14.102240562438965,-0.1785404821111608
5.976588892004314,52,1,14.100703239440918,-0.1784127639300136,14.101890563964844,-0.1785114048329467,14.1018648147583,-0.17850926563264224
5.976588892004314,53,0,15.360673904418945,-0.2830889847593575,15.360684394836426,-0.2830898562854075,15.360490798950195,-0.2830737726683027
5.976588892004314,53,1,15.360487937927246,-0.2830735349793799,15.360918045043945,-0.2831092675474304,15.360631942749023,-0.2830854986551573
5.976588892004314,54,0,11.571584701538086,0.031702104563151146,11.571529388427734,0.031706699882323996,11.571574211120605,0.03170297608920125
5.976588892004314,54,1,11.535843849182129,0.03467139381553741,11.571660995483398,0.031695766191878416,11.571573257446289,0.0317030553188421
5.976588892004314,55,0,14.475615501403809,-0.20955983728313876,14.476322174072266,-0.20961854644705313,14.475814819335938,-0.20957639627808888
5.976588892004314,55,1,14.47618293762207,-0.2096069789194802,14.476213455200195,-0.20960951426798935,14.476167678833008,-0.20960571124522553
5.976588892004314,56,0,31.67527198791504,-1.6384780578532188,31.675527572631836,-1.638499291396983,31.676198959350586,-1.6385550690641835
5.976588892004314,56,1,31.673744201660156,-1.6383511319684807,31.672574996948242,-1.638253996428725,31.673908233642578,-1.6383647594667177
5.976588892004314,57,0,11.900498390197754,0.0043765144800409495,11.91580867767334,0.003104561824870955,11.915513038635254,0.003129123013553059
5.976588892004314,57,1,11.915696144104004,0.003113910922498242,11.915532112121582,0.0031275384207348766,11.915667533874512,0.003116287811725571
5.976588892004314,58,0,15.0606050491333,-0.25815977439521276,15.064188003540039,-0.25845744015611183,15.06380558013916,-0.2584256690701069
5.976588892004314,58,1,15.06360149383545,-0.2584087139269521,15.063507080078125,-0.25840087019250213,15.063406944274902,-0.2583925510802064
5.976588892004314,59,0,13.04780387878418,-0.09093967503147049,13.047879219055176,-0.09094593417310237,13.04808521270752,-0.0909630477755391
5.976588892004314,59,1,13.046880722045898,-0.09086298073906962,13.048042297363281,-0.09095948244169805,13.047860145568848,-0.0909443495802843
5.976588892004314,60,0,10.347591400146484,0.13338938718916304,10.348600387573242,0.1333055622290802,10.348609924316406,0.13330476993267104
5.976588892004314,60,1,10.348563194274902,0.1333086521850757,10.348577499389648,0.13330746374046198,10.34863567352295,0.13330263073236648
5.976588892004314,61,0,10.64885139465332,0.10836121900352169,10.648902893066406,0.10835694060291257,10.64880657196045,0.10836494279664444
5.976588892004314,61,1,10.647891998291016,0.10844092402227723,10.648979187011719,0.10835060223163973,10.648873329162598,0.10835939672178074
5.976588892004314,62,0,10.524209976196289,0.11871621615190242,10.529009819030762,0.11831745336920207,10.52920150756836,0.11830152821137918
5.976588892004314,62,1,10.520147323608398,0.11905373442217926,10.528975486755371,0.11832030563627483,10.529155731201172,0.11830533123414289
5.976588892004314,63,0,13.507899284362793,-0.1291636191403226,13.507842063903809,-0.12915886536186816,13.507954597473145,-0.12916821445949556
5.976588892004314,63,1,13.507674217224121,-0.1291449209450678,13.507917404174805,-0.12916512450350004,13.507892608642578,-0.1291630645328362
5.976588892004314,64,0,11.68262004852295,0.022477476701634247,11.682570457458496,0.022481596642961565,11.682585716247559,0.022480328968706997
5.976588892004314,64,1,11.682791709899902,0.022463215366270384,11.682548522949219,0.022483418924702514,11.682724952697754,0.02246876144113419
5.976588892004314,65,0,14.927794456481934,-0.24712609614279646,14.927997589111328,-0.2471429720563102,14.928339004516602,-0.247171336267756
5.976588892004314,65,1,14.925792694091797,-0.24695979312652627,14.92817211151123,-0.24715747108059694,14.928597450256348,-0.2471928075004427
5.976588892004314,66,0,15.033608436584473,-0.25591694172033075,15.033531188964844,-0.25591052411941717,15.03353214263916,-0.255910603349058
5.976588892004314,66,1,15.033018112182617,-0.2558678985726076,15.033506393432617,-0.25590846414875357,15.033641815185547,-0.25591971475776265
5.976588892004314,67,0,8.289726257324219,0.3043533247748281,10.212536811828613,0.1446094927866407,10.23609733581543,0.14265212450795772
5.976588892004314,67,1,10.235595703125,0.14269379929907644,10.236072540283203,0.14265418447862144,10.23611068725586,0.14265101529298496
5.976588892004314,68,0,9.892165184020996,0.17122542297611953,9.905085563659668,0.1701520198010701,9.905223846435547,0.17014053150313813
5.976588892004314,68,1,9.904661178588867,0.17018727699127512,9.905146598815918,0.17014694910405181,9.905194282531738,0.1701429876220063
5.976588892004314,69,0,11.6746187210083,0.02314221338886957,11.834101676940918,0.009892640539480912,11.83411979675293,0.009891135176303578
5.976588892004314,69,1,11.833998680114746,0.009901197340699164,11.833996772766113,0.009901355799980971,11.834211349487305,0.00988352913077628
5.976588892004314,70,0,9.17037296295166,0.23119069361745936,9.243514060974121,0.22511425553750353,10.038208961486816,0.1590923542264353
5.976588892004314,70,1,9.946660041809082,0.16669808283523713,10.09135627746582,0.1546769655681588,10.100997924804688,0.15387595389855813
5.976588892004314,71,0,13.246175765991211,-0.10742007417788957,13.253150939941406,-0.10799955977150566,13.252968788146973,-0.10798442691009191
5.976588892004314,71,1,13.212523460388184,-0.10462429783909644,13.252779006958008,-0.10796866021155072,13.252710342407227,-0.10796295567740521
5.976588892004314,72,0,9.399885177612305,0.21212320900640425,9.400508880615234,0.2120713928212491,9.400249481201172,0.21209294328357664
5.976588892004314,72,1,9.400113105773926,0.2121042731222268,9.400336265563965,0.2120857333862538,9.400130271911621,0.21210284698869042
5.976588892004314,73,0,9.85216999053955,0.17454815565660553,10.116350173950195,0.15260051513918804,10.138447761535645,0.15076468512966112
5.976588892004314,73,1,10.018579483032227,0.16072313792528703,10.109177589416504,0.15319640126847256,10.136927604675293,0.15089097717727173
5.976588892004314,74,0,13.42269515991211,-0.12208500533249544,13.421674728393555,-0.12200022961672163,13.421995162963867,-0.12202685077606745
5.976588892004314,74,1,13.42188549041748,-0.12201773936736282,13.422051429748535,-0.12203152532488126,13.421451568603516,-0.12198168988074876
5.976588892004314,75,0,10.325118064880371,0.13525643367720852,10.333104133605957,0.13459296466422765,10.333197593688965,0.13458520015941855
5.976588892004314,75,1,10.315340042114258,0.13606877518545935,10.333138465881348,0.1345901123971549,10.333109855651855,0.13459248928638223
5.976588892004314,76,0,10.663379669189453,0.10715423465389784,10.663684844970703,0.1071288811688067,10.663686752319336,0.10712872270952489
5.976588892004314,76,1,10.663769721984863,0.10712182973076567,10.66370677947998,0.10712705888706575,10.663466453552246,0.10714702475657512
5.976588892004314,77,0,15.27987003326416,-0.2763759365146893,15.279997825622559,-0.27638655328657113,15.279509544372559,-0.2763459877104252
5.976588892004314,77,1,15.280268669128418,-0.27640905450458975,15.279766082763672,-0.27636730048382996,15.279415130615234,-0.2763381439759752
5.976588892004314,78,0,14.184471130371094,-0.18537205789863032,14.18511962890625,-0.18542593405444918,14.185127258300781,-0.1854265678915764
5.976588892004314,78,1,14.184943199157715,-0.18541127657088075,14.185712814331055,-0.1854752148910953,14.185663223266602,-0.18547109494976788
5.976588892004314,79,0,11.823103904724121,0.01080631675845567,11.822978973388672,0.01081669584141487,11.823007583618164,0.01081431895218754
5.976588892004314,79,1,11.821390151977539,0.010948692423171091,11.822986602783203,0.010816062004287641,11.823001861572266,0.010814794330033073
5.976588892004314,80,0,11.148441314697266,0.06685613777566135,11.186657905578613,0.06368116837547266,11.186680793762207,0.06367926686409087
5.976588892004314,80,1,11.185770988464355,0.06375485194151909,11.186430931091309,0.06370002503000927,11.186788558959961,0.06367031391466804
5.976588892004314,81,0,9.11228084564209,0.23601688796385456,9.112677574157715,0.2359839284332359,9.112648010253906,0.2359863845521042
5.976588892004314,81,1,9.112411499023438,0.23600603350304983,9.11259937286377,0.23599042526379055,9.112728118896484,0.23597972926226773
5.976588892004314,82,0,10.405335426330566,0.12859211166170004,10.405487060546875,0.12857951414879532,10.405463218688965,0.12858149488981807
5.976588892004314,82,1,10.403231620788574,0.12876689224954763,10.405444145202637,0.12858307948263625,10.405447006225586,0.1285828417937136
5.976588892004314,83,0,27.38044548034668,-1.2816711730375436,27.377689361572266,-1.2814421993753138,27.380329132080078,-1.2816615070213526
5.976588892004314,83,1,27.380582809448242,-1.2816825821058346,27.381519317626953,-1.2817603856132083,27.377731323242188,-1.2814456854795138
5.976588892004314,84,0,13.493778228759766,-0.1279904658473675,13.494132995605469,-0.12801993927378608,13.493687629699707,-0.12798293903148095
5.976588892004314,84,1,13.367046356201172,-0.11746179732611195,13.49423599243164,-0.12802849607500433,13.494029998779297,-0.12801138247256783
5.976588892004314,85,0,11.95858097076416,-0.00044888756994510004,11.960713386535645,-0.0006260450470200185,11.960925102233887,-0.0006436340273020535
5.976588892004314,85,1,11.955304145812988,-0.0001766545237781303,11.960740089416504,-0.0006282634769655404,11.960906028747559,-0.0006420494344838712
5.976588892004314,86,0,20.43780517578125,-0.7048884193913972,20.438905715942383,-0.7049798503970074,20.438098907470703,-0.7049128221207975
5.976588892004314,86,1,20.436616897583008,-0.7047896992588233,20.437427520751953,-0.7048570444535968,20.43822479248047,-0.7049232804333977
5.976588892004314,87,0,9.954275131225586,0.16606543415257025,10.369660377502441,0.13155593406886346,10.504487037658691,0.12035476435556325
5.976588892004314,87,1,9.765830039978027,0.18172113196675654,10.018641471862793,0.1607179879986279,10.495837211608887,0.12107337719861755
5.976588892004314,88,0,26.179733276367188,-1.1819180444054282,26.17998695373535,-1.1819391194899103,26.17970848083496,-1.1819159844347644
5.976588892004314,88,1,26.180423736572266,-1.181975406665447,26.17934226989746,-1.1818855602526552,26.179502487182617,-1.181898870832328
5.976588892004314,89,0,9.897869110107422,0.1707515504938365,9.89787483215332,0.17075107511599108,9.897891998291016,0.1707496489824547
5.976588892004314,89,1,9.897860527038574,0.1707522635606047,9.897869110107422,0.1707515504938365,9.897821426391602,0.170755511975882
5.976588892004314,90,0,9.548164367675781,0.19980442597842685,9.548107147216797,0.1998091797568815,9.548105239868164,0.1998093382161633
5.976588892004314,90,1,9.547760009765625,0.19983801934617273,9.548080444335938,0.19981139818682692,9.548093795776367,0.19981028897185427
5.976588892004314,91,0,15.559505462646484,-0.2996075725926951,15.559720039367676,-0.2996253992618999,15.559809684753418,-0.2996328468481454
5.976588892004314,91,1,15.558758735656738,-0.29954553578386245,15.559364318847656,-0.29959584660584027,15.559886932373047,-0.299639264449059
5.976588892004314,92,0,9.858643531799316,0.17401034485410805,9.862776756286621,0.1736669635904038,9.86293888092041,0.17365349455144907
5.976588892004314,92,1,9.331632614135742,0.2177935159470552,9.860491752624512,0.17385679781002428,9.863058090209961,0.1736435908463354
5.976588892004314,93,0,12.178098678588867,-0.018686045544262897,12.395158767700195,-0.03671902873395527,12.394617080688477,-0.03667402629791827
5.976588892004314,93,1,12.394887924194336,-0.03669652751593688,12.394762992858887,-0.03668614843297757,12.394999504089355,-0.03670579738392321
5.976588892004314,94,0,9.76951789855957,0.1814147509453573,9.88988971710205,0.171414464899331,10.669075012207031,0.106681075238383
5.976588892004314,94,1,10.58298110961914,0.11383361030117933,10.688035011291504,0.10510591074745024,10.695113182067871,0.10451786835261578
5.976588892004314,95,0,9.87440299987793,0.1727010750380693,9.917923927307129,0.1690854303751389,9.918078422546387,0.16907259517331152
5.976588892004314,95,1,9.906798362731934,0.17000972336599562,9.91797161102295,0.1690814688930934,9.918102264404297,0.16907061443228877
5.976588892004314,96,0,9.976313591003418,0.1642345163807798,9.976792335510254,0.16419474310104298,9.976675987243652,0.164204409117234
5.976588892004314,96,1,9.976579666137695,0.16421241131096587,9.9766845703125,0.1642036960504658,9.976764678955078,0.16419704076062935
5.976588892004314,97,0,9.82826042175293,0.17653452198386155,9.828259468078613,0.1765346012135024,9.828353881835938,0.17652675747905233
5.976588892004314,97,1,9.828231811523438,0.17653689887308877,9.828289031982422,0.17653214509463422,9.828239440917969,0.17653626503596154
5.976588892004314,98,0,10.546971321105957,0.11682524231230207,10.551444053649902,0.11645365529643392,10.551386833190918,0.11645840907488858
5.976588892004314,98,1,10.550166130065918,0.11655982301525336,10.55145263671875,0.11645294222966573,10.551426887512207,0.1164550814299703
5.976588892004314,99,0,11.178651809692383,0.06434630121091267,11.186728477478027,0.06367530538204536,11.187689781188965,0.06359544190400801
5.976588892004314,99,1,11.185117721557617,0.06380912424554241,11.18754768371582,0.06360724712050358,11.187783241271973,0.0635876773991988
5.976588892004314,100,0,17.89251136779785,-0.4934297369587569,17.89322280883789,-0.49348884227087575,17.893613815307617,-0.493521326423649
5.976588892004314,100,1,17.892528533935547,-0.4934311630922933,17.893930435180664,-0.49354763066443097,17.893470764160156,-0.49350944197751245
5.976588892004314,101,0,14.597558975219727,-0.21969069377738493,14.598506927490234,-0.2197694480404494,14.59839916229248,-0.2197604950910267
5.976588892004314,101,1,14.598007202148438,-0.2197279317086126,14.598416328430176,-0.21976192122456306,14.598154067993164,-0.21974013307331275
5.976588892004314,102,0,12.249463081359863,-0.024614878803203122,12.271370887756348,-0.026434942114189064,12.271336555480957,-0.026432089847116313
5.976588892004314,102,1,12.270904541015625,-0.026396198819783945,12.271376609802246,-0.026435417492034596,12.271577835083008,-0.026452134946266637
5.976588892004314,103,0,10.445068359375,0.12529116713246435,10.445113182067871,0.1252874433393416,10.445055961608887,0.12529219711779616
5.976588892004314,103,1,10.44509506225586,0.12528894870251883,10.445030212402344,0.12529433631810072,10.445037841796875,0.1252937024809735
5.976588892004314,104,0,11.023391723632812,0.07724504521035158,11.271995544433594,0.056591462417918126,11.272014617919922,0.05658987782509994
5.976588892004314,104,1,11.267335891723633,0.056978578443404704,11.271949768066406,0.05659526544068183,11.271998405456543,0.05659122472899536
5.976588892004314,105,0,14.857108116149902,-0.24125359515854317,14.857769012451172,-0.24130850129969372,14.857086181640625,-0.2412517728768021
5.976588892004314,105,1,14.857870101928711,-0.24131689964163028,14.85755729675293,-0.2412909123194117,14.856910705566406,-0.24123719462287474
5.976588892004314,106,0,11.284449577331543,0.055556802537273686,11.284541130065918,0.05554919649174628,11.284605026245117,0.05554388810580535
5.976588892004314,106,1,11.28460693359375,0.05554372964652354,11.284648895263672,0.05554024354232345,11.284546852111816,0.055548721113900856
5.976588892004314,107,0,8.017659187316895,0.32695619442257173,8.544451713562012,0.283191166917393,8.550178527832031,0.28271539292372805
5.976588892004314,107,1,8.497359275817871,0.2871035265855316,8.550020217895508,0.28272854504411915,8.550222396850586,0.28271174836024626
5.976588892004314,108,0,9.125420570373535,0.23492526197139574,9.148943901062012,0.23297098364870827,9.148887634277344,0.23297565819752197
5.976588892004314,108,1,9.067723274230957,0.2397186552464542,9.148406982421875,0.2330155899365407,9.148883819580078,0.2329759751160856
5.976588892004314,109,0,9.795385360717773,0.179265726165313,9.92087459564209,0.16884029386616317,9.922350883483887,0.16871764638203446
5.976588892004314,109,1,9.877506256103516,0.172443261786548,9.921926498413086,0.16875290357223938,9.922308921813965,0.16872113248623444
5.976588892004314,110,0,9.4132661819458,0.2110115379147952,9.437670707702637,0.20898405140390697,9.437772750854492,0.20897557383232956
5.976588892004314,110,1,9.43679141998291,0.20905710113282594,9.437827110290527,0.20897105774279767,9.43787670135498,0.20896693780147035
5.976588892004314,111,0,12.730524063110352,-0.064580607337822,12.735679626464844,-0.06500892277658188,12.736014366149902,-0.0650367323805413
5.976588892004314,111,1,12.73452377319336,-0.06491289645179876,12.73581600189209,-0.06502025261523203,12.736061096191406,-0.06504061463294575
5.976588892004314,112,0,9.712077140808105,0.18618683144701098,10.131858825683594,0.15131208271870866,10.166280746459961,0.14845236805970108
5.976588892004314,112,1,10.159972190856934,0.1489764721343212,10.1658935546875,0.1484845352939106,10.165923118591309,0.14848207917504241
5.976588892004314,113,0,12.245747566223145,-0.024306200122217736,12.248560905456543,-0.024539927562902242,12.24879264831543,-0.024559180365643418
5.976588892004314,113,1,12.178640365600586,-0.018731047980299675,12.249075889587402,-0.02458271156899372,12.248785018920898,-0.02455854652851619
5.976588892004314,114,0,12.783517837524414,-0.06898324002391198,12.783839225769043,-0.06900994041289865,12.783453941345215,-0.06897793163797117
5.976588892004314,114,1,12.783637046813965,-0.06899314372902576,12.783304214477539,-0.06896549258434825,12.783516883850098,-0.06898316079427114
5.976588892004314,115,0,9.965372085571289,0.16514351805094085,10.065671920776367,0.1568107782571484,10.110132217407227,0.1531170923979216
5.976588892004314,115,1,10.101905822753906,0.15380052728041171,10.110431671142578,0.15309221429067588,10.112773895263672,0.15289762629260073
5.976588892004314,116,0,13.150906562805176,-0.09950527073989768,13.151704788208008,-0.09957158594933924,13.151799201965332,-0.09957942968378941
5.976588892004314,116,1,13.144375801086426,-0.09896270615894565,13.15170955657959,-0.09957198209754392,13.15180492401123,-0.09957990506163494
5.976588892004314,117,0,10.096779823303223,0.1542263866003033,10.099638938903809,0.15398885613685498,10.09959602355957,0.15399242147069592
5.976588892004314,117,1,10.083991050720215,0.15528885608490717,10.099742889404297,0.15398022010599577,10.099419593811035,0.15400707895426424
5.976588892004314,118,0,12.01321792602539,-0.004988032927323194,12.013341903686523,-0.004998332780641435,12.01329517364502,-0.004994450528236882
5.976588892004314,118,1,12.01153564453125,-0.004848271840757867,12.01323127746582,-0.004989142142295955,12.013270378112793,-0.0049923905575731675
5.976588892004314,119,0,10.08137321472168,0.15550634144920528,10.097631454467773,0.1541556345309706,10.09766674041748,0.154152703034257
5.976588892004314,119,1,8.516730308532715,0.2854942141193665,10.084357261657715,0.15525843190279776,10.097498893737793,0.15416664745105713
5.976588892004314,120,0,10.34050178527832,0.13397838033968834,10.340622901916504,0.13396831817529287,10.340577125549316,0.13397212119805646
5.976588892004314,120,1,10.340617179870605,0.1339687935531383,10.340665817260742,0.13396475284145182,10.340605735778809,0.13396974430882924
5.976588892004314,121,0,12.764431953430176,-0.06739761722037907,12.764378547668457,-0.06739318036048825,12.764427185058594,-0.0673972210721746
5.976588892004314,121,1,12.764264106750488,-0.06738367280357893,12.764406204223633,-0.06739547802007462,12.764424324035645,-0.06739698338325184
5.976588892004314,122,0,9.936775207519531,0.16751929806326982,9.936773300170898,0.16751945652255162,9.936897277832031,0.16750915666923338
5.976588892004314,122,1,9.936870574951172,0.1675113750991788,9.936960220336914,0.1675039275129333,9.936919212341309,0.16750733438749243
5.976588892004314,123,0,9.216493606567383,0.22735906895340807,9.240166664123535,0.2253923515770978,9.240382194519043,0.22537444567825204
5.976588892004314,123,1,9.196701049804688,0.22900340092085536,9.239912033081055,0.22541350589122078,9.240351676940918,0.22537698102676118
5.976588892004314,124,0,12.84727954864502,-0.07428045458551746,12.934508323669434,-0.08152727292099671,12.935302734375,-0.08159327121187487
5.976588892004314,124,1,12.897819519042969,-0.07847922940554597,12.934610366821289,-0.08153575049257411,12.935163497924805,-0.08158170368430195
5.976588892004314,125,0,10.097493171691895,0.15416712282890255,10.104613304138184,0.15357559432986811,10.10683536529541,0.1533909892665477
5.976588892004314,125,1,9.882493019104004,0.17202896999422934,10.013381958007812,0.16115493946824677,10.099381446838379,0.15401024813990072
5.976588892004314,126,0,17.207233428955078,-0.4364980108085813,17.208879470825195,-0.4366347611687921,17.208206176757812,-0.4365788250423096
5.976588892004314,126,1,17.20854949951172,-0.4366073477130371,17.2094669342041,-0.43668356662759267,17.20813751220703,-0.4365731205081641
5.976588892004314,127,0,13.605408668518066,-0.13726453300481223,13.605461120605469,-0.13726889063506242,13.604844093322754,-0.13721762905739354
5.976588892004314,127,1,13.60524845123291,-0.13725122242513932,13.60544490814209,-0.1372675437311669,13.60531997680664,-0.13725716464820759
3.9293449058789607,0,0,11.729483604431152,-0.4847012388375339,11.730085372924805,-0.48477659235673165,11.729005813598633,-0.4846414098151598
3.9293449058789607,0,1,11.729647636413574,-0.48472177894102353,11.72956657409668,-0.484711628308485,11.729762077331543,-0.4847361092457839
3.9293449058789607,1,0,12.514623641967773,-0.583016563610267,12.513447761535645,-0.5828693197288554,12.51391887664795,-0.5829283128167851
3.9293449058789607,1,1,12.514105796813965,-0.5829517189812269,12.51442813873291,-0.5829920826729683,12.514615058898926,-0.5830154888374101
3.9293449058789607,2,0,10.72383975982666,-0.35877440227192425,10.723944664001465,-0.3587875383846212,10.723831176757812,-0.3587733274990673
3.9293449058789607,2,1,10.724363327026367,-0.3588399634162026,10.724249839782715,-0.35882575253064874,10.723579406738281,-0.35874180082859464
3.9293449058789607,3,0,7.5722222328186035,0.03587150280686591,7.5723795890808105,0.03585179863782062,7.572409629821777,0.035848036932821015
3.9293449058789607,3,1,7.572428226470947,0.03584570825829747,7.572405815124512,0.03584851460964633,7.572409152984619,0.035848096642424165
3.9293449058789607,4,0,10.960371017456055,-0.3883928732464762,10.961527824401855,-0.38853772874376113,10.961358070373535,-0.3885164721250335
3.9293449058789607,4,1,10.961160659790039,-0.388491752349322,10.961641311645508,-0.3885519396293152,10.961389541625977,-0.38852041295884254
3.9293449058789607,5,0,10.366780281066895,-0.3140633737430655,10.373767852783203,-0.3149383582678861,10.374312400817871,-0.31500654663470373
3.9293449058789607,5,1,10.374163627624512,-0.3149879172385154,10.373820304870605,-0.31494492632423465,10.373900413513184,-0.31495495753756686
3.9293449058789607,6,0,12.629144668579102,-0.5973568995838664,12.64724063873291,-0.5996228790240837,12.649676322937012,-0.5999278756770646
3.9293449058789607,6,1,12.57533073425293,-0.5906183126087635,12.649511337280273,-0.5999072161543687,12.647614479064941,-0.5996696913529672
3.9293449058789607,7,0,10.688803672790527,-0.35438717946956866,10.688671112060547,-0.3543705801998879,10.688614845275879,-0.3543635344667141
3.9293449058789607,7,1,10.688494682312012,-0.3543484876467159,10.688751220703125,-0.3543806114132201,10.6882963180542,-0.3543236484517981
3.9293449058789607,8,0,7.182400226593018,0.08468505875017662,7.255928993225098,0.07547777823210178,7.259141445159912,0.0750755146355605
3.9293449058789607,8,1,7.180391788482666,0.08493655559871927,7.255894660949707,0.07548207732352985,7.259105205535889,0.07508005256540118
3.9293449058789607,9,0,11.139177322387695,-0.410783019080743,11.13908576965332,-0.4107715548369347,11.138970375061035,-0.41075710511296804
3.9293449058789607,9,1,11.127471923828125,-0.40931726774218025,11.138739585876465,-0.4107282056650349,11.139337539672852,-0.4108030815074072
3.9293449058789607,10,0,7.677896976470947,0.022638899391235312,7.696292877197266,0.020335362610625518,7.6974639892578125,0.020188715825245396
3.9293449058789607,10,1,7.667367935180664,0.02395734713878306,7.695642948150635,0.020416746799743146,7.697612285614014,0.020170146138660194
3.9293449058789607,11,0,14.465743064880371,-0.8273359595945694,14.466642379760742,-0.8274485719061438,14.465991020202637,-0.8273670085882167
3.9293449058789607,11,1,14.467248916625977,-0.8275245225213733,14.466221809387207,-0.8273959080361498,14.466312408447266,-0.8274072528607518
3.9293449058789607,12,0,16.373018264770508,-1.0661651769868006,16.373056411743164,-1.066169953755054,16.37251853942871,-1.0661026013226809
3.9293449058789607,12,1,16.3721923828125,-1.0660617599541142,16.372238159179688,-1.066067492076018,16.37396812438965,-1.066284118516311
3.9293449058789607,13,0,7.41727876663208,0.05527354126020434,7.423101425170898,0.05454442729592257,7.423182010650635,0.05453433637298721
3.9293449058789607,13,1,7.294560432434082,0.070640345021861,7.423122406005859,0.05454180007338316,7.423200607299805,0.05453200769846367
3.9293449058789607,14,0,8.367557525634766,-0.06372047299119743,8.428348541259766,-0.07133273087985137,8.430641174316406,-0.07161981465188216
3.9293449058789607,14,1,8.137577056884766,-0.034922292544964706,8.422839164733887,-0.07064284612485083,8.430601119995117,-0.07161479904521595
3.9293449058789607,15,0,9.038386344909668,-0.1477217340157252,9.038729667663574,-0.14776472493000592,9.038566589355469,-0.1477443042457226
3.9293449058789607,15,1,9.029160499572754,-0.14656647261363498,9.0385160446167,-0.14773797502778685,9.03855037689209,-0.1477422741192148
3.9293449058789607,16,0,14.938624382019043,-0.8865502118944694,14.938517570495605,-0.8865368369433598,14.938666343688965,-0.8865554663395482
3.9293449058789607,16,1,14.938612937927246,-0.8865487788639933,14.938273429870605,-0.8865062656265378,14.938713073730469,-0.8865613178806585
3.9293449058789607,17,0,10.905600547790527,-0.38153450880741857,10.90701675415039,-0.38171184632882704,10.90640926361084,-0.38163577629439127
3.9293449058789607,17,1,10.860919952392578,-0.37593959957139134,10.905831336975098,-0.38156340825535195,10.906497955322266,-0.3816468822805804
3.9293449058789607,18,0,9.447409629821777,-0.1989396762593959,9.566888809204102,-0.21390087268673386,9.567270278930664,-0.2139486403692682
3.9293449058789607,18,1,9.566045761108398,-0.2137953061083332,9.567301750183105,-0.21395258120307725,9.567437171936035,-0.21396953873037694
3.9293449058789607,19,0,8.723093032836914,-0.10824066962833212,8.770317077636719,-0.1141540698876563,8.770281791687012,-0.11414965137702204
3.9293449058789607,19,1,8.760335922241211,-0.1129042284741485,8.77040958404541,-0.11416565355067088,8.770374298095703,-0.11416123504003661
3.9293449058789607,20,0,9.826083183288574,-0.2463572216806439,9.951958656311035,-0.26211936272487446,9.980108261108398,-0.2656442594382812
3.9293449058789607,20,1,9.796943664550781,-0.24270836783106098,9.944814682006836,-0.2612247934502149,9.979583740234375,-0.2655785788747965
3.9293449058789607,21,0,14.90916633605957,-0.8828614720299702,14.908283233642578,-0.8827508898449036,14.908563613891602,-0.8827859990915662
3.9293449058789607,21,1,14.908685684204102,-0.8828012847499772,14.908270835876465,-0.8827493373952212,14.908300399780273,-0.8827530393906177
3.9293449058789607,22,0,7.0299391746521,0.1037762490094235,7.241733551025391,0.0772553331184066,7.291651248931885,0.07100463331078755
3.9293449058789607,22,1,7.2460832595825195,0.07671066211831012,7.286967754364014,0.07159110103310151,7.292263507843018,0.07092796618032016
3.9293449058789607,23,0,8.736324310302734,-0.10989749169703178,8.74443531036377,-0.11091315204691565,8.744898796081543,-0.1109711897811948
3.9293449058789607,23,1,8.586897850036621,-0.09118629335234452,8.71444034576416,-0.1071571791692495,8.744144439697266,-0.11087672918898328
3.9293449058789607,24,0,12.136397361755371,-0.5356550257967906,12.137462615966797,-0.5357884170502673,12.136956214904785,-0.5357250054517032
3.9293449058789607,24,1,12.137073516845703,-0.5357396940140825,12.137272834777832,-0.5357646526282066,12.136699676513672,-0.5356928816851988
3.9293449058789607,25,0,10.174589157104492,-0.28999717934787916,10.59697437286377,-0.3428883040915175,10.597373962402344,-0.3429383407389722
3.9293449058789607,25,1,10.597415924072266,-0.3429435951840508,10.597291946411133,-0.3429280706872272,10.59763240814209,-0.342970703343889
3.9293449058789607,26,0,10.179767608642578,-0.29064562563828134,10.203448295593262,-0.29361092395079946,10.203215599060059,-0.2935817856644537
3.9293449058789607,26,1,10.203092575073242,-0.2935663805868364,10.203577041625977,-0.2936270455436548,10.203718185424805,-0.29364471958619254
3.9293449058789607,27,0,7.57999849319458,0.034897758598405826,7.636255264282227,0.02785327932627435,7.637094974517822,0.027748130715095853
3.9293449058789607,27,1,7.635773658752441,0.02791358602547378,7.636681079864502,0.02779995865064544,7.6370649337768555,0.02775189242009546
3.9293449058789607,28,0,7.4380388259887695,0.0526739642670887,7.43810510635376,0.05266566463224842,7.438104629516602,0.05266572434185157
3.9293449058789607,28,1,7.4380340576171875,0.05267456136312032,7.4380950927734375,0.05266691853391492,7.438147068023682,0.052660410187169604
3.9293449058789607,29,0,11.420183181762695,-0.4459706047427535,11.420208930969238,-0.44597382906132454,11.420167922973633,-0.44596869403545225
3.9293449058789607,29,1,11.420340538024902,-0.445990308911799,11.420248985290527,-0.44597884466799076,11.420276641845703,-0.4459823078249744
3.9293449058789607,30,0,11.313047409057617,-0.43255505110301684,11.3146390914917,-0.43275436175839077,11.314294815063477,-0.43271125142490374
3.9293449058789607,30,1,11.314289093017578,-0.4327105349096657,11.314309120178223,-0.4327130427129987,11.314435005187988,-0.43272880604823494
3.9293449058789607,31,0,7.559851169586182,0.03742060875145081,7.571416854858398,0.03597235232661633,7.57214879989624,0.03588069808575378
3.9293449058789607,31,1,7.530357360839844,0.04111382683618747,7.570229530334473,0.03612102923850413,7.572164535522461,0.03587872766884925
3.9293449058789607,32,0,7.359615802764893,0.06249410415207757,7.359658241271973,0.06248878999739571,7.359627723693848,0.062492611411998356
3.9293449058789607,32,1,7.359659194946289,0.0624886705781893,7.359655380249023,0.062489148255014726,7.359664440155029,0.06248801377255453
3.9293449058789607,33,0,7.803387641906738,0.006924943996761135,7.8689117431640625,-0.00127999141293611,7.900840759277344,-0.005278146441050624
3.9293449058789607,33,1,7.903375148773193,-0.005595502981887379,7.903655052185059,-0.005630552518946952,7.903683185577393,-0.005634075385533843
3.9293449058789607,34,0,11.827550888061523,-0.4969812352442259,11.829132080078125,-0.4971792322883303,11.829078674316406,-0.4971725448127754
3.9293449058789607,34,1,11.828243255615234,-0.49706793358802537,11.828062057495117,-0.49704524393882166,11.828753471374512,-0.49713182286341506
3.9293449058789607,35,0,7.1776347160339355,0.0852817965242354,7.2084197998046875,0.08142688483412042,7.214911460876465,0.08061399829659421
3.9293449058789607,35,1,7.194097995758057,0.08322026276526462,7.210141658782959,0.08121127345708157,7.214955806732178,0.08060844530349964
3.9293449058789607,36,0,7.607324123382568,0.03147604007927296,7.6089277267456055,0.03127523668381982,7.609034061431885,0.03126192144231332
3.9293449058789607,36,1,7.6076788902282715,0.03143161613451617,7.609063625335693,0.03125821944691698,7.609070777893066,0.031257323802869386
3.9293449058789607,37,0,7.221199035644531,0.07982666746922384,7.222040176391602,0.0797213397292359,7.222209453582764,0.0797001428201114
3.9293449058789607,37,1,7.214908123016357,0.08061441626381638,7.222102165222168,0.07971357748082408,7.222070693969727,0.07971751831463314
3.9293449058789607,38,0,12.33494758605957,-0.5605175074598224,12.33536148071289,-0.5605693353953719,12.335535049438477,-0.560591069690925
3.9293449058789607,38,1,12.3351411819458,-0.5605417495587085,12.335806846618652,-0.5606251041647307,12.336159706115723,-0.5606692892710748
3.9293449058789607,39,0,16.40459632873535,-1.0701193857469837,16.40532112121582,-1.0702101443437986,16.40479850769043,-1.0701447026187267
3.9293449058789607,39,1,16.40478515625,-1.070143030749838,16.405208587646484,-1.070196052877451,16.40553092956543,-1.0702364165691924
3.9293449058789607,40,0,10.641353607177734,-0.3484454768583428,10.641526222229004,-0.3484670917346896,10.64159870147705,-0.34847616759437094
3.9293449058789607,40,1,10.641364097595215,-0.3484467904696126,10.641263008117676,-0.34843413203374085,10.641402244567871,-0.34845156723786597
3.9293449058789607,41,0,13.837882041931152,-0.7487151309114904,13.838162422180176,-0.7487502401581531,13.838467597961426,-0.7487884543041804
3.9293449058789607,41,1,13.83339786529541,-0.7481536218033006,13.838516235351562,-0.7487945446837035,13.838449478149414,-0.74878618533926
3.9293449058789607,42,0,7.993393421173096,-0.016867601287107292,8.323588371276855,-0.0582146504830966,8.33530044555664,-0.059681237756103456
3.9293449058789607,42,1,8.334816932678223,-0.05962069221849131,8.335309982299805,-0.059682431948166914,8.334970474243164,-0.05963991871071139
3.9293449058789607,43,0,10.501127243041992,-0.33088631559717474,10.500822067260742,-0.3308481014511474,10.500808715820312,-0.33084642958225874
3.9293449058789607,43,1,10.500471115112305,-0.3308041551832158,10.500699043273926,-0.3308326963735301,10.500880241394043,-0.3308553860227338
3.9293449058789607,44,0,7.7703962326049805,0.011056132020733522,7.772985458374023,0.010731908875532437,7.773184299468994,0.010707009971011483
3.9293449058789607,44,1,7.509435653686523,0.043733645384776976,7.5543975830078125,0.038103507482880716,7.632434368133545,0.028331732376457697
3.9293449058789607,45,0,38.12999725341797,-3.790576559768482,38.13054656982422,-3.790645345231331,38.12909698486328,-3.7904638280377005
3.9293449058789607,45,1,38.12759017944336,-3.790275145691691,38.129981994628906,-3.7905746490611802,38.128639221191406,-3.79040650681866
3.9293449058789607,46,0,12.283953666687012,-0.5541320430778537,12.286137580871582,-0.5544055130603621,12.286516189575195,-0.5544529224852773
3.9293449058789607,46,1,12.238012313842773,-0.5483792616510507,12.286182403564453,-0.5544111257630598,12.28585147857666,-0.5543696872984615
3.9293449058789607,47,0,7.511906623840332,0.0434242302211616,7.917105197906494,-0.00731478129550045,8.245148658752441,-0.04839242076199668
3.9293449058789607,47,1,7.9376020431518555,-0.009881398587667456,8.187528610229492,-0.04117723173440868,8.252191543579102,-0.04927433160078476
3.9293449058789607,48,0,7.883371353149414,-0.003090625419395865,7.976328372955322,-0.014730714008938772,7.9952392578125,-0.017098737160969768
3.9293449058789607,48,1,7.912886619567871,-0.0067865304362750845,7.982324600219727,-0.015481562268773508,7.995214939117432,-0.017095691971208082
3.9293449058789607,49,0,7.663951396942139,0.024385166445480166,7.663850784301758,0.02439776517174852,7.663907527923584,0.024390659728971587
3.9293449058789607,49,1,7.663653373718262,0.02442248494746002,7.66391658782959,0.02438952524651139,7.6638503074646,0.02439782488135178
3.9293449058789607,50,0,8.08250617980957,-0.028026311055911468,8.089648246765137,-0.02892064149215845,8.089595794677734,-0.028914073435809873
3.9293449058789607,50,1,8.017351150512695,-0.019867590879066088,8.088582992553711,-0.02878725023868156,8.08979606628418,-0.0289391514691405
3.9293449058789607,51,0,6.992016792297363,0.10852489403975385,6.995789527893066,0.10805247165949039,6.996248722076416,0.10799497131163982
3.9293449058789607,51,1,6.987610816955566,0.10907661077302422,6.995203495025635,0.1081258547617836,6.996226787567139,0.10799771795338553
3.9293449058789607,52,0,17.516706466674805,-1.2093779436694825,17.516584396362305,-1.2093626580110715,17.516170501708984,-1.209310830075522
3.9293449058789607,52,1,17.51714515686035,-1.2094328765043967,17.516429901123047,-1.2093433120996453,17.516077041625977,-1.2092991269933009
3.9293449058789607,53,0,11.647199630737305,-0.4743976302956955,11.798286437988281,-0.4933167374786128,11.798852920532227,-0.4933876724871763
3.9293449058789607,53,1,11.264082908630371,-0.42642371079213015,11.794737815856934,-0.4928723786118382,11.799201965332031,-0.49343137991669506
3.9293449058789607,54,0,10.02431583404541,-0.27117993674796603,10.024231910705566,-0.2711694278578086,10.02395248413086,-0.2711344380303521
3.9293449058789607,54,1,10.022802352905273,-0.2709904184675115,10.024468421936035,-0.2711990438209798,10.024467468261719,-0.2711989244017733
3.9293449058789607,55,0,10.444154739379883,-0.3237522122106885,10.444137573242188,-0.3237500626649744,10.443585395812988,-0.3236809189445061
3.9293449058789607,55,1,10.44366455078125,-0.32369083073863203,10.444368362426758,-0.3237789621129076,10.44361686706543,-0.3236848597783152
3.9293449058789607,56,0,16.932350158691406,-1.1362047803410191,16.932031631469727,-1.136164894326103,16.931562423706055,-1.1361061400765857
3.9293449058789607,56,1,16.932933807373047,-1.1362778648952965,16.931884765625,-1.1361465037683272,16.931516647338867,-1.136100407954682
3.9293449058789607,57,0,8.452339172363281,-0.07433684043442879,8.47385025024414,-0.07703046005253367,8.474428176879883,-0.07710282809157298
3.9293449058789607,57,1,8.441132545471191,-0.07293354534077967,8.474146842956543,-0.07706759942570407,8.474324226379395,-0.07708981139808235
3.9293449058789607,58,0,17.994848251342773,-1.2692509123115294,17.991455078125,-1.2688260187753873,17.994985580444336,-1.2692681086772417
3.9293449058789607,58,1,17.99398422241211,-1.2691427185105892,17.993982315063477,-1.2691424796721766,17.994136810302734,-1.2691618255836032
3.9293449058789607,59,0,10.103221893310547,-0.281060562460964,10.10335636138916,-0.28107740056905717,10.103379249572754,-0.2810802666300093
3.9293449058789607,59,1,10.103353500366211,-0.28107704231143826,10.10382080078125,-0.2811355577225426,10.1033935546875,-0.28108205791810426
3.9293449058789607,60,0,7.777357578277588,0.0101844315240871,7.828860282897949,0.0037352569955383386,7.831055164337158,0.003460413692157105
3.9293449058789607,60,1,7.8102545738220215,0.006065066001541997,7.830258846282959,0.0035601287294472206,7.831081390380859,0.0034571296639828164
3.9293449058789607,61,0,8.799517631530762,-0.11781056656644495,8.799688339233398,-0.1178319426043789,8.799660682678223,-0.11782847944739527
3.9293449058789607,61,1,8.799822807312012,-0.11784878071247229,8.799688339233398,-0.1178319426043789,8.799753189086914,-0.11784006311040984
3.9293449058789607,62,0,7.922091007232666,-0.007939104906222738,8.002083778381348,-0.017955808804840045,8.016316413879395,-0.019738021040191955
3.9293449058789607,62,1,7.575207233428955,0.03549772069103563,7.638365268707275,0.02758906433225694,7.968869209289551,-0.01379667668658513
3.9293449058789607,63,0,10.091792106628418,-0.27962932327303214,10.09897518157959,-0.28052878873515164,10.099550247192383,-0.28060079851657205
3.9293449058789607,63,1,10.090155601501465,-0.2794243999149605,10.099196434020996,-0.28055649399102156,10.099720001220703,-0.2806220551352997
3.9293449058789607,64,0,8.662481307983398,-0.10065086255046929,8.686772346496582,-0.10369258915504231,8.686994552612305,-0.10372041383011854
3.9293449058789607,64,1,8.565485000610352,-0.08850497391249224,8.684823036193848,-0.10344849629729247,8.687064170837402,-0.10372913143218099
3.9293449058789607,65,0,31.083341598510742,-2.9081935374385233,31.08196449279785,-2.9080210961045747,31.077669143676758,-2.9074832319992394
3.9293449058789607,65,1,31.08346176147461,-2.9082085842585212,31.07939338684082,-2.907699141924294,31.082046508789062,-2.9080313661563193
3.9293449058789607,66,0,11.227693557739258,-0.4218670321359842,11.29932689666748,-0.430836966981467,11.335267066955566,-0.435337399191429
3.9293449058789607,66,1,11.088244438171387,-0.40440519752797977,11.213059425354004,-0.42003454441476495,11.32418155670166,-0.4339492703369844
3.9293449058789607,67,0,8.628408432006836,-0.09638425314651233,8.663309097290039,-0.10075451842156868,8.663289070129395,-0.10075201061823547
3.9293449058789607,67,1,8.63931941986084,-0.09775052828619757,8.663135528564453,-0.1007327841260156,8.663077354431152,-0.100725499554429
3.9293449058789607,68,0,7.939984321594238,-0.010179707765093693,7.9557695388793945,-0.012156334468359842,7.956155300140381,-0.012204639537322648
3.9293449058789607,68,1,7.949989318847656,-0.01143253465876004,7.955846786499023,-0.012166007424073033,7.956088542938232,-0.012196280192879105
3.9293449058789607,69,0,16.050933837890625,-1.0258337284310923,16.052486419677734,-1.0260281428990066,16.0521183013916,-1.025982047085361
3.9293449058789607,69,1,16.052366256713867,-1.0260130960790081,16.053260803222656,-1.0261251112945509,16.05256462097168,-1.026037935273926
3.9293449058789607,70,0,11.715487480163574,-0.4829486425653532,11.715620040893555,-0.482965241835034,11.71624755859375,-0.48304381967280274
3.9293449058789607,70,1,11.715460777282715,-0.48294529882757586,11.715825080871582,-0.4829909169643961,11.715865135192871,-0.4829959325710621
3.9293449058789607,71,0,12.581883430480957,-0.5914388419754951,12.624831199645996,-0.5968167665136107,12.627012252807617,-0.5970898782385
3.9293449058789607,71,1,12.62606143951416,-0.5969708172897835,12.624939918518066,-0.5968303803031328,12.626324653625488,-0.5970037769907323
3.9293449058789607,72,0,8.200113296508789,-0.042753087581212657,8.307222366333008,-0.056165297483172005,8.307599067687988,-0.056212468069674615
3.9293449058789607,72,1,8.307465553283691,-0.05619574938078753,8.308056831359863,-0.05626978928871551,8.307894706726074,-0.056249488023638494
3.9293449058789607,73,0,8.15352725982666,-0.036919578770926775,8.336039543151855,-0.05977378764101371,8.610048294067383,-0.09408519458614018
3.9293449058789607,73,1,8.550829887390137,-0.08666985896873369,8.611991882324219,-0.09432857092865221,8.621810913085938,-0.09555811107708301
3.9293449058789607,74,0,11.904144287109375,-0.5065722693818601,11.903167724609375,-0.5064499841145723,11.903990745544434,-0.50655304288964
3.9293449058789607,74,1,11.903377532958984,-0.5064762563399662,11.903923034667969,-0.5065445641259901,11.902887344360352,-0.5064148748679097
3.9293449058789607,75,0,11.400745391845703,-0.4435366024792221,11.401405334472656,-0.44361924057000646,11.401068687438965,-0.44357708559016984
3.9293449058789607,75,1,11.40114974975586,-0.44358723622270857,11.401495933532715,-0.4436305853946082,11.400920867919922,-0.443558575613188
3.9293449058789607,76,0,9.30168342590332,-0.18069182443529075,9.30224323272705,-0.18076192350940967,9.3018217086792,-0.18070914022020956
3.9293449058789607,76,1,9.302653312683105,-0.18081327376813416,9.301651954650879,-0.1806878836014817,9.301496505737305,-0.180668418270849
3.9293449058789607,77,0,16.269241333007812,-1.0531702177917777,16.269758224487305,-1.0532349430016117,16.269235610961914,-1.0531695012765399
3.9293449058789607,77,1,16.268999099731445,-1.0531398853133687,16.270143508911133,-1.0532831883609712,16.269588470458984,-1.0532136863828838
3.9293449058789607,78,0,13.15197467803955,-0.6628257328155912,13.151589393615723,-0.6627774874562317,13.151571273803711,-0.6627752184913113
3.9293449058789607,78,1,13.151947975158691,-0.6628223890778139,13.152168273925781,-0.6628499749144773,13.15250301361084,-0.6628918910559011
3.9293449058789607,79,0,7.9779157638549805,-0.014929487277884235,9.117025375366211,-0.157568922350949,9.117395401000977,-0.15761525700300727
3.9293449058789607,79,1,9.117330551147461,-0.15760713649697655,9.117753028869629,-0.15766003920538318,9.117574691772461,-0.15763770781379838
3.9293449058789607,80,0,11.487750053405762,-0.4544313360924216,11.487641334533691,-0.45441772230289945,11.487752914428711,-0.4544316943500407
3.9293449058789607,80,1,11.488327980041504,-0.4545037041314609,11.48747444152832,-0.4543968239417907,11.488229751586914,-0.4544914039532083
3.9293449058789607,81,0,7.338487148284912,0.06513983666844192,7.360720634460449,0.06235575700153784,7.361657619476318,0.062238427631313153
3.9293449058789607,81,1,7.277573585510254,0.07276743992510992,7.357179641723633,0.06279916051466183,7.361809730529785,0.062219380267902635
3.9293449058789607,82,0,6.638022422790527,0.15285210923945025,7.08359956741333,0.0970568885265406,7.31009578704834,0.06869500615065471
3.9293449058789607,82,1,7.280891418457031,0.07235198050626857,7.309462547302246,0.06877430050366151,7.310861587524414,0.06859911252796724
3.9293449058789607,83,0,11.534375190734863,-0.46026974109016716,11.535396575927734,-0.4603976390601524,11.535703659057617,-0.46043609204459257
3.9293449058789607,83,1,11.457054138183594,-0.450587590098099,11.53412914276123,-0.4602389309349325,11.53420352935791,-0.4602482456330267
3.9293449058789607,84,0,10.214802742004395,-0.29503272902143063,10.214723587036133,-0.29502281722730495,10.21467113494873,-0.29501624917095637
3.9293449058789607,84,1,10.214216232299805,-0.2949592862095344,10.215043067932129,-0.29506282266142725,10.214585304260254,-0.29500550144238613
3.9293449058789607,85,0,12.173946380615234,-0.5403569182078404,12.174336433410645,-0.5404057606632316,12.174160957336426,-0.540383787529266
3.9293449058789607,85,1,12.174347877502441,-0.5404071936937077,12.174274444580078,-0.5403979984148198,12.174132347106934,-0.5403802049530758
3.9293449058789607,86,0,14.602706909179688,-0.8444865877508635,14.63196849822998,-0.8481507272588574,14.631062507629395,-0.8480372790128387
3.9293449058789607,86,1,14.526935577392578,-0.8349984929690907,14.631603240966797,-0.8481049897028309,14.631452560424805,-0.8480861214682299
3.9293449058789607,87,0,9.917292594909668,-0.2577784745745769,9.941468238830566,-0.26080575145518325,9.941693305969238,-0.2608339343878786
3.9293449058789607,87,1,9.940483093261719,-0.2606823914150386,9.941502571105957,-0.26081005054661144,9.941543579101562,-0.26081518557248373
3.9293449058789607,88,0,18.626934051513672,-1.3484007680786747,18.627582550048828,-1.3484819731389832,18.62635612487793,-1.3483284000396356
3.9293449058789607,88,1,18.627214431762695,-1.3484358773253375,18.6258487701416,-1.348264869021865,18.62627410888672,-1.3483181299878906
3.9293449058789607,89,0,7.828050136566162,0.00383670361132038,7.837106704711914,0.002702639118354777,7.837204933166504,0.002690338940102177
3.9293449058789607,89,1,7.835745334625244,0.002873110035398807,7.836894512176514,0.0027292098917643948,7.837215900421143,0.0026889656192293776
3.9293449058789607,90,0,7.221733093261719,0.07975979271367595,7.22255277633667,0.07965715190583056,7.222517490386963,0.07966157041646493
3.9293449058789607,90,1,7.222493648529053,0.07966455589662336,7.2225141525268555,0.0796619883836871,7.222487926483154,0.07966527241186139
3.9293449058789607,91,0,8.904518127441406,-0.13095874060319634,8.905365943908691,-0.13106490427762874,8.905369758605957,-0.13106538195445394
3.9293449058789607,91,1,8.905003547668457,-0.1310195249792211,8.905587196350098,-0.13109260953349844,8.905627250671387,-0.13109762514016465
3.9293449058789607,92,0,7.355657577514648,0.06298975356797332,7.385443687438965,0.05925993349649483,7.387868404388428,0.05895631016438663
3.9293449058789607,92,1,7.229254245758057,0.0788179931429106,7.374077320098877,0.06068323130720521,7.38784646987915,0.05895905680613234
3.9293449058789607,93,0,7.892312526702881,-0.004210240188394887,9.034985542297363,-0.1472958851259326,9.045945167541504,-0.14866825064514078
3.9293449058789607,93,1,9.038908004760742,-0.14778705632159073,9.045762062072754,-0.14864532215752446,9.045951843261719,-0.1486690865795851
3.9293449058789607,94,0,8.429457664489746,-0.07147161541681968,8.44778823852539,-0.07376697198179538,8.451465606689453,-0.07422745244142537
3.9293449058789607,94,1,8.436243057250977,-0.07232128306989727,8.449471473693848,-0.0739777468809778,8.451675415039062,-0.07425372466681923
3.9293449058789607,95,0,9.173078536987305,-0.164587905622528,9.173768997192383,-0.1646743651279149,9.173904418945312,-0.16469132265521458
3.9293449058789607,95,1,9.173404693603516,-0.16462874699109464,9.173201560974121,-0.1646033107001451,9.174389839172363,-0.16475210703123933
3.9293449058789607,96,0,7.259929656982422,0.07497681466152417,7.322152137756348,0.0671853085441606,7.322652816772461,0.06712261346083437
3.9293449058789607,96,1,7.3173604011535645,0.06778533034639356,7.322711944580078,0.06711520947004157,7.322657585144043,0.06712201636480275
3.9293449058789607,97,0,7.208394527435303,0.08143004944308829,7.208429336547852,0.08142569064205707,7.208391189575195,0.08143046741031046
3.9293449058789607,97,1,7.208394527435303,0.08143004944308829,7.208402633666992,0.0814290343798344,7.208413600921631,0.0814276610589616
3.9293449058789607,98,0,10.292890548706055,-0.30481089305539266,10.292929649353027,-0.30481578924285235,10.29301643371582,-0.3048266563906289
3.9293449058789607,98,1,10.292698860168457,-0.3047868897949192,10.293092727661133,-0.3048362099271359,10.293313026428223,-0.3048637957637993
3.9293449058789607,99,0,12.668023109436035,-0.6022252623685481,12.66861629486084,-0.6022995411148889,12.668371200561523,-0.6022688503788606
3.9293449058789607,99,1,12.66889762878418,-0.6023347697807578,12.667972564697266,-0.6022189331506124,12.668373107910156,-0.6022690892172734
3.9293449058789607,100,0,7.98950719833374,-0.016380968021289743,8.167445182800293,-0.03866238266818811,8.17912483215332,-0.04012490968817961
3.9293449058789607,100,1,8.104228973388672,-0.030746441737822816,8.174755096435547,-0.03957773088475014,8.179447174072266,-0.04016527337992104
3.9293449058789607,101,0,12.941367149353027,-0.636453434126859,12.941482543945312,-0.6364678838508256,12.940911293029785,-0.6363963517462304
3.9293449058789607,101,1,12.907920837402344,-0.6322652831414645,12.940634727478027,-0.6363617201763933,12.94073486328125,-0.6363742591930585
3.9293449058789607,102,0,8.910632133483887,-0.13172433713501353,8.913004875183105,-0.13202145212037653,8.91305160522461,-0.13202730366148685
3.9293449058789607,102,1,8.880610466003418,-0.12796502051957026,8.912837028503418,-0.13200043434006148,8.912903785705566,-0.1320087936845048
3.9293449058789607,103,0,7.665592193603516,0.024179705700979826,7.665628910064697,0.024175108061535888,7.6656012535095215,0.02417857121851963
3.9293449058789607,103,1,7.665618896484375,0.024176361963202386,7.665614604949951,0.024176899349630965,7.665683746337891,0.02416824145717167
3.9293449058789607,104,0,7.7056884765625,0.019158844589807544,7.706276893615723,0.019085162939498468,7.706340312957764,0.019077221562277202
3.9293449058789607,104,1,7.67118501663208,0.023479371765424917,7.706221580505371,0.01909208925346595,7.706326484680176,0.019078953140769017
3.9293449058789607,105,0,13.551203727722168,-0.7128172398101958,13.550883293151855,-0.7127771149568672,13.550302505493164,-0.7127043886602088
3.9293449058789607,105,1,13.55123233795166,-0.712820822386386,13.551328659057617,-0.7128328837262258,13.551051139831543,-0.7127981327371823
3.9293449058789607,106,0,7.231602668762207,0.07852392334730929,7.231637954711914,0.0785195048366748,7.23162841796875,0.07852069902873826
3.9293449058789607,106,1,7.23156213760376,0.07852899866357854,7.2316107749938965,0.07852290828405539,7.231626987457275,0.07852087815754771
3.9293449058789607,107,0,9.123488426208496,-0.15837822631228515,9.133049011230469,-0.15957540385579916,9.133334159851074,-0.1596111101984935
3.9293449058789607,107,1,9.130446434020996,-0.1592495088417093,9.13240909576416,-0.15949527356834803,9.1331205368042,-0.1595843602962742
3.9293449058789607,108,0,10.298116683959961,-0.30546531030611146,10.298575401306152,-0.3055227509443589,10.298633575439453,-0.3055300355159455
3.9293449058789607,108,1,10.298789024353027,-0.30554950084657817,10.298592567443848,-0.30552490049007297,10.298345565795898,-0.305493970915632
3.9293449058789607,109,0,11.354026794433594,-0.4376864943992559,11.68626594543457,-0.47928951866402547,11.689155578613281,-0.47965135885922205
3.9293449058789607,109,1,11.689231872558594,-0.47966091239572906,11.689156532287598,-0.47965147827842836,11.689650535583496,-0.47971333742731026
3.9293449058789607,110,0,7.680446147918701,0.02231969185270033,7.686812877655029,0.021522449231204166,7.705667495727539,0.019161471812346953
3.9293449058789607,110,1,7.795899868011475,0.00786256389530482,7.812358856201172,0.005801567522762507,7.8273115158081055,0.003929193786627261
3.9293449058789607,111,0,8.764352798461914,-0.11340722217123378,8.784110069274902,-0.11588122986888749,8.794312477111816,-0.11715877653826545
3.9293449058789607,111,1,8.750513076782227,-0.11167421064889205,8.778096199035645,-0.11512817235373551,8.793630599975586,-0.1170733918057355
3.9293449058789607,112,0,13.991644859313965,-0.7679693283873853,13.992258071899414,-0.7680461149370591,13.992406845092773,-0.7680647443332475
3.9293449058789607,112,1,13.992254257202148,-0.7680456372602339,13.992093086242676,-0.7680254554143632,13.99197769165039,-0.7680110056903965
3.9293449058789607,113,0,16.785085678100586,-1.1177643053370945,16.784812927246094,-1.1177301514440825,16.784469604492188,-1.117687160529802
3.9293449058789607,113,1,16.78452491760254,-1.1176940868437693,16.78445053100586,-1.117684772145675,16.784700393676758,-1.117716059977735
3.9293449058789607,114,0,11.087557792663574,-0.4043192156994181,11.086986541748047,-0.4042476835948231,11.086799621582031,-0.40422427743038136
3.9293449058789607,114,1,11.086749076843262,-0.4042179482124456,11.086869239807129,-0.4042329950324438,11.08704948425293,-0.4042555652624412
3.9293449058789607,115,0,19.56905174255371,-1.46637285247186,19.569555282592773,-1.4664359058128054,19.56830406188965,-1.466279227814093
3.9293449058789607,115,1,19.569690704345703,-1.466452863340105,19.568723678588867,-1.4663317722648808,19.5690975189209,-1.4663785845937642
3.9293449058789607,116,0,10.874802589416504,-0.3776779849580182,10.879700660705566,-0.3782913220017575,10.879354476928711,-0.37824797282985767
3.9293449058789607,116,1,10.87891674041748,-0.37819315941414977,10.879310607910156,-0.37824247954636625,10.878758430480957,-0.37817333582589796
3.9293449058789607,117,0,7.682501792907715,0.02206228375344399,8.218548774719238,-0.04506158025888529,8.220264434814453,-0.04527641541108307
3.9293449058789607,117,1,7.94461727142334,-0.010759846269471907,8.219420433044434,-0.04517072941347611,8.21949291229248,-0.04517980527315746
3.9293449058789607,118,0,9.411982536315918,-0.1945034915824425,9.41201400756836,-0.1945074324162518,9.412219047546387,-0.19453310754561393
3.9293449058789607,118,1,9.412019729614258,-0.1945081489314896,9.412456512451172,-0.19456284292799142,9.412642478942871,-0.19458612967322686
3.9293449058789607,119,0,7.40179443359375,0.05721249120387162,7.465073585510254,0.04928866860588821,7.468188285827637,0.04889864547799627
3.9293449058789607,119,1,7.090752601623535,0.0961611847694207,7.29365873336792,0.0707532558814512,7.463163375854492,0.04952786527617836
3.9293449058789607,120,0,7.847897052764893,0.0013514705082711131,7.853525161743164,0.0006467180620818302,7.853909969329834,0.0005985324123254365
3.9293449058789607,120,1,7.8525285720825195,0.0007715111327024626,7.853816032409668,0.000610295204149458,7.853886604309082,0.0006014581828805987
3.9293449058789607,121,0,11.208276748657227,-0.4194356570949923,11.208755493164062,-0.4194956055365727,11.208379745483398,-0.4194485543692764
3.9293449058789607,121,1,11.207833290100098,-0.41938012716404616,11.208431243896484,-0.41945500300641847,11.208821296691895,-0.41950384546180974
3.9293449058789607,122,0,7.370406627655029,0.06114287583239075,7.371737957000732,0.06097616662034633,7.3716607093811035,0.06098583957605952
3.9293449058789607,122,1,7.363065242767334,0.06206216488276184,7.371705532073975,0.06098022687336169,7.371736526489258,0.06097634574915578
3.9293449058789607,123,0,7.387149810791016,0.05904629253636051,7.387639045715332,0.05898503048351034,7.387657642364502,0.05898270180898679
3.9293449058789607,123,1,7.367888450622559,0.06145820224671983,7.387664794921875,0.05898180616493931,7.387658596038818,0.05898258238978049
3.9293449058789607,124,0,12.062199592590332,-0.5263639727054713,12.062430381774902,-0.5263928721534045,12.061848640441895,-0.5263200264375397
3.9293449058789607,124,1,12.062262535095215,-0.5263718543730894,12.062515258789062,-0.5264035004627684,12.062313079833984,-0.5263781835910252
3.9293449058789607,125,0,9.590304374694824,-0.21683297245989086,9.597955703735352,-0.217791072752321,9.599041938781738,-0.2179270912283372
3.9293449058789607,125,1,9.591041564941406,-0.2169252835063883,9.59819221496582,-0.2178206887154922,9.599146842956543,-0.21794022734103413
3.9293449058789607,126,0,11.617539405822754,-0.47068357355945334,11.617597579956055,-0.4706908581310397,11.617654800415039,-0.4706980232834198
3.9293449058789607,126,1,11.613893508911133,-0.4702270339336324,11.617144584655762,-0.47063413400803034,11.617116928100586,-0.4706306708510467
3.9293449058789607,127,0,10.918935775756836,-0.38320434756960886,10.921332359313965,-0.38350444803513006,10.921655654907227,-0.3835449311460778
3.9293449058789607,127,1,10.59971809387207,-0.34323187314814485,10.684366226196289,-0.3538315219024891,10.86876106262207,-0.37692146428588236
