K,M,initialization,step_index,sigma,sigma_next,ell,a,gamma,e,e_next,discretization_term,learning_term,recursion_slack,Delta_j
272,262144,exact,0,79.99999999999999,78.40801084044224,1.5919891595577411,0.01989986449447177,1.0,0.0,6.312813025525215e-07,6.312813025525215e-07,0.0,0.0,0.24703924813172762
272,262144,exact,1,78.40801084044224,76.84325384626491,1.5647569941773298,0.019956595983050246,0.9800442153971763,6.312813025525215e-07,1.2664959606371035e-06,6.478123717838632e-07,0.0,1.753146442579588e-18,0.24351034824714135
272,262144,exact,2,76.84325384626491,75.30533971667349,1.537914129591428,0.020013651851185643,0.9799871954061101,1.2664959606371035e-06,1.9059756048144991e-06,6.648257803587403e-07,0.0,2.1635339055242966e-18,0.24002189172958924
272,262144,exact,3,75.30533971667349,73.7938836159023,1.5114561007711842,0.020071034888864994,0.9799298498746591,1.9059756048144991e-06,2.5500594592690612e-06,6.823370709813661e-07,0.0,2.9396278434460493e-18,0.2365735299490443
272,262144,exact,4,73.7938836159023,72.30850513469545,1.4853784812068511,0.020128747918164287,0.9798721761041782,2.5500594592690612e-06,3.1990945654599436e-06,7.003622539163313e-07,0.0,5.407034818797826e-18,0.2331649162848481
272,262144,exact,5,72.30850513469545,70.84882825200987,1.459676882685585,0.02018679379371093,0.9798141713492814,3.1990945654599436e-06,3.853436189435919e-06,7.189179987202716e-07,0.0,8.477105736121038e-18,0.22979570611984723
272,262144,exact,6,70.84882825200987,69.41448129694054,1.43434695506933,0.020245175403146343,0.9797558328190115,3.853436189435919e-06,4.513448079862277e-06,7.380214968794326e-07,0.0,1.286219530405655e-17,0.22646555683445643
272,262144,exact,7,69.41448129694054,68.00509691086583,1.4093843860747057,0.020303895667615177,0.9796971576912433,4.513448079862277e-06,5.179502899043415e-06,7.5769064383376e-07,0.0,1.8417884405097507e-17,0.22317412780106713
272,262144,exact,8,68.00509691086583,66.62031200981366,1.3847849010521713,0.02036295754224432,0.9796381431300929,5.179502899043415e-06,5.851982462212142e-06,7.779438598821526e-07,0.0,2.583450489125616e-17,0.2199210803780563
272,262144,exact,9,66.62031200981366,65.25976774704662,1.3605442627670357,0.020422364016647317,0.9795787862245021,5.851982462212142e-06,6.531278160289337e-06,7.988002829821314e-07,0.0,3.3637372401362775e-17,0.21670607790416213
272,262144,exact,10,65.25976774704662,63.92310947586699,1.3366582711796369,0.02048211811541619,0.9795190840870387,6.531278160289337e-06,7.217791322209043e-06,8.202797207696346e-07,0.0,4.488173477616361e-17,0.21352878569243228
272,262144,exact,11,63.92310947586699,62.60998671263917,1.3131227632278168,0.020542222898646108,0.9794590337745789,7.217791322209043e-06,7.911933632357615e-06,8.424027179776794e-07,0.0,5.747287953709879e-17,0.21038887102464143
272,262144,exact,12,62.60998671263917,61.32005310003014,1.2899336126090333,0.020602681462454815,0.9793986323214879,7.911933632357615e-06,8.614127503501768e-06,8.65190525025568e-07,0.0,7.323108048781779e-17,0.20728600314541462
272,262144,exact,13,61.32005310003014,60.05296637046716,1.2670867295629762,0.02066349693950858,0.979337876744778,8.614127503501768e-06,9.324806510267275e-06,8.886651710721906e-07,0.0,9.313296661650483e-17,0.20421985325633726
272,262144,exact,14,60.05296637046716,58.808388309811555,1.2445780606556056,0.020724672499569715,0.9792767639926406,9.324806510267275e-06,1.0044415857201633e-05,9.12849513083448e-07,0.0,1.1385986283581756e-16,0.20119009451025036
272,262144,exact,15,58.808388309811555,57.58598472124816,1.2224035885633953,0.020786211350047323,0.9792152910290852,1.0044415857201633e-05,1.0773412775510236e-05,9.377671788245387e-07,0.0,1.4115804065992915e-16,0.19819640200545585
272,262144,exact,16,57.58598472124816,56.38542538939034,1.2005593318578178,0.020848116736550893,0.9791534547618538,1.0773412775510236e-05,1.1512267077288505e-05,9.634427387426723e-07,0.0,1.7050773228229066e-16,0.1952384527797693
272,262144,exact,17,56.38542538939034,55.20638404459907,1.1790413447912726,0.020910391943467093,0.9790912520763789,1.1512267077288505e-05,1.2261461524505658e-05,9.899015377749939e-07,0.0,2.0941364961557518e-16,0.19231592580485415
272,262144,exact,18,55.20638404459907,54.04853832751572,1.1578457170833474,0.02097304029454219,0.9790286798233845,1.2261461524505658e-05,1.3021492478848754e-05,1.0171699900585846e-06,0.0,2.5182967148228153e-16,0.18942850198041572
272,262144,exact,19,54.04853832751572,52.911569753808585,1.1369685737071364,0.021036065153464362,0.978965734833335,1.3021492478848754e-05,1.3792870345328427e-05,1.0452753924489563e-06,0.0,3.034461652220641e-16,0.1865758641282477
272,262144,exact,20,52.911569753808585,51.79516367913135,1.1164060746772364,0.021099469924474833,0.97890241389526,1.3792870345328427e-05,1.4576120178459163e-05,1.0742461032325843e-06,0.0,3.59767079950897e-16,0.1837576969865937
272,262144,exact,21,51.79516367913135,50.69900926429383,1.096154414837521,0.021163258052974736,0.9788387137766246,1.4576120178459163e-05,1.537178216352076e-05,1.1041114366154301e-06,0.0,4.3113977015243887e-16,0.1809736872042232
272,262144,exact,22,50.69900926429383,49.62279944064356,1.0762098236502666,0.021227433026156133,0.9787746312179905,1.537178216352076e-05,1.618041235348485e-05,1.1349019357283684e-06,0.0,5.068306343190832e-16,0.1782235233347529
272,262144,exact,23,49.62279944064356,48.5662308756586,1.056568564984964,0.021291998373626247,0.978710162915972,1.618041235348485e-05,1.700258313404169e-05,1.1666491241183232e-06,0.0,6.033991665696514e-16,0.17550689583065138
272,262144,exact,24,48.5662308756586,47.52900393874971,1.037226936908887,0.02135695766806448,0.9786453055497093,1.700258313404169e-05,1.7838884030179793e-05,1.1993858645357177e-06,0.0,7.044874666267686e-16,0.17282349703759098
272,262144,exact,25,47.52900393874971,46.510822667272016,1.0181812714776939,0.021422314525880174,0.9785800557624988,1.7838884030179793e-05,1.868992220225476e-05,1.2331460740928074e-06,0.0,8.321387199097807e-16,0.1701730211886333
272,262144,exact,26,46.510822667272016,45.51139473274565,0.9994279345263664,0.021488072607875577,0.9785144101692144,1.868992220225476e-05,1.955632332247716e-05,1.267965123601584e-06,0.0,9.7224474564922e-16,0.1675551643982799
272,262144,exact,27,45.51139473274565,44.53043140728403,0.980963325461623,0.021554235619938397,0.9784483653582502,1.955632332247716e-05,2.043873217030876e-05,1.3038795841464607e-06,0.0,1.1329031788208377e-15,0.16496962465682574
272,262144,exact,28,44.53043140728403,43.56764753022959,0.9627838770544344,0.021620807313736192,0.9783819178837715,2.043873217030876e-05,2.133781339668149e-05,1.3409274181121826e-06,0.0,1.330116165864162e-15,0.16241610182451516
272,262144,exact,29,43.56764753022959,42.62276147499661,0.9448860552329847,0.021687791487419,0.9783150642788562,2.133781339668149e-05,2.2254252443953647e-05,1.3791481607476364e-06,0.0,1.5386793944006938e-15,0.15989429762563445
272,262144,exact,30,42.62276147499661,41.695495116119716,0.9272663588768921,0.021755191986348555,0.9782478010397514,2.2254252443953647e-05,2.3188756167810773e-05,1.4185826525215536e-06,0.0,1.7919490218933076e-15,0.15740391564282025
272,262144,exact,31,41.695495116119716,40.78557379650796,0.9099213196117546,0.02182301270383461,0.9781801246414993,2.3188756167810773e-05,2.414205384275527e-05,1.4592734463221948e-06,0.0,2.077402513249796e-15,0.15494466131125245
272,262144,exact,32,40.78557379650796,39.892726294904,0.8928475016039599,0.021891257581875802,0.9781120315286511,2.414205384275527e-05,2.511489798069271e-05,1.5012646536846855e-06,0.0,2.40341194212082e-15,0.15251624191272195
272,262144,exact,33,39.892726294904,39.01668479354711,0.8760415013568945,0.021959930611932188,0.9780435181165422,2.511489798069271e-05,2.6108065238926333e-05,1.544602063535664e-06,0.0,2.7840719367486916e-15,0.15011836656996025
272,262144,exact,34,39.01668479354711,38.15718484603975,0.8594999475073593,0.02202903583570253,0.9779745807985121,2.6108065238926333e-05,2.7122357466371823e-05,1.5893333120837717e-06,0.0,3.2111357843589428e-15,0.14775074624080367
272,262144,exact,35,38.15718484603975,37.31396534541737,0.843219500622375,0.022098577345909497,0.9779052159387741,2.7122357466371823e-05,2.8158602579819254e-05,1.6355077486082059e-06,0.0,3.709912829415532e-15,0.145413093712303
272,262144,exact,36,37.31396534541737,36.48676849242007,0.8271968529973037,0.02216855928711672,0.9778354198814855,2.8158602579819254e-05,2.921765571613029e-05,1.6831767434935941e-06,0.0,4.276743889586321e-15,0.14310512359502817
272,262144,exact,37,36.48676849242007,35.675339763966086,0.8114287284539827,0.022238985856545577,0.9777651889392651,2.921765571613029e-05,3.0300400281178803e-05,1.732393624458806e-06,0.0,4.9245343588556756e-15,0.14082655231716948
272,262144,exact,38,35.675339763966086,34.87942788182606,0.7959118821400253,0.022309861304921248,0.9776945194081774,3.0300400281178803e-05,3.140774904336809e-05,1.7832137582512955e-06,0.0,5.6657220690210786e-15,0.1385770981188366
272,262144,exact,39,34.87942788182606,34.09878478149797,0.780643100328092,0.02238118993731679,0.977623407560336,3.140774904336809e-05,3.2540645362751205e-05,1.835694725691236e-06,0.0,6.5174238618806446e-15,0.1363564810461045
272,262144,exact,40,34.09878478149797,33.33316558128137,0.765619200216598,0.022452976114035118,0.977551849645061,3.2540645362751205e-05,3.3700064407673835e-05,1.8898963521610741e-06,0.0,7.488658944256738e-15,0.13416442294534134
272,262144,exact,41,33.33316558128137,32.582328551550795,0.750837029730576,0.022525224251494953,0.9774798418939943,3.3700064407673835e-05,3.488701442046797e-05,1.945880800035367e-06,0.0,8.597838424290877e-15,0.13200064745735907
272,262144,exact,42,32.582328551550795,31.846035084227708,0.7362934673230868,0.022597938823130614,0.9774073805181958,3.488701442046797e-05,3.6102538070059965e-05,2.003712701115619e-06,0.0,9.865778983694784e-15,0.12986488001155155
272,262144,exact,43,31.846035084227708,31.124049662450005,0.7219854217777026,0.02267112436032196,0.9773344617153933,3.6102538070059965e-05,3.7347713800194204e-05,2.063459200262583e-06,0.0,1.1329926255000677e-14,0.12775684782016197
272,262144,exact,44,31.124049662450005,30.416139830438738,0.7079098320112678,0.022744785453331747,0.9772610816669587,3.7347713800194204e-05,3.8623657368704284e-05,2.125190195522738e-06,0.0,1.2984242587360528e-14,0.12567627987243513
272,262144,exact,45,30.416139830438738,29.72207616356115,0.6940636668775859,0.022818926752270076,0.9771872365397701,3.8623657368704284e-05,3.993152326287522e-05,2.1889782685776583e-06,0.0,1.4885506293294687e-14,0.12362290692885763
272,262144,exact,46,29.72207616356115,29.041632238589877,0.680443924971275,0.0228935529680625,0.9771129224905225,3.993152326287522e-05,4.127250634423149e-05,2.254898966394497e-06,0.0,1.7049296002769054e-14,0.12159646151524536
272,262144,exact,47,29.041632238589877,28.37458460415684,0.667047634433036,0.022968668873462213,0.9770381356663703,4.127250634423149e-05,4.2647843444526305e-05,2.323030811213028e-06,0.0,1.9533101535979674e-14,0.11959667791709214
272,262144,exact,48,28.37458460415684,27.720712751402193,0.6538718527546479,0.02304427930405214,0.9769628722089194,4.2647843444526305e-05,4.4058815132963424e-05,2.39345553024623e-06,0.0,2.23635603850518e-14,0.11762329217359808
272,262144,exact,49,27.720712751402193,27.079799084816763,0.6409136665854298,0.023120389159294274,0.9768871282540013,4.4058815132963424e-05,4.550674744211081e-05,2.4662580782083644e-06,0.0,2.5612128249415805e-14,0.11567604207198982
272,262144,exact,50,27.079799084816763,26.451628893277977,0.6281701915387856,0.023197003403581055,0.9768108999377285,4.550674744211081e-05,4.699301381510829e-05,2.541526922247389e-06,0.0,2.930628287788062e-14,0.11375466714164437
272,262144,exact,51,26.451628893277977,25.835990321278224,0.615638571999753,0.023274127067320315,0.9767341833967034,4.699301381510829e-05,4.851903697613315e-05,2.6193540356269586e-06,0.0,3.3543602465969935e-14,0.11185890864833643
272,262144,exact,52,25.835990321278224,25.232674340345422,0.6033159809328019,0.023351765248027588,0.9766569747750453,4.851903697613315e-05,5.008629101988584e-05,2.6998351861620432e-06,0.0,3.8384971741932394e-14,0.10998850958835137
272,262144,exact,53,25.232674340345422,24.641474720654717,0.5911996196907054,0.023429923111456138,0.9765792702223733,5.008629101988584e-05,5.169630351432344e-05,2.7830700258883094e-06,0.0,4.391039804983385e-14,0.10814321468274422
272,262144,exact,54,24.641474720654717,24.062188002830833,0.5792867178238836,0.023508605892743912,0.976501065902343,5.169630351432344e-05,5.3350657701101306e-05,2.8691622663945633e-06,0.0,5.0241135850139645e-14,0.106322770371548
272,262144,exact,55,24.062188002830833,23.494613469940717,0.5675745328901165,0.023587818897572544,0.9764223579969044,5.3350657701101306e-05,5.505099482901866e-05,2.958219893307735e-06,0.0,5.748411458211117e-14,0.10452692480787665
272,262144,exact,56,23.494613469940717,22.93855311967532,0.5560603502653976,0.02366756750336956,0.976343142707564,5.505099482901866e-05,5.679901658487132e-05,3.0503553500807863e-06,0.0,6.575140009280195e-14,0.10275542785220772
272,262144,exact,57,22.93855311967532,22.39381163672026,0.5447414829550574,0.023747857160520327,0.9762634162614084,5.679901658487132e-05,5.85964875651164e-05,3.1456856689040365e-06,0.0,7.522250915692127e-14,0.1010080310665306
272,262144,exact,58,22.39381163672026,21.860196365314536,0.5336152714057256,0.023828693393612804,0.9761831749208261,5.85964875651164e-05,6.044523795316824e-05,3.2443327687056397e-06,0.0,8.606143412932116e-14,0.09928448770857155
272,262144,exact,59,21.860196365314536,21.33751728199683,0.5226790833177049,0.023910081802697672,0.976102414982035,6.044523795316824e-05,6.234716625769235e-05,3.3464236159003063e-06,0.0,9.845923176158428e-14,0.09758455272593014
272,262144,exact,60,21.33751728199683,20.825586968538452,0.5119303134583788,0.02399202806459172,0.9760211327870458,6.234716625769235e-05,6.430424217403746e-05,3.4520904497947625e-06,0.0,1.1265246819148339e-13,0.09590798275034955
272,262144,exact,61,20.825586968538452,20.324220585062683,0.5013663834757693,0.024074537934186034,0.9759393247273774,6.430424217403746e-05,6.631850959425672e-05,3.5614710387273018e-06,0.0,1.2890643413809855e-13,0.09425453609183035
272,262144,exact,62,20.324220585062683,19.833235843349488,0.49098474171319495,0.024157617245802034,0.9758569872528624,6.631850959425672e-05,6.839208974375467e-05,3.674708919533204e-06,0.0,1.4752995103773509e-13,0.09262397273288413
272,262144,exact,63,19.833235843349488,19.352452980325225,0.4807828630242632,0.02424127191456154,0.9757741168800245,6.839208974375467e-05,7.052718446286459e-05,3.7919536604161235e-06,0.0,1.688431160292922e-13,0.09101605432269504
272,262144,exact,64,19.352452980325225,18.881694731736523,0.47075824858870163,0.024325507937794786,0.97569071019727,7.052718446286459e-05,7.272607960123228e-05,3.913361097728103e-06,0.0,1.9328204943665217e-13,0.08943054417134268
272,262144,exact,65,18.881694731736523,18.420786306007955,0.4609084257285687,0.024410331396464622,0.9756067638787997,7.272607960123228e-05,7.499114862329001e-05,4.039093675238779e-06,0.0,2.2129898553848587e-13,0.08786720724393372
272,262144,exact,66,18.420786306007955,17.969555358282417,0.45123094772553785,0.024495748456642617,0.9755222746904595,7.499114862329001e-05,7.732485634134726e-05,4.169320708116598e-06,0.0,2.534115224519379e-13,0.08632581015488593
272,262144,exact,67,17.969555358282417,17.52783196464411,0.4417233936383056,0.024581765370989505,0.975437239503112,7.732485634134726e-05,7.972976281054377e-05,4.304218686210915e-06,0.0,2.9024561074876554e-13,0.08480612116202643
272,262144,exact,68,17.52783196464411,17.09544859652303,0.43238336812108,0.02466838848028968,0.9753516553030005,7.972976281054377e-05,8.220852741866326e-05,4.44397161697934e-06,0.0,3.3249554639517426e-13,0.08330791016085229
272,262144,exact,69,17.09544859652303,16.67224009528057,0.4232085012424598,0.02475562421500506,0.9752655192042434,8.220852741866326e-05,8.476391314696459e-05,4.5887713519852365e-06,0.0,3.809995531957669e-13,0.0818309486786926
272,262144,exact,70,16.67224009528057,16.258043646975455,0.41419644830511615,0.024843479096870923,0.9751788284624607,8.476391314696459e-05,8.739879105164599e-05,4.738817969762174e-06,0.0,4.366668973024984e-13,0.08037500986893403
272,262144,exact,71,16.258043646975455,15.852698757309602,0.40534488966585336,0.024931959740510427,0.9750915804890005,8.739879105164599e-05,9.011614490598733e-05,4.894320107208403e-06,0.0,5.005984640487834e-13,0.07893986850514738
272,262144,exact,72,15.852698757309602,15.456047226752926,0.39665153055667624,0.025021072855105013,0.9750037728665659,9.011614490598733e-05,9.291907608778143e-05,5.055495382302512e-06,0.0,5.740488921886222e-13,0.0775253009753459
272,262144,exact,73,15.456047226752926,15.067933125846643,0.3881141009062823,0.02511082524608842,0.974915403366791,9.291907608778143e-05,9.581080868426539e-05,5.22257079812527e-06,0.0,6.584488542512451e-13,0.07613108527617737
272,262144,exact,74,15.067933125846643,14.688202770684557,0.37973035516208675,0.025201223816869726,0.9748264699672814,9.581080868426539e-05,9.879469481207696e-05,5.3957831531621164e-06,0.0,7.554781317675383e-13,0.07475700100704676
272,262144,exact,75,14.688202770684557,14.316704698571334,0.37149807211322283,0.02529227557061488,0.9747369708714494,9.879469481207696e-05,0.00010187422019465905,5.575379502436559e-06,0.0,8.67070697467727e-13,0.07340282936439525
272,262144,exact,76,14.316704698571334,13.953289643857476,0.36341505471385815,0.025383987612046185,0.9746469045298881,0.00010187422019465905,0.0001050530100081192,5.761617639439426e-06,0.0,9.954408987638413e-13,0.07206835313583518
272,262144,exact,77,13.953289643857476,13.597810513950062,0.3554791299074136,0.025476367149298216,0.974556269662963,0.0001050530100081192,0.0001083348349515528,5.954766544367601e-06,0.0,1.143193368744952e-12,0.0707533566943905
272,262144,exact,78,13.597810513950062,13.25012236549893,0.34768814845113205,0.02556942149579427,0.9744650652848637,0.0001083348349515528,0.00011172361764572691,6.1551069453488275e-06,0.0,1.3133117504745759e-12,0.06945762599262656
272,262144,exact,79,13.25012236549893,12.91008238075732,0.34003998474161,0.025663158072186294,0.9743732907301496,0.00011172361764572691,0.00011522343929617325,6.362931827651108e-06,0.0,1.5092217840045885e-12,0.06818094855690039
272,262144,exact,80,12.91008238075732,12.577549844116524,0.3325325366407963,0.025757584408325793,0.9742809456825475,0.00011522343929617325,0.00011883854664858647,6.578546981301295e-06,0.0,1.7349861104005646e-12,0.06692311348154535
272,262144,exact,81,12.577549844116524,12.25238611881397,0.3251637253025539,0.025852708145271845,0.974188030204775,0.00011883854664858647,0.00012257335929363985,6.802271616900121e-06,0.0,1.9952449794354704e-12,0.06568391142302153
272,262144,exact,82,12.25238611881397,11.934454623813876,0.317931495000094,0.025948537037361157,0.9740945447719834,0.00012257335929363985,0.00012643247729900278,7.034438972027491e-06,0.0,2.2953355795912733e-12,0.06446313459416009
272,262144,exact,83,11.934454623813876,11.623620810860025,0.3108338129538506,0.026045078954309006,0.9740004903069689,0.00012643247729900278,0.0001304206891618919,7.275396923510249e-06,0.0,2.6415717757719698e-12,0.06326057675832614
272,262144,exact,84,11.623620810860025,11.31975214169988,0.30386866916014554,0.026142341883369,0.9739058682182773,0.0001304206891618919,0.00013454298016011488,7.525508689455171e-06,0.0,3.041178691255003e-12,0.062076033223640546
272,262144,exact,85,11.31975214169988,11.022718065479586,0.2970340762202941,0.026240333931524466,0.9738106804420064,0.00013454298016011488,0.00013880454106488066,7.785153509023187e-06,0.0,3.5025593536630595e-12,0.060909300837118846
272,262144,exact,86,11.022718065479586,10.732389996308926,0.2903280691706591,0.026339063327755294,0.9737149294852929,0.00013880454106488066,0.00014321077724007442,8.05472736036352e-06,0.0,4.035517823771165e-12,0.059760177978936395
272,262144,exact,87,10.732389996308926,10.448641290995925,0.2837487053130019,0.02643853842532637,0.9736186184744949,0.00014321077724007442,0.00014776731818719454,8.33464375148443e-06,0.0,4.651429767613471e-12,0.058628464556554516
272,262144,exact,88,10.448641290995925,10.171347226950155,0.27729406404576906,0.02653876770415366,0.9735217512065919,0.00014776731818719454,0.00015248002747740675,8.625334468212195e-06,0.0,5.363504752093837e-12,0.057513961998958515
272,262144,exact,89,10.171347226950155,9.900384980254326,0.270962246695829,0.026639759773207167,0.9734243322045361,0.00015248002747740675,0.00015735501317941863,8.927250444791625e-06,0.0,6.187096977328457e-12,0.056416473250827985
272,262144,exact,90,9.900384980254326,9.635633603903335,0.26475137635099166,0.026741523372982065,0.9733263667768721,0.00015735501317941863,0.0001623986387113388,9.240862579396016e-06,0.0,7.140107596967024e-12,0.05533580276675566
272,262144,exact,91,9.635633603903335,9.376974006210345,0.25865959769298996,0.02684406737800912,0.973227861081851,0.0001623986387113388,0.0001676175342086827,9.566662656407207e-06,0.0,8.24336505631483e-12,0.05427175650539453
272,262144,exact,92,9.376974006210345,9.124288929379041,0.2526850768313036,0.026947400799442436,0.9731288221966288,0.0001676175342086827,0.0001730186083855489,9.905164262632277e-06,0.0,9.521081893813094e-12,0.05322414192369238
272,262144,exact,93,9.124288929379041,8.877462928241497,0.24682600113754383,0.027051532787699843,0.9730292581919632,0.0001730186083855489,0.00017860906091888862,1.0256903749632329e-05,0.0,1.1001540146547348e-11,0.05219276797108268
272,262144,exact,94,8.877462928241497,8.636382349161115,0.24108057908038205,0.027156472635153743,0.9729291782118528,0.00017860906091888862,0.0001843963953820634,1.0622441238707482e-05,0.0,1.2717649118055077e-11,0.05117744508364327
272,262144,exact,95,8.636382349161115,8.400935309099815,0.23544704006130068,0.027262229778903958,0.9728285925599627,0.0001843963953820634,0.00019038843274380267,1.1002361658927844e-05,0.0,1.470778831840977e-11,0.050177985178326154
272,262144,exact,96,8.400935309099815,8.17101167484897,0.22992363425084505,0.027368813803600407,0.9727275127926984,0.00019038843274380267,0.00019659332545284936,1.1397275822202752e-05,0.0,1.701673253261954e-11,0.04919420164712976
272,262144,exact,97,8.17101167484897,7.946503042423345,0.2245086324256249,0.02747623444434433,0.972625951818677,0.00019659332545284936,0.00020301957210640126,1.180782151342355e-05,0.0,1.9696798825210443e-11,0.04822590935131047
272,262144,exact,98,7.946503042423345,7.727302716617499,0.21920032580584614,0.02758450158964507,0.9725239240063951,0.00020301957210640126,0.00020967603278268147,1.223466467661459e-05,0.0,2.2808949770147108e-11,0.04727292461555847
272,262144,exact,99,7.727302716617499,7.513305690723954,0.2139970258935442,0.02769362528445345,0.9724214452995638,0.00020967603278268147,0.000216571944977672,1.2678500558858506e-05,0.0,2.642440034687256e-11,0.04633506522218451
272,262144,exact,100,7.513305690723954,7.304408626412445,0.20889706431150934,0.027803615733273963,0.9723185333416415,0.000216571944977672,0.000223716940220908,1.3140054943702231e-05,0.0,3.062643097028611e-11,0.04541215040533942
272,262144,exact,101,7.304408626412445,7.100509833769679,0.20389879264276622,0.02791448330334046,0.9722152076091055,0.000223716940220908,0.00023112106136165205,1.3620085391492192e-05,0.0,3.5512384049044e-11,0.04450400084518831
272,262144,exact,102,7.100509833769679,6.901509251498943,0.19900058227073547,0.0280262385278728,0.9721114895553095,0.00023112106136165205,0.00023879478056514945,1.4119382533125972e-05,0.0,4.119585616103698e-11,0.04361043866210543
272,262144,exact,103,6.901509251498943,6.707308427278882,0.19420082422006146,0.02813889210941547,0.9720074027645467,0.00023879478056514945,0.0002467490179885334,1.4638771347670586e-05,0.0,4.7809997985332614e-11,0.04273128741087815
272,262144,exact,104,6.707308427278882,6.517810498280856,0.1894979289980263,0.028252454923249234,0.9719029731177886,0.0002467490179885334,0.0002549951612090236,1.5179112522416108e-05,0.0,5.551034279590791e-11,0.04186637207488737
272,262144,exact,105,6.517810498280856,6.332920171844227,0.18489032643662817,0.02836693802088831,0.9717982289706399,0.0002549951612090236,0.0002635450853571502,1.5741303777198018e-05,0.0,6.447905978677199e-11,0.04101551906029511
272,262144,exact,106,6.332920171844227,6.152543706308865,0.18037646553536213,0.028482352633672027,0.9716932013440913,0.0002635450853571502,0.00027241117400805126,1.6326281248127407e-05,0.0,7.492926721794357e-11,0.040178556190260846
272,262144,exact,107,6.152543706308865,5.976588892004314,0.17595481430455084,0.028598710176430838,0.9715879241294908,0.00027241117400805126,0.0002816063407924519,1.6935020838878525e-05,0.0,8.711058664765542e-11,0.03935531269911583
272,262144,exact,108,5.976588892004314,5.804965032394941,0.17162385960937332,0.028716022251250643,0.971482434307972,0.0002816063407924519,0.00029114405176477185,1.756853961059153e-05,0.0,1.0131543119653447e-10,0.038545619226563216
272,262144,exact,109,5.804965032394941,5.6375829253804275,0.16738210701451361,0.028834300651326604,0.9713767721857662,0.00029114405176477185,0.0003010383484952564,1.8227897137029708e-05,0.0,1.1788612300960358e-10,0.0377493078118646
272,262144,exact,110,5.6375829253804275,5.474354844750939,0.16322808062948813,0.028953557364918652,0.9712709816460802,0.0003010383484952564,0.0003113038718823279,1.891419685025075e-05,0.0,1.3722402532855005e-10,0.03696621188804725
272,262144,exact,111,5.474354844750939,5.315194521796382,0.1591603229545573,0.029073804579395773,0.9711651104188375,0.0003113038718823279,0.0003219558866669245,1.9628587355869785e-05,0.0,1.5979935788241334e-10,0.03619616627608345
272,262144,exact,112,5.315194521796382,5.160017127069073,0.15517739472730874,0.029195054685385864,0.9710592103686302,0.0003219558866669245,0.00033301030662454245,2.0372263707386288e-05,0.0,1.8616315975751585e-10,0.03543900717908102
272,262144,exact,113,5.160017127069073,5.008739252299154,0.15127787476991905,0.029317320281036736,0.9709533378029263,0.00033301030662454245,0.00034448372037690757,2.1146468598609626e-05,0.0,2.169615774473728e-10,0.034694572176492064
272,262144,exact,114,5.008739252299154,4.861278892462154,0.1474603598369999,0.029440614176374103,0.9708475538006426,0.00034448372037690757,0.0003563934178082576,2.1952493508083977e-05,0.0,2.529518916376261e-10,0.03396270021829571
272,262144,exact,115,4.861278892462154,4.7175554279980485,0.1437234644641059,0.029564949397773065,0.9707419245625942,0.0003563934178082576,0.00036875741698680565,2.279167970416906e-05,0.0,2.950219921333576e-10,0.033243231619187595
272,262144,exact,116,4.7175554279980485,4.577489607181119,0.14006582081692986,0.029690339192552633,0.9706365217847475,0.00036875741698680565,0.0003815944915511882,2.366541915743596e-05,0.0,3.4421264856433417e-10,0.032536008052792026
272,262144,exact,117,4.577489607181119,4.441003528640092,0.13648607854102668,0.0298167970336642,0.9705314230552792,0.0003815944915511882,0.0003949241984308619,2.4575155259694628e-05,0.0,4.017440630925233e-10,0.03184087254582057
272,262144,exact,118,4.441003528640092,4.308020624027743,0.13298290461234874,0.029944336624535463,0.9704267122762102,0.0003949241984308619,0.00040876690581124575,2.552238337623855e-05,0.0,4.690465718192212e-10,0.031157669472308157
272,262144,exact,119,4.308020624027743,4.178465640839506,0.12955498318823722,0.030072971903999615,0.9703224801107336,0.00040876690581124575,0.00042314382120917907,2.6508651171456076e-05,0.0,5.477962356187187e-10,0.03048624454776423
272,262144,exact,120,4.178465640839506,4.052264625380291,0.12620101545921525,0.03020271705138633,0.9702188244568251,0.00042314382120917907,0.00043807701946667305,2.7535558634350533e-05,0.0,6.399574161613034e-10,0.02982644482339625
272,262144,exact,121,4.052264625380291,3.9293449058789607,0.12291971950133007,0.030333586491724854,0.9701158509477656,0.00043807701946667305,0.00045358947051620603,2.8604757826532497e-05,0.0,7.478308988772067e-10,0.02917811868029071
272,262144,exact,122,3.9293449058789607,3.8096350757498043,0.11970983012915637,0.030465594901086523,0.9700136734800794,0.00045358947051620603,0.00046970506664417613,2.9717952208185036e-05,0.0,8.741113181041406e-10,0.028541115823603382
272,262144,exact,123,3.8096350757498043,3.6930649770003265,0.11657009874947777,0.030598757212076194,0.9699124147691046,0.00046970506664417613,0.0004864486490311764,3.08768955661184e-05,0.0,1.0219530780430572e-09,0.027915287276763248
272,262144,exact,124,3.6930649770003265,3.5795656837847707,0.11349929321555585,0.030733088619454802,0.9698122069321318,0.0004864486490311764,0.0005038460332431737,3.208339041376775e-05,0.0,1.1950466732727275e-09,0.027300485375655933
272,262144,exact,125,3.5795656837847707,3.4690694861027,0.11049619768207064,0.030868604585917263,0.9697131920989588,0.0005038460332431737,0.0005219240333211214,3.333928580651725e-05,0.0,1.3977080318876636e-09,0.026696563762813912
272,262144,exact,126,3.4690694861027,3.361509873641978,0.10755961246072188,0.031005320848029167,0.9696155230488566,0.0005219240333211214,0.0005407104840732351,3.4646474493535656e-05,0.0,1.6349807284953e-09,0.026103377381621343
272,262144,exact,127,3.361509873641978,3.256821519765537,0.10468835387644138,0.031143253422313565,0.969519363873069,0.0005407104840732351,0.0005602342610934173,3.600688928946386e-05,0.0,1.9127542286601767e-09,0.025520782470500623
272,262144,exact,128,3.256821519765537,3.1549402656412835,0.1018812541242533,0.03128241861150189,0.969424890661067,0.0005602342610934173,0.0005805252979771377,3.7422498572104746e-05,0.0,2.2379000368328086e-09,0.02494863655710286
272,262144,exact,129,3.1549402656412835,3.0558031045144776,0.09913716112680593,0.03142283301096193,0.9693322922082233,0.0005805252979771377,0.0006016146001277978,3.8895300782095776e-05,0.0,2.618427338667295e-09,0.02438679845251145
272,262144,exact,130,3.0558031045144776,2.959348166121994,0.09645493839248376,0.03156451351528064,0.9692417707421564,0.0006016146001277978,0.000623534254457853,4.042731778645245e-05,0.0,3.063660800528209e-09,0.023835128245416455
272,262144,exact,131,2.959348166121994,2.8655147012477418,0.09383346487425204,0.031707477325053586,0.96915354266371,0.000623534254457853,0.0006463174341991024,4.202058696237611e-05,0.0,3.5844432771329343e-09,0.02329348729633057
272,262144,exact,132,2.8655147012477418,2.774243066418696,0.09127163482904566,0.03185174195382871,0.9690678392983175,0.0006463174341991024,0.0006699983979382907,4.367715184299775e-05,0.0,4.1933648637889134e-09,0.022761738231760954
272,262144,exact,133,2.774243066418696,2.6854747087408133,0.08876835767788283,0.03199732523526678,0.9689849076516909,0.0006699983979382907,0.0006946124818804826,4.539905114847318e-05,0.0,4.905021006008058e-09,0.022239744938416857
272,262144,exact,134,2.6854747087408133,2.59915215087424,0.08632255786657339,0.03214424533048349,0.9689050111635489,0.0006946124818804826,0.0007201960842113396,4.7188306002420115e-05,0.0,5.736301829915337e-09,0.021727372557398032
272,262144,exact,135,2.59915215087424,2.515218976147159,0.08393317472708084,0.032292520735598115,0.9688284304511857,0.0007201960842113396,0.0007467866403050133,4.9046905135748644e-05,0.0,6.706714297528664e-09,0.021224487478383937
272,262144,exact,136,2.515218976147159,2.4336198138076144,0.08159916233954467,0.03244217028949869,0.9687554640337832,0.0007467866403050133,0.0007744225873703583,5.097678784411496e-05,0.0,7.838736669745633e-09,0.020730957333837213
272,262144,exact,137,2.4336198138076144,2.354300324412701,0.0793194893949134,0.03259321318181208,0.968686429026828,0.0007744225873703583,0.00080314331698474,5.29798244740784e-05,0.0,9.158206847503965e-09,0.020246650993185445
272,262144,exact,138,2.354300324412701,2.277207185354466,0.07709313905823478,0.032745668961102606,0.9686216617945405,0.00080314331698474,0.0008329891137657585,5.505779415082274e-05,0.0,1.0694742002366128e-08,0.019771438557015592
272,262144,exact,139,2.277207185354466,2.2022880765218544,0.07491910883261177,0.03289955754331154,0.9685615185466981,0.0008329891137657585,0.0008640010782881594,5.7212359511715964e-05,0.0,1.2482185387944003e-08,0.01930519135127563
272,262144,exact,140,2.2022880765218544,2.1294916660980916,0.07279641042376284,0.033054899220420146,0.968506375864615,0.0008640010782881594,0.0008962210321301394,5.944503812898911e-05,0.0,1.4559074834391214e-08,0.01884778192146076
272,262144,exact,141,2.1294916660980916,2.058767596492845,0.07072406960524669,0.033211714669367905,0.9684566311395986,0.0008962210321301394,0.0009296914027615898,6.175717035010122e-05,0.0,1.6969121720191577e-08,0.01839908402680747
272,262144,exact,142,2.058767596492845,1.9900664704085218,0.0687011260843231,0.0333700249612229,0.9684127029054866,0.0009296914027615898,0.0009644550857476208,6.414988322004807e-05,0.0,1.9761688771816575e-08,0.017958972634485974
272,262144,exact,143,1.9900664704085218,1.923339837040052,0.06672663336846973,0.03352985157062219,0.9683750310456352,0.0009644550857476208,0.0010005552815777815,6.662405021750843e-05,0.0,2.29922427000262e-08,0.017527323913799294
272,262144,exact,144,1.923339837040052,1.8585401784075393,0.0647996586325128,0.033691216385470936,0.9683440768533189,0.0010005552815777815,0.0010380353041785952,6.918024645774653e-05,0.0,2.672275930073499e-08,0.017104015230367236
272,262144,exact,145,1.8585401784075393,1.7956208958211188,0.06291928258642043,0.03385414171693174,0.9683203229235497,0.0010380353041785952,0.0010769383579886588,7.181869908461914e-05,0.0,3.1022044222729986e-08,0.016688925140322122
272,262144,exact,146,1.7956208958211188,1.7345362964773683,0.061084599343750545,0.03401865030971206,0.9683042728535631,0.0010769383579886588,0.001117307280297747,7.453923257971818e-05,0.0,3.596592228986145e-08,0.01628193338450706
272,262144,exact,147,1.7345362964773683,1.6752415801866591,0.05929471629070915,0.03418476535263602,0.9682964507289207,0.001117307280297747,0.001159184245353946,7.734120871318054e-05,0.0,4.163724512612835e-08,0.015882920882662934
272,262144,exact,148,1.6752415801866591,1.6176928262307688,0.05754875395589032,0.03435251048954868,0.9682974003723213,0.001159184245353946,0.0012026104266461475,8.02234609583311e-05,0.0,4.812564096063135e-08,0.015491769727631182
272,262144,exact,149,1.6176928262307688,1.5618469803501753,0.05584584588059349,0.03452190983050506,0.9683076843330399,0.0012026104266461475,0.001247625613660906,8.318422320801954e-05,0.0,5.55269276138453e-08,0.015108363179523967
272,262144,exact,150,1.5618469803501753,1.507661841860286,0.05418513848988926,0.0346929879633539,0.9683278825962582,0.001247625613660906,0.001294267779410888,8.622105274914438e-05,0.0,6.394208737861042e-08,0.014732585659951053
272,262144,exact,151,1.507661841860286,1.4550960508960729,0.05256579096421321,0.034865769965599785,0.9683585909939161,0.001294267779410888,0.0013425725950871068,8.93307475374982e-05,0.0,7.347568954348474e-08,0.014364322746184871
272,262144,exact,152,1.4550960508960729,1.4041090757844001,0.05098697511167272,0.035040281416662544,0.968400419301649,0.0013425725950871068,0.0013925728883747714,9.250925797899229e-05,0.0,8.423362947798142e-08,0.014003461165363176
272,262144,exact,153,1.4041090757844001,1.3546612005434173,0.04944787524098282,0.03521654841049934,0.9684539890103973,0.0013925728883747714,0.0014442980422885738,9.57515935983418e-05,0.0,9.632004404594614e-08,0.013649888788684913
272,262144,exact,154,1.3546612005434173,1.3067135125083835,0.0479476880350338,0.035394597568602214,0.9685199307661859,0.0014442980422885738,0.0014977733318813097,9.905172520983825e-05,0.0,1.0983325159585021e-07,0.013303494625599785
272,262144,exact,155,1.3067135125083835,1.2602278900832704,0.046485622425113116,0.035574456053399754,0.9685988814772826,0.0014977733318813097,0.0015530191968901857,0.00010240248349212978,0.0,1.2486056868337217e-07,0.012964168818005373
272,262144,exact,156,1.2602278900832704,1.2151669906175144,0.04506089946575598,0.03575615158205914,0.9686914810946623,0.0015530191968901857,0.0016100504493713464,0.00010579545523525875,0.0,1.4147186790927288e-07,0.012631802634434527
272,262144,exact,157,1.2151669906175144,1.1714942384072664,0.04367275221024802,0.03593971244071955,0.968798369078995,0.0016100504493713464,0.0016688754166616577,0.00010922087894942243,0.0,1.597117736281111e-07,0.012306288464249497
272,262144,exact,158,1.1714942384072664,1.12917381282049,0.0423204255867764,0.036125167499171114,0.9689201805753739,0.0016688754166616577,0.001729495021697566,0.0001126675420743244,0.0,1.7959044637397628e-07,0.011987519811839514
272,262144,exact,159,1.12917381282049,1.088170636545279,0.041003176275210995,0.03631254622598076,0.9690575423252411,0.001729495021697566,0.0017919018048304224,0.00011612268264270174,0.0,2.0107300226202517e-07,0.011675391290810574
272,262144,exact,160,1.088170636545279,1.0484503639607456,0.03972027258453337,0.03650187870409477,0.9692110683533095,0.0017919018048304224,0.0018560788939209528,0.00011957189901803836,0.0,2.2406774100275188e-07,0.01136979861817823
272,262144,exact,161,1.0484503639607456,1.0099793696298376,0.03847099433090806,0.03669319564693139,0.9693813554753119,0.0018560788939209528,0.0019219989327034683,0.00012299907219438263,0.0,2.4841354912506775e-07,0.011070638608560692
272,262144,exact,162,1.0099793696298376,0.9727247369134332,0.03725463271640439,0.0368865284149897,0.9695689786797522,0.0019219989327034683,0.0019896229812665475,0.00012638630615183447,0.0,2.7386709016254465e-07,0.010777809168376255
272,262144,exact,163,0.9727247369134332,0.9366542467050945,0.036070490208338746,0.037081909032965,0.9697744864431381,0.0019896229812665475,0.002058899407043644,0.0001297138928905841,0.0,3.0009072017177923e-07,0.010491209290028166
272,262144,exact,164,0.9366542467050945,0.901736366285808,0.03491788041928645,0.03727937020743615,0.9699983960428185,0.002058899407043644,0.002129762789947343,0.00013296030996301963,0.0,3.266424615211948e-07,0.010210739046104488
272,262144,exact,165,0.901736366285808,0.8679402382980875,0.03379612798772047,0.03747894534510621,0.9702411889344061,0.002129762789947343,0.0022021328712220727,0.00013610225959209663,0.0,3.529698367919429e-07,0.009936299583569725
272,262144,exact,166,0.8679402382980875,0.835235669838799,0.032704568459288486,0.037680668571626184,0.9705033062611796,0.0022021328712220727,0.002275913582119946,0.000139114759648896,0.0,3.784098763959416e-07,0.009667793117953315
272,262144,exact,167,0.835235669838799,0.8035931216700426,0.031642548168756446,0.03788457475105616,0.9707851445605988,0.002275913582119946,0.002350992195446937,0.00014197129776106918,0.0,4.021981398743407e-07,0.00940512292755248
272,262144,exact,168,0.8035931216700426,0.7729836975474834,0.03060942412255918,0.03809069950592171,0.9710870517281771,0.002350992195446937,0.002427238650086983,0.00014464406041228933,0.0,4.2349003782698666e-07,0.009148193347614075
272,262144,exact,169,0.7729836975474834,0.7433791336654563,0.029604563882027146,0.038299079237966174,0.971409323290914,0.002427238650086983,0.002504505105300608,0.0001471042487677484,0.0,4.4139801368831e-07,0.008896909764536113
272,262144,exact,170,0.7433791336654563,0.7147517882182227,0.028627345447233554,0.038509751149561795,0.9717521990321564,0.002504505105300608,0.002582625787276692,0.00014932249177938942,0.0,4.5504806582509147e-07,0.008651178610056336
272,262144,exact,171,0.7147517882182227,0.6870746310767284,0.027677157141494324,0.03872275326584302,0.9721158599971599,0.002582625787276692,0.0026614171941781086,0.0001512693644087744,0.0,4.636584799893109e-07,0.008410907355446908
272,262144,exact,172,0.6870746310767284,0.6603212335802207,0.026753397496507736,0.038938124457574504,0.9725004258954126,0.0026614171941781086,0.0027406787267044075,0.0001529160141636687,0.0,4.666422828460137e-07,0.008176004505707251
272,262144,exact,173,0.6603212335802207,0.634465758442085,0.025855475138135686,0.03915590446478437,0.9729059529037223,0.0027406787267044075,0.0028201938077233903,0.00015423489222697094,0.0,4.6373271089241927e-07,0.007946379593756159
272,262144,exact,174,0.634465758442085,0.6094829497692512,0.024982808672833756,0.03937613392120392,0.973332431866812,0.0028201938077233903,0.0028997315455662792,0.00015520057637330271,0.0,4.551280141551657e-07,0.007721943174628383
272,262144,exact,175,0.6094829497692512,0.5853481231945421,0.024134826574709112,0.03959885437951381,0.9737797868951458,0.0028997315455662792,0.0029790489801367896,0.00015579066244973542,0.0,4.41648807609097e-07,0.0075026068196610545
272,262144,exact,176,0.5853481231945421,0.5620371561212988,0.023310967073243316,0.039824108337485606,0.9742478743812691,0.0029790489801367896,0.0030578939287667795,0.000155986691706068,0.0,4.248995152437117e-07,0.007288283110695096
272,262144,exact,177,0.5620371561212988,0.5395264780796633,0.022510678041635535,0.04005193926498568,0.9747364825087373,0.0030578939287667795,0.0031360084208285964,0.0001557750771207868,0.0,4.074283031442645e-07,0.007078885634261675
272,262144,exact,178,0.5395264780796633,0.5177930611938628,0.02173341688580044,0.04028239163192916,0.9752453314284941,0.0031360084208285964,0.003213132679692849,0.0001551480005053829,0.0,3.928925460671036e-07,0.006874328975777661
272,262144,exact,179,0.5177930611938628,0.49681441075985355,0.02097865043400926,0.04051551093720588,0.9757740744488376,0.003213132679692849,0.0032890095839344545,0.00015410428450728613,0.0,3.862671814347518e-07,0.0066745287137398995
272,262144,exact,180,0.49681441075985355,0.47656855593268876,0.02024585482716479,0.04075134373859996,0.9763223008521741,0.0032890095839344545,0.0033633895266246953,0.00015265031345771985,0.0,3.9419134476286616e-07,0.006479401413915137
272,262144,exact,181,0.47656855593268876,0.45703404052295754,0.019534515409731223,0.0409899376837827,0.9768895413393011,0.0033633895266246953,0.0034360356055007724,0.0001508011979006891,0.0,4.2564440972444467e-07,0.006288864623537041
272,262144,exact,182,0.45703404052295754,0.4381899139016626,0.01884412662129492,0.041231341542377634,0.9774752776250655,0.0034360356055007724,0.00350672913308816,0.0001485825556480288,0.0,4.93279976346208e-07,0.00610283686549677
272,262144,exact,183,0.4381899139016626,0.4200157220128909,0.01817419188877173,0.04147560523917109,0.9780789583588517,0.00350672913308816,0.003575275567558061,0.00014603350190290756,0.0,6.159120823530373e-07,0.005921237632534593
272,262144,exact,184,0.4200157220128909,0.4024914984936259,0.01752422351926497,0.0417227798885279,0.9787000242678069,0.003575275567558061,0.00364151113583087,0.0001432116430607322,0.0,8.227919630334965e-07,0.005743987381438155
272,262144,exact,185,0.4024914984936259,0.38559775590007506,0.016893742593550864,0.04197291783001077,0.9793379461041016,0.00364151113583087,0.003705310633693786,0.00014020091798998716,0.0,1.160320776019512e-06,0.0055710075272301885
272,262144,exact,186,0.38559775590007506,0.3693154770398562,0.01628227886021888,0.04222607266531478,0.9799922794233639,0.003705310633693786,0.0037665970948065294,0.00013712277806937859,0.0,1.7014971480512446e-06,0.005402220437364271
272,262144,exact,187,0.3693154770398562,0.3536261064094067,0.01568937063044945,0.04248229929653414,0.9806627401506158,0.0037665970948065294,0.00382535413114676,0.0001341500571545128,0.0,2.5573540440729584e-06,0.005237549425917491
272,262144,exact,188,0.3536261064094067,0.3385115417359731,0.01511456467343364,0.042741653965827166,0.9813493039618587,0.00382535413114676,0.0038816416307334697,0.00013152049713459907,0.0,3.887480409623268e-06,0.005076918747782645
272,262144,exact,189,0.3385115417359731,0.3239541256235317,0.01455741611244138,0.04300419429655856,0.9820523303728297,0.0038816416307334697,0.003935615003386898,0.0001295430835898776,0.0,5.9032893369743294e-06,0.004920253592863928
272,262144,exact,190,0.3239541256235317,0.3099366373020109,0.014017488321520832,0.04326997933593415,0.9827727087999598,0.003935615003386898,0.003987547169812413,0.0001285861487205629,0.0,8.853996580454951e-06,0.0047674800802657595
272,262144,exact,191,0.3099366373020109,0.2964422844791572,0.013494352822853661,0.043539069599262605,0.9835120186406534,0.003987547169812413,0.004037850978592631,0.000129035272368694,0.0,1.2984860183093763e-05,0.004618525252489879
272,262144,exact,192,0.2964422844791572,0.2834546952944143,0.01298758918474291,0.043811527115849305,0.9842726888502519,0.004037850978592631,0.004087097895298268,0.00013121736209944514,0.0,1.8465906677167e-05,0.004473317069626245
272,262144,exact,193,0.2834546952944143,0.27095791037416617,0.012496784920248138,0.044087415476636124,0.9850581354124947,0.004087097895298268,0.004136027095806027,0.0001353071753934506,0.0,2.5309111578267728e-05,0.004331784403546542
272,262144,exact,194,0.27095791037416617,0.2589363749877027,0.012021535386463444,0.04436679988365311,0.9858728493562727,0.004136027095806027,0.004185538234966352,0.00014125261450099154,0.0,3.3311197491676936e-05,0.004193857032098592
272,262144,exact,195,0.2589363749877027,0.2473749313032709,0.011561443684431821,0.04464974720133814,0.9867224068519131,0.004185538234966352,0.004236661988956763,0.0001487543199289652,0.0,4.205669214890975e-05,0.004059465633295757
272,262144,exact,196,0.2473749313032709,0.23625881074355648,0.01111612055971442,0.044936326009875835,0.9876133811352239,0.004236661988956763,0.004290505609480593,0.00015730839852145625,0.0,5.098686068153498e-05,0.003928541779515439
272,262144,exact,197,0.23625881074355648,0.22557362643996945,0.01068518430358703,0.045226606660545246,0.988553158311258,0.004290505609480593,0.004348176149270847,0.0001662913910902126,0.0,5.950811282357492e-05,0.0038010179316866704
272,262144,exact,198,0.22557362643996945,0.21530536578507714,0.010268260654892308,0.04552066133327399,0.989549696836023,0.004348176149270847,0.0044106906720833275,0.00017505653730455427,0.0,6.710225552181929e-05,0.0036768274334868056
272,262144,exact,199,0.21530536578507714,0.2054403830825478,0.009864982702529335,0.04581856409643219,0.9906113170643637,0.0044106906720833275,0.004478888601682694,0.00018301812482150116,0.0,7.340961897477506e-05,0.0035559045055346965
272,262144,exact,200,0.2054403830825478,0.19596539229396848,0.00947499078857933,0.046120390968956634,0.9917466462690262,0.004478888601682694,0.004553363993482561,0.00018971186859695078,0.0,7.827062484576982e-05,0.003438184239579323
272,262144,exact,201,0.19596539229396848,0.18686745988187783,0.009097932412090642,0.046426219985020604,0.9929648554892493,0.004553363993482561,0.00463443332882226,0.00019482639364899664,0.0,8.172348460509966e-05,0.0033236025927002406
272,262144,exact,202,0.18686745988187783,0.17813399774839228,0.008733462133485553,0.04673613126119511,0.9942762966265735,0.00463443332882226,0.004722147722014285,0.00019820512614111314,0.0,8.396461127098756e-05,0.0032120963814930596
272,262144,exact,203,0.17813399774839228,0.16975275626876413,0.008381241479628154,0.04705020706640374,0.9956935930330323,0.004722147722014285,0.004816349605994095,0.00019982212769516211,0.0,8.528475386621829e-05,0.0031036032762685913
272,262144,exact,204,0.16975275626876413,0.1617118174192434,0.008040938849520729,0.047368531894644274,0.9972331870833894,0.004816349605994095,0.004916766570201377,0.00019974030844541562,0.0,8.599740593735663e-05,0.0029980617952414306
272,262144,exact,205,0.1617118174192434,0.15399958799859095,0.0077122294206524444,0.04769119254072958,0.9989173375969351,0.004916766570201377,0.005023132000662725,0.00019806437686798345,0.0,8.637574809643254e-05,0.0028954112987257673
272,262144,exact,206,0.15399958799859095,0.14660479294260434,0.007394795055986614,0.048018278179122624,1.0007765979634864,0.005023132000662725,0.005135324423184826,0.00019490147460858898,0.0,8.661000616852661e-05,0.0027955919833283927
272,262144,exact,207,0.14660479294260434,0.13951646873101678,0.00708832421158756,0.04834988044601402,1.0028528660084213,0.005135324423184826,0.005253523627864796,0.00019033861407962148,0.0,8.678980188877097e-05,0.002698544876139318
272,262144,exact,208,0.13951646873101678,0.13272395688611835,0.00679251184489843,0.048686093524873915,1.005203123363787,0.005253523627864796,0.005378389127631179,0.00018443918132199423,0.0,8.690841308596226e-05,0.0026042118289287108
272,262144,exact,209,0.13272395688611835,0.12621689756246837,0.006507059323649977,0.049027014235517814,1.0079039006585244,0.005378389127631179,0.005511272720197479,0.00017725417612433843,0.0,8.688083692572242e-05,0.002512535512335106
272,262144,exact,210,0.12621689756246837,0.1199852232270424,0.006231674335425971,0.04937274212703364,1.0110562134358128,0.005511272720197479,0.005654480136588022,0.00016884050536909495,0.0,8.656689647602682e-05,0.002423459410064311
272,262144,exact,211,0.1199852232270424,0.11401915242918585,0.005966070797856549,0.04972337957456005,1.014790043254992,0.005654480136588022,0.005811595552685737,0.00015927918763318182,0.0,8.579377734009574e-05,0.0023369278130769954
272,262144,exact,212,0.11401915242918585,0.10830918365972066,0.005709968769465196,0.05007903188029309,1.0192660712643973,0.005811595552685737,0.005987874143129167,0.0001486891246381214,0.0,8.437714827258871e-05,0.0022528858137850095
272,262144,exact,213,0.10830918365972066,0.10284608929856659,0.005463094361154067,0.05043980737882478,1.0246697089713213,0.005987874143129167,0.006190683695091098,0.0001372349085880778,0.0,8.214446909404326e-05,0.002171279300244213
272,262144,exact,214,0.10284608929856659,0.097620909650237,0.005225179648329595,0.05080581754704037,1.031187483950545,0.006190683695091098,0.006429916538657745,0.00012512873898538123,0.0,7.896774380228896e-05,0.002092054950345583
272,262144,exact,215,0.097620909650237,0.0926249470665603,0.004995962583676697,0.05117717711888344,1.0389473547638342,0.006429916538657745,0.0067181561246790165,0.00011262700197543343,0.0,7.481565648710924e-05,0.0020151602260111276
272,262144,exact,216,0.0926249470665603,0.08784976015599161,0.004775186910568691,0.05155400420512241,1.0478945783050893,0.0067181561246790165,0.007070111079472406,0.00010002210048476128,0.0,6.983040027062556e-05,0.001940543367384298
272,262144,exact,217,0.08784976015599161,0.08328715807886612,0.0045626020771254855,0.05193642041849448,1.0575838822396872,0.007070111079472406,0.0075004699846232,8.763024342464651e-05,0.0,6.439578209569991e-05,0.001868153387024902
272,262144,exact,218,0.08328715807886612,0.07892919492795522,0.004357963150910901,0.052324551004420954,1.0669661431395248,0.0075004699846232,0.008019459462424588,7.577620475586609e-05,0.0,5.906427355846511e-05,0.0017979400641014152
272,262144,exact,219,0.07892919492795522,0.07476816419368147,0.004161030734273749,0.05271852497763145,1.0744781970844202,0.008019459462424588,0.008627286323096096,6.477627573888453e-05,0.0,5.422429742035252e-05,0.001729853938584012
272,262144,exact,220,0.07476816419368147,0.0707965933133493,0.003971570880332176,0.053118475265008666,1.0787322466316862,0.008627286323096096,0.009311617946677423,5.492023175178575e-05,0.0,4.9834242722633995e-05,0.001663846305438407
272,262144,exact,221,0.0707965933133493,0.06700723830375127,0.003789355009598025,0.05352453885494389,1.079328071498237,0.009311617946677423,0.010051058142375205,4.645152332871054e-05,0.0,4.568402186922241e-05,0.001599869208817387
272,262144,exact,222,0.06700723830375127,0.06339307847650347,0.0036141598272478037,0.053936856953638576,1.0769040999736865,0.010051058142375205,0.01082177909677469,3.954223957186755e-05,0.0,4.178886539494067e-05,0.001537875436255819
272,262144,exact,223,0.06339307847650347,0.05994731123547159,0.0034457672410318774,0.05435557514861886,1.0725323131658753,0.01082177909677469,0.011602576025392726,3.4259047636999494e-05,0.0,3.839078947814878e-05,0.001477818512861972
272,262144,exact,224,0.05994731123547159,0.05666334695564194,0.003283964279829653,0.054780843579961755,1.067180850303067,0.011602576025392726,0.012376847628154792,3.052656263096069e-05,0.0,3.572588296075867e-05,0.0014196526955117111
272,262144,exact,225,0.05666334695564194,0.05353480394279581,0.0031285430128461245,0.05521281711959687,1.0615203394643302,0.012376847628154792,0.013132535383164879,2.8116539456744672e-05,0.0,3.385665202903197e-05,0.0013633329670417011
272,262144,exact,226,0.05353480394279581,0.05055550347334691,0.0029793004694489006,0.055651655559108955,1.0559465257756002,0.013132535383164879,0.013861288643144471,2.6694087072484167e-05,0.0,3.266055640610728e-05,0.0013088150304407476
272,262144,exact,227,0.05055550347334691,0.047719464913693825,0.002836038559653087,0.05609752380664667,1.0506645084975677,0.013861288643144471,0.014557550605011847,2.5891932560266263e-05,0.0,3.190534694072142e-05,0.0012560553030457507
272,262144,exact,228,0.047719464913693825,0.045020900918451776,0.0026985639952420495,0.05655059209324151,1.0457642717331805,0.014557550605011847,0.015217812766564452,2.5389233846403593e-05,0.0,3.134277395108742e-05,0.001205010910731865
272,262144,exact,229,0.045020900918451776,0.04245421270691502,0.002566688211536758,0.05701103618930031,1.04127280580249,0.015217812766564452,0.01584007773689378,2.5156749163754386e-05,0.0,3.0973609887494785e-05,0.0011556396821078463
272,262144,exact,230,0.04245421270691502,0.04001398541711184,0.0024402272898031777,0.05747903763165791,1.0371850011043215,0.01584007773689378,0.016423448262437523,2.4942397783238836e-05,0.0,3.058518037843058e-05,0.0011079001427074199
272,262144,exact,231,0.04001398541711184,0.037694983536806455,0.0023190018803053852,0.05795478396195127,1.0334774706033958,0.016423448262437523,0.01696778390002163,2.4560758061071644e-05,0.0,3.0040626889108607e-05,0.0010617515091835002
272,262144,exact,232,0.037694983536806455,0.035492146410806606,0.0022028371259998486,0.05843846897688484,1.0301181575069338,0.01696778390002163,0.017473497839182395,2.4044457714768626e-05,0.0,2.9368906598471745e-05,0.0010171536835011047
272,262144,exact,233,0.035492146410806606,0.03340058382393499,0.002091562586871619,0.058930292991093446,1.0270753335610272,0.017473497839182395,0.01794146046610155,2.3487338187146832e-05,0.0,2.8625493741746277e-05,0.0009740672471296749
272,262144,exact,234,0.03340058382393499,0.031415571659020085,0.0019850121649149025,0.05943046311341525,1.0243191425286287,0.01794146046610155,0.018372856216667285,2.2826453431375273e-05,0.0,2.7751637112521932e-05,0.0009324534552370437
272,262144,exact,235,0.031415571659020085,0.029532547629265354,0.0018830240297547304,0.05993919353729391,1.0218226208041106,0.018372856216667285,0.018769103143304728,2.2058069210125913e-05,0.0,2.67550168774576e-05,0.0008922742308820472
272,262144,exact,236,0.029532547629265354,0.027747107084353288,0.001785440544912066,0.06045670584622301,1.0195626435826015,0.018769103143304728,0.019131817680519848,2.1194786884892044e-05,0.0,2.565352482732791e-05,0.0008534921592079368
272,262144,exact,237,0.027747107084353288,0.0260549988896429,0.001692108194710388,0.06098322933508895,1.017518025374945,0.019131817680519848,0.019462755789637153,2.0251023130185704e-05,0.0,2.4464581609047464e-05,0.0008160704816347811
272,262144,exact,238,0.0260549988896429,0.02445212137781621,0.0016028775118266912,0.061519001348484016,1.0156692034399197,0.019462755789637153,0.019763757696318916,1.9242221552150052e-05,0.0,2.320619483968736e-05,0.0007799730900535451
272,262144,exact,239,0.02445212137781621,0.022934518372333384,0.0015176030054828253,0.06206426763690311,1.0139984303465144,0.019763757696318916,0.020036706782055498,1.8184452872902425e-05,0.0,2.1896952633628647e-05,0.0007451645210181335
272,262144,exact,240,0.022934518372333384,0.02149837528205205,0.0014361430902813353,0.06261928273208471,1.012489696771259,0.020036706782055498,0.020283497559199583,1.7093872085834107e-05,0.0,2.0555486944250773e-05,0.0007116099499392011
272,262144,exact,241,0.02149837528205205,0.020140015266369094,0.0013583600156829544,0.06318431034260451,1.011128539606458,0.020283497559199583,0.02050600958061446,1.5986175653539178e-05,0.0,1.9199860183709977e-05,0.000679275185277112
272,262144,exact,242,0.020140015266369094,0.018855895470242773,0.0012841197961263214,0.06375962377102143,1.0099018430264302,0.02050600958061446,0.020706085978237358,1.487612386528537e-05,0.0,1.7847014208104833e-05,0.0006481266627345634
272,262144,exact,243,0.018855895470242773,0.01764260332845143,0.0012132921417913438,0.06434550635402533,1.0087976632121605,0.020706085978237358,0.020885515978345353,1.3777157363999295e-05,0.0,1.6512328134574844e-05,0.0006181314394502256
272,262144,exact,244,0.01764260332845143,0.01649685293844724,0.0011457503900041896,0.06494225192698685,1.0078050821026059,0.020885515978345353,0.02104602096421231,1.2701120310316432e-05,0.0,1.5209301409632031e-05,0.0005892571881914801
272,262144,exact,245,0.01649685293844724,0.015415481501161758,0.0010813714372854815,0.06555016531457698,1.0069140882182837,0.02104602096421231,0.02118924373793002,1.1658091405459754e-05,0.0,1.3949363278163707e-05,0.0005614721915477798
272,262144,exact,246,0.015415481501161758,0.014395445829121386,0.001020035672040372,0.06616956284910717,1.0061154805135004,0.02118924373793002,0.021316740661022356,1.0656315424722887e-05,0.0,1.274179950750895e-05,0.0005347453361232812
272,262144,exact,247,0.014395445829121386,0.01343381892122939,0.0009616269078919961,0.06680077291852017,1.0054007908328308,0.021316740661022356,0.021429976360192032,9.702221843983982e-06,0.0,1.1593780222189654e-05,0.0005090461067303301
272,262144,exact,248,0.01343381892122939,0.01252778660357229,0.0009060323176570996,0.06744413654596026,1.0047622208313578,0.021429976360192032,0.021530320684895462,8.800513586770316e-06,0.0,1.0510468721351696e-05,0.0004843445805825235
272,262144,exact,249,0.01252778660357229,0.011674644235608416,0.0008531423679638741,0.06810000800305786,1.0041925897776363,0.021530320684895462,0.021619047605136093,7.954307642258296e-06,0.0,9.49518981435346e-06,0.00046061142148736913
272,262144,exact,250,0.011674644235608416,0.010871793481095057,0.0008028507545133588,0.06876875545934089,1.0036852903088862,0.021619047605136093,0.02169733574462981,7.165309869234399e-06,0.0,8.549637002076144e-06,0.00043781787404002846
272,262144,exact,251,0.010871793481095057,0.010116739143113021,0.0007550543379820362,0.069450761670096,1.0032342498497115,0.02169733574462981,0.021766270257577373,6.434008159130998e-06,0.0,7.674100082781521e-06,0.00041593575781555134
272,262144,exact,252,0.010116739143113021,0.009407086062544326,0.0007096530805686951,0.070146424705612,1.0028338959849397,0.021766270257577373,0.021826845776329876,5.759870762061539e-06,0.0,6.867697899617248e-06,0.00039493746156295614
272,262144,exact,253,0.009407086062544326,0.008740536079362229,0.0006665499831820972,0.07085615872443884,1.002479124568283,0.021826845776329876,0.021879970181063312,5.141539505693562e-06,0.0,6.12860438448104e-06,0.000374795937397381
272,262144,exact,254,0.008740536079362229,0.008114885056089666,0.0006256510232725623,0.07158039479407015,1.0021652697443026,0.021879970181063312,0.021926468969594316,4.577010517844872e-06,0.0,5.4542594261422495e-06,0.0003554846949936929
272,262144,exact,255,0.008114885056089666,0.0075280199627840785,0.0005868650933055879,0.07231958176230552,1.001888075365463,0.021926468969594316,0.021967090034054,4.063797658560469e-06,0.0,4.841559111956606e-06,0.00033697779577953165
272,262144,exact,256,0.0075280199627840785,0.006977916022906252,0.0005501039398778263,0.07307418718299759,1.0016436675093525,0.021967090034054,0.02200250867984506,3.599076048731675e-06,0.0,4.287022421670811e-06,0.00031924984712807203
272,262144,exact,257,0.006977916022906252,0.0064626339194299755,0.0005152821034762767,0.07384469830029072,1.0014285279565724,0.02200250867984506,0.02203333274997115,3.1798048022844606e-06,0.0,3.7869334400773835e-06,0.0003022759965515403
272,262144,exact,258,0.0064626339194299755,0.005980317060550648,0.0004823168588793279,0.07463162309553653,1.0012394685912016,0.02203333274997115,0.02206010774359758,2.802829340792869e-06,0.0,3.337459617447358e-06,0.00028603192589388577
272,262144,exact,259,0.005980317060550648,0.005529188904349684,0.0004511281562009639,0.07543549140175948,1.0010736067459711,0.02206010774359758,0.022083321841023813,2.4649645411520006e-06,0.0,2.934747605296689e-06,0.00027049384552414366
272,262144,exact,260,0.005529188904349684,0.005107550341772479,0.00042163856257720466,0.07625685609068474,1.0009283415446024,0.022083321841023813,0.02210341076783209,2.1630605053498346e-06,0.0,2.57499880491896e-06,0.000255638488529388
272,262144,exact,261,0.005107550341772479,0.00471377713727727,0.000393773204495209,0.07709629433795408,1.0008013313033903,0.02210341076783209,0.02212076244873505,1.8940530175681877e-06,0.0,2.254527074564694e-06,0.0002414431049077997
272,262144,exact,262,0.00471377713727727,0.004346317426512205,0.0003674597107650654,0.07795440897261303,1.000690472050366,0.02212076244873505,0.022135721416650194,1.6550008359035355e-06,0.0,1.969801124396958e-06,0.00022788545576186934
272,262144,exact,263,0.004346317426512205,0.00400368927037834,0.0003426281561338647,0.07883182991740528,1.0005938772086989,0.022135721416650194,0.022148592954953004,1.4431119106090455e-06,0.0,1.7174740552551582e-06,0.0002149438074912399
272,262144,exact,264,0.00400368927037834,0.00368447826483556,0.00031921100554278,0.07972921572722733,1.0005098584754222,0.022148592954953004,0.022159646960943923,1.2557604795553792e-06,0.0,1.49440232539641e-06,0.0002025969259860726
272,262144,exact,265,0.00368447826483556,0.0033873352058093084,0.0002971430590262515,0.0806472552334389,1.0004369079097422,0.022159646960943923,0.022169121526577892,1.0904967980943853e-06,0.0,1.2976561984540114e-06,0.00019082407081985711
272,262144,exact,266,0.0033873352058093084,0.0031109738085551802,0.00027636139725412817,0.08158666930280949,1.0003736812289388,0.022169121526577892,0.022177226238727893,9.450510452290681e-07,0.0,1.1245234717745245e-06,0.00017960498944266426
272,262144,exact,267,0.0031109738085551802,0.0028541684808389583,0.0002568053277162219,0.08254821272040513,1.000318982295255,0.022177226238727893,0.022184145205958756,8.173327290980304e-07,0.0,9.725080262514008e-07,0.00016891991137422933
272,262144,exact,268,0.0028541684808389583,0.0026157521492896746,0.00023841633154928366,0.08353267620669794,1.0002717487646458,0.022184145205958756,0.022190039822225626,7.054267051745009e-07,0.0,8.393244927476506e-07,0.0001587495423968081
272,262144,exact,269,0.0026157521492896746,0.002394614138282689,0.00022113801100698575,0.08454088858037918,1.000231038858168,0.022190039822225626,0.02219505128031174,6.075867278865174e-07,0.0,7.228901050052028e-07,0.000149075058748615
272,262144,exact,270,0.002394614138282689,0.0021896981007107526,0.0002049160375719363,0.08557371907897153,1.000196019208943,0.02219505128031174,0.022199302849382933,5.222272848191054e-07,0.0,6.213146080402687e-07,0.00013987810131654128
272,262144,exact,271,0.0021896981007107526,0.002000000000000003,0.0001896981007107495,0.08663207985117927,1.0001659537319547,0.022199302849382933,0.022202901931933947,4.479143134984345e-07,0.0,5.328889171318796e-07,0.00013114076982950816
544,262144,exact,0,79.99999999999999,79.20057689277593,0.7994231072240581,0.009992788840300727,1.0,0.0,1.5758989926310834e-07,1.5758989926310834e-07,0.0,0.0,0.06208554252884712
544,262144,exact,1,79.20057689277593,78.40801084044224,0.792566052333683,0.010007074233899613,0.9899933246556155,1.5758989926310834e-07,3.1565106261477486e-07,1.5963811431264908e-07,0.0,1.5023717506331118e-18,0.061641293377208986
544,262144,exact,2,78.40801084044224,77.62225275908268,0.7857580813595604,0.010021400529577935,0.9899790068652408,3.1565106261477486e-07,4.7420384852599177e-07,1.6171592304816957e-07,0.0,5.510531657040461e-18,0.06119959091036802
544,262144,exact,3,77.62225275908268,76.84325384626491,0.7789989128177695,0.010035767903252689,0.989964648504016,4.7420384852599177e-07,6.332689226931064e-07,1.6382387646952643e-07,0.0,1.7050773228229066e-18,0.06076042416331977
544,262144,exact,4,76.84325384626491,76.07096557982794,0.7722882664369735,0.010050176531853248,0.9899502488470725,6.332689226931064e-07,7.928670845867649e-07,1.6596235698052522e-07,0.0,9.18501352178882e-19,0.06032378220261514
544,262144,exact,5,76.07096557982794,75.30533971667349,0.7656258631544546,0.01006462659332247,0.9899358081969141,7.928670845867649e-07,9.530194141124493e-07,1.6813189594097915e-07,0.0,1.6600786975000219e-18,0.059889654126228375
544,262144,exact,6,75.30533971667349,74.54632829156031,0.7590114251131723,0.010079118266630943,0.9899213260608636,9.530194141124493e-07,1.1137472659118181e-06,1.7033302373570285e-07,0.0,3.827741888642183e-18,0.059458029063589775
544,262144,exact,7,74.54632829156031,73.7938836159023,0.7524446756580119,0.010093651731780855,0.9899068023667413,1.1137472659118181e-06,1.2750721704312407e-06,1.7256617579244822e-07,0.0,4.6762571435541786e-18,0.059028896175516765
544,262144,exact,8,73.7938836159023,73.04795827656996,0.7459253393323451,0.010108227169813855,0.989892236824643,1.2750721704312407e-06,1.437015946758174e-06,1.748319038588945e-07,0.0,1.7539934755268424e-18,0.05860224465415171
544,262144,exact,9,73.04795827656996,72.30850513469545,0.7394531418745061,0.010122844762817754,0.989877629499404,1.437015946758174e-06,1.5996006925471086e-06,1.771307536200704e-07,0.0,2.7846208140985124e-18,0.05817806372292374
544,262144,exact,10,72.30850513469545,71.57547732448073,0.7330278102147219,0.010137504693939476,0.9898629799506932,1.5996006925471086e-06,1.7628487139366663e-06,1.7946320568303612e-07,0.0,2.2433667608030144e-18,0.05775634263655608
544,262144,exact,11,71.57547732448073,70.84882825200987,0.7266490724708632,0.010152207147381883,0.9898482882342716,1.7628487139366663e-06,1.9267826377223064e-06,1.8182985581880278e-07,0.0,2.6927177393214208e-18,0.0573370706809019
544,262144,exact,12,70.84882825200987,70.12851159406408,0.7203166579457871,0.010166952308422305,0.989833553999834,1.9267826377223064e-06,2.0914253065778663e-06,1.8423120050155713e-07,0.0,5.53578382678048e-18,0.0569202371730137
544,262144,exact,13,70.12851159406408,69.41448129694054,0.7140302971235428,0.010181740363415624,0.9898187771589718,2.0914253065778663e-06,2.256799879828057e-06,1.8666784035715651e-07,0.0,5.330801853544939e-18,0.05650583146105758
544,262144,exact,14,69.41448129694054,68.70669157527469,0.7077897216658471,0.010196571499800909,0.9898039575200759,2.256799879828057e-06,2.4229298052937863e-06,1.8914035291368117e-07,0.0,4.537555498441287e-18,0.05609384292424422
544,262144,exact,15,68.70669157527469,68.00509691086583,0.7015946644088586,0.010211445906112292,0.9897890948225925,2.4229298052937863e-06,2.589838778093494e-06,1.9164927929844698e-07,0.0,5.370188885592264e-18,0.05568426097282154
544,262144,exact,16,68.00509691086583,67.30965205150628,0.6954448593595544,0.01022636377198422,0.9897741889873918,2.589838778093494e-06,2.75755083393775e-06,1.941952577482732e-07,0.0,6.108801615598014e-18,0.055277075047989184
544,262144,exact,17,67.30965205150628,66.62031200981366,0.689340041692617,0.010241325288164087,0.989759239782285,2.75755083393775e-06,2.9260902379615513e-06,1.967788209122394e-07,0.0,9.921720427663247e-18,0.05487227462192322
544,262144,exact,18,66.62031200981366,65.93703206206713,0.6832799477465272,0.01025633064651326,0.9897442470127482,2.9260902379615513e-06,3.0954816431677314e-06,1.9940066391401305e-07,0.0,8.890457814381136e-18,0.05446984919763444
544,262144,exact,19,65.93703206206713,65.25976774704662,0.6772643150205084,0.010271380040020504,0.9897292105132094,3.0954816431677314e-06,3.265749959656681e-06,2.0206135681561556e-07,0.0,9.465593185566806e-18,0.054069788308987815
544,262144,exact,20,65.25976774704662,64.58847486487554,0.6712928821710875,0.010286473662809922,0.9897141301047984,3.265749959656681e-06,3.43692042846417e-06,2.0476154801367455e-07,0.0,1.0897078866426574e-17,0.053672081520650325
544,262144,exact,21,64.58847486487554,63.92310947586699,0.6653653890085494,0.010301611710147192,0.9896990055735271,3.43692042846417e-06,3.6090186216860134e-06,2.0750189141240242e-07,0.0,1.2718623219496947e-17,0.05327671842802953
544,262144,exact,22,63.92310947586699,63.26362789937337,0.6594815764936186,0.01031679437844922,0.9896838367568441,3.6090186216860134e-06,3.7820704334230446e-06,2.1028303700034943e-07,0.0,1.4416077245794565e-17,0.052883688657232905
544,262144,exact,23,63.26362789937337,62.60998671263917,0.6536411867341982,0.010332021865294775,0.9896686234379272,3.7820704334230446e-06,3.956102085194168e-06,2.131056456193871e-07,0.0,1.6288443575700196e-17,0.05249298186504972
544,262144,exact,24,62.60998671263917,61.9621427496576,0.6478439629815682,0.010347294369426644,0.9896533654545681,3.956102085194168e-06,4.131140150576285e-06,2.1597040790135154e-07,0.0,1.930896306560903e-17,0.05210458773883754
544,262144,exact,25,61.9621427496576,61.32005310003014,0.6420896496274651,0.010362612090767522,0.9896380625994524,4.131140150576285e-06,4.307211558993573e-06,2.188780240709039e-07,0.0,2.0455845676191353e-17,0.051718495996552094
544,262144,exact,26,61.32005310003014,60.6836751078297,0.6363779922004369,0.010377975230424647,0.989622714687417,4.307211558993573e-06,4.484343573147124e-06,2.2182917742534149e-07,0.0,2.2459078596447773e-17,0.05133469638666409
544,262144,exact,27,60.6836751078297,60.05296637046716,0.6307087373625393,0.010393383990699704,0.9896073215123206,4.484343573147124e-06,4.662563843133735e-06,2.2482461099768032e-07,0.0,2.705931453298588e-17,0.05095317868811328
544,262144,exact,28,60.05296637046716,59.427884737561236,0.6250816329059248,0.010408838575097055,0.9895918828918622,4.662563843133735e-06,4.84190037449581e-06,2.2786504189318674e-07,0.0,2.7606497816912157e-17,0.05057393271026963
544,262144,exact,29,59.427884737561236,58.808388309811555,0.6194964277496808,0.010424339188336107,0.9895763986386571,4.84190037449581e-06,5.02238155863342e-06,2.3095122350345264e-07,0.0,3.076084851248717e-17,0.05019694829291842
544,262144,exact,30,58.808388309811555,58.19443543787554,0.6139528719360143,0.010439886036352791,0.9895608685291887,5.02238155863342e-06,5.204036165003862e-06,2.3408390779134974e-07,0.0,3.375595701397838e-17,0.049822215306130124
544,262144,exact,31,58.19443543787554,57.58598472124816,0.6084507166273809,0.010455479326316722,0.989545292406496,5.204036165003862e-06,5.386893331409954e-06,2.3726384285602702e-07,0.0,3.879919118193048e-17,0.04944972365030981
544,262144,exact,32,57.58598472124816,56.982995007145284,0.6029897141028755,0.01047111926663613,0.9895296700368585,5.386893331409954e-06,5.5709826550854605e-06,2.404918743727868e-07,0.0,4.1171730467189777e-17,0.04907946325609683
544,262144,exact,33,56.982995007145284,56.38542538939034,0.5975696177549423,0.010486806066968068,0.9895140012309257,5.5709826550854605e-06,5.756334090605584e-06,2.4376875282996136e-07,0.0,4.6077745297686684e-17,0.04871142408434039
544,262144,exact,34,56.38542538939034,55.793235207304306,0.5921901820860356,0.010502539938227794,0.989498285794016,5.756334090605584e-06,5.942977993415421e-06,2.470952783554275e-07,0.0,5.188754428290393e-17,0.04834559612604088
544,262144,exact,35,55.793235207304306,55.20638404459907,0.5868511627052371,0.010518321092597406,0.9894825235250393,5.942977993415421e-06,6.130945208518636e-06,2.5047234639571826e-07,0.0,5.554757364798976e-17,0.04798196940231007
544,262144,exact,36,55.20638404459907,54.6248317282739,0.5815523163251726,0.010534149743539792,0.9894667142304322,6.130945208518636e-06,6.3202669513357354e-06,2.539007407966768e-07,0.0,6.068821660487611e-17,0.047620533964358266
544,262144,exact,37,54.6248317282739,54.04853832751572,0.5762934007581748,0.01055002610579914,0.9894508576759263,6.3202669513357354e-06,6.510974893515994e-06,2.5738133784605825e-07,0.0,7.001913155182948e-17,0.04726127989336027
544,262144,exact,38,54.04853832751572,53.47746415260224,0.571074174913484,0.01056595039541993,0.9894349536996807,6.510974893515994e-06,6.703101165454118e-06,2.60915023223847e-07,0.0,7.551044614887911e-17,0.04690419730051499
544,262144,exact,39,53.47746415260224,52.911569753808585,0.5658943987936524,0.01058192282975175,0.9894190020645768,6.703101165454118e-06,6.8966783588923314e-06,2.645026931106374e-07,0.0,7.982099681745625e-17,0.04654927632693146
544,262144,exact,40,52.911569753808585,52.35081592031725,0.5607538334913329,0.010597943627460981,0.9894030025903311,6.8966783588923314e-06,7.091739514773285e-06,2.681452386731225e-07,0.0,8.766706300787283e-17,0.04619650714361623
544,262144,exact,41,52.35081592031725,51.79516367913135,0.5556522411859035,0.010614013008539489,0.9893869550492692,7.091739514773285e-06,7.288318153165542e-06,2.7184358873685013e-07,0.0,9.543096700240575e-17,0.045845879951402345
544,262144,exact,42,51.79516367913135,51.244574293991164,0.5505893851401851,0.010630131194314992,0.9893708592412651,7.288318153165542e-06,7.486448267532516e-06,2.7559867401884115e-07,0.0,1.074274946343684e-16,0.04549738498092323
544,262144,exact,43,51.244574293991164,50.69900926429383,0.545565029697336,0.010646298407464921,0.9893547149568985,7.486448267532516e-06,7.68616437103499e-06,2.7941147938452543e-07,0.0,1.1373450195962392e-16,0.045151012492585366
544,262144,exact,44,50.69900926429383,50.158430324016685,0.5405789402771433,0.01066251487201863,0.9893385220009357,7.68616437103499e-06,7.88750147101919e-06,2.832829724465374e-07,0.0,1.2335679624043278e-16,0.04480675277646199
544,262144,exact,45,50.158430324016685,49.62279944064356,0.5356308833731234,0.010678780813375144,0.9893222801377428,7.88750147101919e-06,8.090495072860327e-06,2.8721413309598556e-07,0.0,1.3416493664739765e-16,0.04446459615230409
544,262144,exact,46,49.62279944064356,49.09207881409448,0.5307206265490834,0.010695096458310583,0.989305989169907,8.090495072860327e-06,8.29518120512558e-06,2.9120597434222887e-07,0.0,1.4699240360061677e-16,0.044124532969474176
544,262144,exact,47,49.09207881409448,48.5662308756586,0.5258479384358807,0.010711462034989405,0.9892896488873218,8.29518120512558e-06,8.501596448415516e-06,2.952595467013599e-07,0.0,1.612394977734341e-16,0.04378655360691302
544,262144,exact,48,48.5662308756586,48.04521828693055,0.5210125887280483,0.010727877772972906,0.9892732590734808,8.501596448415516e-06,8.709777930360716e-06,2.993759046796645e-07,0.0,1.704958738210291e-16,0.04345064847305839
544,262144,exact,49,48.04521828693055,47.52900393874971,0.5162143481808386,0.010744343903236283,0.9892568195099173,8.709777930360716e-06,8.919763306493896e-06,3.035560926536397e-07,0.0,1.860558690620906e-16,0.043116808005869395
544,262144,exact,50,47.52900393874971,47.01755095014326,0.5114529886064503,0.01076086065816898,0.989240329985974,8.919763306493896e-06,9.131590795694831e-06,3.07801199183773e-07,0.0,2.0174630737702925e-16,0.04278502267268861
544,262144,exact,51,47.01755095014326,46.510822667272016,0.5067282828712436,0.01077742827159524,0.9892237902837576,9.131590795694831e-06,9.345299211430136e-06,3.121123534160238e-07,0.0,2.234015517065327e-16,0.04245528297027475
544,262144,exact,52,46.510822667272016,46.00878266237974,0.5020400048922795,0.010794046978780853,0.9892072001846899,9.345299211430136e-06,9.560927963636627e-06,3.1649069604721487e-07,0.0,2.375825773094642e-16,0.04212757942472082
544,262144,exact,53,46.00878266237974,45.51139473274565,0.49738792963408684,0.010810717016444534,0.9891905594761217,9.560927963636627e-06,9.778517046019445e-06,3.2093736481494256e-07,0.0,2.5610888193181025e-16,0.04180190259141648
544,262144,exact,54,45.51139473274565,45.01862289964022,0.4927718331054294,0.010827438622769296,0.9891738679367751,9.778517046019445e-06,9.998107052668594e-06,3.254535238474445e-07,0.0,2.755940278504482e-16,0.041478243054996256
544,262144,exact,55,45.01862289964022,44.53043140728403,0.48819149235619363,0.010844212037416524,0.9891571253456745,9.998107052668594e-06,1.0219739209073996e-05,3.3004037825667343e-07,0.0,2.9865873500418277e-16,0.04115659142932389
544,262144,exact,56,44.53043140728403,44.04678472181017,0.4836466854738575,0.010861037501530816,0.9891403314789224,1.0219739209073996e-05,1.0443455357081551e-05,3.3469912852071574e-07,0.0,3.3075620150743723e-16,0.04083693835738825
544,262144,exact,57,44.04678472181017,43.56764753022959,0.4791371915805769,0.010877915257758365,0.9891234861187038,1.0443455357081551e-05,1.0669298037586476e-05,3.394310680138853e-07,0.0,3.489657158075102e-16,0.040519274511314
544,262144,exact,58,43.56764753022959,43.092984739399775,0.474662790829818,0.010894845550255411,0.9891065890425543,1.0669298037586476e-05,1.0897310414179422e-05,3.442374251177602e-07,0.0,3.7391761236772736e-16,0.04020359059229197
544,262144,exact,59,43.092984739399775,42.62276147499661,0.47022326440316675,0.010911828624700557,0.9890896400235711,1.0897310414179422e-05,1.112753629956218e-05,3.4911946518216906e-07,0.0,4.0582534349079685e-16,0.0398898773305372
544,262144,exact,60,42.62276147499661,42.156943080489505,0.46581839450710305,0.0109288647283063,0.9890726388388708,1.112753629956218e-05,1.1360020223341081e-05,3.5407853219753176e-07,0.0,4.3973884863296453e-16,0.039578125485241734
544,262144,exact,61,42.156943080489505,41.695495116119716,0.4614479643697891,0.010945954109830845,0.9890555852632149,1.1360020223341081e-05,1.159480742104707e-05,3.59115970919251e-07,0.0,4.707521129637335e-16,0.03926832584452361
544,262144,exact,62,41.695495116119716,41.23838335788168,0.4571117582380353,0.01096309701959417,0.9890384790714379,1.159480742104707e-05,1.1831943823219436e-05,3.6423312688707075e-07,0.0,5.062512637831612e-16,0.03896046922541925
544,262144,exact,63,41.23838335788168,40.78557379650796,0.4528095613737193,0.010980293709481125,0.9890213200341179,1.1831943823219436e-05,1.2071476079033677e-05,3.694313809716844e-07,0.0,5.480218465440598e-16,0.038654546473761896
544,262144,exact,64,40.78557379650796,40.337032636456954,0.44854116005100764,0.010997544432963488,0.9890041079225902,1.2071476079033677e-05,1.2313451599841173e-05,3.74712169574168e-07,0.0,5.865821744348645e-16,0.03835054846421377
544,262144,exact,65,40.337032636456954,39.892726294904,0.44430634155295223,0.011014849445107283,0.9889868425096979,1.2313451599841173e-05,1.2557918548798254e-05,3.8007693130699246e-07,0.0,6.316494094264768e-16,0.03804846610018042
544,262144,exact,66,39.892726294904,39.45262140073565,0.44010489416834986,0.011032209002586267,0.9889695235655541,1.2557918548798254e-05,1.2804925825585827e-05,3.8552710208737553e-07,0.0,6.815921660624849e-16,0.03774829031377235
544,262144,exact,67,39.45262140073565,39.01668479354711,0.43593660718854466,0.011049623363694054,0.9889521508593406,1.2804925825585827e-05,1.3054523171563792e-05,3.9106423548799635e-07,0.0,7.316247081909019e-16,0.03745001206575578
544,262144,exact,68,39.01668479354711,38.58488352264268,0.43180127090442966,0.01106709278836126,0.9889347241583278,1.3054523171563792e-05,1.3306761096054444e-05,3.966898251504761e-07,0.0,7.849708432089778e-16,0.037153622345537575
544,262144,exact,69,38.58488352264268,38.15718484603975,0.4276986766029296,0.01108461753815958,0.988917243232292,1.3306761096054444e-05,1.3561690921997227e-05,4.024054233789388e-07,0.0,8.425860242812153e-16,0.03685911217106119
544,262144,exact,70,38.15718484603975,37.733556229475575,0.42362861656417294,0.011102197876323164,0.988899707848413,1.3561690921997227e-05,1.3819364803224454e-05,4.0821261343753845e-07,0.0,9.066166328959568e-16,0.03656647258881366
544,262144,exact,71,37.733556229475575,37.31396534541737,0.4195908840582021,0.011119834067758464,0.9888821177713389,1.3819364803224454e-05,1.4079835766839548e-05,4.1411303494821663e-07,0.0,9.759699965512444e-16,0.036275694673759025
544,262144,exact,72,37.31396534541737,36.89838007207555,0.4155852733418257,0.011137526379057563,0.988864472761084,1.4079835766839548e-05,1.4343157673484964e-05,4.201083023949449e-07,0.0,1.0484235007934828e-15,0.03598676952929555
544,262144,exact,73,36.89838007207555,36.48676849242007,0.411611579655478,0.011155275078511724,0.9888467725916171,1.4343157673484964e-05,1.4609385306838456e-05,4.2620013376166325e-07,0.0,1.1215021153507948e-15,0.0356996882872098
544,262144,exact,74,36.48676849242007,36.07909889319998,0.4076695992200854,0.011173080436125127,0.9888290170222785,1.4609385306838456e-05,1.4878574325093382e-05,4.3239021403376157e-07,0.0,1.2011689521718508e-15,0.03541444210762996
544,262144,exact,75,36.07909889319998,35.675339763966086,0.40375912923389734,0.011190942723627612,0.9888112058143894,1.4878574325093382e-05,1.5150781282287469e-05,4.3868026439135263e-07,0.0,1.2984862615477918e-15,0.0351310221789801
544,262144,exact,76,35.675339763966086,35.275459796096555,0.3998799678695306,0.011208862214493324,0.9887933387314505,1.5150781282287469e-05,1.5426063721497196e-05,4.4507211437989776e-07,0.0,1.3856950797312e-15,0.03484941971795763
544,262144,exact,77,35.275459796096555,34.87942788182606,0.39603191427049467,0.011226839183945039,0.9887754155384461,1.5426063721497196e-05,1.5704480104739087e-05,4.5156753988072424e-07,0.0,1.4875762026269473e-15,0.034569625969435976
544,262144,exact,78,34.87942788182606,34.48721311327767,0.3922147685483921,0.011244873908977038,0.9887574359899248,1.5704480104739087e-05,1.598608988466654e-05,4.581684043446881e-07,0.0,1.5947529755089285e-15,0.034291632206465576
544,262144,exact,79,34.48721311327767,34.09878478149797,0.38842833177969993,0.011262966668366544,0.9887393998497439,1.598608988466654e-05,1.627095348608545e-05,4.648765692879459e-07,0.0,1.7117485543154815e-15,0.03401542973021962
544,262144,exact,80,34.09878478149797,33.71411237549538,0.38467240600258634,0.01128111774268595,0.9887213068786237,1.627095348608545e-05,1.655913238412881e-05,4.716939910379265e-07,0.0,1.832820055664222e-15,0.03374100986992737
544,262144,exact,81,33.71411237549538,33.33316558128137,0.3809467942140117,0.011299327414323308,0.9887031568329717,1.655913238412881e-05,1.6850689046217354e-05,4.786225855803505e-07,0.0,1.9662446855157195e-15,0.03346836398287136
544,262144,exact,82,33.33316558128137,32.95591428091509,0.3772513003662823,0.011317595967486873,0.9886849494719817,1.6850689046217354e-05,1.7145687025820856e-05,4.856643796982818e-07,0.0,2.1049073671130375e-15,0.033197483454279204
544,262144,exact,83,32.95591428091509,32.582328551550795,0.3735857293642937,0.011335923688229726,0.9886666845532183,1.7145687025820856e-05,1.7444190943882865e-05,4.928213999330873e-07,0.0,2.255658902933569e-15,0.032928359697334826
544,262144,exact,84,32.582328551550795,32.21237866448849,0.3699498870623046,0.011354310864460803,0.9886483618329981,1.7444190943882865e-05,1.7746266510378974e-05,5.000957126216077e-07,0.0,2.414447087357649e-15,0.032660984153112575
544,262144,exact,85,32.21237866448849,31.846035084227708,0.3663435802607822,0.011372757785957793,0.9886299810689572,1.7746266510378974e-05,1.805198055264808e-05,5.074894310355749e-07,0.0,2.5881294991262488e-15,0.03239534829051864
544,262144,exact,86,31.846035084227708,31.483268467524226,0.36276661670348176,0.011391264744387225,0.9886115420193667,1.805198055264808e-05,1.836140103734494e-05,5.150047094699551e-07,0.0,2.7820526102024373e-15,0.03213144360627498
544,262144,exact,87,31.483268467524226,31.124049662450005,0.3592188050742209,0.01140983203331522,0.9885930444348127,1.836140103734494e-05,1.867459712380118e-05,5.226437751729546e-07,0.0,2.9691350831966e-15,0.031869261624844825
544,262144,exact,88,31.124049662450005,30.76834970745614,0.35569995499386664,0.011428459948224709,0.9885744880757366,1.867459712380118e-05,1.8991639133915675e-05,5.304088454117689e-07,0.0,3.178470805781028e-15,0.03160879389839847
544,262144,exact,89,30.76834970745614,30.416139830438738,0.35220987701740114,0.011447148786535327,0.9885558726922405,1.8991639133915675e-05,1.9312598587556076e-05,5.383021930813443e-07,0.0,3.4093855397297063e-15,0.03135003200679091
544,262144,exact,90,30.416139830438738,30.06739144780819,0.3487483826305464,0.011465898847609153,0.9885371980424782,1.9312598587556076e-05,1.9637548276861895e-05,5.463261858471094e-07,0.0,3.647018939016006e-15,0.03109296755746213
544,262144,exact,91,30.06739144780819,29.72207616356115,0.3453152842470395,0.011484710432777228,0.988518463875779,1.9637548276861895e-05,1.9966562224585262e-05,5.544831715618946e-07,0.0,3.906604044163348e-15,0.030837592185445975
544,262144,exact,92,29.72207616356115,29.380165768355763,0.3419103952053888,0.011503583845349476,0.9884996699514825,1.9966562224585262e-05,2.0299715759425904e-05,5.627755945363926e-07,0.0,4.178759118247943e-15,0.0305838975532961
544,262144,exact,93,29.380165768355763,29.041632238589877,0.33853352976588624,0.011522519390632832,0.9884808160197617,2.0299715759425904e-05,2.063708551454415e-05,5.712059201674634e-07,0.0,4.469843684637778e-15,0.030331875351047442
544,262144,exact,94,29.041632238589877,28.706447735482218,0.33518450310765857,0.01154151737595082,0.9884619018346692,2.063708551454415e-05,2.0978749450139343e-05,5.797766588993152e-07,0.0,4.7909877562597736e-15,0.030081517296185967
544,262144,exact,95,28.706447735482218,28.37458460415684,0.3318631313253775,0.011560578110651514,0.9884429271488675,2.0978749450139343e-05,2.1324786914728875e-05,5.884904054306401e-07,0.0,5.120188805276052e-15,0.02983281513356178
544,262144,exact,96,28.37458460415684,28.046015372730334,0.3285692314265063,0.011579701906133678,0.9884238917143436,2.1324786914728875e-05,2.1675278632353682e-05,5.973497656024013e-07,0.0,5.484145310184069e-15,0.029585760635387058
544,262144,exact,97,28.046015372730334,27.720712751402193,0.3253026213281416,0.01159888907585922,0.9884047952834505,2.1675278632353682e-05,2.2030306768220087e-05,6.063574347583315e-07,0.0,5.861535757635539e-15,0.029340345601174277
544,262144,exact,98,27.720712751402193,27.398649631548192,0.3220631198540005,0.011618139935370515,0.9883856376112974,2.2030306768220087e-05,2.2389954898575774e-05,6.155161029798403e-07,0.0,6.283757964919284e-15,0.029096561857684566
544,262144,exact,99,27.398649631548192,27.079799084816763,0.3188505467314293,0.011637454802308529,0.9883664184483669,2.2389954898575774e-05,2.2754308130906928e-05,6.248286052964656e-07,0.0,6.7153415803360844e-15,0.028854401258891958
544,262144,exact,100,27.079799084816763,26.764134362228376,0.3156647225883873,0.011656833996430046,0.9883471375478485,2.2754308130906928e-05,2.312345304823374e-05,6.342977473551659e-07,0.0,7.185024737720383e-15,0.028613855685935212
544,262144,exact,101,26.764134362228376,26.451628893277977,0.3125054689503983,0.011676277839623697,0.9883277946620782,2.312345304823374e-05,2.349747778679232e-05,6.439264383440059e-07,0.0,7.684648815724227e-15,0.02837491704706256
544,262144,exact,102,26.451628893277977,26.14225628504026,0.30937260823771595,0.011695786655933892,0.9883083895442147,2.349747778679232e-05,2.3876472049054816e-05,6.537176274664395e-07,0.0,8.2272987793168e-15,0.02813757727762104
544,262144,exact,103,26.14225628504026,25.835990321278224,0.3062659637620371,0.011715360771567977,0.9882889219465439,2.3876472049054816e-05,2.4260527150962277e-05,6.636743385104808e-07,0.0,8.795376671985947e-15,0.02790182833995179
544,262144,exact,104,25.835990321278224,25.532804961554433,0.30318535972379124,0.011735000514924767,0.9882693916232821,2.4260527150962277e-05,2.464973604099613e-05,6.737996424710192e-07,0.0,9.416495767812158e-15,0.02766766222339849
544,262144,exact,105,25.532804961554433,25.232674340345422,0.3001306212090107,0.0117547062166075,0.988249798325898,2.464973604099613e-05,2.5044193333314377e-05,6.840966720783401e-07,0.0,1.0065007909152573e-14,0.027435070944237434
544,262144,exact,106,25.232674340345422,24.935572766159048,0.2971015741863745,0.01177447820944323,0.9882301418101184,2.5044193333314377e-05,2.5443995362553712e-05,6.945686440191563e-07,0.0,1.0766734048371293e-14,0.027204046545634936
544,262144,exact,107,24.935572766159048,24.641474720654717,0.29409804550433094,0.011794316828505413,0.9882104218289535,2.5443995362553712e-05,2.5849240182961277e-05,7.052188042341399e-07,0.0,1.1516002452853502e-14,0.02697458109761753
544,262144,exact,108,24.641474720654717,24.350354857766806,0.2911198628879106,0.011814222411124248,0.9881906381388725,2.5849240182961277e-05,2.6260027631805917e-05,7.160504923261346e-07,0.0,1.23257083521882e-14,0.026746666696988323
544,262144,exact,109,24.350354857766806,24.062188002830833,0.28816685493597305,0.011834195296914088,0.9881707904925565,2.6260027631805917e-05,2.6676459379559508e-05,7.270671294543947e-07,0.0,1.3172917482295529e-14,0.02652029546732239
544,262144,exact,110,24.062188002830833,23.776949151712667,0.2852388511181658,0.011854235827789578,0.9881508786469942,2.6676459379559508e-05,2.7098638904926046e-05,7.382721439228351e-07,0.0,1.4099368238684393e-14,0.026295459558903677
544,262144,exact,111,23.776949151712667,23.494613469940717,0.2823356817719507,0.011874344347984353,0.9881309023599953,2.7098638904926046e-05,2.7526671614412e-05,7.496691156401597e-07,0.0,1.50804085744579e-14,0.02607215114867619
544,262144,exact,112,23.494613469940717,23.215156291841023,0.27945717809969395,0.01189452120407236,0.9881108613863905,2.7526671614412e-05,2.79606648229955e-05,7.612616391029331e-07,0.0,1.6124376681948827e-14,0.025850362440207518
544,262144,exact,113,23.215156291841023,22.93855311967532,0.2766031721657036,0.01191476674498702,0.9880907554866744,2.79606648229955e-05,2.8400727811196326e-05,7.73053399581444e-07,0.0,1.7248419896141384e-14,0.025630085663639297
544,262144,exact,114,22.93855311967532,22.664779622782063,0.2737734968932557,0.011935081322039845,0.9880705844190762,2.8400727811196326e-05,2.8846971864078622e-05,7.850481561955695e-07,0.0,1.8452816043842274e-14,0.025411313075635544
544,262144,exact,115,22.664779622782063,22.39381163672026,0.2709679860618017,0.01195546528894689,0.9880503479438664,2.8846971864078622e-05,2.9299510336437004e-05,7.972497687373962e-07,0.0,1.9730199326542172e-14,0.025194036959362526
544,262144,exact,116,22.39381163672026,22.125625162416487,0.26818647430377496,0.011975919001837814,0.9880300458225532,2.9299510336437004e-05,2.9758458646947758e-05,8.096621277692915e-07,0.0,2.1109758499603462e-14,0.024978249624396202
544,262144,exact,117,22.125625162416487,21.860196365314536,0.26542879710195066,0.011996442819288973,0.9880096778175409,2.9758458646947758e-05,3.0223934365313692e-05,8.222892477757399e-07,0.0,2.257951312902018e-14,0.024763943406728946
544,262144,exact,118,21.860196365314536,21.59750157452821,0.26269479078632685,0.012017037102335612,0.987989243692966,3.0223934365313692e-05,3.06960572355649e-05,8.351352047057197e-07,0.0,2.4152941203049033e-14,0.024551110668684015
544,262144,exact,119,21.59750157452821,21.33751728199683,0.259984292531378,0.012037702214500581,0.9879687432137301,3.06960572355649e-05,3.1174949235683624e-05,8.4820417287672e-07,0.0,2.5830872813978334e-14,0.02433974379890776
544,262144,exact,120,21.33751728199683,21.080220141643906,0.25729714035292517,0.012058438521805687,0.9879481761467588,3.1174949235683624e-05,3.166073459488234e-05,8.615003836522911e-07,0.0,2.76313802567707e-14,0.02412983521227733
544,262144,exact,121,21.080220141643906,20.825586968538452,0.25463317310545364,0.012079246392803396,0.9879275422614042,3.166073459488234e-05,3.215353988225978e-05,8.750281973066965e-07,0.0,2.9559640596799747e-14,0.023921377349900127
544,262144,exact,122,20.825586968538452,20.57359473805938,0.2519922304790718,0.01210012619859217,0.987906841327181,3.215353988225978e-05,3.265349401528727e-05,8.887920243398834e-07,0.0,3.162340587959875e-14,0.023714362679039484
544,262144,exact,123,20.57359473805938,20.324220585062683,0.24937415299669752,0.012121078312842275,0.9878860731161411,3.265349401528727e-05,3.316072834291622e-05,9.027964004552988e-07,0.0,3.3822635447586236e-14,0.023508783693085983
544,262144,exact,124,20.324220585062683,20.077441803051578,0.2467787820111056,0.012142103111815074,0.9878652374022068,3.316072834291622e-05,3.367537667302062e-05,9.170459323057357e-07,0.0,3.6190133192743473e-14,0.023304632911499774
544,262144,exact,125,20.077441803051578,19.833235843349488,0.24420595970208936,0.012163200974387703,0.9878443339629397,3.367537667302062e-05,3.419757532934762e-05,9.315453275556514e-07,0.0,3.8719204166655363e-14,0.023101902879775014
544,262144,exact,126,19.833235843349488,19.591580314275916,0.24165552907357224,0.012184372282075421,0.9878233625761996,3.419757532934762e-05,3.4727463222768616e-05,9.46299410391675e-07,0.0,4.141211164135697e-14,0.022900586169388178
544,262144,exact,127,19.591580314275916,19.352452980325225,0.23912733395069097,0.012205617419052439,0.9878023230232196,3.4727463222768616e-05,3.5265181869109015e-05,9.61313069271651e-07,0.0,4.4316899325616554e-14,0.02270067537775108
544,262144,exact,128,19.352452980325225,19.11583176134818,0.2366212189770458,0.012226936772181183,0.9877812150871542,3.5265181869109015e-05,3.581087547402404e-05,9.76591324504728e-07,0.0,4.741866621582602e-14,0.02250216312818436
544,262144,exact,129,19.11583176134818,18.881694731736523,0.23413702961165583,0.012248330731026632,0.987760038554745,3.581087547402404e-05,3.6364690987155094e-05,9.921392989788222e-07,0.0,5.072489330697552e-14,0.022305042069835468
544,262144,exact,130,18.881694731736523,18.650020119610282,0.2316746121262412,0.012269799687887148,0.9877387932149014,3.6364690987155094e-05,3.6926778136148756e-05,1.0079621991551363e-06,0.0,5.429175582412696e-14,0.02210930487766786
544,262144,exact,131,18.650020119610282,18.420786306007955,0.22923381360232753,0.012291344037816388,0.9877174788604621,3.6926778136148756e-05,3.7497289529283256e-05,1.0240653842943794e-06,0.0,5.808760184010733e-14,0.021914944252398903
544,262144,exact,132,18.420786306007955,18.193971824079522,0.22681448192843234,0.012312964178649454,0.9876960952859751,3.7497289529283256e-05,3.80763806666845e-05,1.0404542769674073e-06,0.0,6.216365990756659e-14,0.02172195292046747
544,262144,exact,133,18.193971824079522,17.969555358282417,0.2244164657971055,0.01233466051102117,0.9876746422914183,3.80763806666845e-05,3.86642100284288e-05,1.0571344402376662e-06,0.0,6.652835292213222e-14,0.02153032363396222
544,262144,exact,134,17.969555358282417,17.747515743580195,0.2220396147022221,0.01235643343839785,0.9876531196780626,3.86642100284288e-05,3.9260939145535895e-05,1.07411156227015e-06,0.0,7.119978706008473e-14,0.021340049170605304
544,262144,exact,135,17.747515743580195,17.52783196464411,0.21968377893608348,0.012378283367098838,0.9876315272527559,3.9260939145535895e-05,3.986673263546486e-05,1.091391421987985e-06,0.0,7.620624644559884e-14,0.021151122333691496
544,262144,exact,136,17.52783196464411,17.310483155057508,0.2173488095866034,0.012400210706322601,0.9876098648253275,3.986673263546486e-05,4.048175830339797e-05,1.1089799558248114e-06,0.0,8.156576949231928e-14,0.020963535952047967
544,262144,exact,137,17.310483155057508,17.09544859652303,0.21503455853447662,0.012422215868171835,0.9875881322110479,4.048175830339797e-05,4.110618718226039e-05,1.1268831980913248e-06,0.0,8.730281173549917e-14,0.02077728287998451
544,262144,exact,138,17.09544859652303,16.88270771807266,0.21274087845037215,0.012444299267679971,0.987566329227522,4.110618718226039e-05,4.174019360566663e-05,1.145107315006732e-06,0.0,9.346440722063365e-14,0.02059235599725504
544,262144,exact,139,16.88270771807266,16.67224009528057,0.21046762279208764,0.012466461322835408,0.9875444556990136,4.174019360566663e-05,4.238395529442048e-05,1.163658619394902e-06,0.0,1.00053923750721e-13,0.020408748209000554
544,262144,exact,140,16.67224009528057,16.464025449478715,0.20821464580185634,0.012488702454614715,0.9875225114524089,4.238395529442048e-05,4.3037653419133554e-05,1.1825435486144152e-06,0.0,1.0711359777664312e-13,0.020226452445730923
544,262144,exact,141,16.464025449478715,16.258043646975455,0.20598180250325981,0.012511023086992472,0.9875004963222758,4.3037653419133554e-05,4.370147265770597e-05,1.2017686604544282e-06,0.0,1.146889319083265e-13,0.020045461663221294
544,262144,exact,142,16.258043646975455,16.054274698276593,0.20376894869886186,0.012533423646993946,0.9874784101468341,4.370147265770597e-05,4.437560130422321e-05,1.2213406859107111e-06,0.0,1.2279433248213803e-13,0.01986576884255324
544,262144,exact,143,16.054274698276593,15.852698757309602,0.2015759409669915,0.012555904564697054,0.9874562527699254,4.437560130422321e-05,4.506023131142034e-05,1.2412664646349535e-06,0.0,1.3149508202138852e-13,0.019687366989984908
544,262144,exact,144,15.852698757309602,15.653296120650399,0.19940263665920277,0.012578466273274712,0.9874340240414857,4.506023131142034e-05,4.575555839934954e-05,1.2615530120860483e-06,0.0,1.408124512174494e-13,0.019510249136956242
544,262144,exact,145,15.653296120650399,15.456047226752926,0.19724889389747347,0.012601109209021832,0.9874117238178524,4.575555839934954e-05,4.6461782113506074e-05,1.2822074709622307e-06,0.0,1.5080629480650545e-13,0.019334408340037027
544,262144,exact,146,15.456047226752926,15.260932655181643,0.19511457157128298,0.012623833811374392,0.9873893519617382,4.6461782113506074e-05,4.71791059223473e-05,1.3032371518233862e-06,0.0,1.6151832746714306e-13,0.019159837680857567
544,262144,exact,147,15.260932655181643,15.067933125846643,0.1929995293349993,0.012646640522947917,0.9873669083428572,4.71791059223473e-05,4.790773728788037e-05,1.3246495079447595e-06,0.0,1.7299262201767376e-13,0.018986530266090245
544,262144,exact,148,15.067933125846643,14.877029498241619,0.19090362760502444,0.012669529789560827,0.9873443928366006,4.790773728788037e-05,4.864788776371839e-05,1.3464521643533475e-06,0.0,1.8531257393395242e-13,0.018814479227391993
544,262144,exact,149,14.877029498241619,14.688202770684557,0.1888267275570623,0.012692502060265497,0.9873218053274463,4.864788776371839e-05,4.9399773077971484e-05,1.368652904243561e-06,0.0,1.9851350110174776e-13,0.018643677721360996
544,262144,exact,150,14.688202770684557,14.501434079561212,0.18676869112334415,0.012715557787376573,0.9872991457066577,4.9399773077971484e-05,5.0163613216698984e-05,1.3912596714055779e-06,0.0,2.1269058969554042e-13,0.018474118929490663
544,262144,exact,151,14.501434079561212,14.316704698571334,0.18472938098987868,0.012738697426500887,0.9872764138734685,5.0163613216698984e-05,5.0939632543796064e-05,1.4142806081361647e-06,0.0,2.278584019057596e-13,0.01830579605812478
544,262144,exact,152,14.316704698571334,14.133996037977624,0.18270866059370938,0.012761921436567866,0.9872536097360967,5.0939632543796064e-05,5.172805984729945e-05,1.4377239839761403e-06,0.0,2.441697018185085e-13,0.01813870233841161
544,262144,exact,153,14.133996037977624,13.953289643857476,0.18070639412014877,0.0127852302798583,0.9872307332105591,5.172805984729945e-05,5.252912848840017e-05,1.4615982994194234e-06,0.0,2.6162837223281735e-13,0.017972831026255586
544,262144,exact,154,13.953289643857476,13.77456719735735,0.17872244650012625,0.012808624422041117,0.9872077842232464,5.252912848840017e-05,5.3343076449427484e-05,1.4859121876123926e-06,0.0,2.8039665045127143e-13,0.017808175402289562
544,262144,exact,155,13.77456719735735,13.597810513950062,0.17675668340728734,0.012832104332192602,0.987184762709417,5.3343076449427484e-05,5.4170146481721655e-05,1.5106745153161076e-06,0.0,3.005128155868231e-13,0.01764472877179463
544,262144,exact,156,13.597810513950062,13.423001542694646,0.17480897125541617,0.012855670482838305,0.987161668614493,5.4170146481721655e-05,5.501058617549593e-05,1.5358943076115542e-06,0.0,3.221034753481643e-13,0.01748248446468527
544,262144,exact,157,13.423001542694646,13.25012236549893,0.17287917719571588,0.012879323349985303,0.9871385018941675,5.501058617549593e-05,5.5864648074805605e-05,1.5615807945015905e-06,0.0,3.4529504093234326e-13,0.017321435835465984
544,262144,exact,158,13.25012236549893,13.079155196385049,0.1709671691138812,0.012903063413138788,0.9871152625158064,5.5864648074805605e-05,5.6732589799773506e-05,1.5877434201933001e-06,0.0,3.7013466835759956e-13,0.017161576263142492
544,262144,exact,159,13.079155196385049,12.91008238075732,0.1690728156277288,0.012926891155359856,0.987091950456745,5.6732589799773506e-05,5.7614674123306406e-05,1.6143918002407298e-06,0.0,3.9685519004047445e-13,0.017002899151246347
544,262144,exact,160,12.91008238075732,12.742886394673164,0.1671959860841561,0.01295080706327361,0.9870685657073137,5.7614674123306406e-05,5.851116912443444e-05,1.6415357993514192e-06,0.0,4.255033215420749e-13,0.01684539792772144
544,262144,exact,161,12.742886394673164,12.577549844116524,0.1653365505566402,0.012974811627117298,0.9870451082699891,5.851116912443444e-05,5.9422348270701084e-05,1.6691854635438432e-06,0.0,4.562737923488429e-13,0.01668906604492207
544,262144,exact,162,12.577549844116524,12.414055464274048,0.16349437984247572,0.01299890534076909,0.9870215781596421,5.9422348270701084e-05,6.034849054831596e-05,1.6973510695406276e-06,0.0,4.893239269722696e-13,0.01653389697955036
544,262144,exact,163,12.414055464274048,12.25238611881397,0.16166934546007816,0.013023088701781654,0.9869979754052669,6.034849054831596e-05,6.12898805953826e-05,1.726043130226027e-06,0.0,5.24795173138283e-13,0.01637988423261479
544,262144,exact,164,12.25238611881397,12.092524799167673,0.15986131964629635,0.013047362211416409,0.9869743000493205,6.12898805953826e-05,6.224680879891682e-05,1.7552723610674234e-06,0.0,5.628847675508489e-13,0.01622702132938117
544,262144,exact,165,12.092524799167673,11.934454623813876,0.15807017535379764,0.01307172637468377,0.9869505521490389,6.224680879891682e-05,6.321957143966812e-05,1.785049729883334e-06,0.0,6.038218292340677e-13,0.016075301819344908
544,262144,exact,166,11.934454623813876,11.778158837565687,0.1562957862481884,0.013096181700361705,0.9869267317769865,6.321957143966812e-05,6.420847081455716e-05,1.8153864370483015e-06,0.0,6.477845197099333e-13,0.015924719276140482
544,262144,exact,167,11.778158837565687,11.623620810860025,0.1545380267056622,0.013120728701057504,0.9869028390214091,6.420847081455716e-05,6.521381537420674e-05,1.8462939330956153e-06,0.0,6.949986240808656e-13,0.015775267297564927
544,262144,exact,168,11.623620810860025,11.470824039050022,0.15279677181000295,0.013145367893216537,0.9868788739871335,6.521381537420674e-05,6.623591984575258e-05,1.8777839065988558e-06,0.0,7.457482304211102e-13,0.015626939505464472
544,262144,exact,169,11.470824039050022,11.31975214169988,0.1510718973501426,0.013170099797176725,0.9868548367961785,6.623591984575258e-05,6.727510538457908e-05,1.909868315419526e-06,0.0,8.00265357995579e-13,0.015479729545733905
544,262144,exact,170,11.31975214169988,11.170388861882481,0.14936327981739872,0.013194924937196454,0.9868307275880629,6.727510538457908e-05,6.833169970495495e-05,1.9425593685700123e-06,0.0,8.588428362585332e-13,0.01533363108824887
544,262144,exact,171,11.170388861882481,11.022718065479586,0.14767079640289538,0.013219843841498036,0.9868065465217527,6.833169970495495e-05,6.940603722680482e-05,1.9758695448189043e-06,0.0,9.218221482367242e-13,0.015188637826838105
544,262144,exact,172,11.022718065479586,10.87672374048477,0.14599432499481502,0.013244857042296398,0.9867822937747173,6.940603722680482e-05,7.049845922667604e-05,2.0098115996767917e-06,0.0,9.894806192933467e-13,0.015044743479216185
544,262144,exact,173,10.87672374048477,10.732389996308926,0.1443337441758441,0.013269965075844724,0.9867579695453234,7.049845922667604e-05,7.160931397812376e-05,2.044398557793101e-06,0.0,1.0622579611719793e-12,0.014901941786956238
544,262144,exact,174,10.732389996308926,10.589701063088425,0.14268893322050147,0.01329516848246988,0.9867335740525696,7.160931397812376e-05,7.273895692327737e-05,2.0796437466657506e-06,0.0,1.1404750570580963e-12,0.014760226515436686
544,262144,exact,175,10.589701063088425,10.448641290995925,0.14105977209250042,0.013320467806610696,0.9867091075371378,7.273895692327737e-05,7.388775081140555e-05,2.1155607670097555e-06,0.0,1.22455353962405e-12,0.014619591453798373
544,262144,exact,176,10.448641290995925,10.309195149553792,0.1394461414421322,0.01334586359685822,0.9866845702628327,7.388775081140555e-05,7.505606586648736e-05,2.1521635244543846e-06,0.0,1.3150059789994104e-12,0.014480030414897241
544,262144,exact,177,10.309195149553792,10.171347226950155,0.13784792260363687,0.013371356405994824,0.9866599625168656,7.505606586648736e-05,7.624427996096368e-05,2.189466238725133e-06,0.0,1.412253262467536e-12,0.014341537235261525
544,262144,exact,178,10.171347226950155,10.035082229357586,0.13626499759256916,0.013396946791032692,0.986635284611525,7.624427996096368e-05,7.745277876668692e-05,2.227483424262398e-06,0.0,1.5168616823756434e-12,0.01420410577503959
544,262144,exact,179,10.035082229357586,9.900384980254326,0.13469724910325986,0.013422635313261677,0.9866105368839652,7.745277876668692e-05,7.868195594541484e-05,2.2662299326355967e-06,0.0,1.6293767279417642e-12,0.014067729917972715
544,262144,exact,180,9.900384980254326,9.767240419748257,0.1331445605060697,0.013448422538276831,0.9865857196986039,7.868195594541484e-05,7.993221330180426e-05,2.3057209185380227e-06,0.0,1.7504347174209303e-12,0.013932403571319522
544,262144,exact,181,9.767240419748257,9.635633603903335,0.13160681584492195,0.01347430903603313,0.9865608334474038,7.993221330180426e-05,8.120396098981073e-05,2.3459718961411803e-06,0.0,1.8806541068373817e-12,0.013798120665839436
544,262144,exact,182,9.635633603903335,9.505549704068695,0.13008389983463964,0.013500295380881176,0.986535878550853,8.120396098981073e-05,8.249761767118358e-05,2.386998695094799e-06,0.0,2.0208033515859217e-12,0.013664875155733471
544,262144,exact,183,9.505549704068695,9.376974006210345,0.12857569785835032,0.013526382151609348,0.9865108554597395,8.249761767118358e-05,8.381361071663672e-05,2.4288175060657875e-06,0.0,2.171618895992211e-12,0.013532661018598588
544,262144,exact,184,9.376974006210345,9.249891910245426,0.12708209596491926,0.013552569931488893,0.9864857646560182,8.381361071663672e-05,8.515237639850132e-05,2.47144487604326e-06,0.0,2.333925153835681e-12,0.013401472255386479
544,262144,exact,185,9.249891910245426,9.124288929379041,0.12560298086638433,0.013578859308319391,0.9864606066536312,8.515237639850132e-05,8.6514360076919e-05,2.5148977054803637e-06,0.0,2.508625333288647e-12,0.013271302890362721
544,262144,exact,186,9.124288929379041,9.000150689443744,0.12413823993529682,0.013605250874464047,0.9864353820006404,8.6514360076919e-05,8.790001640688546e-05,2.5591932725962194e-06,0.0,2.6967273086906524e-12,0.013142146971043276
544,262144,exact,187,9.000150689443744,8.877462928241497,0.122687761202247,0.01363174522690461,0.9864100912800967,8.790001640688546e-05,8.930980954688827e-05,2.6043492386175415e-06,0.0,2.8991671530923663e-12,0.013013998568169632
544,262144,exact,188,8.877462928241497,8.756211494888259,0.12125143335323862,0.013658342967280277,0.9863847351109506,8.930980954688827e-05,9.074421335001616e-05,2.6503836345172045e-06,0.0,3.1172178824746127e-12,0.012886851775653048
544,262144,exact,189,8.756211494888259,8.636382349161115,0.11982914572714343,0.013685044701935059,0.9863593141505999,9.074421335001616e-05,9.220371159894997e-05,2.697314907884263e-06,0.0,3.3519919424764705e-12,0.012760700710530735
544,262144,exact,190,8.636382349161115,8.517961560847976,0.11842078831313962,0.013711851041963454,0.9863338290952167,9.220371159894997e-05,9.368879820895195e-05,2.7451618956046197e-06,0.0,3.604836034168911e-12,0.012635539512920763
544,262144,exact,191,8.517961560847976,8.400935309099815,0.11702625174816106,0.013738762603257265,0.9863082806820159,9.368879820895195e-05,9.519997745282855e-05,2.7939438493942762e-06,0.0,3.877201457027496e-12,0.012511362345977599
544,262144,exact,192,8.400935309099815,8.285289881785468,0.11564542731434635,0.013765780006552401,0.9862826696908876,9.519997745282855e-05,9.673776419809934e-05,2.843680451966597e-06,0.0,4.1705553127744516e-12,0.012388163395844972
544,262144,exact,193,8.285289881785468,8.17101167484897,0.1142782069364987,0.013792903877476875,0.9862569969455153,9.673776419809934e-05,9.830268412696402e-05,2.894391804348304e-06,0.0,4.4866251149413075e-12,0.012265936871611361
544,262144,exact,194,8.17101167484897,8.058087191669399,0.1129244831795706,0.013820134846601826,0.9862312633155002,9.830268412696402e-05,9.989527397052992e-05,2.9460984438730636e-06,0.0,4.82718342565986e-12,0.012144677005269668
544,262144,exact,195,8.058087191669399,7.946503042423345,0.11158414924605431,0.013847473549481083,0.9862054697180604,9.989527397052992e-05,0.00010151608177139846,2.99882137681323e-06,0.0,5.194135567617927e-12,0.012024378051655737
544,262144,exact,196,7.946503042423345,7.836245943449762,0.11025709897358293,0.013874920626716228,0.9861796171199609,0.00010151608177139846,0.00010316566710320616,3.0525820399988932e-06,0.0,5.589629101373714e-12,0.01190503428842907
544,262144,exact,197,7.836245943449762,7.727302716617499,0.1089432268322632,0.013902476723988958,0.9861537065391234,0.00010316566710320616,0.00010484460134516136,3.107402359611398e-06,0.0,6.015858113311151e-12,0.011786640015998138
544,262144,exact,198,7.727302716617499,7.61966028869523,0.10764242792226852,0.01393014249212528,0.9861277390470662,0.00010484460134516136,0.00010655346792553451,3.163304725054578e-06,0.0,6.475315035146985e-12,0.011669189557498417
544,262144,exact,199,7.61966028869523,7.513305690723954,0.10635459797127567,0.013957918587140522,0.9861017157705267,0.00010655346792553451,0.00010829286259036048,3.220312018326015e-06,0.0,6.970634898288697e-12,0.011552677258735265
544,262144,exact,200,7.513305690723954,7.4082260573919845,0.1050796333319699,0.013985805670292754,0.9860756378941163,0.00010829286259036048,0.00011006339366719738,3.2784476136832575e-06,0.0,7.504655466397496e-12,0.011437097488141687
544,262144,exact,201,7.4082260573919845,7.304408626412445,0.10381743097953944,0.014013804408134874,0.9860495066618243,0.00011006339366719738,0.00011186568233959825,3.3377353930346074e-06,0.0,8.080502494336658e-12,0.011322444636733067
544,262144,exact,202,7.304408626412445,7.201840737903269,0.10256788850917609,0.014041915472567452,0.9860233233801443,0.00011186568233959825,0.0001137003629300845,3.3981997588932014e-06,0.0,8.701486891595465e-12,0.011208713118060475
544,262144,exact,203,7.201840737903269,7.100509833769679,0.10133090413359014,0.014070139540893463,0.9859970894197301,0.0001137003629300845,0.00011556808317417156,3.4598656303945274e-06,0.0,9.371253257986836e-12,0.011095897368166754
544,262144,exact,204,7.100509833769679,7.000403457089163,0.10010637668051547,0.014098477295871688,0.9859708062183173,0.00011556808317417156,0.00011746950452596564,3.522758479211342e-06,0.0,1.009358919959024e-11,0.010983991845540782
544,262144,exact,205,7.000403457089163,6.901509251498943,0.09889420559022,0.014126929425770722,0.9859444752831523,0.00011746950452596564,0.00011940530242841284,3.586904299708436e-06,0.0,1.0872920687171779e-11,0.01087299103106933
544,262144,exact,206,6.901509251498943,6.803814960585868,0.09769429091307558,0.01415549662443143,0.9859180981935607,0.00011940530242841284,0.00012137616664171925,3.6523296708927626e-06,0.0,1.1713621256769988e-11,0.01076288942800248
544,262144,exact,207,6.803814960585868,6.707308427278882,0.09650653330698589,0.014184179591309142,0.9858916766038592,0.00012137616664171925,0.00012338280153039556,3.719061721005502e-06,0.0,1.2620763944560034e-11,0.010653681561886471
544,262144,exact,208,6.707308427278882,6.6119775932438225,0.09533083403505938,0.014212979031550898,0.985865212246035,0.00012338280153039556,0.0001254259263858883,3.787128167203797e-06,0.0,1.3599589309505264e-11,0.0105453619805492
544,262144,exact,209,6.6119775932438225,6.517810498280856,0.09416709496296694,0.014241895656026982,0.9858387069329543,0.0001254259263858883,0.00012750627573434123,3.856557306209555e-06,0.0,1.4656000371648936e-11,0.010437925254014449
544,262144,exact,210,6.517810498280856,6.424795279724153,0.0930152185567028,0.014270930181421598,0.9858121625609448,0.00012750627573434123,0.00012962459967242408,3.92737804680554e-06,0.0,1.5796144503098936e-11,0.010331365974506386
544,262144,exact,211,6.424795279724153,6.332920171844227,0.09187510787992537,0.01430008333026138,0.9857855811135997,0.00012962459967242408,0.0001317816641890693,3.999619901220839e-06,0.0,1.702684984650725e-11,0.010225678756357165
544,262144,exact,212,6.332920171844227,6.242173505252584,0.09074666659164343,0.014329355830995236,0.9857589646644805,0.0001317816641890693,0.00013397825150424084,4.073313006870656e-06,0.0,1.8355409043841614e-11,0.01012085823599041
544,262144,exact,213,6.242173505252584,6.152543706308865,0.0896297989437187,0.014358748418046722,0.9857323153808838,0.00013397825150424084,0.00013621516040408183,4.14848812790955e-06,0.0,1.9789785424533662e-11,0.010016899071866037
544,262144,exact,214,6.152543706308865,6.064019296530421,0.08852440977844456,0.01438826183187792,0.9857056355271957,0.00013621516040408183,0.0001384932065949176,4.225176678917444e-06,0.0,2.1338544212851085e-11,0.009913795944435595
544,262144,exact,215,6.064019296530421,5.976588892004314,0.08743040452610629,0.014417896819050416,0.9856789274685789,0.0001384932065949176,0.00014081322305804065,4.303410730763672e-06,0.0,2.301088573158916e-11,0.009811543556097787
544,262144,exact,216,5.976588892004314,5.890241202801753,0.08634768920256164,0.014447654132289498,0.9856521936746604,0.00014081322305804065,0.00014317606039339334,4.383223004906631e-06,0.0,2.48170703280072e-11,0.009710136631153474
544,262144,exact,217,5.890241202801753,5.804965032394941,0.08527617040681168,0.014477534530546765,0.9856254367235839,0.00014317606039339334,0.00014558258720320935,4.464646917335727e-06,0.0,2.6767726923893065e-11,0.00960956991575794
544,262144,exact,218,5.804965032394941,5.720749277076355,0.08421575531858583,0.014507538779064983,0.9855986593058862,0.00014558258720320935,0.0001480336904464165,4.547716555433938e-06,0.0,2.8874782827346263e-11,0.009509838177878422
544,262144,exact,219,5.720749277076355,5.6375829253804275,0.08316635169592779,0.014537667649443075,0.9855718642288402,0.0001480336904464165,0.00015053027582411492,4.632466713112878e-06,0.0,3.115094776096408e-11,0.009410936207245884
544,262144,exact,220,5.6375829253804275,5.555455057507617,0.08212786787281079,0.014567921919706175,0.9855450544205966,0.00015053027582411492,0.00015307326815462846,4.718932885596111e-06,0.0,3.3609992393379695e-11,0.009312858815316398
544,262144,exact,221,5.555455057507617,5.474354844750939,0.08110021275667734,0.014598302374362453,0.985518232934678,0.00015307326815462846,0.00015566361176090504,4.807151286523106e-06,0.0,3.6266903624118316e-11,0.009215600835212064
544,262144,exact,222,5.474354844750939,5.394271548924814,0.0800832958261255,0.014628809804485547,0.9854914029548087,0.00015566361176090504,0.0001583022708660833,4.897158860623572e-06,0.0,3.913780722577219e-11,0.009119157121693519
544,262144,exact,223,5.394271548924814,5.315194521796382,0.07907702712843179,0.014659445007768179,0.9854645677993144,0.0001583022708660833,0.00016099022998445966,4.98899328397515e-06,0.0,4.224021027160636e-11,0.009023522551097484
544,262144,exact,224,5.315194521796382,5.237113204519156,0.07808131727722589,0.014690208788602653,0.9854377309263425,0.00016099022998445966,0.00016372849432943107,5.082692985297571e-06,0.0,4.559306244719154e-11,0.008928692021302937
544,262144,exact,225,5.237113204519156,5.160017127069073,0.07709607745008284,0.01472110195814669,0.9854108959389191,0.00016372849432943107,0.0001665180902137594,5.178297142796103e-06,0.0,4.921693160984085e-11,0.008834660451682323
544,262144,exact,226,5.160017127069073,5.083895907682924,0.07612121938614891,0.014752125334395218,0.9853840665900573,0.0001665180902137594,0.00016936006546539338,5.2758457037483585e-06,0.0,5.3133999234960747e-11,0.008741422783054517
544,262144,exact,227,5.083895907682924,5.008739252299154,0.07515665538377014,0.014783279742252653,0.9853572467883728,0.00016936006546539338,0.0001722554898404554,5.375379385909483e-06,0.0,5.7368332659216495e-11,0.008648973977641718
544,262144,exact,228,5.008739252299154,4.934536954001026,0.07420229829812808,0.014814566013606539,0.9853304406035457,0.0001722554898404554,0.00017520545544695836,5.4769396920817366e-06,0.0,6.194599889465524e-11,0.008557309019022786
544,262144,exact,229,4.934536954001026,4.861278892462154,0.07325806153887182,0.014845984987400418,0.9853036522721748,0.00017520545544695836,0.00017821107716435813,5.580568909597719e-06,0.0,6.689513745998694e-11,0.008466422912087873
544,262144,exact,230,4.861278892462154,4.788955033394387,0.07232385906776706,0.014877537509709974,0.9852768862037815,0.00017821107716435813,0.0001812734930701706,5.686310121077657e-06,0.0,7.224642767172072e-11,0.008376310682994012
544,262144,exact,231,4.788955033394387,4.7175554279980485,0.07139960539633883,0.014909224433817902,0.9852501469869411,0.0001812734930701706,0.00018439386487735442,5.794207217884509e-06,0.0,7.803275191807513e-11,0.008286967379118246
544,262144,exact,232,4.7175554279980485,4.647070212414504,0.07048521558354448,0.01494104662029498,0.9852234393956072,0.00018439386487735442,0.00018757337835913638,5.904304891289395e-06,0.0,8.429006898382808e-11,0.008198388069017046
544,262144,exact,233,4.647070212414504,4.577489607181119,0.06958060523338538,0.014973004937068296,0.9851967683956057,0.00018757337835913638,0.00019081324378965976,6.016648650272795e-06,0.0,9.105708044130842e-11,0.008110567842370867
544,262144,exact,234,4.577489607181119,4.508803916688498,0.06868569049262074,0.015005100259510658,0.9851701391515739,0.00019081324378965976,0.00019411469638031588,6.131284819833485e-06,0.0,9.837573990015627e-11,0.008023501809948758
544,262144,exact,235,4.508803916688498,4.441003528640092,0.06780038804840594,0.015037333470514303,0.9851435570336736,0.00019411469638031588,0.00019747899671725879,6.248260544215226e-06,0.0,1.0629157241328312e-10,0.00793718510355808
544,262144,exact,236,4.441003528640092,4.3740789135141,0.06692461512599213,0.015069705460577633,0.9851170276249476,0.00019747899671725879,0.00020090743120377443,6.367623793034016e-06,0.0,1.1485372231729261e-10,0.007851612876004353
544,262144,exact,237,4.3740789135141,4.308020624027743,0.06605828948635661,0.015102217127876624,0.9850905567285855,0.00020090743120377443,0.00020440131250084575,6.489423360837256e-06,0.0,1.2411542765224624e-10,0.007766780301034577
544,262144,exact,238,4.308020624027743,4.242819294603804,0.06520132942393886,0.015134869378359542,0.9850641503753619,0.00020440131250084575,0.0002079619799631187,6.613708863222479e-06,0.0,1.3413435821590068e-10,0.0076826825733041105
544,262144,exact,239,4.242819294603804,4.178465640839506,0.06435365376429836,0.015167663125824387,0.9850378148316729,0.0002079619799631187,0.0002115908000818473,6.740530743898622e-06,0.0,1.449729899116129e-10,0.007599314908325455
544,262144,exact,240,4.178465640839506,4.114950458977688,0.06351518186181782,0.015200599292006341,0.9850115566074007,0.0002115908000818473,0.00021528916691688683,6.869940263300815e-06,0.0,1.5669883972205603e-10,0.007516672542423066
544,262144,exact,241,4.114950458977688,4.052264625380291,0.06268583359739743,0.015233678806663204,0.9849853824641194,0.00021528916691688683,0.00021905850253648405,7.00198950546877e-06,0.0,1.6938499612802714e-10,0.0074347507326891936
544,262144,exact,242,4.052264625380291,3.990399096004128,0.061865529376162964,0.015266902607664005,0.984959299423531,0.00021905850253648405,0.00022290025744655254,7.136731366023729e-06,0.0,1.831105743107294e-10,0.007353544756938479
544,262144,exact,243,3.990399096004128,3.9293449058789607,0.06105419012516711,0.01530027164107596,0.9849333147761948,0.00022290025744655254,0.00022681591100903446,7.274219539137252e-06,0.0,1.9796140299384833e-10,0.007273049913660643
544,262144,exact,244,3.9293449058789607,3.869093168587856,0.06025173729110467,0.015333786861254643,0.9849074360902765,0.00022681591100903446,0.00023080697187458817,7.414508528003816e-06,0.0,2.1402980410656532e-10,0.007193261521976665
544,262144,exact,245,3.869093168587856,3.8096350757498043,0.0594580928380517,0.01536744923094027,0.9848816712207277,0.00023080697187458817,0.00023487497838479442,7.557653611881106e-06,0.0,2.314163265854617e-10,0.007114174921597624
544,262144,exact,246,3.8096350757498043,3.7509618965046627,0.05867317924514159,0.015401259721337919,0.984856028318557,0.00023487497838479442,0.00023902149898443514,7.703710850276258e-06,0.0,2.5022929667456277e-10,0.007035785472768074
544,262144,exact,247,3.7509618965046627,3.6930649770003265,0.057896919504336175,0.015435219312221613,0.9848305158404079,0.00023902149898443514,0.00024324813261664369,7.852737060768312e-06,0.0,2.705859134032127e-10,0.006958088556231139
544,262144,exact,248,3.6930649770003265,3.635935739882166,0.057129237118160425,0.01546932899202964,0.984805142558161,0.00024324813261664369,0.00024755650910417913,8.004789798829402e-06,0.0,2.926131905138171e-10,0.006881079573183047
544,262144,exact,249,3.635935739882166,3.5795656837847707,0.05637005609739543,0.015503589757948327,0.9847799175690641,0.00024755650910417913,0.00025194828952614237,8.159927345083218e-06,0.0,3.1644823962834537e-10,0.0068047539452174
544,262144,exact,250,3.5795656837847707,3.5239463828258972,0.05561930095887346,0.01553800261602287,0.9847548503057443,0.00025194828952614237,0.0002564251665768015,8.318208679014675e-06,0.0,3.422393177773646e-10,0.006729107114292073
544,262144,exact,251,3.5239463828258972,3.4690694861027,0.05487689672319718,0.01557256858124802,0.9847299505466388,0.0002564251665768015,0.00026098886490713547,8.479693451872054e-06,0.0,3.701468239986766e-10,0.006654134542676009
544,262144,exact,252,3.4690694861027,3.414926717190197,0.054142768912503136,0.015607288677670571,0.9847052284265081,0.00026098886490713547,0.000265641141453309,8.644441962053178e-06,0.0,4.0034390006663673e-10,0.006579831712907701
544,262144,exact,253,3.414926717190197,3.361509873641978,0.05341684354821874,0.01564216393849006,0.9846806944472032,0.000265641141453309,0.0002703837857383969,8.81251511628823e-06,0.0,4.3301788343148503e-10,0.006506194127748258
544,262144,exact,254,3.361509873641978,3.308810826493155,0.05269904714882312,0.01567719540616048,0.9846563594886207,0.0002703837857383969,0.00027521862016421044,8.983974405087037e-06,0.0,4.683707977666193e-10,0.006433217310135825
544,262144,exact,255,3.308810826493155,3.256821519765537,0.051989306727618256,0.01571238413249486,0.9846322348197117,0.00027521862016421044,0.0002801475002620945,9.15888184717501e-06,0.0,5.066213644346756e-10,0.00636089680314072
544,262144,exact,256,3.256821519765537,3.2055339699750367,0.0512875497905001,0.01574773117876977,0.9846083321098338,0.0002801475002620945,0.0002851723149369096,9.337299964201702e-06,0.0,5.48005092205258e-10,0.006289228169919877
544,262144,exact,257,3.2055339699750367,3.1549402656412835,0.05059370433375321,0.015783237615836967,0.9845846634400783,0.0002851723149369096,0.0002902949866636323,9.519291715918157e-06,0.0,5.927768710460059e-10,0.006218206993674849
544,262144,exact,258,3.1549402656412835,3.105032566799488,0.04990769884179569,0.015818904524219666,0.9845612413148336,0.0002902949866636323,0.0002955174716659959,9.704920460268478e-06,0.0,6.412112914201337e-10,0.0061478288775971045
544,262144,exact,259,3.105032566799488,3.0558031045144776,0.04922946228501024,0.015854732994235066,0.9845380786735222,0.0002955174716659959,0.00030084176005397575,9.894249890204538e-06,0.0,6.936047254125013e-10,0.006078089444833549
544,262144,exact,260,3.0558031045144776,3.007244180396961,0.04855892411751661,0.015890724126099057,0.9845151889022105,0.00030084176005397575,0.0003062698759201128,1.0087343967927583e-05,0.0,7.50277028168083e-10,0.006008984338434763
544,262144,exact,261,3.007244180396961,2.959348166121994,0.04789601427496715,0.01592687903003766,0.984492585845581,0.0003062698759201128,0.00031180387740211123,1.0284266863731849e-05,0.0,8.115728177384221e-10,0.005940509221310993
544,262144,exact,262,2.959348166121994,2.91210750294962,0.047240663172373853,0.01596319882640887,0.9844702838187842,0.00031180387740211123,0.0003174458566972787,1.0485082878997707e-05,0.0,8.778635728502043e-10,0.00587265977618978
544,262144,exact,263,2.91210750294962,2.8655147012477418,0.046592801701878184,0.01599968464580555,0.9844482976193931,0.0003174458566972787,0.0003231979400252781,1.0689856362821422e-05,0.0,9.495495091171174e-10,0.005805431705563581
544,262144,exact,264,2.8655147012477418,2.81956234001714,0.045952361230601646,0.016036337629184886,0.9844266425393968,0.0003231979400252781,0.0003290622875407813,1.0898651627894032e-05,0.0,1.0270618465944847e-09,0.005738820731651219
544,262144,exact,265,2.81956234001714,2.774243066418696,0.04531927359844401,0.016073158927980474,0.9844053343770552,0.0003290622875407813,0.00033504109319379763,1.111153286056459e-05,0.0,1.110864228512018e-09,0.005672822596349588
544,262144,exact,266,2.774243066418696,2.7295495953027786,0.04469347111591748,0.016110149704226466,0.9843843894488966,0.00033504109319379763,0.0003411365845152362,1.1328564007720975e-05,0.0,1.2014563521042625e-09,0.0056074330611890835
544,262144,exact,267,2.7295495953027786,2.6854747087408133,0.04407488656196534,0.016147311130676224,0.9843638246015177,0.0003411365845152362,0.0003473510223538556,1.1549808683835866e-05,0.0,1.2993748970129178e-09,0.005542647907286947
544,262144,exact,268,2.6854747087408133,2.6420112555590065,0.04346345318180678,0.016184644390930147,0.9843436572232845,0.0003473510223538556,0.0003536867005266376,1.1775330039706478e-05,0.0,1.4051971099844802e-09,0.0054784629353040615
544,262144,exact,269,2.6420112555590065,2.59915215087424,0.042859104684766614,0.01622215067955807,0.9843239052559166,0.0003536867005266376,0.0003601459454001551,1.2005190643988602e-05,0.0,1.5195432932768593e-09,0.005414873965397027
544,262144,exact,270,2.59915215087424,2.5568903756321193,0.0422617752421206,0.016259831202227085,0.9843045872058666,0.0003601459454001551,0.00036673111539046874,1.2239452348737412e-05,0.0,1.6430792348985472e-09,0.005351876837173959
544,262144,exact,271,2.5568903756321193,2.515218976147159,0.041671399484960236,0.016297687175836843,0.9842857221554665,0.00036673111539046874,0.0003734446003680841,1.2478176138710073e-05,0.0,1.7765196132202808e-09,0.005289467409652437
544,262144,exact,272,2.515218976147159,2.474131063645146,0.04108791250201316,0.01633571982863778,0.9842673297738035,0.0003734446003680841,0.0003802888209763801,1.2721421984555408e-05,0.0,1.920630914617298e-09,0.005227641561206093
544,262144,exact,273,2.474131063645146,2.4336198138076144,0.040511249837531516,0.01637393040037505,0.98424943032728,0.0003802888209763801,0.00038726622784506854,1.2969248673680078e-05,0.0,2.0762344465755957e-09,0.005166395189526433
544,262144,exact,274,2.4336198138076144,2.393678466318458,0.03994134748915634,0.01641232014242379,0.9842320446897489,0.00038726622784506854,0.00039437930069304906,1.322171363194212e-05,0.0,2.2442101310442795e-09,0.005105724211577718
544,262144,exact,275,2.393678466318458,2.354300324412701,0.03937814190575706,0.016450890317913792,0.9842151943523014,0.00039437930069304906,0.00040163054732088305,1.3478872740292751e-05,0.0,2.4254995437253055e-09,0.005045624563544089
544,262144,exact,276,2.354300324412701,2.3154787544273643,0.0388215699853367,0.016489642201880532,0.9841989014324436,0.00040163054732088305,0.0004090225024777851,1.3740780132366702e-05,0.0,2.6211095057100155e-09,0.0049860922007922024
544,262144,exact,277,2.3154787544273643,2.277207185354466,0.03827156907289808,0.016528577081400573,0.9841831886828496,0.0004090225024777851,0.00041655772659534706,1.400748797990112e-05,0.0,2.8321161793781052e-09,0.004927123097822308
544,262144,exact,278,2.277207185354466,2.239479108396139,0.03772807695832725,0.01656769625573378,0.9841680794993931,0.00041655772659534706,0.00042423880438911886,1.4279046273066979e-05,0.0,3.059667924131936e-09,0.004868713248223262
544,262144,exact,279,2.239479108396139,2.2022880765218544,0.03719103187428452,0.01660700103646863,0.9841535979285516,0.00042423880438911886,0.00043206834330082236,1.4555502570490925e-05,0.0,3.304990126896685e-09,0.0048108586646272
544,262144,exact,280,2.2022880765218544,2.165627704027756,0.03666037249409859,0.016646492747668832,0.9841397686740186,0.00043206834330082236,0.0004400489717926239,1.4836901753341259e-05,0.0,3.5693881551618e-09,0.004753555378664302
544,262144,exact,281,2.165627704027756,2.1294916660980916,0.036136037929664244,0.01668617272602138,0.9841266171025292,0.0004400489717926239,0.0004481833374692456,1.5123285751128603e-05,0.0,3.854251604343013e-09,0.004696799440917217
544,262144,exact,282,2.1294916660980916,2.093873698368743,0.03561796772934844,0.016726042320988243,0.9841141692487343,0.0004481833374692456,0.0004564741050263348,1.5414693259493118e-05,0.0,4.161057830058806e-09,0.004640586920876254
544,262144,exact,283,2.093873698368743,2.058767596492845,0.035106101875898243,0.016766102894958786,0.9841024518191052,0.0004564741050263348,0.0004649239540034896,1.5711159431476114e-05,0.0,4.491376334324511e-09,0.004584913906893134
544,262144,exact,284,2.058767596492845,2.0241672157084936,0.03460038078435135,0.016806355823403205,0.9840914921947918,0.0004649239540034896,0.00047353557634910025,1.6012715567967796e-05,0.0,4.846871264367267e-09,0.0045297765061353915
544,262144,exact,285,2.0241672157084936,1.9900664704085218,0.03410074529997176,0.016846802495037894,0.984081318433287,0.00047353557634910025,0.00048231167377082567,1.6319388777678512e-05,0.0,5.229305541809993e-09,0.0044751708445450985
544,262144,exact,286,1.9900664704085218,1.9564593337123781,0.03360713669614368,0.01688744431197054,0.9840719592688953,0.00048231167377082567,0.0004912549548581303,1.663120161681791e-05,0.0,5.640544604307296e-09,0.004421093066785316
544,262144,exact,287,1.9564593337123781,1.923339837040052,0.033119496672326054,0.016928282689874195,0.9840634441118462,0.0004912549548581303,0.0005003681319835656,1.6948171726859882e-05,0.0,6.0825579954737474e-09,0.004367539336202032
544,262144,exact,288,1.923339837040052,1.8907020696880632,0.03263776735198887,0.016969319058153118,0.9840558030460018,0.0005003681319835656,0.000509653917948248,1.72703114334189e-05,0.0,6.557422886372538e-09,0.004314505834777979
544,262144,exact,289,1.8907020696880632,1.8585401784075393,0.032161891280523935,0.01701055486009499,0.9840490668250484,0.000509653917948248,0.0005191150223714674,1.7597627336776555e-05,0.0,7.06732601238845e-09,0.0042619887630814795
544,262144,exact,290,1.8585401784075393,1.8268483669843183,0.03169181142322097,0.01705199155305623,0.9840432668671116,0.0005191150223714674,0.0005287541478083571,1.7930119879361896e-05,0.0,7.61456521729438e-09,0.004209984340228438
544,262144,exact,291,1.8268483669843183,1.7956208958211188,0.03122747116319946,0.017093630608624847,0.9840384352476657,0.0005287541478083571,0.0005385739855836315,1.826778289312844e-05,0.0,8.201549545625367e-09,0.004158488803832315
544,262144,exact,292,1.7956208958211188,1.7648520815217508,0.030768814299368064,0.017135473512797258,0.984034604690636,0.0005385739855836315,0.0005485772113206954,1.8610603120766667e-05,0.0,8.830800520410846e-09,0.004107498409960648
544,262144,exact,293,1.7648520815217508,1.7345362964773683,0.03031578504438248,0.017177521766154235,0.9840318085576915,0.0005485772113206954,0.0005587664801624506,1.895855972339561e-05,0.0,9.504950383731371e-09,0.004057009433089083
544,262144,exact,294,1.7345362964773683,1.7046679684547605,0.02986832802260775,0.017219776884039084,0.9840300808355072,0.0005587664801624506,0.0005691444216602533,1.931162375817149e-05,0.0,1.0226740346274202e-08,0.0040070181660551854
544,262144,exact,295,1.7046679684547605,1.6752415801866591,0.0294263882681014,0.01726224039674758,0.984029456121021,0.0005691444216602533,0.0005797136343231274,1.9669757639782527e-05,0.0,1.0999017307296473e-08,0.0039575209200172
544,262144,exact,296,1.6752415801866591,1.6462516689640987,0.02898991122256045,0.017304913849697026,0.9840299696045499,0.0005797136343231274,0.000590476679807207,2.0032914574258486e-05,0.0,1.1824729381640711e-08,0.003908514024401123
544,262144,exact,297,1.6462516689640987,1.6176928262307688,0.02855884273332987,0.017347798803630358,0.9840316570506571,0.000590476679807207,0.0006014360767352922,2.0401037973975577e-05,0.0,1.270691913962587e-08,0.003859993826862843
544,262144,exact,298,1.6176928262307688,1.5895596971794088,0.028133129051360006,0.017390896834790517,0.9840345547767789,0.0006014360767352922,0.0006125942941290488,2.077406084810844e-05,0.0,1.3648715965590419e-08,0.0038119566932361916
544,262144,exact,299,1.5895596971794088,1.5618469803501753,0.027712716829233486,0.017434209535136216,0.9840386996294368,0.0006125942941290488,0.0006239537444405037,2.115190517069607e-05,0.0,1.4653325354214812e-08,0.003764399007497112
544,262144,exact,300,1.5618469803501753,1.5345494272310638,0.02729755311911153,0.017477738512508605,0.9840441289580542,0.0006239537444405037,0.0006355167761676426,2.1534481226165773e-05,0.0,1.5724016595069015e-08,0.0037173171717054558
544,262144,exact,301,1.5345494272310638,1.507661841860286,0.026887585370777733,0.017521485390857437,0.9840508805862734,0.0006355167761676426,0.0006472856660414975,2.192168693391522e-05,0.0,1.6864107535994113e-08,0.0036707076059717975
544,262144,exact,302,1.507661841860286,1.4811790804306777,0.02648276142960837,0.01756545181042163,0.9840589927807109,0.0006472856660414975,0.0006592626107696076,2.231340715010161e-05,0.0,1.80769466816234e-08,0.003624566748402256
544,262144,exact,303,1.4811790804306777,1.4550960508960729,0.02608302953460484,0.017609639427948687,0.9840685042171645,0.0006592626107696076,0.0006714497183247386,2.2709512949924587e-05,0.0,1.9365891536443983e-08,0.0035788910550603086
544,262144,exact,304,1.4550960508960729,1.4294077125796736,0.025688338316399273,0.01765404991689721,0.9840794539441603,0.0006714497183247386,0.000683848998764353,2.3109860889287112e-05,0.0,2.073428490316151e-08,0.003533676999917571
544,262144,exact,305,1.4294077125796736,1.4041090757844001,0.025298636795273444,0.017698684967647624,0.9840918813439021,0.000683848998764353,0.0006964623545730514,2.3514292249568918e-05,0.0,2.2185425673534702e-08,0.003488921074809796
544,262144,exact,306,1.4041090757844001,1.3791952014052153,0.024913874379184797,0.01774354628771754,0.9841058260905328,0.0006964623545730514,0.0007092915705142986,2.392263226310775e-05,0.0,2.3722536879430996e-08,0.003444619789390905
544,262144,exact,307,1.3791952014052153,1.3546612005434173,0.024534000861798022,0.017788635601980893,0.9841213281057443,0.0007092915705142986,0.0007223383029856216,2.4334689325949143e-05,0.0,2.5348729068260314e-08,0.0034007696710882766
544,262144,exact,308,1.3546612005434173,1.330502234122904,0.024158966420513295,0.017833954652884437,0.9841384275117863,0.0007223383029856216,0.0007356040688693773,2.4750254196183452e-05,0.0,2.7066958608028963e-08,0.0033573672650560192
544,262144,exact,309,1.330502234122904,1.3067135125083835,0.023788721614520503,0.017879505200682766,0.9841571645818041,0.0007356040688693773,0.000749090233872875,2.5169099181412475e-05,0.0,2.8879981862016922e-08,0.0033144091341335315
544,262144,exact,310,1.3067135125083835,1.2832902951255638,0.023423217382819717,0.01792528902364851,0.9841775796876643,0.000749090233872875,0.0007627980003571826,2.559097731995247e-05,0.0,3.0790303442301825e-08,0.003271891858792778
544,262144,exact,311,1.2832902951255638,1.2602278900832704,0.0230624050422934,0.017971307918320113,0.9841997132452123,0.0007627980003571826,0.0007767283946530001,2.601562155703455e-05,0.0,3.280011959488991e-08,0.0032298120371000703
544,262144,exact,312,1.2602278900832704,1.2375216537975147,0.022706236285755743,0.01801756369973324,0.9842236056571275,0.0007767283946530001,0.0007908822538662941,2.6442743920798825e-05,0.0,3.491125615277726e-08,0.0031881662846687843
544,262144,exact,313,1.2375216537975147,1.2151669906175144,0.022354663180000234,0.018064058201649812,0.9842492972534096,0.0007908822538662941,0.0008052602121784842,2.687203470081864e-05,0.0,3.712510042712825e-08,0.00314695123461066
544,262144,exact,314,1.2151669906175144,1.1931593524536348,0.022007638163879628,0.018110793276812063,0.9842768282296196,0.0008052602121784842,0.0008198626866548931,2.7303161639828688e-05,0.0,3.9442527484563616e-08,0.003106163537494549
544,262144,exact,315,1.1931593524536348,1.1714942384072664,0.021665114046368394,0.018157770797183004,0.9843062385829848,0.0008198626866548931,0.0008346898625686194,2.7735769134338583e-05,0.0,4.186382153729875e-08,0.003065799861299171
544,262144,exact,316,1.1714942384072664,1.1501671944026284,0.02132704400463803,0.01820499265419669,0.984337568046536,0.0008346898625686194,0.0008497416782652157,2.8169477462398283e-05,0.0,4.4388591074833415e-08,0.0030258568913680405
544,262144,exact,317,1.1501671944026284,1.12917381282049,0.02099338158213837,0.018252460759013277,0.9843708560213856,0.0008497416782652157,0.000865017809585714,2.8603882034421433e-05,0.0,4.701567968658834e-08,0.002986331330363995
544,262144,exact,318,1.12917381282049,1.1085097321338089,0.02066408068668113,0.018300177042775784,0.9844061415073672,0.000865017809585714,0.0008805176538811961,2.903855268372069e-05,0.0,4.9743071951855594e-08,0.0029472198982239133
544,262144,exact,319,1.1085097321338089,1.088170636545279,0.020339095588529865,0.01834814345687199,0.9844434630321851,0.0008805176538811961,0.0008962403136541486,2.9473033002078982e-05,0.0,5.256779570992319e-08,0.002908519332113534
544,262144,exact,320,1.088170636545279,1.068152255626783,0.020018380918495948,0.018396361973201415,0.9844828585792902,0.0008962403136541486,0.0009121845798667263,2.9906839727857424e-05,0.0,5.548582136707513e-08,0.0028702263863816775
544,262144,exact,321,1.068152255626783,1.0484503639607456,0.01970189166603742,0.01844483458444462,0.9845243655147062,0.0009121845798667263,0.0009283489149681163,3.0339462202798244e-05,0.0,5.84919602695513e-08,0.0028323378325155026
544,262144,exact,322,1.0484503639607456,1.0290607807833838,0.019389583177361835,0.018493563304335683,0.9845680205130242,0.0009283489149681163,0.0009447314357009294,3.077036190685705e-05,0.0,6.157976149975212e-08,0.002794850459093709
544,262144,exact,323,1.0290607807833838,1.0099793696298376,0.019081411153546224,0.018542550167950516,0.9846138594828007,0.0009447314357009294,0.0009613298957485729,3.119897208052783e-05,0.0,6.474141217441623e-08,0.002757761071744503
544,262144,exact,324,1.0099793696298376,0.9912020379812045,0.018777331648633044,0.018591797231972202,0.9846619174916386,0.0009613298957485729,0.0009781416683076972,3.162469745868317e-05,0.0,6.796764081260821e-08,0.0027210664930950876
544,262144,exact,325,0.9912020379812045,0.9727247369134332,0.018477301067771346,0.01864130657499891,0.9847122286911695,0.0009781416683076972,0.000995163728668642,3.204691412054613e-05,0.0,7.124762687531032e-08,0.002684763562731319
544,262144,exact,326,0.9727247369134332,0.9545434607481079,0.018181276165325277,0.018691080297820475,0.9847648262422463,0.000995163728668642,0.0010123926369017097,3.246496947864639e-05,0.0,7.456892189773752e-08,0.0026488491371489064
544,262144,exact,327,0.9545434607481079,0.9366542467050945,0.01788921404301347,0.018741120523724595,0.9848197422405863,0.0010123926369017097,0.001029824520764429,3.287818242628957e-05,0.0,7.791738166999795e-08,0.0026133200897096196
544,262144,exact,328,0.9366542467050945,0.9190531745570513,0.017601072148043184,0.018791429398798083,0.9848770076431517,0.001029824520764429,0.0010474550589473985,3.328584365715555e-05,0.0,8.127711777043689e-08,0.0025781733105966842
544,262144,exact,329,0.9190531745570513,0.901736366285808,0.017316808271243267,0.01884200909222615,0.9849366521955513,0.0010474550589473985,0.0010652794647961624,3.368721618179031e-05,0.0,8.463047057225524e-08,0.002543405706766227
544,262144,exact,330,0.901736366285808,0.8846999857405872,0.01703638054522083,0.018892861796616395,0.9849987043607101,0.0010652794647961624,0.0010832924706595548,3.408153606244781e-05,0.0,8.79580091836616e-08,0.0025090142019065405
544,262144,exact,331,0.8846999857405872,0.8679402382980875,0.01675974744249964,0.018943989728303166,0.9850631912491005,0.0010832924706595548,0.001101488313024611,3.446801338584616e-05,0.0,9.1238565258717e-08,0.0024749957363881274
544,262144,exact,332,0.8679402382980875,0.8514533705244063,0.016486867773681246,0.018995395127675778,0.9851301385507801,0.001101488313024611,0.0011198607186186564,3.4845833501216786e-05,0.0,9.444930456053297e-08,0.0024413472672209294
544,262144,exact,333,0.8514533705244063,0.835235669838799,0.01621770068560724,0.019047080259508315,0.985199570469477,0.0011198607186186564,0.001138402891664363,3.5214158542270694e-05,0.0,9.756584664786724e-08,0.0024080657680091606
544,262144,exact,334,0.835235669838799,0.8192834641792781,0.015952205659520935,0.01909904741328842,0.9852715096589838,0.001138402891664363,0.0011571075024980968,3.557212926259323e-05,0.0,1.0056243479584191e-07,0.0023751482289050756
544,262144,exact,335,0.8192834641792781,0.8035931216700426,0.01569034250923551,0.019151298903552754,0.9853459771620644,0.0011571075024980968,0.0011759666777658724,3.591886720307573e-05,0.0,1.0341216774632615e-07,0.0023425916565629587
544,262144,exact,336,0.8035931216700426,0.7881610502907296,0.015432071379313017,0.019203837070234986,0.9854229923520664,0.0011759666777658724,0.0011949719924296955,3.6253477217004215e-05,0.0,1.0608729767293094e-07,0.0023103930740950187
544,262144,exact,337,0.7881610502907296,0.7729836975474834,0.015177352743246164,0.01925666427901719,0.9855025728774368,0.0011949719924296955,0.0012141144638252498,3.65750503723087e-05,0.0,1.0855960300062278e-07,0.0022785495210261154
544,262144,exact,338,0.7729836975474834,0.7580575501458477,0.01492614740163567,0.019309782921675105,0.985584734609301,0.0012141144638252498,0.0012333845480242088,3.688266725152319e-05,0.0,1.1080084183685314e-07,0.0022470580532465245
544,262144,exact,339,0.7580575501458477,0.7433791336654563,0.014678416480391476,0.019363195416452747,0.985669491592221,0.0012333845480242088,0.0012527721387598776,3.717540166321795e-05,0.0,1.1278329206340122e-07,0.0022159157429694973
544,262144,exact,340,0.7433791336654563,0.7289450122365394,0.014434121428916868,0.019416904208415235,0.9857568559982656,0.0012527721387598776,0.00127226656918249,3.745232477938995e-05,0.0,1.1448038305978021e-07,0.0021851196786827976
544,262144,exact,341,0.7289450122365394,0.7147517882182227,0.014193224018316686,0.01947091176983189,0.9858468380844532,0.00127226656918249,0.0012918566167069183,3.771250970008483e-05,0.0,1.1586742227937159e-07,0.0021546669651054525
544,262144,exact,342,0.7147517882182227,0.700796101878621,0.013955686339601758,0.01952522060055471,0.9859394461536477,0.0012918566167069183,0.001311530511222833,3.795503645373631e-05,0.0,1.1692241684763995e-07,0.002124554723142356
544,262144,exact,343,0.700796101878621,0.6870746310767284,0.013721470801892566,0.019579833228394794,0.9860346865189378,0.001311530511222833,0.0013312759469198965,3.817899741606877e-05,0.0,1.1762698980057225e-07,0.0020947800898367705
544,262144,exact,344,0.6870746310767284,0.6735840909460828,0.013490540130645545,0.019634752209529625,0.9861325634714988,0.0013312759469198965,0.0013510800979762694,3.83835031387815e-05,0.0,1.179673865764428e-07,0.002065340218328294
544,262144,exact,345,0.6735840909460828,0.6603212335802207,0.01326285736586219,0.019689980128886116,0.9862330792519892,0.0013510800979762694,0.0013709296383386757,3.856768855822905e-05,0.0,1.1793556276896468e-07,0.0020362322778040903
544,262144,exact,346,0.6603212335802207,0.6472828477198982,0.013038385860322466,0.019745519600557367,0.9863362340254341,0.0013709296383386757,0.001390810765796843,3.873071954838447e-05,0.0,1.1753034436130794e-07,0.0020074534534559375
544,262144,exact,347,0.6472828477198982,0.634465758442085,0.01281708927781322,0.01980137326821245,0.9864420258596514,0.001390810765796843,0.0014107092305267479,3.887179977083125e-05,0.0,1.1675864413415032e-07,0.0019790009464342984
544,262144,exact,348,0.634465758442085,0.6218668268507243,0.012598931591360718,0.019857543805511402,0.98655045070725,0.0014107092305267479,0.0014306103682378741,3.8990177762725436e-05,0.0,1.1563671789213692e-07,0.0019508719738020083
544,262144,exact,349,0.6218668268507243,0.6094829497692512,0.012383877081473038,0.019914033916534544,0.9866615023912955,0.0014306103682378741,0.0014504991380155912,3.908515419607756e-05,0.0,1.14191442631556e-07,0.00192306376848947
544,262144,exact,350,0.6094829497692512,0.5973110594348633,0.012171890334387925,0.01997084633622019,0.9867751725948221,0.0014504991380155912,0.0014703601648975713,3.9156089231169826e-05,0.0,1.124615975742118e-07,0.0018955735792502465
544,262144,exact,351,0.5973110594348633,0.5853481231945421,0.011962936240321187,0.02002798383080289,0.9868914508545104,0.0014703601648975713,0.0014901777871703403,3.920240989033203e-05,0.0,1.104991344330012e-07,0.0018683986706146572
544,262144,exact,352,0.5853481231945421,0.5735911432028235,0.011756979991718652,0.020085449198256312,0.9870103245589891,0.0014901777871703403,0.001509936108305691,3.922361737148825e-05,0.0,1.083704313910392e-07,0.0018415363228437927
544,262144,exact,353,0.5735911432028235,0.5620371561212988,0.011553987081524664,0.02014324526876305,0.9871317789524637,0.001509936108305691,0.0015296190534002478,3.9219294243482666e-05,0.0,1.0615753959154935e-07,0.0018149838318861288
544,262144,exact,354,0.5620371561212988,0.550683232819859,0.011353923301439806,0.02020137490516624,0.9872557971447192,0.0015296190534002478,0.001549210429917927,3.9189111480667444e-05,0.0,1.0395945515290911e-07,0.0017887385093300707
544,262144,exact,355,0.550683232819859,0.5395264780796633,0.011156754740195729,0.02025984100344918,0.9873823601288534,0.001549210429917927,0.0015686939924791131,3.913283533588973e-05,0.0,1.0189348537506006e-07,0.0017627976823597884
544,262144,exact,356,0.5395264780796633,0.5285640302978319,0.010962447781831308,0.020318646493217445,0.9875114468086854,0.0015686939924791131,0.0015880535113983855,3.905033410986222e-05,0.0,1.0009682461890879e-07,0.0017371586937100871
544,262144,exact,357,0.5285640302978319,0.5177930611938628,0.01077096910396913,0.020377794338180696,0.9876430340383394,0.0015880535113983855,0.001607272844639055,3.89415849504121e-05,0.0,9.872852409719378e-08,0.001711818901619515
544,262144,exact,358,0.5177930611938628,0.5072107755177557,0.010582285676107084,0.020437287536661394,0.9877770966772473,0.001607272844639055,0.001626336012854441,3.880668093081318e-05,0.0,9.797212211838137e-08,0.0016867756797873154
544,262144,exact,359,0.5072107755177557,0.49681441075985355,0.010396364757902177,0.020497129122088682,0.9879136076647426,0.001626336012854441,0.0016452272772030875,3.8645838781132956e-05,0.0,9.803931216943035e-08,0.0016620264173254058
544,262144,exact,360,0.49681441075985355,0.4866012368623818,0.010213173897471728,0.02055732216352415,0.9880525381193883,0.0016452272772030875,0.0016639312196976128,3.845940782608895e-05,0.0,9.917515223726442e-08,0.00163756851871509
544,262144,exact,361,0.4866012368623818,0.47656855593268876,0.01003268092969306,0.020617869766184863,0.9881938574694141,0.0016639312196976128,0.00168243282595362,3.8247880871278055e-05,0.0,1.0166547442921545e-07,0.0016133994037613071
544,262144,exact,362,0.47656855593268876,0.46671370195818357,0.009854853974505196,0.020678775071969097,0.9883375336219374,0.00168243282595362,0.0017007175703737565,3.801190800725331e-05,0.0,1.058473210837664e-07,0.0015895165075459287
544,262144,exact,363,0.46671370195818357,0.45703404052295754,0.009679661435226028,0.020740041260012766,0.9884835331800648,0.0017007175703737565,0.0017187715040281768,3.775231453780444e-05,0.0,1.1212341409386033e-07,0.0015659172803844145
544,262144,exact,364,0.45703404052295754,0.44752696852609564,0.009507071996861904,0.02080167154722986,0.9886318217185194,0.0017187715040281768,0.0017365813457833165,3.747012447665099e-05,0.0,1.209818385904029e-07,0.0015425991877786066
544,262144,exact,365,0.44752696852609564,0.4381899139016626,0.009337054624433017,0.020863669188885017,0.9887823641299401,0.0017365813457833165,0.0017541345775805353,3.716659126362747e-05,0.0,1.330222706727533e-07,0.001519559710372721
544,262144,exact,366,0.4381899139016626,0.42902033534036743,0.009169578561295189,0.020926037479157954,0.988935125055508,0.0017541345775805353,0.0017714195451753025,3.6843237498083746e-05,0.0,1.4899016657844884e-07,0.0014967963439067736
544,262144,exact,367,0.42902033534036743,0.4200157220128909,0.00900461332747654,0.02098877975173984,0.9890900694148499,0.0017714195451753025,0.0017884255660912105,3.650190550717594e-05,0.0,1.6982031622722257e-07,0.0014743065991729676
544,262144,exact,368,0.4200157220128909,0.4111735932948853,0.008842128718005604,0.02105189938040992,0.9892471630512445,0.0017884255660912105,0.0018051430470075202,3.6144820405191785e-05,0.0,1.9669098171764057e-07,0.001452088001968056
544,262144,exact,369,0.4111735932948853,0.4024914984936259,0.008682094801259366,0.021115399779656437,0.9894063735086874,0.0018051430470075202,0.001821563613242035,3.5774666853580134e-05,0.0,2.3108941567761242e-07,0.0014301380930501274
544,262144,exact,370,0.4024914984936259,0.3939670165763223,0.008524481917303595,0.021179284405279414,0.989567670957441,0.001821563613242035,0.0018376802533726197,3.5394679900782064e-05,0.0,2.7488878490394136e-07,0.0014084544280913856
544,262144,exact,371,0.3939670165763223,0.38559775590007506,0.00836926067624727,0.02124355675502574,0.9897310292838036,0.0018376802533726197,0.0018534874822978466,3.500874892886698e-05,0.0,3.3043529602447795e-07,0.0013870345776342
544,262144,exact,372,0.38559775590007506,0.37738135394347727,0.008216401956597785,0.021308220369225923,0.9898964273580991,0.0018534874822978466,0.0018689815261044174,3.4621531730262874e-05,0.0,4.006425054416552e-07,0.001365876127045232
544,262144,exact,373,0.37738135394347727,0.3693154770398562,0.008065876903621094,0.021373278831442133,0.9900638504918441,0.0018689815261044174,0.0018841605319100804,3.423857295639992e-05,0.0,4.890872793820739e-07,0.0013449766764699284
544,262144,exact,374,0.3693154770398562,0.3613978201121492,0.007917656927706962,0.02143873576912807,0.9902332920907236,0.0018841605319100804,0.001899024805297066,3.3866417543678795e-05,0.0,6.000985873404543e-07,0.0013243338407869613
544,262144,exact,375,0.3613978201121492,0.3536261064094067,0.007771713702742489,0.02150459485430976,0.9904047555041461,0.001899024805297066,0.0019135770769718552,3.3512705293487716e-05,0.0,7.38826308181945e-07,0.0013039452495635967
544,262144,exact,376,0.3536261064094067,0.3459980872449208,0.007628019164485911,0.02157085980426642,0.9905782560646532,0.0019135770769718552,0.001927822798803561,3.318622783523339e-05,0.0,9.112727837492889e-07,0.0012838085470096338
544,262144,exact,377,0.3459980872449208,0.3385115417359731,0.007486545508947728,0.021637534382229824,0.9907538233013623,0.001927822798803561,0.0019417704673620976,3.289692439208096e-05,0.0,1.124265592144548e-06,0.001263921391932191
544,262144,exact,378,0.3385115417359731,0.331164276545193,0.007347265190780106,0.021704622398106325,0.9909315033008936,0.0019417704673620976,0.001955431970477287,3.2655789251562744e-05,0.0,1.3853470626776568e-06,0.0012442814576913218
544,262144,exact,379,0.331164276545193,0.3239541256235317,0.007210150921661274,0.02177212770918341,0.9911113611770893,0.001955431970477287,0.0019688229492043218,3.247466334493986e-05,0.0,1.7025560895599437e-06,0.0012248864321524288
544,262144,exact,380,0.3239541256235317,0.3168789499548339,0.0070751756686978085,0.021840054220886498,0.9912934835974955,0.0019688229492043218,0.001981963163993927,3.2365886980344254e-05,0.0,2.0840828898640966e-06,0.0012057340176431063
544,262144,exact,381,0.3168789499548339,0.3099366373020109,0.006942312652823024,0.021908405887524372,0.9914779813006087,0.001981963163993927,0.001994876849988899,3.2341802558273345e-05,0.0,2.5377894182403507e-06,0.001186821930906685
544,262144,exact,382,0.3099366373020109,0.30312510195480735,0.006811535347203523,0.021977186713057657,0.9916649915238034,0.001994876849988899,0.0020075930424380928,3.241411589148465e-05,0.0,3.0706079886650382e-06,0.0011681479030571551
544,262144,exact,383,0.30312510195480735,0.2964422844791572,0.006682817475650138,0.022046400751879906,0.9918546802486945,0.0020075930424380928,0.0020201458495477,3.259315105158285e-05,0.0,3.687856680820948e-06,0.001149709679533662
544,262144,exact,384,0.2964422844791572,0.2898861514681231,0.006556133011034138,0.022116052109614266,0.992047244159607,0.0020201458495477,0.0020325746470704247,3.288706171191662e-05,0.0,4.3925374857557535e-06,0.001131505020055218
544,262144,exact,385,0.2898861514681231,0.2834546952944143,0.006431456173708772,0.022186144943926366,0.9922429122033884,0.0020325746470704247,0.002044924167002035,3.330108409696787e-05,0.0,5.184704174865645e-06,0.0011135316985753428
544,262144,exact,386,0.2834546952944143,0.2771459338644796,0.006308761429934695,0.022256683465348877,0.9924419466369988,0.002044924167002035,0.002057244452382961,3.3836924641126245e-05,0.0,6.06099328270826e-06,0.0010957875032365837
544,262144,exact,387,0.2771459338644796,0.27095791037416617,0.0061880234903134435,0.022327671938132416,0.9926446434553458,0.002057244452382961,0.0020695906518265815,3.4492364103361144e-05,0.0,7.0143982129522615e-06,0.0010782702363257967
544,262144,exact,388,0.27095791037416617,0.26488869306594703,0.0060692173082191325,0.022399114681088815,0.9928513321082467,0.0020695906518265815,0.002082022631389828,3.5261130226450005e-05,0.0,8.034334421418154e-06,0.0010609777142273043
544,262144,exact,389,0.26488869306594703,0.2589363749877027,0.005952318078244312,0.02247101606848283,0.9930623744445318,0.002082022631389828,0.002094604387984037,3.613305076046887e-05,0.0,9.107000751666476e-06,0.0010439077673790704
544,262144,exact,390,0.2589363749877027,0.2530990737530585,0.00583730123464421,0.022543380530917805,0.9932781628651914,0.002094604387984037,0.002107403257712232,3.709445910292189e-05,0.0,1.0215999816843083e-05,0.001027058240226642
544,262144,exact,391,0.2530990737530585,0.2473749313032709,0.0057241424497876114,0.022616212556243857,0.9934991177269794,0.002107403257712232,0.0021204889240620927,3.812879593586558e-05,0.0,1.1343149105837516e-05,0.0010104269911776318
544,262144,exact,392,0.2473749313032709,0.2417621136706552,0.005612817632615702,0.022689516690495334,0.993725684112338,0.0021204889240620927,0.002133932244218855,3.921733691511481e-05,0.0,1.2469399412498496e-05,0.000994011892557217
544,262144,exact,393,0.2417621136706552,0.23625881074355648,0.005503302927098719,0.02276329753881823,0.9939583281679634,0.002133932244218855,0.0021478039260202737,4.03399776284255e-05,0.0,1.3575777495635193e-05,0.0009778108305612168
544,262144,exact,394,0.23625881074355648,0.23086323603284947,0.005395574710707007,0.022837559766452697,0.9941975333070202,0.0021478039260202737,0.0021621731021047256,4.147601771980936e-05,0.0,1.4644280891573744e-05,0.0009618217052122439
544,262144,exact,395,0.23086323603284947,0.22557362643996945,0.0052896095928800235,0.02291230809970699,0.9944437966608234,0.0021621731021047256,0.0021771058602739397,4.2604900429028296e-05,0.0,1.56586688500218e-05,0.0009460424303135956
544,262144,exact,396,0.22557362643996945,0.22038824202646665,0.005185384413502803,0.022987547326960043,0.9946976262442486,0.0021771058602739397,0.002192663798622624,4.37068773503616e-05,0.0,1.660511002466846e-05,0.0009304709334038789
544,262144,exact,397,0.22038824202646665,0.21530536578507714,0.005082876241389506,0.023063282299693184,0.9949595393543521,0.002192663798622624,0.002208902679330708,4.4763578737170476e-05,0.0,1.74726624429921e-05,0.0009151051557124202
544,262144,exact,398,0.21530536578507714,0.2103233034123116,0.00498206237276555,0.02313951793351384,0.9952300627439192,0.002208902679330708,0.0022258712552482127,4.5758476866236926e-05,0.0,1.8253573763536007e-05,0.0008999430521123352
544,262144,exact,399,0.2103233034123116,0.2054403830825478,0.004882920329763785,0.023216259209239653,0.9955097350947708,0.0022258712552482127,0.0022436103381040075,4.667723466996846e-05,0.0,1.894340023317429e-05,0.0008849825910768599
544,262144,exact,400,0.2054403830825478,0.2006549552236314,0.004785427858916419,0.02329351117396228,0.9957991122591664,0.0022436103381040075,0.002262152166536015,4.7507935267562016e-05,0.0,1.954095167100607e-05,0.0008702217546323831
544,262144,exact,401,0.2006549552236314,0.19596539229396848,0.0046895629296629104,0.023371278942183903,0.9960987756478231,0.002262152166536015,0.0022815201170332308,4.824119127291154e-05,0.0,2.0048077655275814e-05,0.0008556585383152988
544,262144,exact,402,0.19596539229396848,0.1913700885611199,0.004595303732848582,0.02344956769690818,0.9964093440332458,0.0022815201170332308,0.0023017287827587544,4.8870136534423204e-05,0.0,2.0469316987404163e-05,0.000841290951123881
544,262144,exact,403,0.1913700885611199,0.18686745988187783,0.00450262867924206,0.023528382690819562,0.9967314889254713,0.0023017287827587544,0.002322784425980969,4.939030753786338e-05,0.0,2.0811438298640357e-05,0.0008271170154750072
544,262144,exact,404,0.18686745988187783,0.18245594348382838,0.004411516398049459,0.023607729247446585,0.997065953584766,0.002322784425980969,0.0023446857915640886,4.979942692985877e-05,0.0,2.1082904028328284e-05,0.0008131347671579056
544,262144,exact,405,0.18245594348382838,0.17813399774839228,0.004321945735436095,0.023687612762360696,0.9974135756810546,0.0023446857915640886,0.002367425253656213,5.0097107034252384e-05,0.0,2.129329259054069e-05,0.0007993422552888894
544,262144,exact,406,0.17813399774839228,0.17390010199533762,0.004233895753054662,0.0237680387044077,0.9977753136066376,0.002367425253656213,0.002390990256997109,5.028449615505464e-05,0.0,2.1452714065047472e-05,0.0007857375422665427
544,262144,exact,407,0.17390010199533762,0.16975275626876413,0.0041473457265734925,0.023849012616937313,0.9981522765023383,0.002390990256997109,0.002415365009211315,5.036389413003042e-05,0.0,2.157125303529038e-05,0.0007723187037251061
544,262144,exact,408,0.16975275626876413,0.1656904811245474,0.004062275144216726,0.023930540119095654,0.9985457581634863,0.002415365009211315,0.0024405323814274448,5.0338365318404574e-05,0.0,2.1658468255428276e-05,0.0007590838284904513
544,262144,exact,409,0.1656904811245474,0.1617118174192434,0.003978663705304003,0.02401262690711419,0.9989572751378331,0.0024405323814274448,0.0024664759812461933,5.021137648048386e-05,0.0,2.172297287069769e-05,0.0007460310185339148
544,262144,exact,410,0.1617118174192434,0.15781532610044588,0.003896491318797518,0.02409527875563807,0.9993886094919053,0.0024664759812461933,0.0024931823735554327,4.998648367760333e-05,0.0,2.177211136498644e-05,0.000733158388927153
544,262144,exact,411,0.15781532610044588,0.15399958799859095,0.0038157381018549263,0.024178501519087542,0.9998418568799979,0.0024931823735554327,0.0025206434396310385,4.966708663601925e-05,0.0,2.1811740921125287e-05,0.0007204640677971976
544,262144,exact,412,0.15399958799859095,0.15026320362020773,0.003736384378383223,0.024262301133022576,1.0003194806727091,0.0025206434396310385,0.002548858881862227,4.925626163551873e-05,0.0,2.1846116266083845e-05,0.000707946196279983
544,262144,exact,413,0.15026320362020773,0.14660479294260434,0.003658410677603391,0.02434668361557147,1.0008243729601995,0.002548858881862227,0.0025778388988251396,4.875667586860259e-05,0.0,2.1877869247261417e-05,0.0006956029284761373
544,262144,exact,414,0.14660479294260434,0.14302299520998857,0.0035817977326157713,0.024431655068862874,1.001359923208237,0.0025778388988251396,0.002607607072059272,4.817057846975536e-05,0.0,2.1908068181231664e-05,0.0006834324314050275
544,262144,exact,415,0.14302299520998857,0.13951646873101678,0.0035065264789717887,0.02451722168049587,1.001930095178617,0.002607607072059272,0.0026382035208727646,4.749985705070711e-05,0.0,2.1936338074723775e-05,0.0006714328849594367
544,262144,exact,416,0.13951646873101678,0.1360838906777643,0.0034325780532524774,0.024603389725053725,1.0025395123893412,0.0026382035208727646,0.0026696883942893324,4.674614431923402e-05,0.0,2.196102142952615e-05,0.0006596024818608054
544,262144,exact,417,0.1360838906777643,0.13272395688611835,0.0033599337916459526,0.02469016556560692,1.0031935518331108,0.0026696883942893324,0.002702145779653396,4.5910957511960825e-05,0.0,2.1979360413314306e-05,0.0006479394276122181
544,262144,exact,418,0.13272395688611835,0.12943538165757823,0.0032885752285401193,0.024777555655320225,1.0038984448285098,0.002702145779653396,0.0027356881154463122,4.4995853796094214e-05,0.0,2.1987684243747387e-05,0.0006364419404553179
544,262144,exact,419,0.12943538165757823,0.12621689756246837,0.003218484095109858,0.02486556653901921,1.0046613826584652,0.0027356881154463122,0.0027704612015841874,4.400258698456763e-05,0.0,2.1981589987003173e-05,0.0006251082513230486
544,262144,exact,420,0.12621689756246837,0.12306725524455146,0.003149642317916909,0.024954204854845688,1.0054906229397276,0.0027704612015841874,0.0028066499037536466,4.293325416098102e-05,0.0,2.1956109818565325e-05,0.000613936603795598
544,262144,exact,421,0.12306725524455146,0.1199852232270424,0.003082032017509062,0.025043477335905825,1.006395590315865,0.0028066499037536466,0.0028444846486549,4.1790424382862387e-05,0.0,2.1905862426078917e-05,0.0006029252540538126
544,262144,exact,422,0.1199852232270424,0.11696958772001301,0.0030156355070293933,0.025133390811992305,1.0073869618846776,0.0028444846486549,0.0028842488031116096,4.057724491777322e-05,0.0,2.1825190142227974e-05,0.0005920724708348608
544,262144,exact,423,0.11696958772001301,0.11401915242918585,0.0029504352908271553,0.025223952211317815,1.0084767235188044,0.0028842488031116096,0.0029262870194906145,3.929752307197403e-05,0.0,2.170828635638831e-05,0.0005813765353863921
544,262144,exact,424,0.11401915242918585,0.11113273836611118,0.0028864140630746743,0.02531516856229348,1.0096781776110404,0.0029262870194906145,0.002971014608646302,3.795578344561816e-05,0.0,2.1549319805442592e-05,0.0005708357414211698
544,262144,exact,425,0.11113273836611118,0.10830918365972066,0.0028235547063905214,0.025407046995357188,1.0110058753790587,0.002971014608646302,0.0030189279628569463,3.655730144020162e-05,0.0,2.134256376168115e-05,0.0005604483950721656
544,262144,exact,426,0.10830918365972066,0.1055473433692566,0.002761840290464057,0.025499594744809843,1.0124754371683333,0.0030189279628569463,0.0030706159838412173,3.5108114237468975e-05,0.0,2.1082539369544212e-05,0.0005502128148461927
544,262144,exact,427,0.1055473433692566,0.10284608929856659,0.0027012540706900096,0.025592819150735913,1.0141032114558723,0.0030706159838412173,0.0031267723568557206,3.361501049951776e-05,0.0,2.0764184004908905e-05,0.0005401273315796196
544,262144,exact,428,0.10284608929856659,0.10020430981176245,0.0026417794868041355,0.025686727660931635,1.0159057064164916,0.0031267723568557206,0.0031882083217026455,3.208549992791318e-05,0.0,2.038305822033709e-05,0.0005301902883923892
544,262144,exact,429,0.10020430981176245,0.097620909650237,0.0025834001615254593,0.025781327832889354,1.0178987054805742,0.0031882083217026455,0.0032558652778779344,3.052776373807966e-05,0.0,1.9935609323662278e-05,0.0005204000406427572
544,262144,exact,430,0.097620909650237,0.0950948097510327,0.0025260998992042982,0.025876627335833943,1.0200959484877279,0.0032558652778779344,0.003330826049430763,2.8950587149088446e-05,0.0,1.9419516503476394e-05,0.0005107549558823011
544,262144,exact,431,0.0950948097510327,0.0926249470665603,0.0024698626844723987,0.025972633952775503,1.0225072216609439,0.003330826049430763,0.0034143228134484245,2.736327519328729e-05,0.0,1.883415138420998e-05,0.0005012534138097557
544,262144,exact,432,0.0926249470665603,0.0902102743856584,0.002414672680901897,0.02606935558264571,1.0251356555628162,0.0034143228134484245,0.0035077384133473354,2.577555348917722e-05,0.0,1.8181195809371248e-05,0.0004918938062263782
544,262144,exact,433,0.0902102743856584,0.08784976015599161,0.0023605142296667936,0.026166800242457385,1.0279739967067891,0.0035077384133473354,0.0036125958774609356,2.4197456029512938e-05,0.0,1.746545473916899e-05,0.00048267453699034167
544,262144,exact,434,0.08784976015599161,0.08554238830778166,0.0023073718482099492,0.026264976069517245,1.030999646335864,0.0036125958774609356,0.0037305284150469286,2.2639202419156464e-05,0.0,1.669585938885278e-05,0.0004735940219712634
544,262144,exact,435,0.08554238830778166,0.08328715807886612,0.0022552302289155363,0.026363891323693395,1.0341684710774683,0.0037305284150469286,0.003863219412457059,2.1111067227977486e-05,0.0,1.5886522071051432e-05,0.0004646506890049716
544,262144,exact,436,0.08328715807886612,0.08108308384108004,0.002204074237786083,0.026463554389729624,1.0374080115865905,0.003863219412457059,0.004012300596659768,1.9623244054828703e-05,0.0,1.5057416394854105e-05,0.00045584297784807994
544,262144,exact,437,0.08108308384108004,0.07892919492795522,0.0021538889131248184,0.026563973779615536,1.0406120133780137,0.004012300596659768,0.004179200073142788,1.818570635335278e-05,0.0,1.4233835378491856e-05,0.0004471693401326535
544,262144,exact,438,0.07892919492795522,0.07682453546373263,0.0021046594642225858,0.02666515813500532,1.0436401043054166,0.004179200073142788,0.0043649453146664685,1.6808065860110455e-05,0.0,1.3443551441586106e-05,0.0004386282393207135
544,262144,exact,439,0.07682453546373263,0.07476816419368147,0.0020563712700511633,0.0267671162297094,1.046327730833874,0.0043649453146664685,0.0045699514448164025,1.5499427424348084e-05,0.0,1.2711308916862028e-05,0.0004302181506592871
544,262144,exact,440,0.07476816419368147,0.07275915431572284,0.0020090098779586285,0.02686985697220591,1.0485094577329908,0.0045699514448164025,0.004793853187789958,1.4268236119844374e-05,0.0,1.2052359600430405e-05,0.00042193756113430807
544,262144,exact,441,0.07275915431572284,0.0707965933133493,0.0019625610023735474,0.026973389408258268,1.050051634304485,0.004793853187789958,0.005035446703172029,1.31221089859644e-05,0.0,1.1468780268545677e-05,0.00041378496942595075
544,262144,exact,442,0.0707965933133493,0.06887958278983794,0.001917010523511356,0.027077722723557768,1.0508819631427095,0.005035446703172029,0.005292776340741178,1.2067640498307639e-05,0.0,1.0951416487036195e-05,0.00040575888586294023
544,262144,exact,443,0.06887958278983794,0.06700723830375127,0.001872344486086669,0.027182866246438748,1.0510022343053338,0.005292776340741178,0.00556334362957087,1.111016986317935e-05,0.0,1.0486300089695803e-05,0.0003978578323771199
544,262144,exact,444,0.06700723830375127,0.06517868920571973,0.00182854909803154,0.027288829450671036,1.0504796132969936,0.00556334362957087,0.005844371212750441,1.0253502722911734e-05,0.0,1.0061354602372216e-05,0.000390080342458497
544,262144,exact,445,0.06517868920571973,0.06339307847650347,0.0017856107292162637,0.027395621958282157,1.0494234779360958,0.005844371212750441,0.006133049934793219,9.499593827367353e-06,0.0,9.670023468313915e-06,0.00038242496110919806
544,262144,exact,446,0.06339307847650347,0.061649562566325256,0.0017435159101782116,0.027503253542489545,1.0479594245191972,0.006133049934793219,0.006426724388701219,8.848222971056031e-06,0.0,9.311314483239491e-06,0.00037489024479869966
544,262144,exact,447,0.061649562566325256,0.05994731123547159,0.0017022513308536658,0.027611734130673034,1.0462089014310094,0.006426724388701219,0.006723005311369893,8.296730121719378e-06,0.0,8.987681254803669e-06,0.0003674747614182195
544,262144,exact,448,0.05994731123547159,0.05828550739615647,0.0016618038393151208,0.027721073807423915,1.044277279290502,0.006723005311369893,0.0070198191830188085,7.839902864475583e-06,0.0,8.702415058613536e-06,0.0003601770902352887
544,262144,exact,449,0.05828550739615647,0.05666334695564194,0.001622160440514532,0.02783128281768209,1.0422492327149455,0.0070198191830188085,0.007315413649033298,7.470107695778802e-06,0.0,8.457615961489189e-06,0.0003529958218487156
544,262144,exact,450,0.05666334695564194,0.05508003866061242,0.0015833082950295202,0.027942371569914318,1.04018890797335,0.007315413649033298,0.007608336709243314,7.177709985780427e-06,0.0,8.253135703752655e-06,0.0003459295581426815
544,262144,exact,451,0.05508003866061242,0.05353480394279581,0.0015452347178166043,0.02805435063940137,1.0381425356677945,0.007608336709243314,0.007897403279495726,6.951744420852966e-06,0.0,8.086428473344509e-06,0.00033897691224167657
544,262144,exact,452,0.05353480394279581,0.0520268767658266,0.0015079271769692093,0.028167230771602207,1.0361418797585658,0.007897403279495726,0.008181657974229178,6.780713828649612e-06,0.0,7.95301882763541e-06,0.00033213650846533935
544,262144,exact,453,0.0520268767658266,0.05055550347334691,0.0014713732924796913,0.0282810228855819,1.034207621478061,0.008181657974229178,0.008460339144886553,6.653241684852034e-06,0.0,7.84713007286747e-06,0.0003254069822828765
544,262144,exact,454,0.05055550347334691,0.04911994263834062,0.0014355608350062887,0.02839573807751955,1.0323522738331499,0.008460339144886553,0.008732846618827743,6.5574573125304e-06,0.0,7.761192108027629e-06,0.000318786980267427
544,262144,exact,455,0.04911994263834062,0.047719464913693825,0.001400477724646798,0.02851138762433435,1.0305825177584937,0.008732846618827743,0.008998714177443442,6.480356029583076e-06,0.0,7.685234216384465e-06,0.0003122751600511623
544,262144,exact,456,0.047719464913693825,0.046353352883978176,0.0013661120297156493,0.028627982987370477,1.028901027013979,0.008998714177443442,0.009257587327935966,6.4176031795994486e-06,0.0,7.616534220444143e-06,0.00030587019027969106
544,262144,exact,457,0.046353352883978176,0.045020900918451776,0.0013324519655264003,0.028745535816179463,1.0273078880772033,0.009257587327935966,0.009509205831377569,6.376221589189713e-06,0.0,7.562876763797868e-06,0.00029957075056664614
544,262144,exact,458,0.045020900918451776,0.04372141502527168,0.0012994858931800954,0.028864057952414326,1.0258015581748106,0.009509205831377569,0.009753388899452492,6.350991174962741e-06,0.0,7.520250554575794e-06,0.0002933755314486238
544,262144,exact,459,0.04372141502527168,0.04245421270691502,0.0012672023183566625,0.028983561433777914,1.0243794070486556,0.009753388899452492,0.009990022066259594,6.327143967165623e-06,0.0,7.475815243653677e-06,0.00028728323433924933
544,262144,exact,460,0.04245421270691502,0.041218622816801165,0.001235589890113853,0.029104058498123975,1.0230380520901967,0.009990022066259594,0.010219045574965585,6.300151302269927e-06,0.0,7.427291340983411e-06,0.00028129257148438097
544,262144,exact,461,0.041218622816801165,0.04001398541711184,0.0012046373996893248,0.029225561587620567,1.0217734588938943,0.010219045574965585,0.01044044238297057,6.265357986817429e-06,0.0,7.372518743177167e-06,0.0002754022659164567
544,262144,exact,462,0.04001398541711184,0.038839651637803514,0.0011743337793083258,0.029348083353030015,1.0205809434617097,0.01044044238297057,0.010654225919678186,6.214178421386303e-06,0.0,7.304796112925227e-06,0.0002696110514091037
544,262144,exact,463,0.038839651637803514,0.037694983536806455,0.0011446681009970594,0.02947163665811379,1.0194554554126398,0.010654225919678186,0.010860431898663267,6.150658960908362e-06,0.0,7.2274973123166025e-06,0.0002639176724320772
544,262144,exact,464,0.037694983536806455,0.036579353961407095,0.00111562957539936,0.0295962345841066,1.0183921414730819,0.010860431898663267,0.011059115555763045,6.08518369519206e-06,0.0,7.148126534401236e-06,0.0002583208841053639
544,262144,exact,465,0.036579353961407095,0.035492146410806606,0.0010872075506004886,0.02972189043435657,1.0173867018320804,0.011059115555763045,0.01125035032816673,6.019010799513111e-06,0.0,7.065783090402095e-06,0.0002528194521542992
544,262144,exact,466,0.035492146410806606,0.0344327548998521,0.0010593915109545077,0.029848617739048473,1.016435395008286,0.01125035032816673,0.01143422624192934,5.948441524602693e-06,0.0,6.976479387011542e-06,0.0002474121528639985
544,262144,exact,467,0.0344327548998521,0.03340058382393499,0.0010321710759171113,0.02997643026005871,1.0155350024392584,0.01143422624192934,0.011610849616459173,5.871240879330661e-06,0.0,6.878598908903466e-06,0.00024209777303398528
544,262144,exact,468,0.03340058382393499,0.03239504782505147,0.0010055359988835194,0.03010534199593686,1.014682745336371,0.011610849616459173,0.011780343381980536,5.786917783654609e-06,0.0,6.77230031966361e-06,0.0002368751099328532
544,262144,exact,469,0.03239504782505147,0.031415571659020085,0.000979476166031383,0.030235367187016242,1.0138760890668772,0.011780343381980536,0.011942845929151154,5.695664002523612e-06,0.0,6.658210838665635e-06,0.00023174297125292214
544,262144,exact,470,0.031415571659020085,0.030461590063851574,0.0009539815951685113,0.030366520320651326,1.0131125942900234,0.011942845929151154,0.012098508516850917,5.5978519653682395e-06,0.0,6.536957602821386e-06,0.00022670017506477825
544,262144,exact,471,0.030461590063851574,0.029532547629265354,0.0009290424345862192,0.030498816136610787,1.0123898862764869,0.012098508516850917,0.01224749245384588,5.493899338051178e-06,0.0,6.409106981977719e-06,0.0002217455497721348
544,262144,exact,472,0.029532547629265354,0.028627898667348883,0.000904648961916471,0.030632269632573345,1.0117056806945262,0.01224749245384588,0.012389966741652669,5.384244679122011e-06,0.0,6.275192845671754e-06,0.0002168779340660922
544,262144,exact,473,0.028627898667348883,0.027747107084353288,0.0008807915829955951,0.030766896069817678,1.0110578106375565,0.012389966741652669,0.012526106249557344,5.2693451367388015e-06,0.0,6.135743266881197e-06,0.00021209617688012328
544,262144,exact,474,0.027747107084353288,0.02688964625362142,0.0008574608307318696,0.030902710979026544,1.0104442396798976,0.012526106249557344,0.012656090287097386,5.149675560914717e-06,0.0,5.991293947113507e-06,0.00020739913734453417
544,262144,exact,475,0.02688964625362142,0.0260549988896429,0.0008346473639785183,0.031039730166257225,1.0098630633955643,0.012656090287097386,0.01278010144170017,5.025726072045318e-06,0.0,5.84239231088933e-06,0.00020278568474110472
544,262144,exact,476,0.0260549988896429,0.02524265692323084,0.0008123419664120592,0.031177969719084216,1.009312504347417,0.01278010144170017,0.012898324593820149,4.897998420490808e-06,0.0,5.689596536774533e-06,0.0001982546984578772
544,262144,exact,477,0.02524265692323084,0.02445212137781621,0.0007905355454146321,0.03131744601286806,1.0087909040839966,0.012898324593820149,0.01301094605774032,4.767001726737794e-06,0.0,5.533472155093075e-06,0.00019380506794345944
544,262144,exact,478,0.02445212137781621,0.02368290224685345,0.0007692191309627595,0.03145817571724559,1.008296714119035,0.01301094605774032,0.013118152818011576,4.633247992683767e-06,0.0,5.374587580686194e-06,0.0001894356926620033
544,262144,exact,479,0.02368290224685345,0.022934518372333384,0.0007483838745200658,0.031600175802756494,1.0078284868864067,0.013118152818011576,0.013220131843643299,4.497247623891484e-06,0.0,5.2135093018511325e-06,0.00018514548204766223
544,262144,exact,480,0.022934518372333384,0.022206497324397983,0.000728021047935401,0.03174346354766426,1.0073848671333947,0.013220131843643299,0.013317069468813864,4.359505108746161e-06,0.0,5.05079708944603e-06,0.0001809333554592434
544,262144,exact,481,0.022206497324397983,0.02149837528205205,0.0007081220423459343,0.03188805654496128,1.006964583946486,0.013317069468813864,0.01340915083257311,4.22051494999887e-06,0.0,4.8869994274929746e-06,0.00017679824213484433
544,262144,exact,482,0.02149837528205205,0.0208096969149665,0.0006886783670855476,0.03203397270957921,1.0065664434715675,0.01340915083257311,0.013496559372146865,4.0807579188966996e-06,0.0,4.722649288954606e-06,0.0001727390811466067
544,262144,exact,483,0.0208096969149665,0.020140015266369094,0.0006696816485974068,0.03218123028576002,1.0061893223263074,0.013496559372146865,0.013579476365754697,3.940697677599369e-06,0.0,4.558260320128293e-06,0.00016875482135506487
544,262144,exact,484,0.020140015266369094,0.019488891637016382,0.0006511236293527123,0.032329847854683326,1.0058321616722252,0.013579476365754697,0.01365808052166348,3.8007778053244115e-06,0.0,4.3943234857846125e-06,0.0001648444213640698
544,262144,exact,485,0.019488891637016382,0.018855895470242773,0.0006329961667736091,0.0324798443422674,1.0054939619003216,0.01365808052166348,0.01373254761073243,3.661419248539422e-06,0.0,4.2313041971331344e-06,0.00016100684947529563
544,262144,exact,486,0.018855895470242773,0.01824060423808135,0.0006152912321614225,0.03263123902720174,1.0051737778789764,0.01373254761073243,0.013803050140051298,3.5230182056107174e-06,0.0,4.069639937140379e-06,0.0001572410836428654
544,262144,exact,487,0.01824060423808135,0.01764260332845143,0.0005980009096299213,0.03278405154920583,1.0048707147119482,0.013803050140051298,0.013869757065506949,3.3859444441982065e-06,0.0,3.909738375452651e-06,0.00015354611142800976
544,262144,exact,488,0.01764260332845143,0.01706148593340788,0.000581117395043549,0.032938301917518446,1.00458392395565,0.013869757065506949,0.013932833541251103,3.250540045090947e-06,0.0,3.751975972559468e-06,0.00014992092995370706
544,262144,exact,489,0.01706148593340788,0.01649685293844724,0.0005646329949606406,0.033094010519625364,1.004312600247449,0.013932833541251103,0.013992440704141277,3.1171185521822202e-06,0.0,3.596697039672317e-06,0.000146364545859263
544,262144,exact,490,0.01649685293844724,0.015948312812865285,0.0005485401255819547,0.03325119813025295,1.0040559782998697,0.013992440704141277,0.01404873549126711,2.985964509289886e-06,0.0,3.444213241667396e-06,0.00014287597525509257
544,262144,exact,491,0.015948312812865285,0.015415481501161758,0.0005328313117035268,0.03340988592057833,1.003813330219036,0.01404873549126711,0.014101870488711378,2.8573333515834745e-06,0.0,3.294803495406534e-06,0.00013945424367710682
544,262144,exact,492,0.015415481501161758,0.014897982315486323,0.0005174991856754345,0.0335700954677565,1.0035839631092078,0.014101870488711378,0.01415199380969512,2.7314516233862512e-06,0.0,3.1487142420141834e-06,0.00013609838604157186
544,262144,exact,493,0.014897982315486323,0.014395445829121386,0.0005025364863649375,0.03373184876468508,1.0033672169287797,0.01415199380969512,0.014199249000274977,2.6085174834334493e-06,0.0,3.0061600355697077e-06,0.00013280744659964063
544,262144,exact,494,0.014395445829121386,0.013907509770996529,0.00048793605812485694,0.033895168230065005,1.0031624625664965,0.014199249000274977,0.014243774970750476,2.4887014653430065e-06,0.0,2.867324425576828e-06,0.0001295804788919771
544,262144,exact,495,0.013907509770996529,0.01343381892122939,0.00047369084976713917,0.034060076718766694,1.0029691001099017,0.014243774970750476,0.014285705950960289,2.3721474529510303e-06,0.0,2.7323610742070736e-06,0.0001264165457035001
544,262144,exact,496,0.01343381892122939,0.012974025007688498,0.00045979391354089225,0.03422659753246208,1.0027865572810797,0.014285705950960289,0.014325171467650267,2.2589738367677645e-06,0.0,2.601395079801852e-06,0.00012331471901780948
544,262144,exact,497,0.012974025007688498,0.01252778660357229,0.00044623840411620735,0.03439475443062298,1.002614288017618,0.014325171467650267,0.014362296342124999,2.1492748144883397e-06,0.0,2.4745244579602726e-06,0.0001202740799720215
544,262144,exact,498,0.01252778660357229,0.012094769025999897,0.0004330175775723935,0.03456457164180294,1.0024517711793441,0.014362296342124999,0.014397200706419684,2.0431218038749643e-06,0.0,2.351821750011182e-06,0.00011729371881130028
544,262144,exact,499,0.012094769025999897,0.011674644235608416,0.0004201247903914806,0.034736073875271715,1.0022985093638224,0.014397200706419684,0.01443000003627518,1.9405649351165298e-06,0.0,2.2333357161553186e-06,0.00011437273484350078
544,262144,exact,500,0.011674644235608416,0.011267090737151554,0.0004075534984568623,0.034909286333008584,1.002154027815787,0.01443000003627518,0.014460805199243655,1.8416345955632287e-06,0.0,2.1190930870294833e-06,0.00011151023639388528
544,262144,exact,501,0.011267090737151554,0.010871793481095057,0.0003952972560564965,0.035084234722017694,1.00201787341768,0.014460805199243655,0.014489722516311684,1.7463430005360753e-06,0.0,2.0091003423063775e-06,0.00010870534075959555
544,262144,exact,502,0.010871793481095057,0.010488443766203443,0.0003833497148916145,0.035260945267054665,1.0018896137502489,0.014489722516311684,0.014516853835492362,1.6546857675602258e-06,0.0,1.9033454909962028e-06,0.00010595717416437119
544,262144,exact,503,0.010488443766203443,0.010116739143113021,0.00037170462309042175,0.03543944472373995,1.0017688362137427,0.014516853835492362,0.014542296615908857,1.5666434744430208e-06,0.0,1.8017998317763906e-06,0.00010326487171327306
544,262144,exact,504,0.010116739143113021,0.009756383318886537,0.00036035582422648364,0.035619760392042545,1.0016551472016482,0.014542296615908857,0.014566144020968208,1.4821831843280598e-06,0.0,1.7044196743368906e-06,0.00010062757734722313
544,262144,exact,505,0.009756383318886537,0.009407086062544326,0.0003492972563422115,0.03580192013018156,1.0015481713201586,0.014566144020968208,0.014588485019304308,1.4012599236294505e-06,0.0,1.6111480060903433e-06,9.804444379756121e-05
544,262144,exact,506,0.009407086062544326,0.009068563111566593,0.00033852295097773315,0.035985952368992484,1.001447550647631,0.014588485019304308,0.014609404492251862,1.3238181017543644e-06,0.0,1.521916091850803e-06,9.55146325408391e-05
544,262144,exact,507,0.009068563111566593,0.008740536079362229,0.000328027032204364,0.03617188612669835,1.001352944029233,0.014609404492251862,0.014628983346697433,1.2497928635437322e-06,0.0,1.4366449964161448e-06,9.303731375335612e-05
544,262144,exact,508,0.008740536079362229,0.008422732363698953,0.00031780371566327535,0.03635975102415738,1.001264026402786,0.014628983346697433,0.014647298632238626,1.1791113678517144e-06,0.0,1.355247022799544e-06,9.061166626580176e-05
544,262144,exact,509,0.008422732363698953,0.008114885056089666,0.000307847307609287,0.0365495773006008,1.0011804881525033,0.014647298632238626,0.014664423661666625,1.1116939876509152e-06,0.0,1.2776270611851437e-06,8.823687751796752e-05
544,262144,exact,510,0.008114885056089666,0.007816732852130361,0.0002981522039593055,0.036741395829822956,1.0011020344879082,0.014664423661666625,0.014680428133870615,1.0474554287738068e-06,0.0,1.2036838452373494e-06,8.591214351322371e-05
544,262144,exact,511,0.007816732852130361,0.0075280199627840785,0.0002887128893462824,0.036935238136940676,1.001028384845707,0.014680428133870615,0.014695378258343304,9.86305765933195e-07,0.0,1.1333111146101527e-06,8.363666877330175e-05
544,262144,exact,512,0.0075280199627840785,0.007248496026606241,0.0002795239361778378,0.037131136415645444,1.0009592723128198,0.014695378258343304,0.014709336880545312,9.281513961043561e-07,0.0,1.0663986837397554e-06,8.140966629286384e-05
544,262144,exact,513,0.007248496026606241,0.006977916022906252,0.00027058000369998853,0.03732912354601574,1.0008944430690927,0.014709336880545312,0.014722363607461111,8.728959101978085e-07,0.0,1.0028334181521464e-06,7.923035749412015e-05
544,262144,exact,514,0.006977916022906252,0.006716040185840196,0.0002618758370660562,0.037529233112923985,1.0008336558485267,0.014722363607461111,0.014734514932751071,8.204408851414161e-07,0.0,9.425001206760791e-07,7.709797218154932e-05
544,262144,exact,515,0.006716040185840196,0.0064626339194299755,0.00025340626641022056,0.03773149942498724,1.0007766814180554,0.014734514932751071,0.014745844360971636,7.706865990417059e-07,0.0,8.852823308053842e-07,7.50117484963808e-05
544,262144,exact,516,0.0064626339194299755,0.006217467713503416,0.00024516620592655945,0.03793595753419743,1.000723302073119,0.014745844360971636,0.014756402530399733,7.235326726577365e-07,0.0,8.31063040739044e-07,7.29709328713728e-05
544,262144,exact,517,0.006217467713503416,0.005980317060550648,0.00023715065295276845,0.0381426432561463,1.0006733111494008,0.014756402530399733,0.014766237334056796,6.788786409821076e-07,0.0,7.797253326839032e-07,7.097477998537374e-05
544,262144,exact,518,0.005980317060550648,0.005750962373491609,0.00022935468705903832,0.03835159319093361,1.0006265125502334,0.014766237334056796,0.014775394038583555,6.366244587093574e-07,0.0,7.311529414619211e-07,6.902255271797126e-05
544,262144,exact,519,0.005750962373491609,0.005529188904349684,0.0002217734691419256,0.03856284474476212,1.0005827202892417,0.014775394038583555,0.014783915400667627,5.966709441064691e-07,0.0,6.852307478585895e-07,6.711352210412532e-05
544,262144,exact,520,0.005529188904349684,0.005314786663826443,0.0002144022405232409,0.03877643615224932,1.000541758047882,0.014783915400667627,0.01479184178077345,5.589201651908148e-07,0.0,6.418452068862601e-07,6.52469672888011e-05
544,262144,exact,521,0.005314786663826443,0.005107550341772479,0.00020723632205396376,0.03899240649948526,1.0005034587475636,0.01479184178077345,0.01479921125396702,5.232757726758896e-07,0.0,6.008847162133901e-07,6.342217548159942e-05
544,262144,exact,522,0.005107550341772479,0.004907279228549311,0.00020027111322316795,0.03921079574786289,1.0004676641360832,0.01479921125396702,0.0148060597176673,4.89643283978913e-07,0.0,5.6223992949897e-07,6.16384419113893e-05
544,262144,exact,523,0.004907279228549311,0.00471377713727727,0.00019350209127204105,0.039431644758727964,1.000434224388121,0.0148060597176673,0.01481242099619165,4.579303222985695e-07,0.0,5.258040193384383e-07,5.989506978098034e-05
544,262144,exact,524,0.00471377713727727,0.004526852326964566,0.00018692481031270386,0.03965499531882275,1.00040299771956,0.01481242099619165,0.014818326941994928,4.280468147640134e-07,0.0,4.914728941162599e-07,5.8191370221664116e-05
544,262144,exact,525,0.004526852326964566,0.004346317426512205,0.00018053490045236154,0.039880890166659654,1.000373850015393,0.014818326941994928,0.01482380753353044,3.999051536300936e-07,0.0,4.5914537348187845e-07,5.652666224794144e-05
544,262144,exact,526,0.004346317426512205,0.004171989359589962,0.00017432806692224256,0.04010937301975568,1.00034665447099,0.01482380753353044,0.014828890969686788,3.734203240051644e-07,0.0,4.287233262498247e-07,5.4900272712114744e-05
544,262144,exact,527,0.004171989359589962,0.00400368927037834,0.00016830008921162216,0.04034048860281928,1.0003212912464823,0.014828890969686788,0.01483360376077723,3.485100016141389e-07,0.0,4.001117747728239e-07,5.3311536258908825e-05
544,262144,exact,528,0.00400368927037834,0.0038412424501713797,0.0001624468202069602,0.040574282676939445,1.0002976471340272,0.01483360376077723,0.014837970816078466,3.2509462378366577e-07,0.0,3.732189692400023e-07,5.175979528016553e-05
544,262144,exact,529,0.0038412424501713797,0.00368447826483556,0.00015676418533581982,0.040810802069738056,1.0002756152377017,0.014837970816078466,0.014842015527933086,3.0309743678039313e-07,0.0,3.4795643564546064e-07,5.024439986937179e-05
544,262144,exact,530,0.00368447826483556,0.0035332300831194467,0.00015124818171611317,0.041050094706655424,1.0002550946657642,0.014842015527933086,0.014845759852445378,2.824445219971816e-07,0.0,3.242390000691986e-07,4.876470777639448e-05
544,262144,exact,531,0.0035332300831194467,0.0033873352058093084,0.0001458948773101383,0.041292209643287496,1.0002359902350222,0.014845759852445378,0.014849224386813362,2.6306480392591054e-07,0.0,3.019847926027941e-07,4.732008436206331e-05
544,262144,exact,532,0.0033873352058093084,0.0032466347957255904,0.00014070041008371796,0.041537197098892246,1.0002182121870251,0.014849224386813362,0.014852428443351117,2.448900419340511e-07,0.0,2.811152332513056e-07,4.590990255280652e-05
544,262144,exact,533,0.0032466347957255904,0.0031109738085551802,0.0001356609871704102,0.041785108491111125,1.0002016759158048,0.014852428443351117,0.014855390120265054,2.2785480823284254e-07,0.0,2.6155500253317865e-07,4.453354279532245e-05
544,262144,exact,534,0.0031109738085551802,0.002980200924514613,0.00013077288404056723,0.04203599647188983,1.0001863017068673,0.014855390120265054,0.01485812636925586,2.1189645385195146e-07,0.0,2.432319986308412e-07,4.319039301113729e-05
544,262144,exact,535,0.002980200924514613,0.0028541684808389583,0.0001260324436756547,0.04228991496477093,1.000172014487141,0.01485812636925586,0.014860653060024216,1.969550644984218e-07,0.0,2.2607728342866062e-07,4.187984855132127e-05
544,262144,exact,536,0.0028541684808389583,0.0027327324050916086,0.00012143607574734974,0.04254691920347135,1.000158743585586,0.014860653060024216,0.014862985041763893,1.8297340780808868e-07,0.0,2.100250190307379e-07,4.06013121510435e-05
544,262144,exact,537,0.0027327324050916086,0.0026157521492896746,0.00011698025580193392,0.042807065771964026,1.0001464225041423,0.014862985041763893,0.014865136201729886,1.698968735153291e-07,0.0,1.950123963683631e-07,3.9354193884312545e-05
544,262144,exact,538,0.0026157521492896746,0.0025030906248403218,0.00011266152444935288,0.043070412645917884,1.000134988698729,0.014865136201729886,0.014867119520972381,1.5767340774456023e-07,0.0,1.8097955755032313e-07,3.813791111847989e-05
544,262144,exact,539,0.0025030906248403218,0.002394614138282689,0.00010847648655763287,0.04333701923579089,1.000124383369967,0.014867119520972381,0.014868947127329812,1.4625344267306047e-07,0.0,1.6786951296220154e-07,3.6951888468966325e-05
544,262144,exact,540,0.002394614138282689,0.0022901923278305647,0.00010442181045212419,0.04360694643146594,1.0001145512633216,0.014868947127329812,0.014870630345775508,1.3558982249346948e-07,0.0,1.5562805449377548e-07,3.579555775386367e-05
544,262144,exact,541,0.0022901923278305647,0.0021896981007107526,0.00010049422711981212,0.04388025664857916,1.0001054404783545,0.014870630345775508,0.014872179746213484,1.256377266544767e-07,0.0,1.4420366577054533e-07,3.4668357948563484e-05
544,262144,exact,542,0.0021896981007107526,0.002093007571292058,9.669052941869462e-05,0.04415701387662067,1.0000970022867721,0.014872179746213484,0.014873605188818898,1.1635459108645927e-07,0.0,1.335474303434947e-07,3.35697351404209e-05
544,262144,exact,543,0.002093007571292058,0.002000000000000003,9.300757129205488e-05,0.04443728372881104,1.0000891909589644,0.014873605188818898,0.014874915867018597,1.0770002824774284e-07,0.0,1.2361293859862454e-07,3.24991424833311e-05
1088,262144,exact,0,79.99999999999999,79.59942823575321,0.4005717642467772,0.005007147053084716,1.0,0.0,3.936897417291104e-08,3.936897417291104e-08,0.0,0.0,0.01556224959055457
1088,262144,exact,1,79.59942823575321,79.20057689277593,0.39885134297728086,0.005010731255455566,0.994989465805047,3.936897417291104e-08,7.879559891468025e-08,3.962388436050963e-08,0.0,2.742683418786564e-17,0.015506521538481116
1088,262144,exact,2,79.20057689277593,78.80343980910406,0.39713708367186484,0.005014320592759327,0.994985879216022,7.879559891468025e-08,1.1828110773467083e-07,3.9880599511200497e-08,0.0,4.100583112353614e-17,0.015450953249558771
1088,262144,exact,3,78.80343980910406,78.40801084044224,0.3954289686618182,0.005017915076038785,0.9949822868542658,1.1828110773467083e-07,1.578268355341587e-07,4.013922851969914e-08,0.0,5.1039002558212333e-17,0.0153955443800261
1088,262144,exact,4,78.40801084044224,78.01428386012577,0.39372698031647246,0.005021514716368638,0.9949786894584826,1.578268355341587e-07,1.9743398034730884e-07,4.039964239492408e-08,0.0,2.877193574299527e-17,0.015340294586626517
1088,262144,exact,5,78.01428386012577,77.62225275908268,0.3920311010430879,0.005025119524854867,0.9949750867654903,1.9743398034730884e-07,2.3710388094096873e-07,4.066198921796809e-08,0.0,3.519077788706796e-18,0.015285203526582487
1088,262144,exact,6,77.62225275908268,77.23191144579584,0.3903413132868394,0.005028729512635345,0.99497147952314,2.3710388094096873e-07,2.7683781712602247e-07,4.0926217909631016e-08,0.0,4.12266817296429e-18,0.01523027085761639
1088,262144,exact,7,77.23191144579584,76.84325384626491,0.38865759953093004,0.0050323446908821364,0.9949678661994006,2.7683781712602247e-07,3.1663708196188845e-07,4.1192349774525694e-08,0.0,1.815668061998796e-18,0.01517549623795209
1088,262144,exact,8,76.84325384626491,76.45627390396886,0.38697994229605115,0.005035965070795358,0.99496424821461,3.1663708196188845e-07,3.5650299021288065e-07,4.1460414008569077e-08,0.0,6.766628578259385e-18,0.015120879326284328
1088,262144,exact,9,76.45627390396886,76.07096557982794,0.3853083241409223,0.0050395906636109405,0.9949606249979637,3.5650299021288065e-07,3.964368301061734e-07,4.173039216396703e-08,0.0,1.3644271412168287e-17,0.015066419781816966
1088,262144,exact,10,76.07096557982794,75.68732285216615,0.38364272766179397,0.005043221480595037,0.9949569962913326,3.964368301061734e-07,4.3643994882303627e-07,4.200235112221159e-08,0.0,8.709616280142343e-19,0.015012117264234492
1088,262144,exact,11,75.68732285216615,75.30533971667349,0.3819831354926606,0.005046857533047602,0.994953362688868,4.3643994882303627e-07,4.7651364922491316e-07,4.2276254537954876e-08,0.0,6.279108177555332e-18,0.01495797143372125
1088,262144,exact,12,75.30533971667349,74.92501018636841,0.380329530305076,0.00505049883230082,0.9949497237617635,4.7651364922491316e-07,5.166593116195919e-07,4.255218797025907e-08,0.0,1.5704414358568355e-17,0.014903981950948645
1088,262144,exact,13,74.92501018636841,74.54632829156031,0.37868189480809633,0.005054145389719177,0.9949460796511939,5.166593116195919e-07,5.568782490406263e-07,4.2830092435928706e-08,0.0,6.4998131998742804e-18,0.014850148477074828
1088,262144,exact,14,74.54632829156031,74.16928807981199,0.3770402117483229,0.0050577972167008675,0.9949424302916348,5.568782490406263e-07,5.971718159783392e-07,4.3110017516732015e-08,0.0,1.5423834694790368e-17,0.014796470673753347
1088,262144,exact,15,74.16928807981199,73.7938836159023,0.37540446390968896,0.0050614543246757905,0.9949387756357577,5.971718159783392e-07,6.37541374432435e-07,4.339197900108729e-08,0.0,2.3230937369633255e-18,0.014742948203120616
1088,262144,exact,16,73.7938836159023,73.42010898178869,0.3737746341136159,0.005065116725108487,0.9949351157736237,6.37541374432435e-07,6.779882921143757e-07,4.367599093529184e-08,0.0,2.3259524731603087e-18,0.014689580727814485
1088,262144,exact,17,73.42010898178869,73.04795827656996,0.37215070521872917,0.005068784429495173,0.9949314506912361,6.779882921143757e-07,7.185139430674799e-07,4.396206804557365e-08,0.0,3.123116355645012e-18,0.014636367910944843
1088,262144,exact,18,73.04795827656996,72.67742561644896,0.3705326601210004,0.005072457449366498,0.9949277801918823,7.185139430674799e-07,7.591197295712108e-07,4.4250247160723296e-08,0.0,2.5567689512871056e-18,0.014583309416124008
1088,262144,exact,19,72.67742561644896,72.30850513469545,0.36892048175350567,0.005076135796285119,0.9949241044404933,7.591197295712108e-07,7.998070016029767e-07,4.454048450120634e-08,0.0,4.975895048645387e-18,0.014530404907440496
1088,262144,exact,20,72.30850513469545,71.94119098160868,0.36731415308676674,0.005079819481851245,0.9949204234019163,7.998070016029767e-07,8.405771876118138e-07,4.483286694299279e-08,0.0,5.829810138596129e-18,0.014477654049493825
1088,262144,exact,21,71.94119098160868,71.57547732448073,0.3657136571279551,0.005083508517692563,0.9949167370209535,8.405771876118138e-07,8.814317015734078e-07,4.512738887057907e-08,0.0,1.016683058677496e-17,0.014425056507337315
1088,262144,exact,22,71.57547732448073,71.2113583475591,0.3641189769216311,0.005087202915475251,0.9949130453158047,8.814317015734078e-07,9.223719672253287e-07,4.542406878115939e-08,0.0,6.121401230688422e-18,0.014372611946536204
1088,262144,exact,23,71.2113583475591,70.84882825200987,0.3625300955492321,0.0050909026868978195,0.9949093482672388,9.223719672253287e-07,9.633993706727934e-07,4.572287790706996e-08,0.0,6.3991221582694255e-18,0.014320320033131991
1088,262144,exact,24,70.84882825200987,70.48788125588072,0.3609469961291438,0.0050946078436929455,0.9949056459211985,9.633993706727934e-07,1.0045153650611327e-06,4.602389190446677e-08,0.0,2.6255903782515175e-18,0.014268180433657433
1088,262144,exact,25,70.48788125588072,70.12851159406408,0.3593696618166433,0.005098318397627557,0.9949019380824886,1.0045153650611327e-06,1.04572140451343e-06,4.632712098873145e-08,0.0,8.260900576334378e-18,0.014216192815127347
1088,262144,exact,26,70.12851159406408,69.7707135182602,0.3577980758038848,0.0051020343605035256,0.9948982249988282,1.04572140451343e-06,1.0870189195351246e-06,4.6632550344261904e-08,0.0,2.830572351487058e-18,0.01416435684504853
1088,262144,exact,27,69.7707135182602,69.41448129694054,0.35623222131965804,0.005105755744155117,0.9948945063873659,1.0870189195351246e-06,1.1284094026110122e-06,4.694025123625738e-08,0.0,9.870686692591175e-18,0.014112672191402144
1088,262144,exact,28,69.41448129694054,69.05980921531086,0.3546720816296727,0.005109482560453923,0.9948907825555595,1.1284094026110122e-06,1.1698942942456155e-06,4.725018064303691e-08,0.0,4.142838145020783e-18,0.014061138522664926
1088,262144,exact,29,69.05980921531086,68.70669157527469,0.3531176400361744,0.005113214821304294,0.9948870531660967,1.1698942942456155e-06,1.211475089670601e-06,4.756240275852469e-08,0.0,5.7746471179061926e-18,0.01400975550779343
1088,262144,exact,30,68.70669157527469,68.35512269539663,0.35156887987805874,0.0051169525386458425,0.9948833184105627,1.211475089670601e-06,1.253153264835175e-06,4.78769074578589e-08,0.0,5.905513708256982e-18,0.013958522816228218
1088,262144,exact,31,68.35512269539663,68.00509691086583,0.3500257845307999,0.005120695724453324,0.9948795782262173,1.253153264835175e-06,1.2949302926157892e-06,4.8193701052899605e-08,0.0,9.13652088555851e-18,0.013907440117895109
1088,262144,exact,32,68.00509691086583,67.65660857345951,0.348488337406323,0.005124444390735684,0.9948758325772599,1.2949302926157892e-06,1.336807717003342e-06,4.851286402297533e-08,0.0,1.5281321401414832e-17,0.013856507083199021
1088,262144,exact,33,67.65660857345951,67.30965205150628,0.34695652195323134,0.005128198549540307,0.9948720815050175,1.336807717003342e-06,1.3787870503387321e-06,4.883437436969168e-08,0.0,1.8044554633595174e-17,0.013805723383044423
1088,262144,exact,34,67.30965205150628,66.9642217298501,0.34543032165618115,0.005131958212944751,0.9948683249594276,1.3787870503387321e-06,1.4208697804630347e-06,4.915821722896869e-08,0.0,1.2178427957385517e-17,0.013755088688793523
1088,262144,exact,35,66.9642217298501,66.62031200981366,0.34390972003643583,0.005135723393065793,0.9948645628669196,1.4208697804630347e-06,1.4630574791442159e-06,4.948448611856923e-08,0.0,5.5264664643606826e-18,0.013704602672307747
1088,262144,exact,36,66.62031200981366,66.27791730916216,0.34239470065149646,0.005139494102054929,0.9948607953502672,1.4630574791442159e-06,1.5053516656073568e-06,4.9813138268059255e-08,0.0,5.2738388878420875e-18,0.013654265005927816
1088,262144,exact,37,66.27791730916216,65.93703206206713,0.34088524709503076,0.0051432703520982136,0.9948570223421265,1.5053516656073568e-06,1.5477539238846576e-06,5.014424826930802e-08,0.0,8.54592716308545e-18,0.013604075362472288
1088,262144,exact,38,65.93703206206713,65.59765071907012,0.33938134299701517,0.0051470521554193155,0.9948532437704276,1.5477539238846576e-06,1.5902657959058727e-06,5.047778417645773e-08,0.0,5.64420404402903e-18,0.013554033415245864
1088,262144,exact,39,65.59765071907012,65.25976774704662,0.33788297202349327,0.005150839524276837,0.9948494596933137,1.5902657959058727e-06,1.6328888326610108e-06,5.0813764840790717e-08,0.0,5.49491448707546e-18,0.013504138838032408
1088,262144,exact,40,65.25976774704662,64.92337762917003,0.33639011787659,0.005154632470965446,0.9948456700809291,1.6328888326610108e-06,1.6756246333246734e-06,5.115224843846244e-08,0.0,1.0098326797165769e-17,0.013454391305093457
1088,262144,exact,41,64.92337762917003,64.58847486487554,0.3349027642944975,0.005158431007816603,0.9948418749192638,1.6756246333246734e-06,1.718474826808103e-06,5.149327493843869e-08,0.0,7.957662781217338e-18,0.013404790491177185
1088,262144,exact,42,64.58847486487554,64.25505396982419,0.3334208950513471,0.005162235147197567,0.9948380741833501,1.718474826808103e-06,1.7614409686882218e-06,5.183678146009274e-08,0.0,6.2102338110317165e-18,0.013355336071505425
1088,262144,exact,43,64.25505396982419,63.92310947586699,0.33194449395720227,0.005166044901512212,0.9948342678809622,1.7614409686882218e-06,1.8045246825761084e-06,5.218284608001852e-08,0.0,4.390171765619039e-18,0.013306027721782578
1088,262144,exact,44,63.92310947586699,63.592635931008935,0.3304735448580516,0.005169860283201897,0.9948304559654884,1.8045246825761084e-06,1.8477275903862305e-06,5.2531477623712266e-08,0.0,5.649921516422997e-18,0.013256865118197448
1088,262144,exact,45,63.592635931008935,63.26362789937337,0.329008031635567,0.005173681304742656,0.9948266384811184,1.8477275903862305e-06,1.891051351834006e-06,5.288272426812727e-08,0.0,6.871766542837325e-18,0.01320784793740183
1088,262144,exact,46,63.26362789937337,62.93607996116593,0.327547938207438,0.005177507978651385,0.9948228154089023,1.891051351834006e-06,1.934497580603332e-06,5.323655069890571e-08,0.0,9.890380208614838e-18,0.013158975856552735
1088,262144,exact,47,62.93607996116593,62.60998671263917,0.32609324852676025,0.005181340317477237,0.9948189866651933,1.934497580603332e-06,1.9780679447659125e-06,5.359302192885766e-08,0.0,5.019940761902611e-18,0.013110248553255087
1088,262144,exact,48,62.60998671263917,62.285342766056694,0.3246439465824764,0.005185178333809486,0.9948151523270335,1.9780679447659125e-06,2.0217641088102697e-06,5.395214503419081e-08,0.0,9.444417361885449e-18,0.013061665705612301
1088,262144,exact,49,62.285342766056694,61.9621427496576,0.3232000163990918,0.005189022040274046,0.9948113123298538,2.0217641088102697e-06,2.065587760260394e-06,5.431395396018214e-08,0.0,6.730100282409043e-18,0.013013226992196494
1088,262144,exact,50,61.9621427496576,61.64038130762093,0.32176144203667434,0.00519287144953444,0.9948074666577099,2.065587760260394e-06,2.109540572978056e-06,5.4678446042798e-08,0.0,8.557573866110196e-18,0.012964932092062105
1088,262144,exact,51,61.64038130762093,61.32005310003014,0.3203282075907907,0.00519672657429176,0.9948036153069358,2.109540572978056e-06,2.1536242506764372e-06,5.5045662046586124e-08,0.0,5.383741412748333e-18,0.012916780684736697
1088,262144,exact,52,61.32005310003014,61.00115280283771,0.3189002971924282,0.005200587427284394,0.9947997582950254,2.1536242506764372e-06,2.1978405018490504e-06,5.541561782438195e-08,0.0,6.556882044695539e-18,0.012868772450224398
1088,262144,exact,53,61.00115280283771,60.6836751078297,0.3174776950080087,0.00520445402128925,0.9947958956118901,2.1978405018490504e-06,2.2421910498026255e-06,5.5788339359908794e-08,0.0,6.29514886399396e-18,0.012820907069007554
1088,262144,exact,54,60.6836751078297,60.367614722590424,0.3160603852392754,0.005208326369120906,0.9947920271721721,2.2421910498026255e-06,2.2866776425497803e-06,5.616386281744241e-08,0.0,8.116269700590706e-18,0.01277318422204343
1088,262144,exact,55,60.367614722590424,60.05296637046716,0.3146483521232639,0.005212204483632149,0.9947881530495432,2.2866776425497803e-06,2.3313019916133863e-06,5.654216297664892e-08,0.0,1.5042034593815493e-17,0.012725603590761792
1088,262144,exact,56,60.05296637046716,59.7397247905349,0.3132415799322601,0.005216088377714277,0.9947842731607855,2.3313019916133863e-06,2.3760658762305877e-06,5.692331899346509e-08,0.0,8.291605520672346e-18,0.012678164857072238
1088,262144,exact,57,59.7397247905349,59.427884737561236,0.3118400529736647,0.005219978064295875,0.994780387547759,2.3760658762305877e-06,2.4209710698632716e-06,5.730733667878702e-08,0.0,1.1185070068493036e-17,0.012630867703352802
1088,262144,exact,58,59.427884737561236,59.117440981971015,0.31044375559022086,0.005223873556347626,0.9947764961845872,2.4209710698632716e-06,2.466019345210388e-06,5.769422697598394e-08,0.0,8.432636506390187e-18,0.01258371181247086
1088,262144,exact,59,59.117440981971015,58.808388309811555,0.30905267215946,0.005227774866874083,0.9947725990382136,2.466019345210388e-06,2.5112124901255303e-06,5.808401682054552e-08,0.0,8.466517824280359e-18,0.01253669686774451
1088,262144,exact,60,58.808388309811555,58.500721522717434,0.30766678709412076,0.005231682008921673,0.9947686961066404,2.5112124901255303e-06,2.5565523159433894e-06,5.847674150845188e-08,0.0,1.3945973960068428e-17,0.012489822552982697
1088,262144,exact,61,58.500721522717434,58.19443543787554,0.30628608484189357,0.00523559499557547,0.9947647874039462,2.5565523159433894e-06,2.6020406240814285e-06,5.8872403041913234e-08,0.0,1.6977081361817942e-17,0.012443088552461045
1088,262144,exact,62,58.19443543787554,57.88952488799017,0.3049105498853706,0.0052395138399593645,0.9947608728843427,2.6020406240814285e-06,2.6476792509107493e-06,5.927104843082142e-08,0.0,1.1833473789616203e-17,0.0123964945509298
1088,262144,exact,63,57.88952488799017,57.58598472124816,0.30354016674201034,0.005243438555236496,0.9947569525681416,2.6476792509107493e-06,2.6934700366827486e-06,5.967269367915337e-08,0.0,1.0281709430246325e-17,0.012350040233612879
1088,262144,exact,64,57.58598472124816,57.283809801284036,0.3021749199641235,0.005247369154610055,0.9947530263739297,2.6934700366827486e-06,2.73941486447898e-06,6.00773940562555e-08,0.0,1.4939543607197722e-17,0.012303725286203885
1088,262144,exact,65,57.283809801284036,56.982995007145284,0.300814794138752,0.005251305651322254,0.9947490943716664,2.73941486447898e-06,2.785515553119012e-06,6.048509758496734e-08,0.0,1.4701527349019264e-17,0.012257549394869876
1088,262144,exact,66,56.982995007145284,56.68353523325762,0.2994597738876621,0.0052552480586552505,0.9947451565019184,2.785515553119012e-06,2.8317740124860642e-06,6.089590767287474e-08,0.0,1.2710152890024404e-17,0.012211512246248137
1088,262144,exact,67,56.68353523325762,56.38542538939034,0.29810984386728023,0.00525919638993109,0.9947412127695962,2.8317740124860642e-06,2.878192138362086e-06,6.130982291114597e-08,0.0,1.8873164614246693e-17,0.01216561352744835
1088,262144,exact,68,56.38542538939034,56.088660400621684,0.29676498876865764,0.005263150658512153,0.9947372631521753,2.878192138362086e-06,2.924771796994926e-06,6.172682647147928e-08,0.0,1.6961834768767364e-17,0.012119852926050872
1088,262144,exact,69,56.088660400621684,55.793235207304306,0.29542519331737793,0.0052671108778005946,0.9947333076226638,2.924771796994926e-06,2.971514951486596e-06,6.214702783354481e-08,0.0,1.3193385186432982e-17,0.012074230130105074
1088,262144,exact,70,55.793235207304306,55.499144765030756,0.29409044227354997,0.005271077061239288,0.9947293462062237,2.971514951486596e-06,3.0184235120692e-06,6.257038715684317e-08,0.0,2.192333025730943e-17,0.01202874482813219
1088,262144,exact,71,55.499144765030756,55.20638404459907,0.2927607204316871,0.0052750492223107475,0.9947253788565626,3.0184235120692e-06,3.0654994365376353e-06,6.299696496766601e-08,0.0,2.2622132438794226e-17,0.011983396709117609
1088,262144,exact,72,55.20638404459907,54.91494803197819,0.2914360126208777,0.005279027374541285,0.9947214055938615,3.0654994365376353e-06,3.112744667614756e-06,6.342675927502259e-08,0.0,2.0173360188282044e-17,0.011938185462534563
1088,262144,exact,73,54.91494803197819,54.6248317282739,0.29011630370429486,0.005283011531493278,0.9947174263626128,3.112744667614756e-06,3.1601611948194856e-06,6.385983015465803e-08,0.0,2.886942394126832e-17,0.011893110778297637
1088,262144,exact,74,54.6248317282739,54.33603014969432,0.2888015785795801,0.005287001706773148,0.9947134411912779,3.1601611948194856e-06,3.2077509740688352e-06,6.429615730999792e-08,0.0,5.91936269694459e-17,0.0118481723468081
1088,262144,exact,75,54.33603014969432,54.04853832751572,0.2874918221785947,0.005290997914027992,0.9947094500449458,3.2077509740688352e-06,3.255516057408827e-06,6.47358501410902e-08,0.0,2.9413642609879206e-17,0.011803369858932702
1088,262144,exact,76,54.04853832751572,53.762351308048345,0.286187019467377,0.005295000166945889,0.9947054529059773,3.255516057408827e-06,3.303458414912594e-06,6.517884060682759e-08,0.0,2.176239399733111e-17,0.011758703006004224
1088,262144,exact,77,53.762351308048345,53.47746415260224,0.284887155446107,0.005299008479256352,0.9947014497782368,3.303458414912594e-06,3.3515800926127064e-06,6.562521803735107e-08,0.0,2.031820282226253e-17,0.011714171479822722
1088,262144,exact,78,53.47746415260224,53.19387193745317,0.2835922151490706,0.005303022864730786,0.9946974406342993,3.3515800926127064e-06,3.3998831420346787e-06,6.607500185178086e-08,0.0,1.982904129522317e-17,0.011669774972656683
1088,262144,exact,79,53.19387193745317,52.911569753808585,0.2823021836445818,0.005307043337182158,0.9946934254829299,3.3998831420346787e-06,3.4483696067258026e-06,6.652819795545205e-08,0.0,2.179076960106413e-17,0.01162551317724271
1088,262144,exact,80,52.911569753808585,52.63055270777364,0.2810170460349468,0.005311069910465455,0.9946894042746901,3.4483696067258026e-06,3.4970415675701208e-06,6.698485776001613e-08,0.0,2.2931299464542046e-17,0.011581385786780926
1088,262144,exact,81,52.63055270777364,52.35081592031725,0.2797367874563861,0.005315102598477337,0.9946853770324914,3.4970415675701208e-06,3.54590111454294e-06,6.744500443066844e-08,0.0,2.450889832880318e-17,0.011537392494938268
1088,262144,exact,82,52.35081592031725,52.07235452723821,0.2784613930790414,0.0053191414151574105,0.9946813437152315,3.54590111454294e-06,3.594950340782028e-06,6.790865551630849e-08,0.0,2.9189178878856817e-17,0.01149353299585098
1088,262144,exact,83,52.07235452723821,51.79516367913135,0.2771908481068621,0.005323186374487215,0.9946773043259075,3.594950340782028e-06,3.6441913797383636e-06,6.837586561871817e-08,0.0,3.492486248118931e-17,0.011449806984115768
1088,262144,exact,84,51.79516367913135,51.51923854135382,0.27592513777752714,0.005327237490489858,0.994673258867891,3.6441913797383636e-06,3.693626341189621e-06,6.884662560737985e-08,0.0,4.0393307188663075e-17,0.011406214154792392
1088,262144,exact,85,51.51923854135382,51.244574293991164,0.27466424736265793,0.005331294777235276,0.9946692072910113,3.693626341189621e-06,3.7432573867834534e-06,6.932100199153708e-08,0.0,2.836205120586299e-17,0.011362754203424131
1088,262144,exact,86,51.244574293991164,50.97116613182393,0.27340816216723596,0.005335358248830164,0.9946651496019926,3.7432573867834534e-06,3.7930866824267207e-06,6.979901383342235e-08,0.0,3.042923511363711e-17,0.011319426825988679
1088,262144,exact,87,50.97116613182393,50.69900926429383,0.27215686753010004,0.005339427919428715,0.9946610857815276,3.7930866824267207e-06,3.8431164018693025e-06,7.028068389980432e-08,0.0,3.651643738908014e-17,0.011276231718952057
1088,262144,exact,88,50.69900926429383,50.42809891547024,0.2709103488235911,0.005343503803226924,0.9946570158269026,3.8431164018693025e-06,3.8933487455154735e-06,7.076605378933471e-08,0.0,3.260483923865978e-17,0.011233168579232093
1088,262144,exact,89,50.42809891547024,50.158430324016685,0.26966859145355215,0.005347585914463726,0.994652939709421,3.8933487455154735e-06,3.943785926682645e-06,7.12551516828198e-08,0.0,4.11268377209853e-17,0.011190237104211914
1088,262144,exact,90,50.158430324016685,49.88999874315732,0.2684315808593638,0.005351674267422885,0.9946488574344365,3.943785926682645e-06,3.994430160879187e-06,7.17479949762976e-08,0.0,3.8014838672773e-17,0.011147436991741515
1088,262144,exact,91,49.88999874315732,49.62279944064356,0.26719930251375956,0.005355768876430516,0.9946447689617919,3.994430160879187e-06,4.045283716521356e-06,7.224465205477939e-08,0.0,3.5114597861374275e-17,0.01110476794012984
1088,262144,exact,92,49.62279944064356,49.35682769872067,0.26597174192288975,0.005359869755857538,0.9946406743028368,4.045283716521356e-06,4.096348818528639e-06,7.274509502408415e-08,0.0,4.253291241342744e-17,0.01106222964814913
1088,262144,exact,93,49.35682769872067,49.09207881409448,0.2647488846261936,0.0053639769201183065,0.9946365734451721,4.096348818528639e-06,4.14762777736652e-06,7.324942490893053e-08,0.0,3.991558060641165e-17,0.011019821815031791
1088,262144,exact,94,49.09207881409448,48.828548097898064,0.26353071619641355,0.0053680903836721035,0.9946324663538537,4.14762777736652e-06,4.199122866576276e-06,7.375762090088378e-08,0.0,4.442179588580453e-17,0.01097754414047725
1088,262144,exact,95,48.828548097898064,48.5662308756586,0.2623172222394672,0.005372210161021749,0.9946283530423838,4.199122866576276e-06,4.250836408760673e-06,7.426974779688281e-08,0.0,4.1585082545449875e-17,0.010935396324638877
1088,262144,exact,96,48.5662308756586,48.305122487264136,0.2611083883944616,0.0053763362667150925,0.9946242334668562,4.250836408760673e-06,4.30277073589138e-06,7.478583127780821e-08,0.0,4.301572119336239e-17,0.010893378068134797
1088,262144,exact,97,48.305122487264136,48.04521828693055,0.25990420033358674,0.005380468715344044,0.9946201076361162,4.30277073589138e-06,4.354928176578341e-06,7.530588415661117e-08,0.0,4.408552380574457e-17,0.010851489072041467
1088,262144,exact,98,48.04521828693055,47.786513643168306,0.25870464376224334,0.005384607521548449,0.99461597552912,4.354928176578341e-06,4.407311099601949e-06,7.582996294374462e-08,0.0,4.851381205399005e-17,0.01080972903790615
1088,262144,exact,99,47.786513643168306,47.52900393874971,0.2575097044185952,0.00538875270000806,0.9946118371315286,4.407311099601949e-06,4.459921905249709e-06,7.635811571530186e-08,0.0,5.0864328482620735e-17,0.01076809766771655
1088,262144,exact,100,47.52900393874971,47.27268457067575,0.25631936807396016,0.00539290426545183,0.994607692442555,4.459921905249709e-06,4.512762955415074e-06,7.689032081799038e-08,0.0,5.733311910080183e-17,0.010726594663934729
1088,262144,exact,101,47.27268457067575,47.01755095014326,0.2551336205324901,0.005397062232652531,0.9946035414140739,4.512762955415074e-06,4.565836701728661e-06,7.742668476791582e-08,0.0,5.732973096901281e-17,0.010685219729475805
1088,262144,exact,102,47.01755095014326,46.76359850251203,0.25395244763122804,0.005401226616429162,0.9945993840745392,4.565836701728661e-06,4.619145557452702e-06,7.796718618552226e-08,0.0,5.70722329530475e-17,0.01064397256771644
1088,262144,exact,103,46.76359850251203,46.510822667272016,0.25277583524001557,0.005405397431646263,0.9945952203854427,4.619145557452702e-06,4.672691970124327e-06,7.851187647766498e-08,0.0,6.044681221490864e-17,0.010602852882489815
1088,262144,exact,104,46.510822667272016,46.25921889801057,0.25160376926144323,0.005409574693214096,0.994591050338061,4.672691970124327e-06,4.72647843088181e-06,7.906081647124566e-08,0.0,6.161402361622506e-17,0.01056186037808637
1088,262144,exact,105,46.25921889801057,46.00878266237974,0.2504362356308363,0.00541375841608961,0.9945868739236767,4.72647843088181e-06,4.780507426138871e-06,7.961401896223644e-08,0.0,6.17893594363067e-17,0.010520994759258238
1088,262144,exact,106,46.00878266237974,45.759509442063596,0.24927322031614096,0.005417948615275266,0.9945826911237211,4.780507426138871e-06,4.834781461011341e-06,8.017152024875455e-08,0.0,6.354525873596487e-17,0.010480255731209278
1088,262144,exact,107,45.759509442063596,45.51139473274565,0.24811470931794588,0.00542214530582076,0.9945785019163303,4.834781461011341e-06,4.889303061584616e-06,8.073335906851919e-08,0.0,6.941011486275364e-17,0.010439642999605099
1088,262144,exact,108,45.51139473274565,45.26443404407627,0.24696068866938248,0.0054263485028221555,0.9945743063018646,4.889303061584616e-06,4.944074780369206e-06,8.12995796626284e-08,0.0,6.85249654328729e-17,0.010399156270564987
1088,262144,exact,109,45.26443404407627,45.01862289964022,0.2458111444360469,0.0054305582214214405,0.9945701042591446,4.944074780369206e-06,4.999099181401596e-06,8.187021169556502e-08,0.0,7.077807307256934e-17,0.0103587952506626
1088,262144,exact,110,45.01862289964022,44.77395683692408,0.2446660627161421,0.00543477447681096,0.9945658957752511,4.999099181401596e-06,5.054378832958396e-06,8.244527761719134e-08,0.0,7.879778101717305e-17,0.01031855964693932
1088,262144,exact,111,44.77395683692408,44.53043140728403,0.24352542964005153,0.005438997284225314,0.9945616808434549,5.054378832958396e-06,5.109916389156592e-06,8.302488151775497e-08,0.0,8.784493992679623e-17,0.010278449166873194
1088,262144,exact,112,44.53043140728403,44.28804217591334,0.24238923137068724,0.005443226658950325,0.9945574594391587,5.109916389156592e-06,5.165714413367894e-06,8.360895151206428e-08,0.0,9.026914822183804e-17,0.010238463518412363
1088,262144,exact,113,44.28804217591334,44.04678472181017,0.24125745410317023,0.005447462616317265,0.9945532315437497,5.165714413367894e-06,5.221775596277614e-06,8.419763331575484e-08,0.0,8.530553515092784e-17,0.010198602409951364
1088,262144,exact,114,44.04678472181017,43.80665463774522,0.24013008406495118,0.005451705171706859,0.994548997157676,5.221775596277614e-06,5.278102594548656e-06,8.479091197562845e-08,0.0,8.729945070876446e-17,0.01015886555034611
1088,262144,exact,115,43.80665463774522,43.56764753022959,0.2390071075156257,0.005455954340546459,0.9945447562609255,5.278102594548656e-06,5.334698092183391e-06,8.538883385709817e-08,0.0,8.925779088281641e-17,0.010119252648901247
1088,262144,exact,116,43.56764753022959,43.32975901948262,0.23788851074696993,0.00546021013831215,0.9945405088428285,5.334698092183391e-06,5.391564797689563e-06,8.599144265988601e-08,0.0,9.325917452564572e-17,0.010079763415376667
1088,262144,exact,117,43.32975901948262,43.092984739399775,0.23677428008284807,0.005464472580527988,0.994536254884764,5.391564797689563e-06,5.4487054532423855e-06,8.659879147649193e-08,0.0,9.681501883821927e-17,0.010040397559986775
1088,262144,exact,118,43.092984739399775,42.85732033752057,0.23566440187920534,0.005468741682767175,0.9945319943674238,5.4487054532423855e-06,5.50612278592403e-06,8.721088489268674e-08,0.0,1.0246472859640546e-16,0.010001154793398604
1088,262144,exact,119,42.85732033752057,42.62276147499661,0.2345588625239614,0.005473017460650956,0.9945277272897084,5.50612278592403e-06,5.563819588815134e-06,8.78278084568127e-08,0.0,1.0478136370714597e-16,0.00996203482672998
1088,262144,exact,120,42.62276147499661,42.38930382655961,0.23345764843699612,0.005477299929849622,0.9945234536224518,5.563819588815134e-06,5.621798635745348e-06,8.844956305460705e-08,0.0,1.0993555919118839e-16,0.00992303737155343
1088,262144,exact,121,42.38930382655961,42.156943080489505,0.23236074607010693,0.00548158910608289,0.9945191733638482,5.621798635745348e-06,5.680062748191036e-06,8.907621626534076e-08,0.0,1.137777006399339e-16,0.009884162139893704
1088,262144,exact,122,42.156943080489505,41.925674938582574,0.23126814190693068,0.005485885005119429,0.9945148864983379,5.680062748191036e-06,5.738614778403759e-06,8.970781919989237e-08,0.0,1.1677789133910862e-16,0.009845408844225325
1088,262144,exact,123,41.925674938582574,41.695495116119716,0.2301798224628584,0.005490187642776213,0.9945105930025268,5.738614778403759e-06,5.797457574478581e-06,9.034438831609047e-08,0.0,1.2089531849571178e-16,0.009806777197469084
1088,262144,exact,124,41.695495116119716,41.46639934183449,0.2290957742852271,0.00549449703492446,0.9945062928759527,5.797457574478581e-06,5.856594015848335e-06,9.098597547379523e-08,0.0,1.2576660497537126e-16,0.009768266913017213
1088,262144,exact,125,41.46639934183449,41.23838335788168,0.2280159839528082,0.00549881319747886,0.9945019860861204,5.856594015848335e-06,5.91602701909338e-06,9.163263876135966e-08,0.0,1.2923689896027213e-16,0.009729877704685218
1088,262144,exact,126,41.23838335788168,41.01144291980549,0.22694043807619124,0.00550313614640806,0.9944976726282917,5.91602701909338e-06,5.975759488663353e-06,9.228438710801123e-08,0.0,1.3911499719115178e-16,0.009691609286754579
1088,262144,exact,127,41.01144291980549,40.78557379650796,0.22586912329752806,0.005507465897729972,0.9944933525002612,5.975759488663353e-06,6.03579440390864e-06,9.294131643229258e-08,0.0,1.3971639058370233e-16,0.00965346137395278
1088,262144,exact,128,40.78557379650796,40.56077177021741,0.22480202629055412,0.005511802467513686,0.994489025667494,6.03579440390864e-06,6.096134723371546e-06,9.360342764465386e-08,0.0,1.4552449550302507e-16,0.009615433681460847
1088,262144,exact,129,40.56077177021741,40.337032636456954,0.2237391337604535,0.005516145871877582,0.9944846921291477,6.096134723371546e-06,6.156783439259596e-06,9.427077586308219e-08,0.0,1.5344510059280003e-16,0.009577525924900994
1088,262144,exact,130,40.337032636456954,40.114352204013024,0.22268043244393,0.005520496126992483,0.9944803518561336,6.156783439259596e-06,6.2177435839012016e-06,9.494342308162444e-08,0.0,1.5732197039238296e-16,0.009539737820353937
1088,262144,exact,131,40.114352204013024,39.892726294904,0.22162590910902225,0.00552485324907854,0.9944760048484056,6.2177435839012016e-06,6.279018213159485e-06,9.562141483066577e-08,0.0,1.6105569162387992e-16,0.009502069084338928
1088,262144,exact,132,39.892726294904,39.67215074434881,0.22057555055518918,0.005529217254408758,0.9944716510937828,6.279018213159485e-06,6.340610371065382e-06,9.630476154687947e-08,0.0,1.701435081149713e-16,0.009464519433830918
1088,262144,exact,133,39.67215074434881,39.45262140073565,0.21952934361316068,0.00553358815930674,0.9944672905649963,6.340610371065382e-06,6.4025231623760175e-06,9.699354630882203e-08,0.0,1.7450996295806723e-16,0.0094270885862499
1088,262144,exact,134,39.45262140073565,39.234134125590735,0.21848727514491628,0.0055379659801475765,0.9944629232375745,6.4025231623760175e-06,6.46475971756055e-06,9.768781758835421e-08,0.0,1.8053829644367608e-16,0.009389776259461212
1088,262144,exact,135,39.234134125590735,39.01668479354711,0.21744933204362837,0.005542350733357858,0.9944585491355704,6.46475971756055e-06,6.527323168321124e-06,9.838759927447328e-08,0.0,1.8869437669278774e-16,0.009352582171777915
1088,262144,exact,136,39.01668479354711,38.800269292313345,0.21641550123376163,0.005546742435419684,0.994454168204468,6.527323168321124e-06,6.590216696336207e-06,9.909296457617157e-08,0.0,1.9449994051326872e-16,0.00931550604196935
1088,262144,exact,137,38.800269292313345,38.58488352264268,0.21538576967066803,0.005551141102861823,0.9944497804535509,6.590216696336207e-06,6.653443487106707e-06,9.980394049456306e-08,0.0,2.0072309157674606e-16,0.009278547589234423
1088,262144,exact,138,38.58488352264268,38.37052339830176,0.21436012434091367,0.005555546752269479,0.9944453858544618,6.653443487106707e-06,6.717006761898148e-06,1.0052058630952959e-07,0.0,2.080677142623881e-16,0.00924170653322874
1088,262144,exact,139,38.37052339830176,38.15718484603975,0.21333855226201592,0.005559959400279071,0.9944409844022712,6.717006761898148e-06,6.780909778112027e-06,1.0124296179009259e-07,0.0,2.167718248283733e-16,0.009204982594050485
1088,262144,exact,140,38.15718484603975,37.94486380555727,0.2123210404824789,0.005564379063580611,0.9944365760777808,6.780909778112027e-06,6.8451557912839944e-06,1.0197108907106025e-07,0.0,2.25134581116615e-16,0.009168375492245784
1088,262144,exact,141,37.94486380555727,37.733556229475575,0.21130757608169404,0.0055688057589166175,0.9944321608631354,6.8451557912839944e-06,6.909748115826136e-06,1.0270505108659762e-07,0.0,2.318092007409789e-16,0.009131884948801601
1088,262144,exact,142,37.733556229475575,37.52325808330564,0.21029814616993292,0.0055732395030834245,0.9944277387523233,6.909748115826136e-06,6.974690072813999e-06,1.0344487888617473e-07,0.0,2.4128580535486e-16,0.009095510685152568
1088,262144,exact,143,37.52325808330564,37.31396534541737,0.2092927378882692,0.005577680312930635,0.9944233097257421,6.974690072813999e-06,7.039985014474999e-06,1.0419062820770804e-07,0.0,2.516839818153538e-16,0.009059252423176923
1088,262144,exact,144,37.31396534541737,37.10567400700883,0.20829133840854297,0.00558212820536169,0.9944188737671825,7.039985014474999e-06,7.105636322570307e-06,1.0494235339574724e-07,0.0,2.575107214595161e-16,0.009023109885195632
1088,262144,exact,145,37.10567400700883,36.89838007207555,0.20729393493328274,0.005586583197333306,0.9944144308582922,7.105636322570307e-06,7.171647404230083e-06,1.0570010490897017e-07,0.0,2.7364669910471054e-16,0.008987082793972458
1088,262144,exact,146,36.89838007207555,36.6920795573798,0.20630051469574795,0.0055910453058581515,0.9944099809893578,7.171647404230083e-06,7.2380217141281796e-06,1.0646395550089852e-07,0.0,2.7553304147824587e-16,0.008951170872718515
1088,262144,exact,147,36.6920795573798,36.48676849242007,0.20531106495973006,0.005595514548001035,0.9944055241451466,7.2380217141281796e-06,7.3047626848067875e-06,1.0723390868562341e-07,0.0,2.9042049255918745e-16,0.00891537384508132
1088,262144,exact,148,36.48676849242007,36.28244291940042,0.20432557301965204,0.00559999094088312,0.994401060311599,7.3047626848067875e-06,7.371873834072048e-06,1.080100752749371e-07,0.0,2.9936177235040384e-16,0.008879691435157745
1088,262144,exact,149,36.28244291940042,36.07909889319998,0.20334402620043335,0.005604474501679825,0.994396589473394,7.371873834072048e-06,7.43935868772509e-06,1.087924894035772e-07,0.0,3.078846178656766e-16,0.008844123367481645
1088,262144,exact,150,36.07909889319998,35.87673248134258,0.20236641185740467,0.005608965247620021,0.9943921116109368,7.43935868772509e-06,7.507220767465135e-06,1.0958117326968245e-07,0.0,3.2266703686115866e-16,0.008808669367025923
1088,262144,exact,151,35.87673248134258,35.675339763966086,0.20139271737649267,0.005613463195992707,0.9943876267150847,7.507220767465135e-06,7.575463674136788e-06,1.1037623228649112e-07,0.0,3.355554901865801e-16,0.008773329159219976
1088,262144,exact,152,35.675339763966086,35.47491683379232,0.20042293017376522,0.005617968364136019,0.9943831347665619,7.575463674136788e-06,7.644091014983082e-06,1.1117769972670485e-07,0.0,3.419793880585567e-16,0.008738102469913215
1088,262144,exact,153,35.47491683379232,35.275459796096555,0.1994570376957654,0.005622480769448026,0.994378635753098,7.644091014983082e-06,7.713106427669914e-06,1.1198563297711492e-07,0.0,3.5859309228600256e-16,0.008702989025410482
1088,262144,exact,154,35.275459796096555,35.0769647686773,0.19849502741925562,0.005627000429381229,0.9943741296577419,7.713106427669914e-06,7.78251358318047e-06,1.1280009257666423e-07,0.0,3.679985461323143e-16,0.008667988552450196
1088,262144,exact,155,35.0769647686773,34.87942788182606,0.19753688685123905,0.005631527361444731,0.9943696164661567,7.78251358318047e-06,7.852316176809193e-06,1.1362113034347897e-07,0.0,3.841057246573021e-16,0.008633100778213915
1088,262144,exact,156,34.87942788182606,34.68284527829717,0.19658260352888846,0.005636061583203832,0.994365096164376,7.852316176809193e-06,7.922517951269158e-06,1.1444882139768523e-07,0.0,3.944852663929563e-16,0.008598325430321
1088,262144,exact,157,34.68284527829717,34.48721311327767,0.19563216501950365,0.00564060311228043,0.9943605687347112,7.922517951269158e-06,7.993122656287955e-06,1.1528320086164801e-07,0.0,4.086527394687317e-16,0.008563662236830421
1088,262144,exact,158,34.48721311327767,34.292527554357186,0.194685558920483,0.00564515196635383,0.9943560341636641,7.993122656287955e-06,8.064134084842722e-06,1.1612434017405492e-07,0.0,4.215564393872037e-16,0.008529110926242044
1088,262144,exact,159,34.292527554357186,34.09878478149797,0.19374277285921693,0.0056497081631592975,0.9943514924385699,8.064134084842722e-06,8.13555606649882e-06,1.1697230445429673e-07,0.0,4.43577601949921e-16,0.008494671227489979
1088,262144,exact,160,34.09878478149797,33.905980987004845,0.19280379449312335,0.0056542717204907215,0.9943469435382263,8.13555606649882e-06,8.207392463776944e-06,1.1782715552209714e-07,0.0,4.521309406512949e-16,0.008460342869951275
1088,262144,exact,161,33.905980987004845,33.71411237549538,0.191868611509463,0.0056588426561968675,0.9943423874472425,8.207392463776944e-06,8.279647156184086e-06,1.1868893950634791e-07,0.0,4.707334782388939e-16,0.008426125583433329
1088,262144,exact,162,33.71411237549538,33.523175163869794,0.19093721162558808,0.005663420988190336,0.9943378241654725,8.279647156184086e-06,8.352324065940636e-06,1.1955772829005895e-07,0.0,4.873488765322342e-16,0.008392019098197057
1088,262144,exact,163,33.523175163869794,33.33316558128137,0.1900095825884236,0.00566800673443397,0.9943332536506915,8.352324065940636e-06,8.425427150687371e-06,1.2043358715941286e-07,0.0,5.037660691159171e-16,0.008358023144920176
1088,262144,exact,164,33.33316558128137,33.14407986910653,0.18908571217484393,0.005672599912953579,0.9943286759106169,8.425427150687371e-06,8.49896039807389e-06,1.2131657587049152e-07,0.0,5.209371210226563e-16,0.008324137454728103
1088,262144,exact,165,33.14407986910653,32.95591428091509,0.18816558819143836,0.005677200541832715,0.9943240909212543,8.49896039807389e-06,8.572927833027774e-06,1.222067619758462e-07,0.0,5.386350274225876e-16,0.008290361759183178
1088,262144,exact,166,32.95591428091509,32.76866508244063,0.1872491984744613,0.005681808639212845,0.9943194986672546,8.572927833027774e-06,8.647333512367373e-06,1.2310420787685893e-07,0.0,5.562143492099034e-16,0.00825669579028043
1088,262144,exact,167,32.76866508244063,32.582328551550795,0.18633653088983237,0.005686424223295029,0.9943148991367277,8.647333512367373e-06,8.722181513218278e-06,1.2400896464799236e-07,0.0,5.809239943472058e-16,0.008223139280451435
1088,262144,exact,168,32.582328551550795,32.396900978217715,0.18542757333307947,0.0056910473123399224,0.9943102923059116,8.722181513218278e-06,8.797475970666852e-06,1.2492112131214858e-07,0.0,5.98581243165669e-16,0.008189691962566659
1088,262144,exact,169,32.396900978217715,32.21237866448849,0.18452231372922512,0.005695677924666004,0.9943056781711488,8.797475970666852e-06,8.873221048025571e-06,1.2584073743356318e-07,0.0,6.162808436314948e-16,0.008156353569923797
1088,262144,exact,170,32.21237866448849,32.02875792445565,0.18362074003284334,0.005700316078653024,0.9943010567033405,8.873221048025571e-06,8.949420925077014e-06,1.2676786130864812e-07,0.0,6.457813071184676e-16,0.008123123836262442
1088,262144,exact,171,32.02875792445565,31.846035084227708,0.18272284022793883,0.005704961792740027,0.9942964278994179,8.949420925077014e-06,9.026079851353714e-06,1.2770259444056777e-07,0.0,6.592321903208659e-16,0.0080900024957537
1088,262144,exact,172,31.846035084227708,31.664206481899782,0.18182860232792564,0.005709615085426422,0.9942917917389767,9.026079851353714e-06,9.103202073319956e-06,1.2864496622988594e-07,0.0,6.914905930840987e-16,0.008056989283002542
1088,262144,exact,173,31.664206481899782,31.483268467524226,0.18093801437555612,0.005714275975271503,0.9942871482098468,9.103202073319956e-06,9.18079190012952e-06,1.295950717846104e-07,0.0,7.143537063963867e-16,0.00802408393304752
1088,262144,exact,174,31.483268467524226,31.303217403081316,0.1800510644429103,0.005718944480895859,0.994282497290347,9.18079190012952e-06,9.25885367736715e-06,1.305529805384564e-07,0.0,7.350738263521214e-16,0.007991286181359594
1088,262144,exact,175,31.303217403081316,31.124049662450005,0.17916774063131058,0.0057236206209804585,0.9942778389672788,9.25885367736715e-06,9.33739178132884e-06,1.3151875644135765e-07,0.0,7.593701194111638e-16,0.007958595763844773
1088,262144,exact,176,31.124049662450005,30.945761631378733,0.178288031071272,0.005728304414266817,0.9942731732254493,9.33739178132884e-06,9.416410624095672e-06,1.3249246881358028e-07,0.0,7.88965450588229e-16,0.007926012416837023
1088,262144,exact,177,30.945761631378733,30.76834970745614,0.17741192392259464,0.005732995879561759,0.9942685000550856,9.416410624095672e-06,9.495914663341915e-06,1.3347419703301432e-07,0.0,8.13476890015874e-16,0.00789353587711428
1088,262144,exact,178,30.76834970745614,30.59181030008214,0.17653940737399765,0.005737695035727464,0.994263819429529,9.495914663341915e-06,9.575908376295962e-06,1.344639949886824e-07,0.0,8.439226422719825e-16,0.007861165881868776
1088,262144,exact,179,30.59181030008214,30.416139830438738,0.1756704696434035,0.0057424019016923565,0.9942591313424313,9.575908376295962e-06,9.656396295721855e-06,1.3546195256597422e-07,0.0,8.748528973739206e-16,0.007828902168735975
1088,262144,exact,180,30.416139830438738,30.241334731461016,0.17480509897772123,0.005747116496445951,0.9942544357741029,9.656396295721855e-06,9.73738299756264e-06,1.3646814784905964e-07,0.0,9.004891965555192e-16,0.007796744475779938
1088,262144,exact,181,30.241334731461016,30.06739144780819,0.1739432836528252,0.005751838839039948,0.9942497327096778,9.73738299756264e-06,9.818873079181153e-06,1.3748263749991143e-07,0.0,9.37174193501103e-16,0.0077646925414942185
1088,262144,exact,182,30.06739144780819,29.89430643583466,0.1730850119735301,0.005756568948589233,0.9942450221339365,9.818873079181153e-06,9.900871196645556e-06,1.385055156683201e-07,0.0,9.635423291491294e-16,0.0077327461048047235
1088,262144,exact,183,29.89430643583466,29.72207616356115,0.1722302722735094,0.0057613068442710184,0.9942403040319,9.900871196645556e-06,9.983382022311452e-06,1.3953683458630786e-07,0.0,1.0084147465628732e-15,0.007700904905065614
1088,262144,exact,184,29.72207616356115,29.55069711064588,0.17137905291527034,0.0057660525453258425,0.994235578385694,9.983382022311452e-06,1.006641030470255e-05,1.405767065352239e-07,0.0,1.0308390968084835e-15,0.007669168682060529
1088,262144,exact,185,29.55069711064588,29.380165768355763,0.17053134229011846,0.005770806071058241,0.9942308451826419,1.006641030470255e-05,1.0149960796728242e-05,1.4162517260470449e-07,0.0,1.076136724761749e-15,0.007637537176004928
1088,262144,exact,186,29.380165768355763,29.21047863953772,0.16968712881804393,0.005775567440834775,0.9942261044064782,1.0149960796728242e-05,1.0234038318337338e-05,1.4268233663121613e-07,0.0,1.1034704779696453e-15,0.0076060101275368715
1088,262144,exact,187,29.21047863953772,29.041632238589877,0.1688464009478423,0.005780336674089995,0.9942213560399034,1.0234038318337338e-05,1.031864771375703e-05,1.4374826028227697e-07,0.0,1.1469283503614744e-15,0.007574587277736773
1088,262144,exact,188,29.041632238589877,28.873623091433082,0.16800914715679482,0.0057851137903174735,0.994216600067006,1.031864771375703e-05,1.0403793887352006e-05,1.4482304127209977e-07,0.0,1.1807910335268068e-15,0.0075432683680960455
1088,262144,exact,189,28.873623091433082,28.706447735482218,0.16717535595086375,0.005789898809078288,0.9942118364741863,1.0403793887352006e-05,1.048948175824967e-05,1.4590673244232046e-07,0.0,1.23580074125329e-15,0.007512053140544325
1088,262144,exact,190,28.706447735482218,28.54010271961767,0.16634501586454675,0.005794691749997971,0.9942070652467595,1.048948175824967e-05,1.0575716328852354e-05,1.4699945528778004e-07,0.0,1.264249189819773e-15,0.007480941337437061
1088,262144,exact,191,28.54010271961767,28.37458460415684,0.16551811546083073,0.005799492632766812,0.9942022863662727,1.0575716328852354e-05,1.0662502607674983e-05,1.4810125488195138e-07,0.0,1.3131043561515066e-15,0.007449932701555842
1088,262144,exact,192,28.37458460415684,28.209889960825688,0.1646946433311527,0.005804301477140396,0.9941974998182642,1.0662502607674983e-05,1.0749845670674097e-05,1.4921223767379775e-07,0.0,1.3558896843832158e-15,0.007419026976109797
1088,262144,exact,193,28.209889960825688,28.046015372730334,0.1638745880953536,0.00580911830293992,0.9941927055849815,1.0749845670674097e-05,1.0837750619225626e-05,1.5033246868474837e-07,0.0,1.4076027398789853e-15,0.007388223904733912
1088,262144,exact,194,28.046015372730334,27.882957434328695,0.1630579384016393,0.005813943130052748,0.9941879036537922,1.0837750619225626e-05,1.0926222624301731e-05,1.5146205730371277e-07,0.0,1.4524954860834632e-15,0.007357523231490767
1088,262144,exact,195,27.882957434328695,27.720712751402193,0.1622446829265023,0.005818775978431588,0.9941830940110855,1.0926222624301731e-05,1.1015266883306408e-05,1.526010703220582e-07,0.0,1.497867652936087e-15,0.007326924700866184
1088,262144,exact,196,27.720712751402193,27.559277941027467,0.1614348103747254,0.005823616868096567,0.9941782766341556,1.1015266883306408e-05,1.1104888631315653e-05,1.5374958616157137e-07,0.0,1.5567686300222566e-15,0.007296428057773957
1088,262144,exact,197,27.559277941027467,27.398649631548192,0.1606283094792751,0.005828465819133378,0.9941734515144767,1.1104888631315653e-05,1.1195093175502824e-05,1.5490771783531685e-07,0.0,1.6114479948993107e-15,0.007266033047551496
1088,262144,exact,198,27.398649631548192,27.238824462546873,0.15982516900131927,0.005833322851695891,0.9941686186301021,1.1195093175502824e-05,1.1285885862215178e-05,1.560755461502771e-07,0.0,1.6600236403584503e-15,0.007235739415961121
1088,262144,exact,199,27.238824462546873,27.079799084816763,0.15902537773011005,0.005838187986003891,0.9941637779730026,1.1285885862215178e-05,1.1377272065418457e-05,1.5725314058848455e-07,0.0,1.7219671597911573e-15,0.0072055469091887245
1088,262144,exact,200,27.079799084816763,26.92157016033375,0.15822892448301218,0.005843061242346099,0.994158929519081,1.1377272065418457e-05,1.1469257233012297e-05,1.5844061738434638e-07,0.0,1.7758062679845352e-15,0.007175455273847195
1088,262144,exact,201,26.92157016033375,26.764134362228376,0.1574357981053751,0.005847942641077491,0.9941540732574055,1.1469257233012297e-05,1.1561846837739067e-05,1.5963804414747676e-07,0.0,1.844544685720116e-15,0.0071454642569684645
1088,262144,exact,202,26.764134362228376,26.60748837475784,0.1566459874705366,0.005852832202621415,0.9941492091748337,1.1561846837739067e-05,1.165504642131649e-05,1.6084553288148398e-07,0.0,1.9038386860938117e-15,0.0071155736060098595
1088,262144,exact,203,26.60748837475784,26.451628893277977,0.15585948147986173,0.005857729947473114,0.994144337246562,1.165504642131649e-05,1.1748861565510712e-05,1.6206316737809215e-07,0.0,1.9649758301607326e-15,0.007085783068858041
1088,262144,exact,204,26.451628893277977,26.296552624215547,0.15507626906243033,0.005862635896190087,0.9941394574683016,1.1748861565510712e-05,1.184329789070517e-05,1.6329103013766097e-07,0.0,2.0394893185306934e-15,0.0070560923938085985
1088,262144,exact,205,26.296552624215547,26.14225628504026,0.15429633917528562,0.005867550069403382,0.9941345698158631,1.184329789070517e-05,1.19383610964449e-05,1.6452924477330264e-07,0.0,2.1057069662152456e-15,0.0070265013295902085
1088,262144,exact,206,26.14225628504026,25.988736604237033,0.1535196808032282,0.0058724724878119585,0.9941296742786139,1.19383610964449e-05,1.2034056899760577e-05,1.657778737093536e-07,0.0,2.1780198629882397e-15,0.006997009625349565
1088,262144,exact,207,25.988736604237033,25.835990321278224,0.15274628295880888,0.0058774031721844505,0.9941247708384918,1.2034056899760577e-05,1.2130391090505701e-05,1.6703703502438537e-07,0.0,2.250539435800364e-15,0.006967617030656059
1088,262144,exact,208,25.835990321278224,25.684014186595952,0.1519761346822719,0.005882342143359068,0.9941198594823394,1.2130391090505701e-05,1.2227369501921971e-05,1.6830681789309036e-07,0.0,2.3304688528350687e-15,0.006938323295498619
1088,262144,exact,209,25.684014186595952,25.532804961554433,0.15120922504151935,0.005887289422244318,0.994114940190224,1.2227369501921971e-05,1.2324998024159193e-05,1.6958732548723062e-07,0.0,2.4149654715213686e-15,0.006909128170288853
1088,262144,exact,210,25.532804961554433,25.382359418422375,0.15044554313205794,0.005892245029819036,0.9941100129462096,1.2324998024159193e-05,1.2423282595155775e-05,1.7087865228694778e-07,0.0,2.4900752710861965e-15,0.006880031405856855
1088,262144,exact,211,25.382359418422375,25.232674340345422,0.14968507807695275,0.0058972089871326995,0.9941050777420142,1.2423282595155775e-05,1.2522229206427802e-05,1.7218089893747944e-07,0.0,2.578021007933716e-15,0.0068510327534549685
1088,262144,exact,212,25.232674340345422,25.08374652131866,0.14892781902676333,0.005902181315305026,0.9941001345570551,1.2522229206427802e-05,1.2621843913843617e-05,1.7349417744292879e-07,0.0,2.663476467916308e-15,0.006822131964751231
1088,262144,exact,213,25.08374652131866,24.935572766159048,0.14817375515961118,0.005907162035530793,0.9940951833749656,1.2621843913843617e-05,1.2722132807651794e-05,1.748185703477588e-07,0.0,2.758528811191291e-15,0.006793328791842911
1088,262144,exact,214,24.935572766159048,24.788149890478167,0.1474228756808813,0.0059121511690701616,0.9940902241840758,1.2722132807651794e-05,1.2823102050552178e-05,1.7615419854433557e-07,0.0,2.8503149954216614e-15,0.006764622987232322
1088,262144,exact,215,24.788149890478167,24.641474720654717,0.14667516982344964,0.005917148737259804,0.9940852569619227,1.2823102050552178e-05,1.2924757851540248e-05,1.7750115751657475e-07,0.0,2.948447150492861e-15,0.006736014303850163
1088,262144,exact,216,24.641474720654717,24.495544093807233,0.14593062684748404,0.005922154761507176,0.9940802817030318,1.2924757851540248e-05,1.3027106478980192e-05,1.7885955602902192e-07,0.0,3.0514311102859334e-15,0.006707502495042842
1088,262144,exact,217,24.495544093807233,24.350354857766806,0.14518923604042655,0.005927169263291936,0.9940752983822361,1.3027106478980192e-05,1.313015425505775e-05,1.802294980676692e-07,0.0,3.1593143086459247e-15,0.006679087314574084
1088,262144,exact,218,24.350354857766806,24.20590387104983,0.14445098671697565,0.005932192264167414,0.9940703069895825,1.313015425505775e-05,1.3233907569659508e-05,1.8161110177831618e-07,0.0,3.2646411615711024e-15,0.00665076851662645
1088,262144,exact,219,24.20590387104983,24.062188002830833,0.1437158682189974,0.005937223785759185,0.9940653075072133,1.3233907569659508e-05,1.3338372867120836e-05,1.8300447273276143e-07,0.0,3.367542112135344e-15,0.006622545855798547
1088,262144,exact,220,24.062188002830833,23.919204132915315,0.14298386991551837,0.00594226384976698,0.9940602999215586,1.3338372867120836e-05,1.3443556622366886e-05,1.84409693105626e-07,0.0,3.494458140820139e-15,0.006594419087106842
1088,262144,exact,221,23.919204132915315,23.776949151712667,0.14225498120264746,0.005947312477963671,0.9940552842153821,1.3443556622366886e-05,1.3549465412714292e-05,1.8582691721039497e-07,0.0,3.60860091266034e-15,0.006566387965984168
1088,262144,exact,222,23.776949151712667,23.635419960209116,0.14152919150355103,0.005952369692196469,0.9940502603766957,1.3549465412714292e-05,1.3656105846259859e-05,1.8725622852585825e-07,0.0,3.739674179050259e-15,0.006538452248278585
1088,262144,exact,223,23.635419960209116,23.494613469940717,0.14080649026839964,0.0059574355143869355,0.9940452283848482,1.3656105846259859e-05,1.37634846077813e-05,1.8869775684631834e-07,0.0,3.858058891890309e-15,0.006510611690255425
1088,262144,exact,224,23.494613469940717,23.35452660296639,0.14008686697432537,0.005962509966531441,0.9940401882285567,1.37634846077813e-05,1.3871608429982118e-05,1.9015160377178014e-07,0.0,3.989428619811768e-15,0.006482866048594825
1088,262144,exact,225,23.35452660296639,23.215156291841023,0.13937031112536857,0.005967593070701179,0.9940351398922211,1.3871608429982118e-05,1.398048410984275e-05,1.9161788774638715e-07,0.0,4.1310254235383745e-15,0.006455215080391196
1088,262144,exact,226,23.215156291841023,23.07649947958858,0.1386568122524423,0.005972684849042921,0.9940300833596072,1.398048410984275e-05,1.4090118504670002e-05,1.930967238301109e-07,0.0,4.274760138423851e-15,0.006427658543155824
1088,262144,exact,227,23.07649947958858,22.93855311967532,0.13794635991326132,0.005977785323778262,0.9940250186139886,1.4090118504670002e-05,1.4200518554832532e-05,1.9458825036754467e-07,0.0,4.412916294318711e-15,0.006400196194811584
1088,262144,exact,228,22.93855311967532,22.80131417598299,0.1372389436923278,0.0059828945172052915,0.9940199456404183,1.4200518554832532e-05,1.4311691228430736e-05,1.960925510605048e-07,0.0,4.570154408449316e-15,0.006372827793696455
1088,262144,exact,229,22.80131417598299,22.664779622782063,0.1365345532009279,0.00598801245170079,0.9940148644285561,1.4311691228430736e-05,1.4423643587651343e-05,1.97609776205416e-07,0.0,4.726006776678213e-15,0.006345553098568115
1088,262144,exact,230,22.664779622782063,22.52894644470514,0.13583317807692197,0.005993139149713412,0.9940097749582029,1.4423643587651343e-05,1.4536382745262275e-05,1.9914003351604506e-07,0.0,4.8924080932322145e-15,0.00631837186858639
1088,262144,exact,231,22.52894644470514,22.39381163672026,0.13513480798487976,0.005998274633771868,0.9940046772159407,1.4536382745262275e-05,1.4649915895976596e-05,2.0068346242925693e-07,0.0,5.0444572835279394e-15,0.006291283863331175
1088,262144,exact,232,22.39381163672026,22.259372204104313,0.13443943261594882,0.006003418926481533,0.9939995711860093,1.4649915895976596e-05,1.4764250266073019e-05,2.022401527878306e-07,0.0,5.2266506823505504e-15,0.0062642888427937565
1088,262144,exact,233,22.259372204104313,22.125625162416487,0.13374704168782614,0.0060085720505255345,0.9939944568530602,1.4764250266073019e-05,1.4879393178745713e-05,2.038102600851603e-07,0.0,5.407346526922416e-15,0.006237386567378327
1088,262144,exact,234,22.125625162416487,21.992567537471775,0.13305762494471196,0.006013734028665061,0.9939893342048869,1.4879393178745713e-05,1.4995352015070003e-05,2.053939015449087e-07,0.0,5.5890926923488765e-15,0.006210576797900412
1088,262144,exact,235,21.992567537471775,21.860196365314536,0.1323711721572387,0.006018904883738547,0.9939842032238279,1.4995352015070003e-05,1.511213422696936e-05,2.0699120799471384e-07,0.0,5.78553149127841e-15,0.006183859295586254
1088,262144,exact,236,21.860196365314536,21.72850869219205,0.1316876731224852,0.006024084638664699,0.9939790638950148,1.511213422696936e-05,1.5229747334194892e-05,2.0860230779329896e-07,0.0,5.9772252116374255e-15,0.00615723382207481
1088,262144,exact,237,21.72850869219205,21.59750157452821,0.13100711766384165,0.006029273316438781,0.9939739162038955,1.5229747334194892e-05,1.5348198914842716e-05,2.102273204678413e-07,0.0,6.19065887962067e-15,0.0061307001394123595
1088,262144,exact,238,21.59750157452821,21.467172078897093,0.1303294956311163,0.0060344709401399035,0.9939687601372544,1.5348198914842716e-05,1.546749664335057e-05,2.118664040167633e-07,0.0,6.392364529416231e-15,0.006104258010065578
1088,262144,exact,239,21.467172078897093,21.33751728199683,0.12965479690026172,0.006039677532920905,0.9939635956798684,1.546749664335057e-05,1.5587648234889352e-05,2.135196617168396e-07,0.0,6.618512161937762e-15,0.00607790719689773
1088,262144,exact,240,21.33751728199683,21.20853427062329,0.12898301137354196,0.00604489311801843,0.9939584228151854,1.5587648234889352e-05,1.5708661497632247e-05,2.1518724952393669e-07,0.0,6.8402213418156804e-15,0.006051647463190483
1088,262144,exact,241,21.20853427062329,21.080220141643906,0.1283141289793832,0.0060501177187485215,0.9939532415285153,1.5708661497632247e-05,1.583054430219507e-05,2.168692936271003e-07,0.0,7.0777835903344105e-15,0.006025478572632938
1088,262144,exact,242,21.080220141643906,20.952572001971554,0.12764813967235256,0.0060553513585080675,0.9939480518080264,1.583054430219507e-05,1.595330459671375e-05,2.1856593580827203e-07,0.0,7.32196624836888e-15,0.005999400289323799
1088,262144,exact,243,20.952572001971554,20.825586968538452,0.12698503343310108,0.006060594060774606,0.9939428536363863,1.595330459671375e-05,1.6076950402722132e-05,2.2027731450240857e-07,0.0,7.568418954701991e-15,0.005973412377769214
1088,262144,exact,244,20.825586968538452,20.699262168270124,0.12632480026832837,0.006065845849107123,0.9939376470010742,1.6076950402722132e-05,1.620148980639139e-05,2.22003559990844e-07,0.0,7.834062039488096e-15,0.005947514602884593
1088,262144,exact,245,20.699262168270124,20.57359473805938,0.12566743021074345,0.006071106747146713,0.9939324318877256,1.620148980639139e-05,1.6326930993853965e-05,2.237448384805067e-07,0.0,8.0973300438901e-15,0.005921706729993815
1088,262144,exact,246,20.57359473805938,20.448581824740373,0.12501291331900788,0.006076376778616366,0.99392720828007,1.6326930993853965e-05,1.6453282202771012e-05,2.255012686410635e-07,0.0,8.372669961856372e-15,0.005895988524827904
1088,262144,exact,247,20.448581824740373,20.324220585062683,0.12436123967768964,0.006081655967321274,0.993921976163791,1.6453282202771012e-05,1.6580551755275445e-05,2.2727300258023923e-07,0.0,8.663490253966663e-15,0.005870359753524808
1088,262144,exact,248,20.324220585062683,20.20050818566546,0.123712399397224,0.006086944337149471,0.9939167355281731,1.6580551755275445e-05,1.6708748060335315e-05,2.290601954363468e-07,0.0,8.960321091870671e-15,0.005844820182629999
1088,262144,exact,249,20.20050818566546,20.077441803051578,0.12306638261388159,0.00609224191207284,0.9939114863549519,1.6708748060335315e-05,1.6837879591982107e-05,2.3086298147592426e-07,0.0,9.27211053162319e-15,0.0058193695790962
1088,262144,exact,250,20.077441803051578,19.955018623561894,0.12242317948968306,0.006097548716145497,0.9939062286325239,1.6837879591982107e-05,1.6967954913967844e-05,2.3268152012331177e-07,0.0,9.590943897365076e-15,0.005794007710280667
1088,262144,exact,251,19.955018623561894,19.833235843349488,0.1217827802124063,0.006102864773506713,0.9939009623457776,1.6967954913967844e-05,1.709898266640446e-05,2.3451595828874505e-07,0.0,9.916692440088345e-15,0.005768734343947914
1088,262144,exact,252,19.833235843349488,19.712090668353984,0.12114517499550459,0.006108190108379475,0.993895687480247,1.709898266640446e-05,1.7230971578303714e-05,2.3636645611131596e-07,0.0,1.0246489800299491e-14,0.0057435492482680464
1088,262144,exact,253,19.712090668353984,19.591580314275916,0.12051035407806765,0.006113524745071123,0.9938904040236424,1.7230971578303714e-05,1.7363930438056577e-05,2.3823314498860675e-07,0.0,1.0612204745606008e-14,0.0057184521918148615
1088,262144,exact,254,19.591580314275916,19.471702006551144,0.11987830772477182,0.006118868707973463,0.993885111960833,1.7363930438056577e-05,1.749786814570612e-05,2.4011620917652555e-07,0.0,1.097838386496762e-14,0.00569344294356795
1088,262144,exact,255,19.471702006551144,19.352452980325225,0.11924902622591915,0.006124222021567426,0.9938798112786539,1.749786814570612e-05,1.7632793665327195e-05,2.4201578624239103e-07,0.0,1.1348364468196509e-14,0.005668521272915737
1088,262144,exact,256,19.352452980325225,19.233830480428026,0.11862249989719942,0.00612958471041359,0.9938745019644515,1.7632793665327195e-05,1.7768716052663574e-05,2.4393204203674745e-07,0.0,1.1742173802297556e-14,0.005643686949641982
1088,262144,exact,257,19.233830480428026,19.11583176134818,0.11799871907984638,0.006134956799162788,0.993869184002404,1.7768716052663574e-05,1.7905644450951536e-05,2.4586513906887486e-07,0.0,1.2148502283359022e-14,0.0056189397439396814
1088,262144,exact,258,19.11583176134818,18.998454087207676,0.11737767414050282,0.006140338312551907,0.9938638573814651,1.7905644450951536e-05,1.8043588089553197e-05,2.4781523918444766e-07,0.0,1.2554969677823838e-14,0.00559427942640614
1088,262144,exact,259,18.998454087207676,18.881694731736523,0.11675935547115301,0.006145729275403054,0.9938585220864791,1.8043588089553197e-05,1.818255627725153e-05,2.497824984266073e-07,0.0,1.299561315764447e-14,0.005569705768038225
1088,262144,exact,260,18.881694731736523,18.765550978247376,0.11614375348914763,0.0061511297126275516,0.9938531781055668,1.818255627725153e-05,1.832255841604537e-05,2.5176708726572996e-07,0.0,1.3450117484613971e-14,0.005545218540238689
1088,262144,exact,261,18.765550978247376,18.650020119610282,0.11553085863709356,0.006156539649222901,0.9938478254235504,1.832255841604537e-05,1.8463604004464428e-05,2.5376918038629437e-07,0.0,1.390453033202517e-14,0.0055208175148103505
1088,262144,exact,262,18.650020119610282,18.53509945822742,0.11492066138286106,0.006161959110275881,0.9938424640291573,1.8463604004464428e-05,1.8605702627070342e-05,2.557889427935436e-07,0.0,1.4378746809743173e-14,0.005496502463960267
1088,262144,exact,263,18.53509945822742,18.420786306007955,0.11431315221946647,0.006167388120959058,0.9938370939098736,1.8605702627070342e-05,1.8748863943768248e-05,2.578265296137783e-07,0.0,1.4884418702990412e-14,0.005472273160292508
1088,262144,exact,264,18.420786306007955,18.307077984342776,0.11370832166517886,0.006172826706539275,0.9938317150512761,1.8748863943768248e-05,1.8893097734170244e-05,2.598821410630607e-07,0.0,1.5391046049402154e-14,0.005448129376822213
1088,262144,exact,265,18.307077984342776,18.193971824079522,0.11310616026325349,0.006178274892366118,0.9938263274425954,1.8893097734170244e-05,1.9038413846168085e-05,2.619559269306423e-07,0.0,1.5926990900184262e-14,0.005424070886954155
1088,262144,exact,266,18.193971824079522,18.08146516549745,0.11250665858207398,0.006183732703882319,0.9938209310676939,1.9038413846168085e-05,1.9184822238039677e-05,2.6404807986056976e-07,0.0,1.6471734729222448e-14,0.005400097464499263
1088,262144,exact,267,18.08146516549745,17.969555358282417,0.11190980721503152,0.006189200166620054,0.9938155259174278,1.9184822238039677e-05,1.9332332951089646e-05,2.661587660065183e-07,0.0,1.7046636319314676e-14,0.005376208883668864
1088,262144,exact,268,17.969555358282417,17.85823976150193,0.11131559678048575,0.006194677306201617,0.9938101119779795,1.9332332951089646e-05,1.9480956138269674e-05,2.682881809782943e-07,0.0,1.7626606554563273e-14,0.00535240491907297
1088,262144,exact,269,17.85823976150193,17.747515743580195,0.11072401792173636,0.006200164148340684,0.99380468923762,1.9480956138269674e-05,1.9630702030694672e-05,2.704364878950302e-07,0.0,1.824515744649341e-14,0.005328685345722934
1088,262144,exact,270,17.747515743580195,17.63738068227325,0.11013506130694495,0.0062056607188408375,0.9937992576828553,1.9630702030694672e-05,1.978158097224073e-05,2.7260388521230177e-07,0.0,1.8869258098293956e-14,0.005305049939025872
1088,262144,exact,271,17.63738068227325,17.52783196464411,0.10954871762913854,0.006211167043598619,0.9937938173041351,1.978158097224073e-05,1.99336033935284e-05,2.747905463405035e-07,0.0,1.9526060998122097e-14,0.005281498474790634
1088,262144,exact,272,17.52783196464411,17.418866987037983,0.10896497760612789,0.006216683148601849,0.993788368087805,1.99336033935284e-05,2.0086779841831655e-05,2.7699667546391493e-07,0.0,2.0196382543788416e-14,0.005258030729224116
1088,262144,exact,273,17.418866987037983,17.310483155057508,0.10838383198047552,0.0062222090599307,0.9937829100211336,2.0086779841831655e-05,2.0241120944767935e-05,2.792224414976062e-07,0.0,2.0898979432876913e-14,0.005234646478930253
1088,262144,exact,274,17.310483155057508,17.202677883538048,0.10780527151946018,0.006227744803758601,0.9937774430953131,2.0241120944767935e-05,2.0396637456008934e-05,2.814680597484539e-07,0.0,2.161398704870858e-14,0.005211345500911812
1088,262144,exact,275,17.202677883538048,17.09544859652303,0.10722928701501644,0.006233290406351709,0.9937719672957488,2.0396637456008934e-05,2.055334020728421e-05,2.837336987775307e-07,0.0,2.2369476063155425e-14,0.0051881275725679365
1088,262144,exact,276,17.09544859652303,16.98879272723932,0.10665586928370985,0.006238845894070432,0.9937664826139258,2.055334020728421e-05,2.071124015447397e-05,2.860195738523704e-07,0.0,2.3138605696184852e-14,0.005164992471696808
1088,262144,exact,277,16.98879272723932,16.88270771807266,0.1060850091666623,0.006244411293368056,0.9937609890364083,2.071124015447397e-05,2.0870348344800896e-05,2.8832586867502314e-07,0.0,2.3954752434050472e-14,0.005141939976489506
1088,262144,exact,278,16.88270771807266,16.777191020543114,0.10551669752954496,0.006249986630793299,0.9937554865535658,2.0870348344800896e-05,2.103067594917699e-05,2.906528000167971e-07,0.0,2.4769828522270762e-14,0.0051189698655370085
1088,262144,exact,279,16.777191020543114,16.67224009528057,0.10495092526254268,0.006255571932991271,0.9937499751534019,2.103067594917699e-05,2.1192234226081303e-05,2.9300054977029967e-07,0.0,2.5642878933532925e-14,0.005096081917827427
1088,262144,exact,280,16.67224009528057,16.567852412000324,0.1043876832802475,0.006261167226700186,0.9937444548263697,2.1192234226081303e-05,2.135503456294674e-05,2.9536934191548387e-07,0.0,2.6518639850226303e-14,0.0050732759127412996
1088,262144,exact,281,16.567852412000324,16.464025449478715,0.10382696252160883,0.006266772538751343,0.9937389255607527,2.135503456294674e-05,2.1519088436062332e-05,2.9775936161649096e-07,0.0,2.744959343376277e-14,0.005050551630049944
1088,262144,exact,282,16.464025449478715,16.360756695528682,0.10326875395003299,0.006272387896078154,0.9937333873467408,2.1519088436062332e-05,2.1684407448715884e-05,3.001708329377739e-07,0.0,2.840418601279121e-14,0.005027908849930004
1088,262144,exact,283,16.360756695528682,16.258043646975455,0.10271304855322683,0.006278013325709918,0.993727840175409,2.1684407448715884e-05,2.185100331557895e-05,3.026039654672929e-07,0.0,2.938433188177242e-14,0.0050053473529501165
1088,262144,exact,284,16.258043646975455,16.15588380963238,0.10215983734307699,0.0062836488547674775,0.9937222840337366,2.185100331557895e-05,2.2018887858153925e-05,3.050589653800308e-07,0.0,3.041197258217207e-14,0.004982866920065515
1088,262144,exact,285,16.15588380963238,16.054274698276593,0.10160911135578488,0.006289294510474506,0.9937167189138112,2.2018887858153925e-05,2.218807301960057e-05,3.0753605452265956e-07,0.0,3.145796340434104e-14,0.0049604673326332374
1088,262144,exact,286,16.054274698276593,15.953213836624903,0.10106086165169081,0.006294950320149908,0.9937111448049963,2.218807301960057e-05,2.2358570846302135e-05,3.10035437548059e-07,0.0,3.257006006584552e-14,0.0049381483723997185
1088,262144,exact,287,15.953213836624903,15.852698757309602,0.10051507931530068,0.006300616311212555,0.9937055616995351,2.2358570846302135e-05,2.253039352279021e-05,3.1255735485454716e-07,0.0,3.3687848788755553e-14,0.0049159098215073
1088,262144,exact,288,15.852698757309602,15.752727001854407,0.09997175545519532,0.0063062925111788196,0.9936999695862003,2.253039352279021e-05,2.2703553333979943e-05,3.1510201048461497e-07,0.0,3.486643076035592e-14,0.004893751462488732
1088,262144,exact,289,15.752727001854407,15.653296120650399,0.09943088120400745,0.006311978947664266,0.9936943684566122,2.2703553333979943e-05,2.2878062689265908e-05,3.176696334218504e-07,0.0,3.6086154816270324e-14,0.004871673078269057
1088,262144,exact,290,15.653296120650399,15.554403672931967,0.09889244771843231,0.0063176756483875485,0.9936887583017618,2.2878062689265908e-05,2.3053934126991492e-05,3.2026045828871574e-07,0.0,3.734373108053163e-14,0.004849674452170982
1088,262144,exact,291,15.554403672931967,15.456047226752926,0.09835644617904116,0.006323382641161788,0.9936831391121493,2.3053934126991492e-05,2.3231180298176208e-05,3.2287470462979784e-07,0.0,3.864720297800696e-14,0.004827755367900346
1088,262144,exact,292,15.456047226752926,15.358224358962536,0.09782286779038962,0.006329099953904623,0.9936775108805999,2.3231180298176208e-05,2.3409813982292792e-05,3.2551260877979096e-07,0.0,3.9997166819891183e-14,0.004805915609559778
1088,262144,exact,293,15.358224358962536,15.260932655181643,0.09729170378089336,0.006334827614633539,0.9936718735987499,2.3409813982292792e-05,2.3589848084402924e-05,3.2817440541307266e-07,0.0,4.1393239747292143e-14,0.004784154961641545
1088,262144,exact,294,15.260932655181643,15.16416970977883,0.09676294540281205,0.006340565651468065,0.9936662272576902,2.3589848084402924e-05,2.3771295632073604e-05,3.3086032729322227e-07,0.0,4.283032262186737e-14,0.004762473209029079
1088,262144,exact,295,15.16416970977883,15.067933125846643,0.09623658393218726,0.006346314092629004,0.9936605718488707,2.3771295632073604e-05,2.3954169781983985e-05,3.3357061496771084e-07,0.0,4.4338542711484796e-14,0.004740870136995751
1088,262144,exact,296,15.067933125846643,14.972220515177826,0.09571261066881753,0.006352072966440086,0.9936549073665903,2.3954169781983985e-05,2.4138483825008037e-05,3.363055151338915e-07,0.0,4.588672920368547e-14,0.004719345531204898
1088,262144,exact,297,14.972220515177826,14.877029498241619,0.09519101693620691,0.006357842301327895,0.9936492338021679,2.4138483825008037e-05,2.43242511751793e-05,3.3906526480855e-07,0.0,4.749450615779138e-14,0.004697899177709404
1088,262144,exact,298,14.877029498241619,14.782357704160098,0.09467179408152049,0.006363622125822239,0.9936435511491664,2.43242511751793e-05,2.4511485380631483e-05,3.4185011304319544e-07,0.0,4.9161155289863256e-14,0.004676530862951886
1088,262144,exact,299,14.782357704160098,14.688202770684557,0.09415493347554182,0.006369412468556652,0.9936378594002432,2.4511485380631483e-05,2.4700200128455448e-05,3.4466031499590004e-07,0.0,5.087147405256377e-14,0.004655240373762846
1088,262144,exact,300,14.688202770684557,14.594562344171917,0.09364042651263915,0.006375213358269492,0.9936321585487616,2.4700200128455448e-05,2.4890409230093386e-05,3.4749611253938554e-07,0.0,5.26695860861813e-14,0.004634027497363019
1088,262144,exact,301,14.594562344171917,14.501434079561212,0.093128264610705,0.006381024823803239,0.9936264485888201,2.4890409230093386e-05,2.508212663922932e-05,3.5035776652550185e-07,0.0,5.4516260212730816e-14,0.004612892021359128
1088,262144,exact,302,14.501434079561212,14.408815640350083,0.09261843921112956,0.006386846894106077,0.993620729513362,2.508212663922932e-05,2.5275366455310583e-05,3.532455427048512e-07,0.0,5.6411835245391215e-14,0.004591833733747774
1088,262144,exact,303,14.408815640350083,14.316704698571334,0.09211094177874912,0.006392679598231791,0.99361500131703,2.5275366455310583e-05,2.547014289742557e-05,3.5615968205203264e-07,0.0,5.840830206646497e-14,0.004570852422911393
1088,262144,exact,304,14.316704698571334,14.225098934769528,0.0916057638018053,0.006398522965340387,0.99360926399456,2.547014289742557e-05,2.5666470345382015e-05,3.591004676804598e-07,0.0,6.044573478899973e-14,0.004549947877621082
1088,262144,exact,305,14.225098934769528,14.133996037977624,0.09110289679190409,0.006404377024698712,0.9936035175393778,2.5666470345382015e-05,2.5864363297933575e-05,3.620681425474004e-07,0.0,6.260552650296305e-14,0.004529119887033553
1088,262144,exact,306,14.133996037977624,14.043393705693672,0.09060233228395198,0.006410241805679457,0.9935977619474703,2.5864363297933575e-05,2.606383642887621e-05,3.650630066323052e-07,0.0,6.477918584033883e-14,0.004508368240690839
1088,262144,exact,307,14.043393705693672,13.953289643857476,0.09010406183619679,0.0064161173377675455,0.9935919972154713,2.606383642887621e-05,2.626490452984974e-05,3.6808530444609426e-07,0.0,6.706082493783058e-14,0.004487692728526777
1088,262144,exact,308,13.953289643857476,13.863681566827443,0.08960807703003226,0.0064220036505498596,0.9935862233360668,2.626490452984974e-05,2.646758254757838e-05,3.7113531891245754e-07,0.0,6.942983717789751e-14,0.004467093140852951
1088,262144,exact,309,13.863681566827443,13.77456719735735,0.08911436947009399,0.006427900773725494,0.9935804403066436,2.646758254757838e-05,2.6671885581866332e-05,3.742133322689402e-07,0.0,7.187796907150157e-14,0.004446569268370514
1088,262144,exact,310,13.77456719735735,13.685944266573184,0.08862293078416528,0.00643380873710265,0.9935746481233987,2.6671885581866332e-05,2.6877828881284675e-05,3.773196239003164e-07,0.0,7.440603377027212e-14,0.004426120902166146
1088,262144,exact,311,13.685944266573184,13.597810513950062,0.08813375262312206,0.006439727570598227,0.9935688467832223,2.6877828881284675e-05,2.708542783856931e-05,3.804544699931882e-07,0.0,7.703867654484248e-14,0.004405747833709053
1088,262144,exact,312,13.597810513950062,13.510163687289145,0.08764682666091694,0.006445657304240239,0.9935630362815875,2.708542783856931e-05,2.7294698011690226e-05,3.836181691708519e-07,0.0,7.975538564536193e-14,0.0043854498548552
1088,262144,exact,313,13.510163687289145,13.423001542694646,0.08716214459449922,0.006451597968165593,0.9935572166168859,2.7294698011690226e-05,2.7505655102024346e-05,3.8681099970237325e-07,0.0,8.257141782927642e-14,0.0043652267578402695
1088,262144,exact,314,13.423001542694646,13.33632184455077,0.08667969814387533,0.006457549592628186,0.9935513877864217,2.7505655102024346e-05,2.7718314975909945e-05,3.9003326280821833e-07,0.0,8.548923288026478e-14,0.004345078335293069
1088,262144,exact,315,13.33632184455077,13.25012236549893,0.08619947905184056,0.006463512207982722,0.9935455497880455,2.7718314975909945e-05,2.7932693644208342e-05,3.932852408072781e-07,0.0,8.853759942534754e-14,0.004325004380209662
1088,262144,exact,316,13.25012236549893,13.164400886414697,0.08572147908423311,0.006469485844707162,0.993539702619319,2.7932693644208342e-05,2.8148807305764386e-05,3.965672607737962e-07,0.0,9.163270863659159e-14,0.004305004685984979
1088,262144,exact,317,13.164400886414697,13.079155196385049,0.0852456900296481,0.0064754705333851794,0.9935338462795473,2.8148807305764386e-05,2.8366672286986933e-05,3.9987959120827794e-07,0.0,9.489925731635991e-14,0.00428507904638578
1088,262144,exact,318,13.079155196385049,12.99438309268548,0.084772103699569,0.00648146630471968,0.9935279807674806,2.8366672286986933e-05,2.8586305099807123e-05,4.0322255968819473e-07,0.0,9.826404826548257e-14,0.0042652272555698655
1088,262144,exact,319,12.99438309268548,12.91008238075732,0.0843007119281598,0.006487473189520828,0.9935221060821584,2.8586305099807123e-05,2.8807722415467264e-05,4.065964693486057e-07,0.0,1.0174886039509938e-13,0.004245449108067807
1088,262144,exact,320,12.91008238075732,12.826250874184957,0.08383150657236271,0.006493491218717154,0.9935162222233753,2.8807722415467264e-05,2.9030941074378375e-05,4.100016346548853e-07,0.0,1.0535119665208183e-13,0.004225744398796805
1088,262144,exact,321,12.826250874184957,12.742886394673164,0.08336447951179338,0.006499520423351361,0.9935103291915143,2.9030941074378375e-05,2.925597807956078e-05,4.1343836511294636e-07,0.0,1.0909728117647691e-13,0.004206112923054459
1088,262144,exact,322,12.742886394673164,12.659986772024464,0.08289962264869999,0.006505560834580935,0.9935044269867117,2.925597807956078e-05,2.9482850610721863e-05,4.16906985821826e-07,0.0,1.1296979383857916e-13,0.0041865544765184335
1088,262144,exact,323,12.659986772024464,12.577549844116524,0.08243692790794022,0.006511612483680162,0.9934985156106038,2.9482850610721863e-05,2.971157601762419e-05,4.204078168932899e-07,0.0,1.169904525631562e-13,0.0041670688552474565
1088,262144,exact,324,12.577549844116524,12.495573456879605,0.08197638723691902,0.006517675402039103,0.9934925950633299,2.971157601762419e-05,2.9942171820860242e-05,4.239411808469211e-07,0.0,1.211575327911274e-13,0.004147655855679892
1088,262144,exact,325,12.495573456879605,12.414055464274048,0.0815179926055567,0.006523749621164916,0.9934866653474074,2.9942171820860242e-05,3.017465572569086e-05,4.2750741559472077e-07,0.0,1.2546941160736583e-13,0.004128315274633678
1088,262144,exact,326,12.414055464274048,12.332993728267796,0.08106173600625155,0.006529835172682781,0.993480726465134,3.017465572569086e-05,3.0409045611566935e-05,4.311068503092809e-07,0.0,1.2993701573689106e-13,0.00410904690930692
1088,262144,exact,327,12.332993728267796,12.25238611881397,0.08060760945382661,0.006535932088335553,0.9934747784187141,3.0409045611566935e-05,3.064535953537537e-05,4.3473981906745857e-07,0.0,1.3456811755402712e-13,0.004089850557275431
1088,262144,exact,328,12.25238611881397,12.172230513828476,0.08015560498549412,0.006542040399984813,0.9934688212117548,3.064535953537537e-05,3.0883615737440705e-05,4.3840666358508085e-07,0.0,1.3936415362665253e-13,0.004070726016494311
1088,262144,exact,329,12.172230513828476,12.092524799167673,0.07970571466080223,0.0065481601396104976,0.9934628548475466,3.0883615737440705e-05,3.1123832642836894e-05,4.4210772864116016e-07,0.0,1.443367249180129e-13,0.004051673085295994
1088,262144,exact,330,12.092524799167673,12.01326686860602,0.07925793056165276,0.006554291339316341,0.9934568793298204,3.1123832642836894e-05,3.136602886068835e-05,4.4584336006067084e-07,0.0,1.4950865388383902e-13,0.004032691562395329
1088,262144,exact,331,12.01326686860602,11.934454623813876,0.07881224479214488,0.006560434031321073,0.9934508946642964,3.136602886068835e-05,3.1610223195817863e-05,4.496139169373401e-07,0.0,1.5483646401701426e-13,0.004013781246878609
1088,262144,exact,332,11.934454623813876,11.85608597433527,0.07836864947860533,0.006566588247964797,0.993444900854071,3.1610223195817863e-05,3.1856434630021895e-05,4.5341974166602577e-07,0.0,1.6038846005440519e-13,0.0039949419382093836
1088,262144,exact,333,11.85608597433527,11.778158837565687,0.07792713676958307,0.006572754021712648,0.9934388979065774,3.1856434630021895e-05,3.2104682348265764e-05,4.5726120430565976e-07,0.0,1.6612177535261716e-13,0.003976173436232729
1088,262144,exact,334,11.778158837565687,11.700671138729916,0.07748769883577111,0.006578931385152409,0.9934328858266092,3.2104682348265764e-05,3.23549857284857e-05,4.6113866676642425e-07,0.0,1.7206497863889517e-13,0.003957475541171234
1088,262144,exact,335,11.700671138729916,11.623620810860025,0.07705032786989108,0.006585120370988799,0.9934268646211208,3.23549857284857e-05,3.260736433661448e-05,4.6505248774665326e-07,0.0,1.7824283715661693e-13,0.003938848053615783
1088,262144,exact,336,11.623620810860025,11.547005794773257,0.0766150160867678,0.006591321012053824,0.9934208342973653,3.260736433661448e-05,3.2861837946201836e-05,4.6900304732381796e-07,0.0,1.8463969773691719e-13,0.003920290774539342
1088,262144,exact,337,11.547005794773257,11.470824039050022,0.07618175572323516,0.0065975333413029694,0.9934147948629948,3.2861837946201836e-05,3.311842652945432e-05,4.729907185664129e-07,0.0,1.9125917212828303e-13,0.0039018035052888933
1088,262144,exact,338,11.470824039050022,11.395073500011934,0.07575053903808815,0.006603757391815207,0.9934087463260897,3.311842652945432e-05,3.337715025860277e-05,4.770158778107772e-07,0.0,1.9812593270640208e-13,0.0038833860475855158
1088,262144,exact,339,11.395073500011934,11.31975214169988,0.07532135831205444,0.006609993196794699,0.9934026886952174,3.337715025860277e-05,3.363802951180744e-05,4.81078909184701e-07,0.0,2.0525752321767787e-13,0.0038650382035261455
1088,262144,exact,340,11.31975214169988,11.244857935852123,0.07489420584775708,0.006616240789571764,0.9933966219804016,3.363802951180744e-05,3.390108487988278e-05,4.851802054029248e-07,0.0,2.1262671663505386e-13,0.003846759775582176
1088,262144,exact,341,11.244857935852123,11.170388861882481,0.07446907396964164,0.006622500203600701,0.9933905461911762,3.390108487988278e-05,3.4166337151528854e-05,4.893201465131291e-07,0.0,2.2028445013184614e-13,0.0038285505665959737
1088,262144,exact,342,11.170388861882481,11.096342906858466,0.07404595502401534,0.006628771472467505,0.9933844613381518,3.4166337151528854e-05,3.44338073413448e-05,4.934991423972727e-07,0.0,2.282216502911237e-13,0.0038104103797908773
1088,262144,exact,343,11.096342906858466,11.022718065479586,0.07362484137888003,0.00663505462987934,0.9933783674321534,3.44338073413448e-05,3.470351666599979e-05,4.977175812298579e-07,0.0,2.364484611794629e-13,0.003792339018754945
1088,262144,exact,344,11.022718065479586,10.949512340055586,0.07320572542399972,0.006641349709674773,0.9933722644858846,3.470351666599979e-05,3.497548656755015e-05,5.019758763851184e-07,0.0,2.449628160364724e-13,0.00377433628745395
1088,262144,exact,345,10.949512340055586,10.87672374048477,0.0727885995708153,0.006647656745820497,0.9933661525109183,3.497548656755015e-05,3.524973870146297e-05,5.062744314671304e-07,0.0,2.538087605754094e-13,0.003756401990225258
1088,262144,exact,346,10.87672374048477,10.804350284232369,0.07237345625240188,0.006653975772411797,0.9933600315210555,3.524973870146297e-05,3.5526294944273505e-05,5.106136596715625e-07,0.0,2.629922782370134e-13,0.0037385359317785114
1088,262144,exact,347,10.804350284232369,10.732389996308926,0.07196028792344222,0.006660306823674487,0.993353901529591,3.5526294944273505e-05,3.580517740183398e-05,5.149939845332608e-07,0.0,2.7248435306064314e-13,0.0037207379171956766
1088,262144,exact,348,10.732389996308926,10.660840909248758,0.07154908706016805,0.00666664993396393,0.9933477625511941,3.580517740183398e-05,3.608640840366535e-05,5.194158261400622e-07,0.0,2.8233506841040396e-13,0.003703007751929473
1088,262144,exact,349,10.660840909248758,10.589701063088425,0.07113984616033342,0.0066730051377669845,0.9933416146013344,3.608640840366535e-05,3.637001050228681e-05,5.23879606005506e-07,0.0,2.925788002714272e-13,0.0036853452418039896
1088,262144,exact,350,10.589701063088425,10.518968505345258,0.07073255774316678,0.0066793724697019954,0.9933354576955044,3.637001050228681e-05,3.6656006490045544e-05,5.28385764514915e-07,0.0,3.03148741461097e-13,0.0036677501930146746
1088,262144,exact,351,10.518968505345258,10.448641290995925,0.07032721434933364,0.00668575196451977,0.9933292918503082,3.6656006490045544e-05,3.694441938566606e-05,5.329347309961178e-07,0.0,3.141473016508682e-13,0.0036502224121268876
1088,262144,exact,352,10.448641290995925,10.378717482455036,0.06992380854088864,0.0066921436571035515,0.9933231170835215,3.694441938566606e-05,3.723527244670376e-05,5.375269492412953e-07,0.0,3.2554822281937595e-13,0.0036327617060763076
1088,262144,exact,353,10.378717482455036,10.309195149553792,0.06952233290124354,0.006698547582470505,0.9933169334126162,3.723527244670376e-05,3.752858917195859e-05,5.421628677798502e-07,0.0,3.373643188810463e-13,0.003615367882168178
1088,262144,exact,354,10.309195149553792,10.240072369518671,0.06912278003512107,0.0067049637757718526,0.9933107408570534,3.752858917195859e-05,3.782439329849143e-05,5.468429343946753e-07,0.0,3.496214209526387e-13,0.003598040748077802
1088,262144,exact,355,10.240072369518671,10.171347226950155,0.0687251425685158,0.006711392272293696,0.9933045394365098,3.782439329849143e-05,3.812270881048895e-05,5.515676079862991e-07,0.0,3.6232078264291506e-13,0.003580780111848653
1088,262144,exact,356,10.171347226950155,10.10301781380151,0.06832941314864627,0.006717833107456957,0.9932983291707033,3.812270881048895e-05,3.842355993536151e-05,5.563373459386619e-07,0.0,3.7549707809260424e-13,0.003563585781893126
1088,262144,exact,357,10.10301781380151,10.035082229357586,0.06793558444392289,0.0067242863168188805,0.9932921100820169,3.842355993536151e-05,3.872697114712119e-05,5.611526112573399e-07,0.0,3.8919423104221904e-13,0.003546457566991742
1088,262144,exact,358,10.035082229357586,9.96753858021365,0.06754364914393562,0.006730751936076517,0.9932858821917449,3.872697114712119e-05,3.9032967182289514e-05,5.660138851733182e-07,0.0,4.033663255297547e-13,0.0035293952762961273
1088,262144,exact,359,9.96753858021365,9.900384980254326,0.06715359995932424,0.006737230001058579,0.9932796455230117,3.9032967182289514e-05,3.934157302478151e-05,5.70921636301915e-07,0.0,4.1805628240871445e-13,0.0035123987193197846
1088,262144,exact,360,9.900384980254326,9.833619550632491,0.06676542962183518,0.006743720547735718,0.9932734001001462,3.934157302478151e-05,3.96528139147979e-05,5.758763445120111e-07,0.0,4.3332703961521113e-13,0.0034954677059473244
1088,262144,exact,361,9.833619550632491,9.767240419748257,0.06637913088423453,0.0067502236122166295,0.9932671459471325,3.96528139147979e-05,3.996671535714529e-05,5.808785003648211e-07,0.0,4.4914357741907343e-13,0.0034786020464299227
1088,262144,exact,362,9.767240419748257,9.701245723227983,0.06599469652027423,0.006756739230749395,0.9932608830902128,3.996671535714529e-05,4.028330311914724e-05,5.859285948465396e-07,0.0,4.655525978288812e-13,0.0034618015513844923
1088,262144,exact,363,9.701245723227983,9.635633603903335,0.06561211932464772,0.006763267439721753,0.9932546115554634,4.028330311914724e-05,4.060260323529347e-05,5.910271260868545e-07,0.0,4.82572959186172e-13,0.003445066031794808
1088,262144,exact,364,9.635633603903335,9.570402211790373,0.06523139211296147,0.006769808275663019,0.993248331370586,4.060260323529347e-05,4.092464200355468e-05,5.961745910444245e-07,0.0,5.002469453756729e-13,0.003428395299010366
1088,262144,exact,365,9.570402211790373,9.505549704068695,0.06485250772167817,0.006776361775243086,0.9932420425642596,4.092464200355468e-05,4.124944600084555e-05,6.013715045797692e-07,0.0,5.185559555538621e-13,0.0034117891647458894
1088,262144,exact,366,9.505549704068695,9.441074245060609,0.06447545900808649,0.006782927975274152,0.9932357451654354,4.124944600084555e-05,4.157704207436568e-05,6.066183756245246e-07,0.0,5.375700698386637e-13,0.003395247441081355
1088,262144,exact,367,9.441074245060609,9.376974006210345,0.06410023885026384,0.006789506912711746,0.9932294392047544,4.157704207436568e-05,4.190745735202387e-05,6.119157259970036e-07,0.0,5.572878313334084e-13,0.003378769940461722
1088,262144,exact,368,9.376974006210345,9.313247166063325,0.06372684014701946,0.0067960986246536825,0.9932231247137651,4.190745735202387e-05,4.224071924413277e-05,6.172640818801185e-07,0.0,5.777333499839069e-13,0.0033623564756955146
1088,262144,exact,369,9.313247166063325,9.249891910245426,0.0633552558178998,0.006802703148345609,0.9932168017247388,4.224071924413277e-05,4.2576855442174806e-05,6.226639709345729e-07,0.0,5.989699364207686e-13,0.003346006859958819
1088,262144,exact,370,9.249891910245426,9.186906431442363,0.06298547880306238,0.006809320521172576,0.9932104702712862,4.2576855442174806e-05,4.291589392363326e-05,6.281159282225642e-07,0.0,6.209843091673807e-13,0.0033297209067858972
1088,262144,exact,371,9.186906431442363,9.124288929379041,0.06261750206332195,0.006815950780668926,0.9932041303878782,4.291589392363326e-05,4.325786296325743e-05,6.336205028301903e-07,0.0,6.43813358202662e-13,0.0033134984300780884
1088,262144,exact,372,9.124288929379041,9.062037610798976,0.062251318580065274,0.006822593964514211,0.993197782110382,4.325786296325743e-05,4.3602791122830786e-05,6.391782364214065e-07,0.0,6.675327405094612e-13,0.00329733924409904
1088,262144,exact,373,9.062037610798976,9.000150689443744,0.06188692135523155,0.006829250110536139,0.9931914254754957,4.3602791122830786e-05,4.395070725874937e-05,6.447896808926807e-07,0.0,6.92137902438654e-13,0.0032812431634754893
1088,262144,exact,374,9.000150689443744,8.938626386032501,0.06152430341124315,0.006835919256708098,0.9931850605211374,4.395070725874937e-05,4.430164054064663e-05,6.504554095478948e-07,0.0,7.176290608306747e-13,0.003265210003194822
1088,262144,exact,375,8.938626386032501,8.877462928241497,0.06116345779100385,0.006842601441154077,0.993178687286422,4.430164054064663e-05,4.465562042668515e-05,6.561759740007055e-07,0.0,7.441099060707945e-13,0.0032492395786086043
1088,262144,exact,376,8.877462928241497,8.816658550683671,0.06080437755782597,0.006849296702145787,0.9931723058115517,4.465562042668515e-05,4.5012676687940323e-05,6.619519529156295e-07,0.0,7.715916257701808e-13,0.003233331705428053
1088,262144,exact,377,8.816658550683671,8.756211494888259,0.06044705579541265,0.006856005078105854,0.9931659161380729,4.5012676687940323e-05,4.537283940500523e-05,6.677839245266401e-07,0.0,8.001265326836558e-13,0.003217486199727377
1088,262144,exact,378,8.756211494888259,8.696120009280456,0.06009148560780275,0.006862726607606867,0.9931595183091778,4.537283940500523e-05,4.573613897338052e-05,6.736724753002741e-07,0.0,8.29714430299576e-13,0.0032017028779402347
1088,262144,exact,379,8.696120009280456,8.636382349161115,0.059737660119340674,0.006869461329373208,0.9931531123679778,4.573613897338052e-05,4.61026061048359e-05,6.796181961294999e-07,0.0,8.604008347803949e-13,0.003185981556861575
1088,262144,exact,380,8.636382349161115,8.576996776686482,0.05938557247463372,0.0068762092822814945,0.9931466983603833,4.61026061048359e-05,4.6472271828875095e-05,6.856216823255603e-07,0.0,8.922774831824319e-13,0.0031703220536467036
1088,262144,exact,381,8.576996776686482,8.517961560847976,0.059035215838505906,0.006882970505360591,0.99314027633268,4.6472271828875095e-05,4.684516750167262e-05,6.916835410853491e-07,0.0,9.253491663240368e-13,0.003154724185809659
1088,262144,exact,382,8.517961560847976,8.459274977452003,0.0586865833959731,0.006889745037794086,0.9931338463329131,4.684516750167262e-05,4.7221324803696296e-05,6.978043803267669e-07,0.0,9.596761793985269e-13,0.003139187771225533
1088,262144,exact,383,8.459274977452003,8.400935309099815,0.05833966835218796,0.006896532918919288,0.9931274084102689,4.7221324803696296e-05,4.760077574955679e-05,7.039848208850106e-07,0.0,9.953226732931954e-13,0.003123712628127539
1088,262144,exact,384,8.400935309099815,8.342940845167412,0.057994463932402596,0.006903334188228248,0.9931209626155032,4.760077574955679e-05,4.798355268681066e-05,7.102254854542253e-07,0.0,1.0322880991306925e-12,0.0031082985751074493
1088,262144,exact,385,8.342940845167412,8.285289881785468,0.057650963381943754,0.006910148885370278,0.9931145090003792,4.798355268681066e-05,4.836968830220162e-05,7.165270061948605e-07,0.0,1.0706490354657136e-12,0.0030929454311166647
1088,262144,exact,386,8.285289881785468,8.227980721819325,0.0573091599661435,0.006916977050149204,0.9931080476183598,4.836968830220162e-05,4.87592156228587e-05,7.228900196590375e-07,0.0,1.1105084069657455e-12,0.003077653015462525
1088,262144,exact,387,8.227980721819325,8.17101167484897,0.05696904697035521,0.0069238187225308095,0.9931015785247602,4.87592156228587e-05,4.9152168022054176e-05,7.293151712043371e-07,0.0,1.1518402876463385e-12,0.003062421147814153
1088,262144,exact,388,8.17101167484897,8.114381057149144,0.05663061769982569,0.006930673942632989,0.9930951017757571,4.9152168022054176e-05,4.954857921987327e-05,7.358031102909098e-07,0.0,1.1947786442384305e-12,0.0030472496481925237
1088,262144,exact,389,8.114381057149144,8.058087191669399,0.05629386547974491,0.006937542750737275,0.9930886174293452,4.954857921987327e-05,4.9948483294169174e-05,7.423545004561016e-07,0.0,1.2393392586598946e-12,0.0030321383369799238
1088,262144,exact,390,8.058087191669399,8.002128408014249,0.05595878365515006,0.00694442518728282,0.9930821255448787,4.9948483294169174e-05,5.03519146766873e-05,7.489700047659321e-07,0.0,1.2855950164017763e-12,0.003017087034912607
1088,262144,exact,391,8.002128408014249,7.946503042423345,0.05562536559090425,0.0069513212928693615,0.9930756261838017,5.03519146766873e-05,5.0758908162664846e-05,7.556502991550163e-07,0.0,1.3335947675482095e-12,0.0030020955630841732
1088,262144,exact,392,7.946503042423345,7.891209437751651,0.05529360467169386,0.006958231108262644,0.9930691194083964,5.0758908162664846e-05,5.11694989075653e-05,7.623960597831406e-07,0.0,1.383447074617978e-12,0.002987163742947281
1088,262144,exact,393,7.891209437751651,7.836245943449762,0.05496349430188907,0.006965154674382736,0.9930626052833441,5.11694989075653e-05,5.1583722436698616e-05,7.692079757380363e-07,0.0,1.4352294512901508e-12,0.00297229139630347
1088,262144,exact,394,7.836245943449762,7.781610915544147,0.05463502790561492,0.006972092032318585,0.9930560838740718,5.1583722436698616e-05,5.200161465357957e-05,7.760867478685875e-07,0.0,1.4889240353339363e-12,0.0029574783453151124
1088,262144,exact,395,7.781610915544147,7.727302716617499,0.05430819892664829,0.0069790432233208955,0.9930495552489815,5.200161465357957e-05,5.242321183118688e-05,7.8303307194676e-07,0.0,1.544725996692909e-12,0.002942724412496613
1088,262144,exact,396,7.727302716617499,7.673319715789098,0.05398300082840013,0.006986008288805633,0.9930430194770707,5.242321183118688e-05,5.2848550627300286e-05,7.900476623990839e-07,0.0,1.6026267159597977e-12,0.0029280294207184314
1088,262144,exact,397,7.673319715789098,7.61966028869523,0.053659427093868395,0.006992987270353851,0.993036476629766,5.2848550627300286e-05,5.327766808260362e-05,7.971312354452553e-07,0.0,1.6627657164016742e-12,0.0029133931932044006
1088,262144,exact,398,7.61966028869523,7.566322817469626,0.05333747122560428,0.006999980209713214,0.993029926779917,5.327766808260362e-05,5.371060163012293e-05,8.042845202594653e-07,0.0,1.7252091275747963e-12,0.0028988155535324142
1088,262144,exact,399,7.566322817469626,7.513305690723954,0.053017126745671384,0.007006987148798613,0.9930233700025458,5.371060163012293e-05,5.41473890936642e-05,8.115082480757856e-07,0.0,1.7900204905027355e-12,0.0028842963256337254
1088,262144,exact,400,7.513305690723954,7.460607303528352,0.05269838719560216,0.007014008129692423,0.9930168063741219,5.41473890936642e-05,5.458806869418616e-05,8.188031602320739e-07,0.0,1.8573332908017152e-12,0.0028698353337924492
1088,262144,exact,401,7.460607303528352,7.4082260573919845,0.05238124613636774,0.007021043194646504,0.9930102359736929,5.458806869418616e-05,5.503267905311153e-05,8.261700050010346e-07,0.0,1.9272514628024956e-12,0.0028554324026461688
1088,262144,exact,402,7.4082260573919845,7.3561603602436545,0.05206569714832998,0.007028092386081879,0.993003658881552,5.503267905311153e-05,5.548125920274632e-05,8.336095447891188e-07,0.0,1.9998366840561638e-12,0.002841087357184181
1088,262144,exact,403,7.3561603602436545,7.304408626412445,0.05175173383120946,0.0070351557465905094,0.9929970751800079,5.548125920274632e-05,5.593384858150551e-05,8.411225410904767e-07,0.0,2.075215962070963e-12,0.002826800022748075
1088,262144,exact,404,7.304408626412445,7.252969276608406,0.0514393498040393,0.007042233318935184,0.9929904849542782,5.593384858150551e-05,5.639048704347112e-05,8.487097686917164e-07,0.0,2.1535289217579183e-12,0.0028125702250308745
1088,262144,exact,405,7.252969276608406,7.201840737903269,0.05112853870513678,0.007049325146051802,0.9929838882904575,5.639048704347112e-05,5.685121486899972e-05,8.563720167419205e-07,0.0,2.2347608179674842e-12,0.0027983977900777474
1088,262144,exact,406,7.201840737903269,7.151021443711217,0.05081929419205178,0.007056431271048521,0.9929772852776811,5.685121486899972e-05,5.731607274968838e-05,8.641100635652458e-07,0.0,2.319234349923774e-12,0.002784282544283659
1088,262144,exact,407,7.151021443711217,7.100509833769679,0.05051160994153836,0.007063551737208047,0.9929706760064185,5.731607274968838e-05,5.778510181433654e-05,8.719247169649977e-07,0.0,2.4069195936468266e-12,0.002770224314395224
1088,262144,exact,408,7.100509833769679,7.050304354120168,0.05020547964951039,0.007070686587987748,0.9929640605701702,5.778510181433654e-05,5.825834362598525e-05,8.798167859118503e-07,0.0,2.4979509224433948e-12,0.002756222927508539
1088,262144,exact,409,7.050304354120168,7.000403457089163,0.04990089703100509,0.007077835867020863,0.9929574390637761,5.825834362598525e-05,5.873584017906136e-05,8.877870806503851e-07,0.0,2.592544797277215e-12,0.0027422782110702996
1088,262144,exact,410,7.000403457089163,6.95080560126903,0.04959785582013332,0.00708499961811581,0.992950811585087,5.873584017906136e-05,5.921763391150878e-05,8.958364274046442e-07,0.0,2.6908268026411795e-12,0.0027283899928751713
1088,262144,exact,411,6.95080560126903,6.901509251498943,0.04929634977008668,0.007092177885263615,0.9929441782338947,5.921763391150878e-05,5.970376771522799e-05,9.039656668325813e-07,0.0,2.792823291424343e-12,0.002714558101071278
1088,262144,exact,412,6.901509251498943,6.852512878845929,0.04899637265301404,0.007099370712626733,0.9929375391122047,5.970376771522799e-05,6.0194284926543344e-05,9.121756344891799e-07,0.0,2.898831016537578e-12,0.0027007823641498323
1088,262144,exact,413,6.852512878845929,6.803814960585868,0.048697918260061535,0.007106578144551116,0.9929308943247777,6.0194284926543344e-05,6.068922934104982e-05,9.204671845937493e-07,0.0,3.0088970933415428e-12,0.0026870626109539906
1088,262144,exact,414,6.803814960585868,6.755413980184566,0.048400980401301474,0.007113800225562532,0.9929242439785969,6.068922934104982e-05,6.118864521485153e-05,9.288411770401592e-07,0.0,3.1232941986826177e-12,0.0026733986706746577
1088,262144,exact,415,6.755413980184566,6.707308427278882,0.04810555290568441,0.007121037000366055,0.9929175881831613,6.118864521485153e-05,6.169257727382926e-05,9.372984849646065e-07,0.0,3.242060862395507e-12,0.0026597903728490862
1088,262144,exact,416,6.707308427278882,6.659496797657823,0.04781162962105867,0.007128288513855562,0.9929109270504054,6.169257727382926e-05,6.22010707122278e-05,9.458399846015609e-07,0.0,3.3654603490964816e-12,0.002646237547367075
1088,262144,exact,417,6.659496797657823,6.6119775932438225,0.047519204414000704,0.007135554811095252,0.9929042606951821,6.22010707122278e-05,6.27141711998662e-05,9.544665635564154e-07,0.0,3.4936635154953974e-12,0.0026327400244557397
1088,262144,exact,418,6.6119775932438225,6.564749322073876,0.047228271169946545,0.007142835937345706,0.9928975892342615,6.27141711998662e-05,6.323192488774193e-05,9.631791194388547e-07,0.0,3.626868824799928e-12,0.002619297634698352
1088,262144,exact,419,6.564749322073876,6.517810498280856,0.04693882379302039,0.007150131938045107,0.9928909127881059,6.323192488774193e-05,6.375437842002364e-05,9.719785660885265e-07,0.0,3.765203928263357e-12,0.0026059102090192996
1088,262144,exact,420,6.517810498280856,6.47115964207477,0.04665085620608522,0.007157442858823511,0.9928842314788457,6.375437842002364e-05,6.428157892245146e-05,9.808658104339118e-07,0.0,3.9089591345698935e-12,0.0025925775786931698
1088,262144,exact,421,6.47115964207477,6.424795279724153,0.04636436235061758,0.00716476874549062,0.9928775454323179,6.428157892245146e-05,6.481357402606127e-05,9.898417873154024e-07,0.0,4.0582915581668585e-12,0.0025792995753350393
1088,262144,exact,422,6.424795279724153,6.378715943537407,0.046079336186745756,0.007172109644048325,0.9928708547764464,6.481357402606127e-05,6.535041185887135e-05,9.989074279485503e-07,0.0,4.213449128986045e-12,0.002566076030908536
1088,262144,exact,423,6.378715943537407,6.332920171844227,0.04579577169317961,0.007179465600686855,0.9928641596423842,6.535041185887135e-05,6.589214105647291e-05,1.0080636786146623e-06,0.0,4.374683747849703e-12,0.0025529067777220107
1088,262144,exact,424,6.332920171844227,6.2874065089770586,0.04551366286716885,0.0071868366617851565,0.9928574601643826,6.589214105647291e-05,6.643881077152747e-05,1.0173114995553198e-06,0.0,4.5421507809291495e-12,0.0025397916484275734
1088,262144,exact,425,6.2874065089770586,6.242173505252584,0.045233003724474585,0.007194222873913373,0.9928507564793453,6.643881077152747e-05,6.699047066716209e-05,1.0266518492954472e-06,0.0,4.7162324908053485e-12,0.0025267304760221796
1088,262144,exact,426,6.242173505252584,6.1972197169532555,0.0449537882993285,0.007201624283833406,0.9928440487272724,6.699047066716209e-05,6.754717093656642e-05,1.036085710294434e-06,0.0,4.897058792003618e-12,0.002513723093846613
1088,262144,exact,427,6.1972197169532555,6.152543706308865,0.044676010644390196,0.00720904093849916,0.9928373370515364,6.754717093656642e-05,6.810896229949795e-05,1.0456140664525767e-06,0.0,5.084980179981269e-12,0.002500769335584657
1088,262144,exact,428,6.152543706308865,6.1081440414781465,0.04439966483071878,0.007216472885059073,0.9928306215982706,6.810896229949795e-05,6.867589600911039e-05,1.0552379131209403e-06,0.0,5.280234271196928e-12,0.0024878690352641702
1088,262144,exact,429,6.1081440414781465,6.064019296530421,0.04412474494772578,0.007223920170855658,0.9928239025171461,6.867589600911039e-05,6.924802385694951e-05,1.0649582555059875e-06,0.0,5.483183162071151e-12,0.0024750220272552127
1088,262144,exact,430,6.064019296530421,6.020168051427283,0.04385124510313787,0.007231382843426591,0.992817179961094,6.924802385694951e-05,6.982539818717632e-05,1.074776117628423e-06,0.0,5.693987273867884e-12,0.002462228146270017
1088,262144,exact,431,6.020168051427283,5.976588892004314,0.043579159422968416,0.0072388609505072725,0.9928104540861169,6.982539818717632e-05,7.040807188448821e-05,1.08469251666542e-06,0.0,5.913131665086571e-12,0.0024494872273639013
1088,262144,exact,432,5.976588892004314,5.933280409952846,0.043308482051468644,0.007246354540030053,0.9928037250519106,7.040807188448821e-05,7.09960983969546e-05,1.0947084971946629e-06,0.0,6.140882656438355e-12,0.002436799105933217
1088,262144,exact,433,5.933280409952846,5.890241202801753,0.043039207151092995,0.007253863660125756,0.9927969930213678,7.09960983969546e-05,7.15895317335329e-05,1.1048251063333689e-06,0.0,6.3775461420136764e-12,0.002424163617715676
1088,262144,exact,434,5.890241202801753,5.847469873899285,0.04277132890246804,0.007261388359125842,0.9927902581611611,7.15895317335329e-05,7.218842647314388e-05,1.11504340523682e-06,0.0,6.623463713259503e-12,0.0024115805987907826
1088,262144,exact,435,5.847469873899285,5.804965032394941,0.04250484150434364,0.007268928685561575,0.9927835206414032,7.218842647314388e-05,7.279283776614085e-05,1.1253644616944071e-06,0.0,6.879124413118262e-12,0.0023990498855778635
1088,262144,exact,436,5.804965032394941,5.762725293221378,0.04223973917356272,0.007276484688166324,0.9927767806360026,7.279283776614085e-05,7.340282134362118e-05,1.1357893575612974e-06,0.0,7.1447682568458876e-12,0.0023865713148369643
1088,262144,exact,437,5.762725293221378,5.720749277076355,0.04197601614502311,0.007284056415876525,0.99277003832234,7.340282134362118e-05,7.40184335205866e-05,1.1463191832368643e-06,0.0,7.420924944966274e-12,0.0023741447236680416
1088,262144,exact,438,5.720749277076355,5.679035610404725,0.041713666671630456,0.007291643917831098,0.9927632938818357,7.40184335205866e-05,7.463973120819983e-05,1.15695504624764e-06,0.0,7.707919046952283e-12,0.0023617699495104014
1088,262144,exact,439,5.679035610404725,5.6375829253804275,0.04145268502429733,0.0072992472433789065,0.9927565474995522,7.463973120819983e-05,7.526677191176088e-05,1.1676980574366682e-06,0.0,8.006222827717721e-12,0.0023494468301450263
1088,262144,exact,440,5.6375829253804275,5.596389859888595,0.041193065491832215,0.007306866442067011,0.9927497993647927,7.526677191176088e-05,7.589961374053946e-05,1.1785493425949857e-06,0.0,8.316291747042723e-12,0.002337175203687289
1088,262144,exact,441,5.596389859888595,5.555455057507617,0.040934802380978574,0.007314501563655082,0.9927430496705384,7.589961374053946e-05,7.653831541481535e-05,1.1895100397970592e-06,0.0,8.63858074971139e-12,0.002324954908594498
1088,262144,exact,442,5.555455057507617,5.514777167491276,0.04067789001634026,0.007322152658110039,0.9927362986140206,7.653831541481535e-05,7.718293626836395e-05,1.20058129491772e-06,0.0,8.9736099952685e-12,0.0023127857836617053
1088,262144,exact,443,5.514777167491276,5.474354844750939,0.04042232274033708,0.0073298197756058335,0.992729546396665,7.718293626836395e-05,7.783353625984707e-05,1.211764270456647e-06,0.0,9.32186523339238e-12,0.0023006676680202764
1088,262144,exact,444,5.474354844750939,5.434186749837729,0.04016809491321016,0.007337502966532241,0.9927227932239069,7.783353625984707e-05,7.849017597367991e-05,1.2230601351940446e-06,0.0,9.683883767574661e-12,0.002288600401142449
1088,262144,exact,445,5.434186749837729,5.394271548924814,0.03991520091291534,0.007345202281483471,0.9927160393057246,7.849017597367991e-05,7.915291663108521e-05,1.234470074267213e-06,0.0,1.0060182870671834e-11,0.002276583822833384
1088,262144,exact,446,5.394271548924814,5.354607913789665,0.03966363513514892,0.00735291777127065,0.9927092848563931,7.915291663108521e-05,7.982182009214263e-05,1.245995280376325e-06,0.0,1.045137599782562e-11,0.002264617773237688
1088,262144,exact,447,5.354607913789665,5.315194521796382,0.039413391993282865,0.007360649486917982,0.9927025300944906,7.982182009214263e-05,8.049694886143098e-05,1.2576369573232961e-06,0.0,1.0858109536818726e-11,0.00225270209283596
1088,262144,exact,448,5.315194521796382,5.2760300558780555,0.03916446591832656,0.007368397479663662,0.9926957752434549,8.049694886143098e-05,8.117836610455181e-05,1.2693963306911512e-06,0.0,1.1280870307979127e-11,0.0022408366224443955
1088,262144,exact,449,5.2760300558780555,5.237113204519156,0.03891685135889933,0.007376161800962798,0.99268902053115,8.117836610455181e-05,8.18661356384934e-05,1.2812746222691695e-06,0.0,1.1720422416340408e-11,0.002229021203215439
1088,262144,exact,450,5.237113204519156,5.198442661737971,0.03867054278118509,0.007383942502487038,0.9926822661900607,8.18661356384934e-05,8.25603219521937e-05,1.2932730797276924e-06,0.0,1.2177376525223695e-11,0.00221725567663683
1088,262144,exact,451,5.198442661737971,5.160017127069073,0.038425534668897754,0.0073917396361261635,0.9926755124576787,8.25603219521937e-05,8.326099020120594e-05,1.3053929511597845e-06,0.0,1.2652518667651512e-11,0.0022055398845309358
1088,262144,exact,452,5.160017127069073,5.121835305545825,0.03818182152324834,0.007399553253990047,0.9926687595761345,8.326099020120594e-05,8.396820622612515e-05,1.317635508463115e-06,0.0,1.314644976267796e-11,0.0021938736690553366
1088,262144,exact,453,5.121835305545825,5.083895907682924,0.03793939786290057,0.007407383408408411,0.9926620077927936,8.396820622612515e-05,8.468203655059438e-05,1.3300020274285172e-06,0.0,1.3660018876129366e-11,0.0021822568727016306
1088,262144,exact,454,5.083895907682924,5.0461976494589855,0.03769825822393891,0.007415230151932941,0.992655257359812,8.468203655059438e-05,8.540254838926787e-05,1.3424937973656268e-06,0.0,1.4193981032846123e-11,0.0021706893382952832
1088,262144,exact,455,5.0461976494589855,5.008739252299154,0.037458397159831236,0.007423093537338403,0.9926485085347151,8.540254838926787e-05,8.612980965561629e-05,1.355112121132376e-06,0.0,1.4749186681012327e-11,0.002159170908995798
1088,262144,exact,456,5.008739252299154,4.971519443057764,0.03721980924139068,0.007430973617623581,0.9926417615800434,8.612980965561629e-05,8.686388897251772e-05,1.367858317853657e-06,0.0,1.5326440718768305e-11,0.002147701428295427
1088,262144,exact,457,4.971519443057764,4.934536954001026,0.0369824890567374,0.0074388704460121935,0.9926350167639307,8.686388897251772e-05,8.76048556676699e-05,1.3807337079727184e-06,0.0,1.5926718169127774e-11,0.0021362807400196505
1088,262144,exact,458,4.934536954001026,4.8977905227897605,0.03674643121126575,0.007446784075954882,0.9926282743595463,8.76048556676699e-05,8.83527797937302e-05,1.3937396376379543e-06,0.0,1.6550824038651275e-11,0.002124908688326279
1088,262144,exact,459,4.8977905227897605,4.861278892462154,0.03651163032760607,0.007454714561130149,0.9926215346460627,8.83527797937302e-05,8.910773212614905e-05,1.4068774568392244e-06,0.0,1.719978827874509e-11,0.002113585117705675
1088,262144,exact,460,4.861278892462154,4.825000811416572,0.036278081045582056,0.007462661955444368,0.9926147979078118,8.910773212614905e-05,8.986978416987376e-05,1.4201485281215543e-06,0.0,1.787466866415375e-11,0.0021023098729793122
1088,262144,exact,461,4.825000811416572,4.788955033394387,0.036045778022185004,0.007470626313035235,0.9926080644352003,8.986978416987376e-05,9.063900817359216e-05,1.4335542339422333e-06,0.0,1.8576417680038308e-11,0.002091082799301145
1088,262144,exact,462,4.788955033394387,4.753140317462863,0.03581471593152408,0.007478607688270313,0.9926013345241315,9.063900817359216e-05,9.141547712934678e-05,1.4470959624136291e-06,0.0,1.9306118092003374e-11,0.002079903742155097
1088,262144,exact,463,4.753140317462863,4.7175554279980485,0.03558488946481475,0.007486606135753487,0.9925946084767373,9.141547712934678e-05,9.219926477900768e-05,1.4607751140569375e-06,0.0,2.0064967360690876e-11,0.0020687725473578643
1088,262144,exact,464,4.7175554279980485,4.6821991346677505,0.035356293330297994,0.007494621710317003,0.9925878866009037,9.219926477900768e-05,9.299044562776119e-05,1.4745931086951521e-06,0.0,2.085408633430673e-11,0.0020576890610538236
1088,262144,exact,465,4.6821991346677505,4.647070212414504,0.035128922253246486,0.007502654467031599,0.9925811692108645,9.299044562776119e-05,9.378909494342827e-05,1.488551371539309e-06,0.0,2.1674753558262837e-11,0.002046653129719274
1088,262144,exact,466,4.647070212414504,4.6121674414385945,0.03490277097590955,0.007510704461203938,0.9925744566268588,9.378909494342827e-05,9.459528876862265e-05,1.5026513457948538e-06,0.0,2.2528170409881476e-11,0.002035664600159699
1088,262144,exact,467,4.6121674414385945,4.577489607181119,0.03467783425747584,0.007518771748377673,0.9925677491756372,9.459528876862265e-05,9.540910392474664e-05,1.5168944847377718e-06,0.0,2.341568234340112e-11,0.0020247233195099155
1088,262144,exact,468,4.577489607181119,4.5430355003070755,0.034454106874043156,0.007526856384336058,0.992561047190328,9.540910392474664e-05,9.623061802039711e-05,1.5312822560502516e-06,0.0,2.43386904868418e-11,0.002013829135234
1088,262144,exact,469,4.5430355003070755,4.508803916688498,0.03423158361857759,0.007534958425102288,0.9925543510106446,9.623061802039711e-05,9.705990945611597e-05,1.5458161381313161e-06,0.0,2.529860384224182e-11,0.0020029818951245774
1088,262144,exact,470,4.508803916688498,4.474793657387627,0.03401025930087087,0.0075430779269393886,0.9925476609829783,9.705990945611597e-05,9.789705743399922e-05,1.5604976250611783e-06,0.0,2.6296949521913658e-11,0.0019921814473016163
1088,262144,exact,471,4.474793657387627,4.441003528640092,0.033790128747535064,0.0075512149463583655,0.9925409774604973,9.789705743399922e-05,9.874214196269152e-05,1.5753282218807514e-06,0.0,2.733523726382997e-11,0.0019814276402157784
1088,262144,exact,472,4.441003528640092,4.407432341838182,0.03357118680191018,0.007559369540107127,0.9925343008032339,9.874214196269152e-05,9.959524386612301e-05,1.5903094484453227e-06,0.0,2.841507599690967e-11,0.001970720322641707
1088,262144,exact,473,4.407432341838182,4.3740789135141,0.033353428324081946,0.007567541765183723,0.9925276313782836,9.959524386612301e-05,0.00010045644478525113,1.6054428325020776e-06,0.0,2.953823656211361e-11,0.001960059343683408
1088,262144,exact,474,4.3740789135141,4.340942065323282,0.03313684819081786,0.007575731678831551,0.9925209695599642,0.00010045644478525113,0.00010132582719550286,1.620729924986262e-06,0.0,3.070628785419548e-11,0.0019494445527714513
1088,262144,exact,475,4.340942065323282,4.308020624027743,0.032921441295538756,0.0075839393385424055,0.9925143157296848,0.00010132582719550286,0.00010220347440070386,1.6361722772612737e-06,0.0,3.1921246231698085e-11,0.001938875799662911
1088,262144,exact,476,4.308020624027743,4.275313421479463,0.032707202548280634,0.007592164802057364,0.9925076702763761,0.00010220347440070386,0.00010308947055106819,1.6517714642828625e-06,0.0,3.3184808498126425e-11,0.0019283529344408016
1088,262144,exact,477,4.275313421479463,4.242819294603804,0.032494126875658225,0.007600408127368053,0.9925010335964484,0.00010308947055106819,0.00010398390063958475,1.667529063902184e-06,0.0,3.4499163237538405e-11,0.0019178758075140882
1088,262144,exact,478,4.242819294603804,4.210537085382973,0.03228220922083125,0.00760866937271854,0.9924944060938717,0.00010398390063958475,0.00010488685052135789,1.6834466789018734e-06,0.0,3.58661528211332e-11,0.0019074442696171545
1088,262144,exact,479,4.210537085382973,4.178465640839506,0.03207144454346711,0.007616948596606416,0.992487788180593,0.00010488685052135789,0.0001057984069076001,1.6995259124721107e-06,0.0,3.728804298750582e-11,0.001897058171809763
1088,262144,exact,480,4.178465640839506,4.146603813019803,0.031861827819702704,0.007625245857783639,0.9924811802761774,0.0001057984069076001,0.00010671865738202993,1.7157683900017458e-06,0.0,3.876696603706889e-11,0.001886717365475816
1088,262144,exact,481,4.146603813019803,4.114950458977688,0.03165335404211511,0.0076335612152594965,0.9924745828083614,0.00010671865738202993,0.00010764769040203916,1.73217574424683e-06,0.0,4.030530629303003e-11,0.00187642170232431
1088,262144,exact,482,4.114950458977688,4.083504440758014,0.03144601821967452,0.007641894728299334,0.9924679962131161,0.00010764769040203916,0.0001085855953092361,1.7487496243260735e-06,0.0,4.190537166944876e-11,0.0018661710343876674
1088,262144,exact,483,4.083504440758014,4.052264625380291,0.031239815377722913,0.007650246456429449,0.9924614209345606,0.0001085855953092361,0.00010953246233340368,1.7654916894857593e-06,0.0,4.356971170839125e-11,0.0018559652140224825
1088,262144,exact,484,4.052264625380291,4.0212298848223655,0.03103474055792521,0.0076586164594353735,0.9924548574253661,0.00010953246233340368,0.00011048838260109816,1.7824036134526095e-06,0.0,4.5300901891460674e-11,0.0018458040939085005
1088,262144,exact,485,4.0212298848223655,3.990399096004128,0.030830788818237753,0.007667004797364296,0.9924483061466172,0.00011048838260109816,0.00011145344813962166,1.7994870799431321e-06,0.0,4.710166070652673e-11,0.0018356875270480564
1088,262144,exact,486,3.990399096004128,3.959771140771247,0.030627955232880755,0.007675411530528542,0.992441767568306,0.00011145344813962166,0.0001124277518862762,1.8167437878658096e-06,0.0,4.897485826713295e-11,0.0018256153667670517
1088,262144,exact,487,3.959771140771247,3.9293449058789607,0.030426234892286352,0.0076838367195029905,0.9924352421691575,0.0001124277518862762,0.00011341138769450702,1.8341754479971083e-06,0.0,5.0923280552734283e-11,0.0018155874667125096
1088,262144,exact,488,3.9293449058789607,3.899119282975881,0.030225622903079508,0.007692280425130636,0.9924287304368828,0.00011341138769450702,0.00011440445034037859,1.8517837836256557e-06,0.0,5.294999177616819e-11,0.0018056036808543254
1088,262144,exact,489,3.899119282975881,3.869093168587856,0.03002611438802516,0.007700742708519721,0.9924222328684422,0.00011440445034037859,0.00011540703552658835,1.869570527965342e-06,0.0,5.5058262338420275e-11,0.0017956638634827127
1088,262144,exact,490,3.869093168587856,3.839265464101832,0.02982770448602423,0.007709223631053259,0.9924157499699109,0.00011540703552658835,0.00011641923989270684,1.887537430095959e-06,0.0,5.725131244191557e-11,0.0017857678692118242
1088,262144,exact,491,3.839265464101832,3.8096350757498043,0.02963038835202747,0.007717723254377588,0.9924092822569759,0.00011641923989270684,0.00011744116101869758,1.9056862483832298e-06,0.0,5.953250955083918e-11,0.0017759155529729937
1088,262144,exact,492,3.8096350757498043,3.780200914592758,0.029434161157046113,0.0077262416404156355,0.9924028302548243,0.00011744116101869758,0.00011847289743308241,1.9240187552167965e-06,0.0,6.190550241207734e-11,0.0017661067700204135
1088,262144,exact,493,3.780200914592758,3.7509618965046627,0.02923901808809548,0.0077347788513630914,0.9923963944983972,0.00011847289743308241,0.00011951454861551977,1.94253673112303e-06,0.0,6.437397265094714e-11,0.001756341375927764
1088,262144,exact,494,3.7509618965046627,3.7219169421565033,0.029044954348159457,0.007743334949689845,0.99238997553249,0.00011951454861551977,0.00012056621500994973,1.9612419752620367e-06,0.0,6.694164456967373e-11,0.0017466192265880448
1088,262144,exact,495,3.7219169421565033,3.6930649770003265,0.028851965156176718,0.007751909998147272,0.992383573912017,0.00012056621500994973,0.00012162799802195487,1.980136290022851e-06,0.0,6.961268657324458e-11,0.0017369401782160873
1088,262144,exact,496,3.6930649770003265,3.6644049312533684,0.02866004574695813,0.00776050405975719,0.9923771902020762,0.00012162799802195487,0.00012270000003077044,1.999221494992763e-06,0.0,7.239115356423229e-11,0.0017273040873420217
1088,262144,exact,497,3.6644049312533684,3.635935739882166,0.028469191371202296,0.0077691171978269144,0.9923708249780696,0.00012270000003077044,0.0001237823243932897,2.0184994193864426e-06,0.0,7.528144158942297e-11,0.0017177108108172995
1088,262144,exact,498,3.635935739882166,3.607656342586735,0.028279397295431163,0.0077777494759430615,0.9923644788260396,0.0001237823243932897,0.00012487507544786875,2.037971901450544e-06,0.0,7.828800449713111e-11,0.0017081602058109991
1088,262144,exact,499,3.607656342586735,3.5795656837847707,0.028090658801964263,0.007786400957975645,0.9923581523425928,0.00012487507544786875,0.00012597835852536104,2.0576407957260917e-06,0.0,8.141545396840241e-11,0.0016986521298102612
1088,262144,exact,500,3.5795656837847707,3.551662712595888,0.02790297118888274,0.007795071708079452,0.9923518461352387,0.00012597835852536104,0.00012709227994588658,2.0775079589445322e-06,0.0,8.466878698262965e-11,0.0016891864406199423
1088,262144,exact,501,3.551662712595888,3.5239463828258972,0.027716329769990722,0.007803761790694655,0.9923455608225288,0.00012709227994588658,0.00012821694703314234,2.097575266991087e-06,0.0,8.80529633852812e-11,0.0016797629963622553
1088,262144,exact,502,3.5239463828258972,3.4964156529511135,0.027530729874783777,0.007812471270549393,0.9923392970341735,0.00012821694703314234,0.0001293524681128737,2.1178445994509057e-06,0.0,9.157331354791784e-11,0.0016703816554760156
1088,262144,exact,503,3.4964156529511135,3.4690694861027,0.0273461668484134,0.007821200212661259,0.9923330554112073,0.0001293524681128737,0.0001304989525229445,2.1383178506965437e-06,0.0,9.52351807712113e-11,0.0016610422767171563
1088,262144,exact,504,3.4690694861027,3.4419068500510495,0.02716263605165059,0.007829948682338517,0.9923268366062105,0.0001304989525229445,0.0001316565106139576,2.1589969208097002e-06,0.0,9.904436965675265e-11,0.001651744719157418
1088,262144,exact,505,3.4419068500510495,3.414926717190197,0.026980132860852546,0.007838716745182219,0.9923206412834706,0.0001316565106139576,0.00013282525375679134,2.1798837218845165e-06,0.0,1.0300667962906754e-10,0.001642488842184637
1088,262144,exact,506,3.414926717190197,3.388128064522271,0.026798652667925804,0.007847504467087289,0.9923144701190624,0.00013282525375679134,0.00013400529434548665,2.200980173745942e-06,0.0,1.0712835967711248e-10,0.0016332745055020726
1088,262144,exact,507,3.388128064522271,3.361509873641978,0.026618190880292936,0.007856311914244636,0.9923083238012012,0.00013400529434548665,0.00013519674580315765,2.2222882064033017e-06,0.0,1.1141570207661572e-10,0.001624101569128504
1088,262144,exact,508,3.361509873641978,3.3350711307211216,0.026438742920856573,0.007865139153142485,0.992302203030211,0.00013519674580315765,0.0001363997225864121,2.24380975872805e-06,0.0,1.1587530471279285e-10,0.0016149698933969837
1088,262144,exact,509,3.3350711307211216,3.308810826493155,0.026260304227966547,0.007873986250568649,0.9922961085188863,0.0001363997225864121,0.000137614340186571,2.265546775132953e-06,0.0,1.2051411431290848e-10,0.0016058793389554956
1088,262144,exact,510,3.308810826493155,3.2827279562377742,0.026082870255380808,0.007882853273610916,0.9922900409925082,0.000137614340186571,0.00013884071513474728,2.287501209257276e-06,0.0,1.2533939950385223e-10,0.0015968297667657723
1088,262144,exact,511,3.2827279562377742,3.256821519765537,0.02590643647223745,0.007891740289660784,0.9922840011892063,0.00013884071513474728,0.00014007896500885082,2.309675025268896e-06,0.0,1.303582959080122e-10,0.0015878210381035484
1088,262144,exact,512,3.256821519765537,3.231090521402524,0.025730998363012958,0.007900647366413056,0.9922779898598768,0.00014007896500885082,0.00014132920843158621,2.332070189744937e-06,0.0,1.3557879322803786e-10,0.0015788530145581518
1088,262144,exact,513,3.231090521402524,3.2055339699750367,0.02555655142748714,0.007909574571867388,0.9922720077686623,0.00014132920843158621,0.00014259156507606097,2.3546886781235392e-06,0.0,1.4100882839303795e-10,0.0015699255580308722
1088,262144,exact,514,3.2055339699750367,3.1801508787943065,0.025383091180730233,0.007918521974336745,0.9922660556929477,0.00014259156507606097,0.00014386615566935412,2.377532473029991e-06,0.0,1.4665678315316753e-10,0.0015610385307383665
1088,262144,exact,515,3.1801508787943065,3.1549402656412835,0.025210613153022976,0.007927489642435172,0.99226013442354,0.00014386615566935412,0.00014515310199464732,2.4006035624190284e-06,0.0,1.5253124298016986e-10,0.0015521917952060348
1088,262144,exact,516,3.1549402656412835,3.1299011527514167,0.02503911288986682,0.007936477645093318,0.992254244764951,0.00014515310199464732,0.00014645252689261676,2.4239039388818467e-06,0.0,1.586412537793458e-10,0.001543385214273735
1088,262144,exact,517,3.1299011527514167,3.105032566799488,0.024868585951928868,0.007945486051553905,0.9922483875354798,0.00014645252689261676,0.00014776455426305002,2.4474355995564178e-06,0.0,1.649962018683733e-10,0.0015346186510922601
1088,262144,exact,518,3.105032566799488,3.0803335388844806,0.02469902791500722,0.007954514931373407,0.9922425635675297,0.00014776455426305002,0.00014908930907107595,2.4712005503468746e-06,0.0,1.7160565302749495e-10,0.0015258919691236285
1088,262144,exact,519,3.0803335388844806,3.0558031045144776,0.024530434370003018,0.007963564354425894,0.9922367737075873,0.00014908930907107595,0.00015042691734108886,2.4952007939637736e-06,0.0,1.7847985264198007e-10,0.0015172050321408306
1088,262144,exact,520,3.0558031045144776,3.0314403035915967,0.0243628009228809,0.007972634390903203,0.9922310188166232,0.00015042691734108886,0.00015177750616446545,2.5194383428732176e-06,0.0,1.8562920032485705e-10,0.0015085577042276339
1088,262144,exact,521,3.0314403035915967,3.007244180396961,0.02419612319463571,0.007981725111317077,0.9922252997701938,0.00015177750616446545,0.00015314120369724609,2.543915209367819e-06,0.0,1.9306453091501134e-10,0.0014999498497776347
1088,262144,exact,522,3.007244180396961,2.983213783575704,0.02403039682125696,0.007990836586500571,0.992219617458552,0.00015314120369724609,0.00015451813916021262,2.5686334078165275e-06,0.0,2.007972276136822e-10,0.0014913813334942083
1088,262144,exact,523,2.983213783575704,2.959348166121994,0.023865617453710186,0.00799996888761511,0.992213972786924,0.00015451813916021262,0.00015590844284157253,2.593594956621498e-06,0.0,2.088388463084099e-10,0.001482852020391712
1088,262144,exact,524,2.959348166121994,2.9356463853641275,0.02370178075786633,0.008009122086140259,0.9922083666757741,0.00015590844284157253,0.00015731224609397788,2.6188018728864495e-06,0.0,2.1720170852320385e-10,0.0014743617757911843
1088,262144,exact,525,2.9356463853641275,2.91210750294962,0.023538882414507523,0.008018296253888849,0.9922028000607821,0.00015731224609397788,0.00015872968133510469,2.6442561751592394e-06,0.0,2.2589835023726322e-10,0.0014659104653244339
1088,262144,exact,526,2.91210750294962,2.8887305848303524,0.023376918119267565,0.008027491463000427,0.9921972738931467,0.00015872968133510469,0.00016016088204579733,2.669959881049569e-06,0.0,2.349418709980764e-10,0.0014574979549306073
1088,262144,exact,527,2.8887305848303524,2.8655147012477418,0.02321588358261062,0.008036707785947448,0.9921917891398773,0.00016016088204579733,0.00016160598276999027,2.695915008588984e-06,0.0,2.443458392163613e-10,0.0014491241108577871
1088,262144,exact,528,2.8655147012477418,2.842458926717953,0.023055774529788575,0.008045945295534276,0.9921863467837652,0.00016160598276999027,0.0001630651191100072,2.7221235715609584e-06,0.0,2.541245104972778e-10,0.001440788799661088
1088,262144,exact,529,2.842458926717953,2.81956234001714,0.02289658670081307,0.00805520406490117,0.9921809478237497,0.0001630651191100072,0.00016453842772696297,2.7485875837022655e-06,0.0,2.642922988750282e-10,0.0014324918882033333
1088,262144,exact,530,2.81956234001714,2.796824024166723,0.0227383158504173,0.008064484167524763,0.9921755932750197,0.00016453842772696297,0.0001660260463381228,2.7753090560187742e-06,0.0,2.74864434435685e-10,0.0014242332436544523
1088,262144,exact,531,2.796824024166723,2.774243066418696,0.02258095774802671,0.008073785677221652,0.9921702841691964,0.0001660260463381228,0.0001675281137086614,2.8022899906695695e-06,0.0,2.858567916337769e-10,0.001416012733490799
1088,262144,exact,532,2.774243066418696,2.751818558240976,0.022424508177719904,0.008083108668148525,0.9921650215545617,0.0001675281137086614,0.000169044769652768,2.8295323896745303e-06,0.0,2.9728565561961545e-10,0.001407830225495362
1088,262144,exact,533,2.751818558240976,2.7295495953027786,0.02226896293819758,0.00809245321480512,0.9921598064962622,0.000169044769652768,0.00017057615502826903,2.857038248137564e-06,0.0,3.0916776406239403e-10,0.0013996855877566768
1088,262144,exact,534,2.7295495953027786,2.70743527746003,0.022114317842748754,0.008101819392036252,0.9921546400763576,0.00017057615502826903,0.0001721224117295751,2.8848095528435637e-06,0.0,3.215209496755002e-10,0.0013915786886692224
1088,262144,exact,535,2.70743527746003,2.6854747087408133,0.02196056871921659,0.008111207275033666,0.9921495233941838,0.0001721224117295751,0.0001736836826836736,2.91284828393015e-06,0.0,3.3436321194972064e-10,0.0013835093969326016
1088,262144,exact,536,2.6854747087408133,2.663666997330848,0.02180771140996507,0.008120616939338238,0.9921444575664029,0.0001736836826836736,0.00017526011184306316,2.9411564122294246e-06,0.0,3.477134948785647e-10,0.001375477581551519
1088,262144,exact,537,2.663666997330848,2.6420112555590065,0.021655741771841708,0.008130048460840653,0.9921394437272639,0.00017526011184306316,0.00017685184418096786,2.9697359007671496e-06,0.0,3.615913540268821e-10,0.0013674831118347267
1088,262144,exact,538,2.6420112555590065,2.6205065998828547,0.021504655676151785,0.008139501915786407,0.9921344830286949,0.00017685184418096786,0.00017845902567951898,2.998588697419836e-06,0.0,3.760170567111438e-10,0.001359525857395763
1088,262144,exact,539,2.6205065998828547,2.59915215087424,0.02135444900861483,0.008148977380774176,0.9921295766405923,0.00017845902567951898,0.00018008180332604418,3.027716742540684e-06,0.0,3.910116102700135e-10,0.001351605688151504
1088,262144,exact,540,2.59915215087424,2.5779470332049006,0.021205117669339302,0.008158474932760992,0.9921247257508856,0.00018008180332604418,0.00018172032510305693,3.057121962183222e-06,0.0,4.06596702785594e-10,0.0013437224743227834
1088,262144,exact,541,2.5779470332049006,2.5568903756321193,0.0210566575727813,0.008167994649061386,0.9921199315657696,0.00018172032510305693,0.00018337473997721412,3.086806266769733e-06,0.0,4.2279490986788654e-10,0.0013358760864327955
1088,262144,exact,542,2.5568903756321193,2.5359813109843916,0.020909064647727682,0.008177536607355918,0.9921151953098977,0.00018337473997721412,0.0001850451978890314,3.1167715512110258e-06,0.0,4.396295751215012e-10,0.0013280663953091896
1088,262144,exact,543,2.5359813109843916,2.515218976147159,0.020762334837232554,0.0081871008856817,0.9921105182264573,0.0001850451978890314,0.0001867318497450104,3.1470196968737873e-06,0.0,4.571248676896872e-10,0.001320293272079883
1088,262144,exact,544,2.515218976147159,2.494602512048543,0.02061646409861595,0.008196687562446943,0.9921059015774176,0.0001867318497450104,0.0001884348474014948,3.177552562757527e-06,0.0,4.753057551492787e-10,0.0013125565881764306
1088,262144,exact,545,2.494602512048543,2.474131063645146,0.020471448403397208,0.008206296716420066,0.9921013466436961,0.0001884348474014948,0.0001901543436546561,3.2083719913344605e-06,0.0,4.941983007176153e-10,0.0013048562153298688
1088,262144,exact,546,2.474131063645146,2.453803779907832,0.020327283737314072,0.00821592842675271,0.992096854725218,0.0001901543436546561,0.00019189049222848633,3.239479805325636e-06,0.0,5.138289618550514e-10,0.0012971920255769231
1088,262144,exact,547,2.453803779907832,2.4336198138076144,0.020183966100217443,0.008225582772953256,0.9920924271412049,0.00019189049222848633,0.000193643447754064,3.2708777997336046e-06,0.0,5.342259491226443e-10,0.0012895638912502844
1088,262144,exact,548,2.4336198138076144,2.4135783223015026,0.020041491506111786,0.008235259834918542,0.9920880652301934,0.000193643447754064,0.00019541336576296304,3.3025677536533116e-06,0.0,5.554175236865879e-10,0.0012819716849881337
1088,262144,exact,549,2.4135783223015026,2.393678466318458,0.019899855983044556,0.008244959692904749,0.9920837703503438,0.00019541336576296304,0.00019720040266391596,3.334551414593176e-06,0.0,5.774336483683855e-10,0.0012744152797230903
1088,262144,exact,550,2.393678466318458,2.373919410745295,0.019759055573163042,0.00825468242756639,0.992079543879373,0.00019720040266391596,0.0001990047157294526,3.3668305066855622e-06,0.0,6.003048794275996e-10,0.0012668945486944084
1088,262144,exact,551,2.373919410745295,2.354300324412701,0.019619086332594016,0.008264428119922815,0.9920753872149145,0.0001990047157294526,0.0002008264630755818,3.399406723848839e-06,0.0,6.240631577041772e-10,0.0012594093654355787
1088,262144,exact,552,2.354300324412701,2.3348203800812315,0.01947994433146949,0.008274196851384676,0.9920713017744885,0.0002008264630755818,0.0002026658036453268,3.432281732158905e-06,0.0,6.487409907776458e-10,0.001251959603781965
1088,262144,exact,553,2.3348203800812315,2.3154787544273643,0.01934162565386721,0.008283988703745292,0.9920672889957124,0.0002026658036453268,0.00020452289718543486,3.465457163442393e-06,0.0,6.743725642743403e-10,0.0012445451378670278
1088,262144,exact,554,2.3154787544273643,2.2962746280295776,0.01920412639778668,0.00829380375918673,0.9920633503364005,0.00020452289718543486,0.00020639790422690435,3.49893461746899e-06,0.0,7.009928543395046e-10,0.0012371658421231875
1088,262144,exact,555,2.2962746280295776,2.277207185354466,0.0190674426751114,0.008303642100280088,0.9920594872746875,0.00020639790422690435,0.00020829098606197234,3.532715658132593e-06,0.0,7.286380730546493e-10,0.0012298215912805114
1088,262144,exact,556,2.277207185354466,2.258275614742887,0.01893157061157913,0.008313503809989197,0.9920557013091338,0.00020829098606197234,0.00021020230472140777,3.566801812833019e-06,0.0,7.573455062409064e-10,0.0012225122603670834
1088,262144,exact,557,2.258275614742887,2.239479108396139,0.01879650634674812,0.008323388971672606,0.9920519939588816,0.00021020230472140777,0.00021213202294768736,3.601194568056709e-06,0.0,7.871539943297978e-10,0.0012152377247087148
1088,262144,exact,558,2.239479108396139,2.2208168623621765,0.018662246033962493,0.008333297669085176,0.9920483667636527,0.00021213202294768736,0.00021408030417013183,3.6358953698757247e-06,0.0,8.181032668528373e-10,0.0012079978599279105
1088,262144,exact,559,2.2208168623621765,2.2022880765218544,0.018528785840322026,0.008343229986381607,0.9920448212839863,0.00021408030417013183,0.00021604731247935457,3.6709056229370477e-06,0.0,8.502344623435767e-10,0.0012007925419440493
1088,262144,exact,560,2.2022880765218544,2.1838919545752065,0.01839612194664797,0.008353186008118232,0.9920413591011635,0.00021604731247935457,0.00021803321259412329,3.7062266820864285e-06,0.0,8.835901358186012e-10,0.0011936216469730426
1088,262144,exact,561,2.1838919545752065,2.165627704027756,0.018264250547450622,0.008363165819255579,0.9920379818174286,0.00021803321259412329,0.00022003816983672203,3.741859859773736e-06,0.0,9.182140961472036e-10,0.0011864850515268621
1088,262144,exact,562,2.165627704027756,2.1474945361768616,0.01813316785089425,0.008373169505159712,0.9920346910560184,0.00022003816983672203,0.00022206235009767655,3.7778064145534317e-06,0.0,9.541513811418389e-10,0.0011793826324127624
1088,262144,exact,563,2.1474945361768616,2.1294916660980916,0.018002870078769995,0.008383197151607248,0.9920314884611783,0.00022206235009767655,0.00022410591980405857,3.8140675542257426e-06,0.0,9.914487524964165e-10,0.001172314266733952
1088,262144,exact,564,2.1294916660980916,2.1116183126316352,0.017873353466456354,0.008393248844784653,0.9920283756982643,0.00022410591980405857,0.00022616904588743602,3.8506444337958e-06,0.0,1.0301539454912918e-09,0.0011652798318880202
1088,262144,exact,565,2.1116183126316352,2.093873698368743,0.01774461426289209,0.008403324671293271,0.9920253544538271,0.00022616904588743602,0.0002282518957434769,3.887538147286549e-06,0.0,1.0703167772647265e-09,0.0011582792055675663
1088,262144,exact,566,2.093873698368743,2.0762570496382056,0.017616648730537587,0.008413424718148972,0.9920224264355793,0.0002282518957434769,0.00023035463719920702,3.9247497332433295e-06,0.0,1.1119880011364533e-09,0.0011513122657589596
1088,262144,exact,567,2.0762570496382056,2.058767596492845,0.017489453145360656,0.008423549072793395,0.9920195933724649,0.00023035463719920702,0.00023247743847177633,3.962280165933852e-06,0.0,1.1552199765361981e-09,0.001144378890744364
1088,262144,exact,568,2.058767596492845,2.0414045726960874,0.01736302379675747,0.00843369782307423,0.992016857014692,0.00023247743847177633,0.00023462046812822455,4.000130355565821e-06,0.0,1.2000669392681768e-09,0.0011374789590952656
1088,262144,exact,569,2.0414045726960874,2.0241672157084936,0.017237356987593877,0.008443871057283106,0.992014219133723,0.00023462046812822455,0.00023678389504305344,4.038301144378518e-06,0.0,1.2465843343201829e-09,0.0011306123496819468
1088,262144,exact,570,2.0241672157084936,2.007054766674399,0.017112449034094368,0.008454068864120355,0.9920116815223023,0.00023678389504305344,0.00023896788835700862,4.076793307126736e-06,0.0,1.2948291779057985e-09,0.001123778941662612
1088,262144,exact,571,2.007054766674399,1.9900664704085218,0.01698829626587739,0.008464291332730418,0.9920092459943987,0.00023896788835700862,0.0002411726174248624,4.115607539558449e-06,0.0,1.3448606057996429e-09,0.0011169786144919428
1088,262144,exact,572,1.9900664704085218,1.973201575382665,0.016864895025856752,0.00847453855267192,0.9920069143852642,0.0002411726174248624,0.0002433982517749237,4.154744467856506e-06,0.0,1.3967387883762582e-09,0.0011102112479122526
1088,262144,exact,573,1.973201575382665,1.9564593337123781,0.016742241670286928,0.008484810613958732,0.9920046885513367,0.0002433982517749237,0.0002456449610560365,4.194204635952682e-06,0.0,1.4505258391986353e-09,0.0011034767219632242
1088,262144,exact,574,1.9564593337123781,1.9398390011437334,0.016620332568644702,0.008495107607019693,0.9920025703702414,0.0002456449610560365,0.0002479129149861774,4.2339885056751765e-06,0.0,1.5062855838392057e-09,0.0010967749169699392
1088,262144,exact,575,1.9398390011437334,1.923339837040052,0.016499164103681352,0.008505429622743643,0.9920005617407025,0.0002479129149861774,0.00025020228329968323,4.274096454030515e-06,0.0,1.5640834102599414e-09,0.0010901057135543088
1088,262144,exact,576,1.923339837040052,1.9069611043687313,0.016378732671320728,0.008515776752446923,0.9919986645825039,0.00025020228329968323,0.0002525132356932089,4.31452877093514e-06,0.0,1.6239865053310591e-09,0.0010834689926248055
1088,262144,exact,577,1.9069611043687313,1.8907020696880632,0.01625903468066814,0.008526149087896803,0.991996880836397,0.0002525132356932089,0.0002548459417648665,4.35528565117517e-06,0.0,1.686063877816106e-09,0.0010768646353819385
1088,262144,exact,578,1.8907020696880632,1.874562003134098,0.01614006655396527,0.008536546721307674,0.9919952124640576,0.0002548459417648665,0.00025720057095793915,4.396367197361411e-06,0.0,1.7503860639026501e-09,0.0010702925233161806
1088,262144,exact,579,1.874562003134098,1.8585401784075393,0.016021824726558664,0.008546969745344045,0.9919936614478791,0.00025720057095793915,0.00025957729249831055,4.437773412694258e-06,0.0,1.8170254348446463e-09,0.00106375253820748
1088,262144,exact,580,1.8585401784075393,1.8426358727606718,0.01590430564686751,0.008557418253123193,0.9919922297909681,0.00025957729249831055,0.00026197627532805547,4.479504195990822e-06,0.0,1.886056436787957e-09,0.0010572445621250144
1088,262144,exact,581,1.8426358727606718,1.8268483669843183,0.01578750577635346,0.008567892338218903,0.9919909195169554,0.00026197627532805547,0.00026439768804333464,4.521559343616224e-06,0.0,1.95755458641967e-09,0.0010507684774272174
1088,262144,exact,582,1.8268483669843183,1.8111769453948323,0.01567142158948598,0.00857839209466283,0.9919897326698249,0.00026439768804333464,0.0002668416988226208,4.5639385398089255e-06,0.0,2.031597815433002e-09,0.0010443241667606861
1088,262144,exact,583,1.8111769453948323,1.7956208958211188,0.015556049573713482,0.00858891761694896,0.9919886713138333,0.0002668416988226208,0.000269308475356533,4.606641355797605e-06,0.0,2.1082654422699583e-09,0.0010379115130606706
1088,262144,exact,584,1.7956208958211188,1.78017950959169,0.015441386229428922,0.008599469000035075,0.9919877375332687,0.000269308475356533,0.00027179818477448533,4.6496672457655766e-06,0.0,2.187638741490104e-09,0.0010315303995500503
1088,262144,exact,585,1.78017950959169,1.7648520815217508,0.015327428069939142,0.008610046339346256,0.9919869334322635,0.00027179818477448533,0.0002743109935685714,4.693015542302158e-06,0.0,2.2698006282135218e-09,0.0010251807097394327
1088,262144,exact,586,1.7648520815217508,1.7496379099003176,0.015214171621433126,0.008620649730777802,0.9919862611346375,0.0002743109935685714,0.000276847067515059,4.7366854525162895e-06,0.0,2.3548356719985987e-09,0.0010188623274263518
1088,262144,exact,587,1.7496379099003176,1.7345362964773683,0.015101613422949356,0.00863127927069764,0.9919857227836045,0.000276847067515059,0.0002794065715928438,4.780676053766953e-06,0.0,2.4428303703320255e-09,0.0010125751366953236
1088,262144,exact,588,1.7345362964773683,1.7195465464510231,0.014989750026345172,0.008641935055949838,0.9919853205415997,0.0002794065715928438,0.00028198966990037146,4.8249862899601645e-06,0.0,2.5338725452702868e-09,0.0010063190219173467
1088,262144,exact,589,1.7195465464510231,1.7046679684547605,0.014878577996262576,0.008652617183856124,0.9919850565899866,0.00028198966990037146,0.0002845965255681055,4.8696149663259825e-06,0.0,2.6280521320883217e-09,0.0010000938677493015
1088,262144,exact,590,1.7046679684547605,1.6898998745446507,0.014768093910109803,0.008663325752226527,0.9919849331287767,0.0002845965255681055,0.0002872273006701578,4.914560745877388e-06,0.0,2.7254600788685288e-09,0.0009938995591352252
1088,262144,exact,591,1.6898998745446507,1.6752415801866591,0.014658294357991597,0.008674060859340157,0.9919849523763803,0.0002872273006701578,0.0002898821561301314,4.959822143263117e-06,0.0,2.8261896144752066e-09,0.0009877359813010242
1088,262144,exact,592,1.6752415801866591,1.6606924042439164,0.014549175942742743,0.00868482260398625,0.9919851165692429,0.0002898821561301314,0.0002925612516285748,5.005397523277085e-06,0.0,2.9303347941515498e-09,0.000981603019762823
1088,262144,exact,593,1.6606924042439164,1.6462516689640987,0.014440735279817707,0.008695611085420912,0.9919854279615726,0.0002925612516285748,0.0002952647455028654,5.0512850926577795e-06,0.0,3.0379915374805985e-09,0.0009755005603158355
1088,262144,exact,594,1.6462516689640987,1.631918699966762,0.014332968997336604,0.00870642640341595,0.991985888824953,0.0002952647455028654,0.00029799279464606435,5.097482896808387e-06,0.0,3.149257077502115e-09,0.0009694284890447496
1088,262144,exact,595,1.631918699966762,1.6176928262307688,0.014225873735993266,0.008717268658226055,0.991986501448026,0.00029799279464606435,0.00030074555440429596,5.143988816543435e-06,0.0,3.264229916910815e-09,0.0009633866923149423
1088,262144,exact,596,1.6176928262307688,1.603573380081722,0.01411944614904681,0.008728137950605357,0.9919872681360478,0.00030074555440429596,0.000303523178467523,5.1908005597396e-06,0.0,3.3830097953134637e-09,0.0009573750567754511
1088,262144,exact,597,1.603573380081722,1.5895596971794088,0.014013682902313196,0.008739034381824813,0.9919881912105377,0.000303523178467523,0.00030632581875926143,5.23791565859462e-06,0.0,3.505697804533775e-09,0.0009513934693614407
1088,262144,exact,598,1.5895596971794088,1.5756511165053244,0.013908580674084403,0.008749958053644955,0.9919892730088614,0.00030632581875926143,0.0003091536253248344,5.285331465574854e-06,0.0,3.6323955844596613e-09,0.0009454418172874803
1088,262144,exact,599,1.5756511165053244,1.5618469803501753,0.013804136155149083,0.008760909068351133,0.9919905158837279,0.0003091536253248344,0.0003120067462106494,5.333045143669667e-06,0.0,3.763206327448126e-09,0.0009395199880539464
1088,262144,exact,600,1.5618469803501753,1.5481466343014672,0.013700346048708179,0.008771887528723512,0.9919919222028231,0.0003120067462106494,0.00031488532734634344,5.381053666216336e-06,0.0,3.898233623378898e-09,0.0009336278694395999
1088,262144,exact,601,1.5481466343014672,1.5345494272310638,0.01359720707040335,0.008782893538077863,0.991993494348252,0.00031488532734634344,0.0003177895124207875,5.4293538092851355e-06,0.0,4.0375817900650465e-09,0.0009277653495093926
1088,262144,exact,602,1.5345494272310638,1.5210547112828323,0.013494715948231484,0.008793927200234473,0.9919952347160754,0.0003177895124207875,0.0003207194427522991,5.477942144172156e-06,0.0,4.181356039352751e-09,0.0009219323166065821
1088,262144,exact,603,1.5210547112828323,1.507661841860286,0.01339286942254625,0.00880498861954211,0.9919971457157682,0.0003207194427522991,0.0003236752571609319,5.526815036580125e-06,0.0,4.3296614806310856e-09,0.0009161286593568601
1088,262144,exact,604,1.507661841860286,1.4943701776142704,0.013291664246015689,0.008816077900874152,0.9919992297697175,0.0003236752571609319,0.0003266570918312689,5.575968635943609e-06,0.0,4.48260383445389e-09,0.0009103542666665379
1088,262144,exact,605,1.4943701776142704,1.4811790804306777,0.013191097183592682,0.00882719514963286,0.9920014893126243,0.0003266570918312689,0.0003296650801756797,5.6253988732438845e-06,0.0,4.640288713605306e-09,0.0009046090277224028
1088,262144,exact,606,1.4811790804306777,1.4680879154181934,0.013091165012484307,0.00883834047175297,0.9920039267909171,0.0003296650801756797,0.0003326993526929316,5.67510145416697e-06,0.0,4.8028213521576595e-09,0.0008988928319912674
1088,262144,exact,607,1.4680879154181934,1.4550960508960729,0.012991864522120533,0.008849513973704854,0.9920065446621904,0.0003326993526929316,0.00033576003682114276,5.7250718520083556e-06,0.0,4.970307128111112e-09,0.0008932055692196622
1088,262144,exact,608,1.4550960508960729,1.4422028583819493,0.012893192514123575,0.008860715762498103,0.992009345394538,0.00033576003682114276,0.00033884725679031734,5.775305304134621e-06,0.0,5.1428504050862744e-09,0.0008875471294337028
1088,262144,exact,609,1.4422028583819493,1.4294077125796736,0.012795145802275698,0.00887194594568406,0.9920123314659361,0.00033884725679031734,0.00034196113346723965,5.825796802828491e-06,0.0,5.3205549883396375e-09,0.0008819174029381546
1088,262144,exact,610,1.4294077125796736,1.4167099913671826,0.01269772121249102,0.00888320463136109,0.9920155053635539,0.00034196113346723965,0.0003451017842009535,5.8765410931229226e-06,0.0,5.503523366852045e-09,0.000876316280316776
1088,262144,exact,611,1.4167099913671826,1.4041090757844001,0.012600915582782424,0.008894491928176514,0.9920188695830906,0.0003451017842009535,0.0003482693226602814,5.927532662990893e-06,0.0,5.691856847065031e-09,0.0008707436524316547
1088,262144,exact,612,1.4041090757844001,1.3916043500211701,0.012504725763230029,0.00890580794532954,0.9920224266280546,0.0003482693226602814,0.00035146385866989495,5.9787657393639715e-06,0.0,5.885655030349584e-09,0.0008651994104224675
1088,262144,exact,613,1.3916043500211701,1.3791952014052153,0.012409148615954768,0.008917152792577855,0.9920261790090347,0.00035146385866989495,0.0003546854980409405,6.0302342805826665e-06,0.0,6.085015709410627e-09,0.0008596834457070142
1088,262144,exact,614,1.3791952014052153,1.366881020390133,0.012314181015082415,0.008928526580237454,0.9920301292429626,0.0003546854980409405,0.0003579343424000944,6.081931972053341e-06,0.0,6.290034117748065e-09,0.00085419564997998
1088,262144,exact,615,1.366881020390133,1.3546612005434173,0.012219819846715607,0.008939929419188107,0.9920342798523245,0.0003579343424000944,0.000361210489011785,6.133852217508737e-06,0.0,6.50080301671822e-09,0.0008487359152130504
1088,262144,exact,616,1.3546612005434173,1.3425351385345135,0.01212606200890387,0.008951361420877445,0.9920386333643828,0.000361210489011785,0.00036451403059797763,6.1859881341737985e-06,0.0,6.717412327772454e-09,0.0008433041336545456
1088,262144,exact,617,1.3425351385345135,1.330502234122904,0.012032904411609424,0.008962822697321965,0.9920431923103741,0.00036451403059797763,0.00036784505515325664,6.2383325452302446e-06,0.0,6.939948312691905e-09,0.0008379001978286402
1088,262144,exact,618,1.330502234122904,1.318561890146215,0.011940343976688972,0.008974313361119838,0.9920479592246542,0.00036784505515325664,0.00037120364575735353,6.2908779754349705e-06,0.0,7.1684937500413916e-09,0.0008325240005366624
1088,262144,exact,619,1.318561890146215,1.3067135125083835,0.01184837763783153,0.008985833525431003,0.9920529366438683,0.00037120364575735353,0.0003745898803822094,6.3436166425595726e-06,0.0,7.4031268429441445e-09,0.0008271754348524686
1088,262144,exact,620,1.3067135125083835,1.2949565101678053,0.011757002340578193,0.00899738330401842,0.992058127106078,0.0003745898803822094,0.0003780038316942567,6.39654045099709e-06,0.0,7.643921604786729e-09,0.0008218543941288628
1088,262144,exact,621,1.2949565101678053,1.2832902951255638,0.011666215042241523,0.009008962811214232,0.9920635331498613,0.0003780038316942567,0.0003814455668555974,6.449640987263291e-06,0.0,7.890946455719333e-09,0.0008165607719904856
1088,262144,exact,622,1.2832902951255638,1.2717142824136574,0.011576012711906447,0.009020572161947028,0.9920691573134115,0.0003814455668555974,0.00038491514731826707,6.502909511428899e-06,0.0,8.144264530948655e-09,0.0008112944623376633
1088,262144,exact,623,1.2717142824136574,1.2602278900832704,0.011486392330386952,0.009032211471735843,0.992075002133628,0.00038491514731826707,0.0003884126286161132,6.556336951830837e-06,0.0,8.403932753148734e-09,0.0008060553593442546
1088,262144,exact,624,1.2602278900832704,1.2488305391930623,0.011397350890208102,0.009043880856703636,0.9920810701451189,0.0003884126286161132,0.0003919380601522671,6.609913898183204e-06,0.0,8.67000126829635e-09,0.0008008433574591717
1088,262144,exact,625,1.2488305391930623,1.2375216537975147,0.011308885395547641,0.009055580433559009,0.9920873638793104,0.0003919380601522671,0.00039549148498212427,6.663630594845109e-06,0.0,8.942513154129063e-09,0.0007956583514019027
1088,262144,exact,626,1.2375216537975147,1.226300660935265,0.011220992862249757,0.009067310319634822,0.9920938858633928,0.00039549148498212427,0.000399072939593964,6.717476935821916e-06,0.0,9.221503657246347e-09,0.0007905002361683963
1088,262144,exact,627,1.226300660935265,1.2151669906175144,0.011133670317750477,0.009079070632856987,0.9921006386193826,0.000399072939593964,0.00040268245368427967,6.771442456762207e-06,0.0,9.506999368465423e-09,0.0007853689070245727
1088,262144,exact,628,1.2151669906175144,1.204120075816438,0.011046914801076335,0.009090861491771265,0.992107624663072,0.00040268245368427967,0.0004063200499300962,6.825516330158874e-06,0.0,9.799018270905627e-09,0.0007802642595097373
1088,262144,exact,629,1.204120075816438,1.1931593524536348,0.010960723362803293,0.009102683015538559,0.9921148465030171,0.0004063200499300962,0.00040998574375625095,6.879687357193628e-06,0.0,1.0097568438295276e-08,0.0007751861894351325
1088,262144,exact,630,1.1931593524536348,1.1822842593886063,0.01087509306502854,0.009114535323940427,0.9921223066394912,0.00040998574375625095,0.0004136795431024601,6.933943965127469e-06,0.0,1.0402647426408992e-08,0.0007701345928833992
1088,262144,exact,631,1.1822842593886063,1.1714942384072664,0.010790020981339854,0.009126418537382617,0.9921300075634075,0.0004136795431024601,0.000417401448181673,6.98827419687382e-06,0.0,1.071424227154982e-08,0.0007651093662083794
1088,262144,exact,632,1.1714942384072664,1.1607887342104792,0.010705504196787174,0.009138332776900468,0.9921379517552807,0.000417401448181673,0.00042115145124032465,7.04266570928442e-06,0.0,1.103232761276527e-08,0.0007601104060349867
1088,262144,exact,633,1.1607887342104792,1.1501671944026284,0.010621539807850855,0.009150278164161535,0.9921461416841002,0.00042115145124032465,0.0004249295363116445,7.097105765090242e-06,0.0,1.1356866193290831e-08,0.000755137609258514
1088,262144,exact,634,1.1501671944026284,1.1396290694802156,0.010538124922412795,0.0091622548214706,0.9921545798062678,0.0004249295363116445,0.0004287356789660308,7.151581226787199e-06,0.0,1.1687807308189292e-08,0.0007501908730444058
1088,262144,exact,635,1.1396290694802156,1.12917381282049,0.010455256659725576,0.009174262871773019,0.9921632685644624,0.0004287356789660308,0.0004325698460610994,7.206078554246265e-06,0.0,1.2025086288053669e-08,0.0007452700948279448
1088,262144,exact,636,1.12917381282049,1.1188008806701053,0.010372932150384706,0.009186302438660733,0.9921722103865213,0.0004325698460610994,0.00043643199548507717,7.260583795887638e-06,0.0,1.2368623808695686e-08,0.0007403751723139756
1088,262144,exact,637,1.1188008806701053,1.1085097321338089,0.010291148536296424,0.009198373646374451,0.9921814076843222,0.00043643199548507717,0.0004403220759001941,7.315082586403209e-06,0.0,1.2718325070675777e-08,0.0007355060034763367
1088,262144,exact,638,1.1085097321338089,1.0982998291631607,0.010209902970648166,0.009210476619808082,0.9921908628526249,0.0004403220759001941,0.0004442400264827112,7.369560140998363e-06,0.0,1.3074078759770045e-08,0.000730662486557524
1088,262144,exact,639,1.0982998291631607,1.088170636545279,0.0101291926178817,0.00922261148451561,0.9922005782679352,0.0004442400264827112,0.0004481857766596897,7.4240012505131585e-06,0.0,1.343575673233479e-08,0.0007258445200687474
1088,262144,exact,640,1.088170636545279,1.0781216218916199,0.01004901465365915,0.009234778366711615,0.9922105562873256,0.0004481857766596897,0.00045215924584413416,7.478390277204697e-06,0.0,1.3803212648344412e-08,0.0007210520027888334
1088,262144,exact,641,1.0781216218916199,1.068152255626783,0.009969366264836799,0.009246977393278722,0.9922207992473026,0.00045215924584413416,0.00045616034316856637,7.532711151963767e-06,0.0,1.4176281921734948e-08,0.0007162848337646309
1088,262144,exact,642,1.068152255626783,1.0582620109773506,0.009890244649432445,0.009259208691769254,0.9922313094626105,0.00045616034316856637,0.0004601889672164026,7.58694736922593e-06,0.0,1.4554779883711386e-08,0.000711542912310003
1088,262144,exact,643,1.0582620109773506,1.0484503639607456,0.009811647016604974,0.009271472390418225,0.9922420892250619,0.0004601889672164026,0.00046424500575247154,7.64108198517786e-06,0.0,1.4938501833163063e-08,0.00070682613800686
1088,262144,exact,644,1.0484503639607456,1.0387167933741455,0.009733570586600182,0.009283768618124692,0.9922531408023715,0.00046424500575247154,0.00046832833545070574,7.695097612984622e-06,0.0,1.5327221983794936e-08,0.0007021344107011855
1088,262144,exact,645,1.0387167933741455,1.0290607807833838,0.009656012590761653,0.009296097504494241,0.9922644664369518,0.00046832833545070574,0.0004724388216219705,7.748976421404203e-06,0.0,1.572069273402584e-08,0.0006974676305086966
1088,262144,exact,646,1.0290607807833838,1.0194818105119232,0.009578970271460596,0.0093084591798052,0.9922760683447526,0.0004724388216219705,0.00047657631794275214,7.802700133667466e-06,0.0,1.6118643392075156e-08,0.0006928256978083733
1088,262144,exact,647,1.0194818105119232,1.0099793696298376,0.009502440882085628,0.009320853775031127,0.9922879487140649,0.00047657631794275214,0.00048074066618065763,7.856250024079764e-06,0.0,1.6520780537652643e-08,0.0006882085132450718
1088,262144,exact,648,1.0099793696298376,1.0005529479428126,0.00942642168702501,0.009333281421857003,0.9923001097043289,0.00048074066618065763,0.0004849316959215039,7.90960691731182e-06,0.0,1.692678620667876e-08,0.0006836159777306415
1088,262144,exact,649,1.0005529479428126,0.9912020379812045,0.009350909961608034,0.009345742252655371,0.9923125534449676,0.0004849316959215039,0.0004891492242980034,7.962751189373933e-06,0.0,1.733631763665977e-08,0.0006790479924396353
1088,262144,exact,650,0.9912020379812045,0.9819261349891012,0.009275902992103346,0.009358236400518014,0.9923252820341905,0.0004891492242980034,0.0004933930557164056,8.01566276515134e-06,0.0,1.774900706735718e-08,0.0006745044588126167
1088,262144,exact,651,0.9819261349891012,0.9727247369134332,0.009201398075668,0.009370763999239239,0.9923382975378371,0.0004933930557164056,0.0004976629815869445,8.06832112085112e-06,0.0,1.816446051580191e-08,0.0006699852785528954
1088,262144,exact,652,0.9727247369134332,0.9635973443930932,0.009127392520340005,0.00938332518334248,0.9923516019881755,0.0004976629815869445,0.0005019587800549641,8.120705284495958e-06,0.0,1.8582257548123947e-08,0.0006654903536293251
1088,262144,exact,653,0.9635973443930932,0.9545434607481079,0.009053883644985272,0.009395920088060974,0.9923651973827625,0.0005019587800549641,0.0005062802157348289,8.172793838283307e-06,0.0,1.900195070953306e-08,0.0006610195862722654
1088,262144,exact,654,0.9545434607481079,0.9455625919688159,0.00898086877929205,0.009408548849366628,0.9923790856832625,0.0005062802157348289,0.0005106270394447043,8.224564919707663e-06,0.0,1.942306545774878e-08,0.0006565728789768753
1088,262144,exact,655,0.9455625919688159,0.9366542467050945,0.008908345263721418,0.009421211603953988,0.9923932688143123,0.0005106270394447043,0.0005149989879477416,8.275996227611843e-06,0.0,1.9845099375110677e-08,0.0006521501344998174
1088,262144,exact,656,0.9366542467050945,0.9278179362555997,0.008836310449494733,0.009433908489262255,0.99240774866236,0.0005149989879477416,0.0005193957836935173,8.327065023208709e-06,0.0,2.026752230366996e-08,0.0006477512558610271
1088,262144,exact,657,0.9278179362555997,0.9190531745570513,0.008764761698548451,0.009446639643463298,0.9924225270745486,0.0005193957836935173,0.0005238171345657374,8.377748137249674e-06,0.0,2.068977649827882e-08,0.0006433761463413208
1088,262144,exact,658,0.9190531745570513,0.9103594781735275,0.008693696383523797,0.009459405205486427,0.9924376058575807,0.0005238171345657374,0.0005282627336356902,8.428021975613403e-06,0.0,2.1111275521788417e-08,0.0006390247094845295
1088,262144,exact,659,0.9103594781735275,0.901736366285808,0.00862311188771947,0.009472205315003908,0.9924529867766093,0.0005282627336356902,0.0005327322589184325,8.477862524886329e-06,0.0,2.1531405970990312e-08,0.0006346968490947156
1088,262144,exact,660,0.901736366285808,0.8931833606807297,0.008553005605078323,0.009485040112452804,0.9924686715541471,0.0005327322589184325,0.0005372253731377838,8.527245361359045e-06,0.0,2.1949526391980625e-08,0.0006303924692377595
1088,262144,exact,661,0.8931833606807297,0.8846999857405872,0.008483374940142507,0.009497909739022677,0.9924846618689812,0.0005372253731377838,0.0005417417234968823,8.576145659316762e-06,0.0,2.236496852514938e-08,0.0006261114742389423
1088,262144,exact,662,0.8846999857405872,0.876285768432543,0.008414217308044147,0.009510814336682237,0.9925009593550972,0.0005417417234968823,0.0005462809414564417,8.624538200688154e-06,0.0,2.2777037585988875e-08,0.0006218537686854177
1088,262144,exact,663,0.876285768432543,0.8679402382980875,0.008345530134455492,0.009523754048161215,0.9925175656006411,0.0005462809414564417,0.0005508426425221364,8.672397386445106e-06,0.0,2.318501268251151e-08,0.00061761925742253
1088,262144,exact,664,0.8679402382980875,0.8596629274425102,0.008277310855577369,0.009536729016974771,0.9925344821468681,0.0005508426425221364,0.000555426426039802,8.719697248314507e-06,0.0,2.358814863356526e-08,0.0006134078455563595
1088,262144,exact,665,0.8596629274425102,0.8514533705244063,0.008209556918103877,0.009549739387421577,0.9925517104871402,0.000555426426039802,0.0005600318750011969,8.766411461908005e-06,0.0,2.398567627555446e-08,0.0006092194384520515
1088,262144,exact,666,0.8514533705244063,0.8433111047452201,0.008142265779186197,0.009562785304580346,0.9925692520659277,0.0005600318750011969,0.0005646585558607548,8.812513362063105e-06,0.0,2.4376804325532825e-08,0.0006050539417325489
1088,262144,exact,667,0.8433111047452201,0.835235669838799,0.008075434906421042,0.00957586691433499,0.9925871082778197,0.0005646585558607548,0.0005693060183633455,8.857975957773202e-06,0.0,2.476072058401734e-08,0.0006009112612807829
1088,262144,exact,668,0.835235669838799,0.8272266080609948,0.00800906177780425,0.00958898436335939,0.9926052804665847,0.0005693060183633455,0.0005739737953843178,8.902771949727003e-06,0.0,2.5136594272311304e-08,0.0005967913032365285
1088,262144,exact,669,0.8272266080609948,0.8192834641792781,0.007943143881716686,0.009602137799139803,0.992623769924217,0.0005739737953843178,0.0005786614027835045,8.946873748955456e-06,0.0,2.5503577543665307e-08,0.0005926939739982763
1088,262144,exact,670,0.8192834641792781,0.8114057854623964,0.00787767871688172,0.00961532736996374,0.9926425778900455,0.0005786614027835045,0.0005833683392728041,8.9902534967967e-06,0.0,2.586080848055415e-08,0.0005886191802208337
1088,262144,exact,671,0.8114057854623964,0.8035931216700426,0.007812663792353791,0.00962855322494599,0.9926617055498231,0.0005833683392728041,0.0005880940862992824,9.032883086142424e-06,0.0,2.620741316962296e-08,0.0005845668288174802
1088,262144,exact,672,0.8035931216700426,0.7958450250425725,0.0077480966274701135,0.009641815514010213,0.9926811540348788,0.0005880940862992824,0.0005928381079441802,9.074734184527547e-06,0.0,2.6542509006552244e-08,0.0005805368269565916
1088,262144,exact,673,0.7958450250425725,0.7881610502907296,0.007683974751842904,0.00965511438791976,0.9927009244212632,0.0005928381079441802,0.0005975998508390644,9.115778258644792e-06,0.0,2.6865207920691997e-08,0.000576529082064486
1088,262144,exact,674,0.7881610502907296,0.7805407545854172,0.007620295705312419,0.009668449998260525,0.9927210177289475,0.0005975998508390644,0.0006023787441002986,9.155986600558076e-06,0.0,2.717461988267257e-08,0.0005725435018221403
1088,262144,exact,675,0.7805407545854172,0.7729836975474834,0.007557057037933745,0.009681822497465443,0.9927414349210126,0.0006023787441002986,0.0006071741992821349,9.195330355007358e-06,0.0,2.746985692039794e-08,0.0005685799941672305
1088,262144,exact,676,0.7729836975474834,0.7654894412375493,0.007494256309934166,0.00969523203880222,0.9927621769029109,0.0006071741992821349,0.0006119856103504735,9.233780549236144e-06,0.0,2.775003737670763e-08,0.0005646384672915365
1088,262144,exact,677,0.7654894412375493,0.7580575501458477,0.0074318910917015035,0.00970867877640028,0.9927832445217097,0.0006119856103504735,0.000616812353677512,9.271308123577007e-06,0.0,2.8014290406972592e-08,0.000560718829643117
1088,262144,exact,678,0.7580575501458477,0.7506875911821085,0.007369958963739265,0.009722162865235376,0.9928046385653855,0.000616812353677512,0.0006216537880583949,9.307883964314594e-06,0.0,2.8261761386661963e-08,0.0005568209899234778
1088,262144,exact,679,0.7506875911821085,0.7433791336654563,0.0073084575166522114,0.009735684461153242,0.99282635976215,0.0006216537880583949,0.000626509254751728,9.343478938062398e-06,0.0,2.8491616701673515e-08,0.0005529448570891925
1088,262144,exact,680,0.7433791336654563,0.7361317493143498,0.007247384351106501,0.009749243720860275,0.9928484087797882,0.000626509254751728,0.0006313780775439354,9.378063927910282e-06,0.0,2.870305003898309e-08,0.0005490903403498643
1088,262144,exact,681,0.7361317493143498,0.7289450122365394,0.007186737077810368,0.009762840801941041,0.9928707862250278,0.0006313780775439354,0.0006362595628386044,9.411609870528623e-06,0.0,2.889528821791755e-08,0.0005452573491690618
1088,262144,exact,682,0.7289450122365394,0.7218184989190539,0.007126513317485483,0.009776475862863798,0.9928934926429555,0.0006362595628386044,0.0006411529997732882,9.444087796759388e-06,0.0,2.906759777310513e-08,0.0005414457932638997
1088,262144,exact,683,0.7218184989190539,0.7147517882182227,0.0070667107008312025,0.009790149062976115,0.9929165285164332,0.0006411529997732882,0.0006460576603627946,9.475468871790623e-06,0.0,2.9219291786900664e-08,0.0005376555826034412
1088,262144,exact,684,0.7147517882182227,0.7077444613497152,0.0070073268685074686,0.009803860562525859,0.9929398942655622,0.0006460576603627946,0.00065097279967096,9.505724438118397e-06,0.0,2.934973724819101e-08,0.0005338866274100959
1088,262144,exact,685,0.7077444613497152,0.700796101878621,0.00694835947109429,0.009817610522650098,0.9929635902471776,0.00065097279967096,0.0006558976560121553,9.534826060184644e-06,0.0,2.9458362562446647e-08,0.0005301388381572363
1088,262144,exact,686,0.700796101878621,0.693906295709542,0.006889806169078971,0.009831399105402412,0.9929876167543517,0.0006558976560121553,0.0006608314511832062,9.562745570312324e-06,0.0,2.9544665381829767e-08,0.0005264121255712554
1088,262144,exact,687,0.693906295709542,0.6870746310767284,0.006831664632813594,0.009845226473738781,0.9930119740159536,0.0006608314511832062,0.0006657733907256306,9.589455115702443e-06,0.0,2.960822133475649e-08,0.0005227064006288812
1088,262144,exact,688,0.6870746310767284,0.680300698534229,0.006773932542499361,0.00985909279154114,0.9930366621962123,0.0006657733907256306,0.0006707226642212263,9.614927208046385e-06,0.0,2.964869205495605e-08,0.0005190215745587927
1088,262144,exact,689,0.680300698534229,0.6735840909460828,0.006716607588146184,0.009872998223605736,0.9930616813943385,0.0006707226642212263,0.0006756784456194798,9.639134773109663e-06,0.0,2.966583445118253e-08,0.0005153575588391242
1088,262144,exact,690,0.6735840909460828,0.666924403476522,0.006659687469560804,0.009886942935672572,0.9930870316441288,0.0006756784456194798,0.0006806398935998995,9.662051203391541e-06,0.0,2.965950966012272e-08,0.0005117142651997905
1088,262144,exact,691,0.666924403476522,0.6603212335802207,0.006603169896301386,0.009900927094406195,0.9931127129136623,0.0006806398935998995,0.0006856061519668729,9.683650409395474e-06,0.0,2.9629692785350555e-08,0.000508091605619283
1088,262144,exact,692,0.6603212335802207,0.6537741809925536,0.006547052587667079,0.009914950867427611,0.993138725104963,0.0006856061519668729,0.0006905763500824906,9.703906875761627e-06,0.0,2.9576481770762948e-08,0.0005044894923269133
1088,262144,exact,693,0.6537741809925536,0.6472828477198982,0.006491333272655386,0.009929014423298741,0.9931650680537435,0.0006905763500824906,0.0006955496033312895,9.7227957133934e-06,0.0,2.9500108086476413e-08,0.000500907837800251
1088,262144,exact,694,0.6472828477198982,0.6408468380299511,0.006436009689947064,0.009943117931547832,0.9931917415291409,0.0006955496033312895,0.0007005250136246256,9.74029271804478e-06,0.0,2.9400945925680405e-08,0.000497346554766666
1088,262144,exact,695,0.6408468380299511,0.634465758442085,0.006381079587866156,0.009957261562657386,0.9932187452335144,0.0007005250136246256,0.0007055016699392815,9.756374424800217e-06,0.0,2.927952245988883e-08,0.0004938055562009576
1088,262144,exact,696,0.634465758442085,0.6281392177177179,0.0063265407243671135,0.009971445488093445,0.9932460788022411,0.0007055016699392815,0.0007104786488935902,9.771018165879266e-06,0.0,2.9136527913455057e-08,0.0004902847553274579
1088,262144,exact,697,0.6281392177177179,0.6218668268507243,0.006272390866993605,0.00998566988029138,0.9932737418035751,0.0007104786488935902,0.0007154550153607945,9.784202128330734e-06,0.0,2.8972825621064943e-08,0.00048678406561728063
1088,262144,exact,698,0.6218668268507243,0.6156481990578668,0.006218627792857423,0.009999934912672502,0.9933017337385193,0.0007154550153607945,0.0007204298231193652,9.795905411617008e-06,0.0,2.878946204793332e-08,0.0004833034007892303
1088,262144,exact,699,0.6156481990578668,0.6094829497692512,0.006165249288615615,0.01001424075965846,0.9933300540407368,0.0007204298231193652,0.0007254021155402902,9.806108085419408e-06,0.0,2.8587676846646495e-08,0.00047984267480996563
1088,262144,exact,700,0.6094829497692512,0.6033706966188208,0.006112253150430402,0.010028587596657932,0.9933587020765016,0.0007254021155402902,0.0007303709263108704,9.814791247136182e-06,0.0,2.8368912916932124e-08,0.00047640180189168385
1088,262144,exact,701,0.6033706966188208,0.5973110594348633,0.0060596371839575225,0.010042975600098949,0.993387677144677,0.0007303709263108704,0.0007353352801967677,9.821937080952924e-06,0.0,2.8134826146782033e-08,0.0004729806964942731
1088,262144,exact,702,0.5973110594348633,0.5913036602305585,0.00600739920430482,0.01005740494741321,0.9934169784767503,0.0007353352801967677,0.0007402941938387072,9.827528913514975e-06,0.0,2.7887295235323913e-08,0.0004695792733226768
1088,262144,exact,703,0.5913036602305585,0.5853481231945421,0.005955537036016367,0.010071875817061933,0.9934466052368869,0.0007402941938387072,0.0007452466765855218,9.831551271653687e-06,0.0,2.7628431773407854e-08,0.0004661974473283407
1088,262144,exact,704,0.5853481231945421,0.5794440746815079,0.005904048513034166,0.010086388388524718,0.9934765565220599,0.0007452466765855218,0.0007501917313633907,9.833989939143629e-06,0.0,2.7360589446422806e-08,0.0004628351337071574
1088,262144,exact,705,0.5794440746815079,0.5735911432028235,0.005852931478684487,0.01010094284232962,0.9935068313621974,0.0007501917313633907,0.0007551283555780945,9.834832011468843e-06,0.0,2.7086374337469826e-08,0.0004594922479011444
1088,262144,exact,706,0.5735911432028235,0.5677889594171869,0.005802183785636572,0.010115539360036637,0.9935374287204143,0.0007551283555780945,0.0007600555420517247,9.834065951513086e-06,0.0,2.6808654723020284e-08,0.00045616870559591553
1088,262144,exact,707,0.5677889594171869,0.5620371561212988,0.005751803295888092,0.010130178124266616,0.9935683474932852,0.0007600555420517247,0.0007649722799923488,9.831681643860388e-06,0.0,2.6530570956828127e-08,0.00045286442272231655
1088,262144,exact,708,0.5620371561212988,0.5563353682405726,0.005701787880726172,0.0101448593186882,0.993599586511197,0.0007649722799923488,0.0007698775559945676,9.827670448387177e-06,0.0,2.6255546744873536e-08,0.0004495793154540755
1088,262144,exact,709,0.5563353682405726,0.550683232819859,0.005652135420713633,0.010159583128048611,0.993631144538763,0.0007698775559945676,0.0007747703550708713,9.822025253290316e-06,0.0,2.5987300006791864e-08,0.00044631330020967206
1088,262144,exact,710,0.550683232819859,0.5450803890142111,0.005602843805647906,0.010174349738156497,0.9936630202753409,0.0007747703550708713,0.0007796496617124033,9.814740528284733e-06,0.0,2.572985540176976e-08,0.0004430662936496777
1088,262144,exact,711,0.5450803890142111,0.5395264780796633,0.005553910934547823,0.010189159335914072,0.9936952123556216,0.0007796496617124033,0.0007845144609774733,9.80581237727974e-06,0.0,2.5487558101599042e-08,0.0004398382126785896
1088,262144,exact,712,0.5395264780796633,0.5340211433640484,0.0055053347156148735,0.010204012109303722,0.9937277193503474,0.0007845144609774733,0.0007893637396072374,9.795238591665458e-06,0.0,2.526508893969156e-08,0.0004366289744425725
1088,262144,exact,713,0.5340211433640484,0.5285640302978319,0.005457113066216435,0.010218908247414199,0.9937605397671239,0.0007893637396072374,0.000794196487165456,9.783018703362202e-06,0.0,2.5067482589788588e-08,0.00043343849633070496
1088,262144,exact,714,0.5285640302978319,0.5231547863849831,0.005409243912848805,0.010233847940429919,0.9937936720513986,0.000794196487165456,0.0007990116972036509,9.769154041152668e-06,0.0,2.490014798170459e-08,0.0004302666959730325
1088,262144,exact,715,0.5231547863849831,0.5177930611938628,0.005361725191120326,0.010248831379657299,0.9938271145875531,0.0007990116972036509,0.0008038083684486261,9.753647787833082e-06,0.0,2.4768892815029905e-08,0.000427113491241727
1088,262144,exact,716,0.5177930611938628,0.5124785063481426,0.0053145548457201874,0.01026385875752477,0.9938608657001928,0.0008038083684486261,0.0008085855060112595,9.736505040211604e-06,0.0,2.4679952363238292e-08,0.0004239788002501361
1088,262144,exact,717,0.5124785063481426,0.5072107755177557,0.005267730830386896,0.01027893026758153,0.9938949236556192,0.0008085855060112595,0.0008133421226162588,9.717732874489967e-06,0.0,2.4640024332087812e-08,0.00042086254135147974
1088,262144,exact,718,0.5072107755177557,0.5019895244098622,0.00522125110789351,0.010294046104528652,0.9939292866635047,0.0008133421226162588,0.000818077239851185,9.69734041567442e-06,0.0,2.4656309848317647e-08,0.0004177646331405451
1088,262144,exact,719,0.5019895244098622,0.49681441075985355,0.005175113650008667,0.010309206464203649,0.9939639528788319,0.000818077239851185,0.0008227898894354276,9.675338915369171e-06,0.0,2.4736562629626077e-08,0.00041468499445127417
1088,262144,exact,720,0.49681441075985355,0.49168509432237567,0.005129316437477882,0.010324411543604061,0.9939989204040761,0.0008227898894354276,0.0008274791145069372,9.651741836791023e-06,0.0,2.4889148058076377e-08,0.0004116235443576832
1088,262144,exact,721,0.49168509432237567,0.4866012368623818,0.005083857459993846,0.010339661540889809,0.9940341872917027,0.0008274791145069372,0.000832143970928555,9.626564951505488e-06,0.0,2.5123112711608435e-08,0.00040858020217297326
1088,262144,exact,722,0.4866012368623818,0.4815625021462093,0.005038734716172499,0.010354956655396931,0.9940697515469874,0.000832143970928555,0.0008367835286125692,9.599826447768276e-06,0.0,2.5448267471279463e-08,0.0004055548874496743
1088,262144,exact,723,0.4815625021462093,0.47656855593268876,0.0049939462135205615,0.010370297087633968,0.9941056111312242,0.0008367835286125692,0.0008413968728659861,9.571547055248928e-06,0.0,2.587528520321767e-08,0.0004025475199781707
1088,262144,exact,724,0.47656855593268876,0.4716190659642698,0.004949489968418985,0.01038568303931084,0.994141763965319,0.0008413968728659861,0.0008459831057566467,9.541750186466515e-06,0.0,2.64158157144102e-08,0.0003995580197880834
1088,262144,exact,725,0.4716190659642698,0.46671370195818357,0.00490536400608621,0.010401114713326378,0.9941782079338625,0.0008459831057566467,0.0008505413475023354,9.510462099174064e-06,0.0,2.708262030490325e-08,0.00039658630714615875
1088,262144,exact,726,0.46671370195818357,0.461852135597623,0.004861566360560565,0.0104165923137953,0.99421494088968,0.0008505413475023354,0.0008550707378861337,9.477712082959134e-06,0.0,2.7889728088613397e-08,0.0003936323025572744
1088,262144,exact,727,0.461852135597623,0.45703404052295754,0.004818095074665463,0.01043211604603926,0.9942519606589552,0.0008550707378861337,0.000859570437699971,9.443532671924887e-06,0.0,2.8852617341753456e-08,0.00039069592676287666
1088,262144,exact,728,0.45703404052295754,0.452259092322964,0.004774948199993523,0.01044768611661798,0.9942892650469247,0.000859570437699971,0.0008640396302223208,9.407959889297843e-06,0.0,2.998842374467639e-08,0.00038777710074209393
1088,262144,exact,729,0.452259092322964,0.44752696852609564,0.004732123796868382,0.01046330273331268,0.9943268518442652,0.0008640396302223208,0.0008684775227324107,9.37103352437656e-06,0.0,3.1316179609024684e-08,0.00038487574570960666
1088,262144,exact,730,0.44752696852609564,0.44283734859176493,0.004689619934330702,0.010478966105161653,0.9943647188341553,0.0008684775227324107,0.0008728833480687935,9.332797448695206e-06,0.0,3.285708549910591e-08,0.0003819917831171632
1088,262144,exact,731,0.44283734859176493,0.4381899139016626,0.0046474346901023145,0.01049467644244842,0.9944028638001496,0.0008728833480687935,0.0008772563662377181,9.293299972889397e-06,0.0,3.463481824234581e-08,0.0003791251346517009
1088,262144,exact,732,0.4381899139016626,0.43358434775109905,0.004605566150563567,0.010510433956718445,0.9944412845348681,0.0008772563662377181,0.0008815958660791019,9.252594248596549e-06,0.0,3.667587732179931e-08,0.0003762757222355129
1088,262144,exact,733,0.43358434775109905,0.42902033534036743,0.0045640124107316216,0.010526238860798573,0.9944799788495843,0.0008815958660791019,0.000885901166998528,9.210738718701534e-06,0.0,3.900997239971414e-08,0.0003734434680266296
1088,262144,exact,734,0.42902033534036743,0.42449756376614156,0.00452277157422587,0.010542091368787183,0.9945189445847955,0.000885901166998528,0.0008901716207740812,9.16779761839805e-06,0.0,4.1670454131552404e-08,0.00037062829441702875
1088,262144,exact,735,0.42449756376614156,0.4200157220128909,0.0044818417532506705,0.010557991696083669,0.994558179621815,0.0008901716207740812,0.0008944066134496375,9.123841530920505e-06,0.0,4.4694789353805046e-08,0.00036783012403376214
1088,262144,exact,736,0.4200157220128909,0.41557450094433024,0.004441221068560652,0.010573940059377932,0.9945976818954682,0.0008944066134496375,0.0008986055673237964,9.078947997348463e-06,0.0,4.812508253753192e-08,0.0003650488797371056
1088,262144,exact,737,0.41557450094433024,0.4111735932948853,0.004400907649444952,0.010589936676683854,0.9946374494079357,0.0008986055673237964,0.000902767943047394,9.033202183319965e-06,0.0,5.20086426378805e-08,0.0003622844846218936
1088,262144,exact,738,0.4111735932948853,0.4068126936611938,0.004360899633691462,0.010605981767325981,0.9946774802438586,0.000902767943047394,0.0009068932418422029,8.986697601880333e-06,0.0,5.6398594990578546e-08,0.0003595368620155021
1088,262144,exact,739,0.4068126936611938,0.4024914984936259,0.004321195167567904,0.010622075551965763,0.9947177725866945,0.0009068932418422029,0.0009109810078530558,8.939536889458452e-06,0.0,6.135453560517697e-08,0.0003568059354787107
1088,262144,exact,740,0.4024914984936259,0.3982097060878335,0.004281792405792406,0.010638218252602956,0.994758324736445,0.0009109810078530558,0.000915030830646925,8.89183263240374e-06,0.0,6.694322410272756e-08,0.0003540916288046332
1088,262144,exact,741,0.3982097060878335,0.3939670165763223,0.0042426895115111884,0.010654410092594213,0.9947991351287719,0.000915030830646925,0.0009190423478732028,8.843708238411263e-06,0.0,7.323930893124355e-08,0.00035139386601904486
1088,262144,exact,742,0.3939670165763223,0.3897631319200557,0.004203884656266643,0.010670651296647913,0.9948402023555641,0.0009190423478732028,0.0009230152480969586,8.795298842601911e-06,0.0,8.032607715319304e-08,0.00034871257137886267
1088,262144,exact,743,0.3897631319200557,0.38559775590007506,0.004165376019980627,0.01068694209085683,0.9948815251869801,0.0009230152480969586,0.0009269492738198313,8.746752239633435e-06,0.0,8.829621734316503e-08,0.00034604766937341796
1088,262144,exact,744,0.38559775590007506,0.3814705941091551,0.004127161790919931,0.010703282702686308,0.9949231025950226,0.0009269492738198313,0.0009308442246992002,8.698229823995135e-06,0.0,9.725258182460578e-08,0.0003433990847224873
1088,262144,exact,745,0.3814705941091551,0.37738135394347727,0.004089240165677854,0.010719673361002885,0.9949649337786314,0.0009308442246992002,0.0009346999609781255,8.649907522522591e-06,0.0,1.0730893045831323e-07,0.00034076674237724203
1088,262144,exact,746,0.37738135394347727,0.3733297445943342,0.004051609349143059,0.010736114296070636,0.9950070181903371,0.0009346999609781255,0.0009385164071345006,8.60197669381423e-06,0.0,1.1859063478274201e-07,0.0003381505675188752
1088,262144,exact,747,0.3733297445943342,0.3693154770398562,0.004014267554478035,0.010752605739572128,0.9950493555644375,0.0009385164071345006,0.0009422935557572928,8.554644968426317e-06,0.0,1.3123531696968872e-07,0.0003355504855589431
1088,262144,exact,748,0.3693154770398562,0.36533826403676367,0.003977213003092506,0.010769147924616461,0.9950919459467131,0.0009422935557572928,0.0009460314716560489,8.50813699733927e-06,0.0,1.4539339286256253e-07,0.000332966422138803
1088,262144,exact,749,0.36533826403676367,0.3613978201121492,0.003940443924614456,0.010785741085740564,0.9951347897256104,0.0009460314716560489,0.0009497302962041862,8.462695069461129e-06,0.0,1.6122848552708926e-07,0.00033039830312869996
1088,262144,exact,750,0.3613978201121492,0.3574938615552746,0.0039039585568746427,0.01080238545894705,0.9951778876648536,0.0009497302962041862,0.0009533902519159461,8.418579557329196e-06,0.0,1.78917669180754e-07,0.0003278460546290273
1088,262144,exact,751,0.3574938615552746,0.3536261064094067,0.003867755145867846,0.010819081281679088,0.9952212409374264,0.0009533902519159461,0.0009570116472514609,8.376069142741334e-06,0.0,1.9865150071391932e-07,0.0003253096029677342
1088,262144,exact,752,0.3536261064094067,0.3497942744636688,0.00383183194573794,0.010835828792859764,0.9952648511607869,0.0009570116472514609,0.0009605948816394886,8.335460770057421e-06,0.0,2.2063379143360921e-07,0.00032278887470174497
1088,262144,exact,753,0.3497942744636688,0.3459980872449208,0.0037961872187479706,0.010852628232890816,0.9953087204332364,0.0009605948816394886,0.0009641404507030046,8.297069273634796e-06,0.0,2.4508106994574133e-07,0.0003202837966157514
1088,262144,exact,754,0.3459980872449208,0.34223726800966425,0.003760819235256563,0.010869479843668619,0.9953528513712767,0.0009641404507030046,0.0009676489516666397,8.261226621678708e-06,0.0,2.7222168466254325e-07,0.00031779429572220474
1088,262144,exact,755,0.34223726800966425,0.3385115417359731,0.0037257262736911656,0.010886383868591297,0.9953972471477883,0.0009676489516666397,0.0009711210889183713,8.228280721087492e-06,0.0,3.0229449713271937e-07,0.0003153202992606276
1088,262144,exact,756,0.3385115417359731,0.33482063511544585,0.0036909066205272345,0.010903340552583018,0.9954419115308426,0.0009711210889183713,0.0009745576796920825,8.198593730152547e-06,0.0,3.3554711888694137e-07,0.0003128617346980813
1088,262144,exact,757,0.33482063511544585,0.331164276545193,0.003656358570252871,0.010920350142075807,0.9954868489229274,0.0009745576796920825,0.0009779596598294025,8.172539831852306e-06,0.0,3.7223365276055354e-07,0.0003104185297269821
1088,262144,exact,758,0.331164276545193,0.3275421961198327,0.0036220804253602745,0.010937412885069988,0.995532064400305,0.0009779596598294025,0.0009813280895721976,8.150502430683939e-06,0.0,4.126119086715011e-07,0.00030799061226756945
1088,262144,exact,759,0.3275421961198327,0.3239541256235317,0.003588070496300999,0.010954529031087916,0.9955775637522881,0.0009813280895721976,0.0009846641593293079,8.132870750460687e-06,0.0,4.569400791284983e-07,0.00030557791046425837
1088,262144,exact,760,0.3239541256235317,0.3203997985220512,0.0035543271014805145,0.010971698831244431,0.995623353520051,0.0009846641593293079,0.000987969195353601,8.120035828076827e-06,0.0,5.054728769232023e-07,0.000303180352688529
1088,262144,exact,761,0.3203997985220512,0.3168789499548339,0.003520848567217294,0.010988922538211194,0.9956694410347136,0.000987969195353601,0.000991244665256541,8.112385920665456e-06,0.0,5.584571613600955e-07,0.0003007978675359183
1088,262144,exact,762,0.3168789499548339,0.3133913167271067,0.003487633227727216,0.0110062004062571,0.9957158344542979,0.000991244665256541,0.000994492183281147,8.110301370463238e-06,0.0,6.161271036040587e-07,0.0002984303838272038
1088,262144,exact,763,0.3133913167271067,0.3099366373020109,0.003454679425095808,0.01102353269125212,0.9957625427991985,0.000994492183281147,0.000997713515245471,8.11414899861633e-06,0.0,6.786989711069554e-07,0.000296077830607596
1088,262144,exact,764,0.3099366373020109,0.30651465179275755,0.0034219855092533225,0.011040919650679583,0.9958095759857549,0.000997713515245471,0.0010009105830636458,8.12427613119897e-06,0.0,7.463656394026894e-07,0.0002937401371463319
1088,262144,exact,765,0.30651465179275755,0.30312510195480735,0.003389549837950201,0.011058361543649675,0.9958569448575236,0.0010009105830636458,0.001004085468743773,8.141004386083673e-06,0.0,8.192909676356126e-07,0.0002914172329363982
1088,262144,exact,766,0.30312510195480735,0.29976773117807465,0.0033573707767327043,0.011075858630913555,0.9959046612137964,0.001004085468743773,0.0010072404177579274,8.164623377927134e-06,0.0,8.976041989629171e-07,0.000289109047694194
1088,262144,exact,767,0.29976773117807465,0.2964422844791572,0.0033254466989174336,0.01109341117487385,0.9959527378349516,0.0010072404177579274,0.0010103778416760735,8.195384517198996e-06,0.0,9.81394565153712e-07,0.00028681551135910594
1088,262144,exact,768,0.2964422844791572,0.2931485084935899,0.0032937759855672932,0.011111019439599811,0.9960011885041818,0.0010103778416760735,0.0010135003199521837,8.23349509114318e-06,0.0,1.0707062866187507e-06,0.00028453655409320914
1088,262144,exact,769,0.2931485084935899,0.2898861514681231,0.0032623570254668444,0.011128683690840543,0.9960500280251643,0.0010135003199521837,0.001016610600750922,8.279112818073031e-06,0.0,1.1655341590366842e-06,0.0002822721062809338
1088,262144,exact,770,0.2898861514681231,0.28665496325302653,0.0032311882150965476,0.011146404196034389,0.9960992722352641,0.001016610600750922,0.0010197116007050165,8.33234105933936e-06,0.0,1.2658199089708722e-06,0.00028002209852851363
1088,262144,exact,771,0.28665496325302653,0.2834546952944143,0.003200267958612224,0.011164181224336206,0.9961489380138547,0.0010197116007050165,0.0010228064034951464,8.393224852604459e-06,0.0,1.3714494801681573e-06,0.0002777864616643039
1088,262144,exact,772,0.2834546952944143,0.28028510062660267,0.003169594667811637,0.011182015046600276,0.9961990432854201,0.0010228064034951464,0.001025898257152074,8.461747904982656e-06,0.0,1.4822513809747626e-06,0.0002755651267369262
1088,262144,exact,773,0.28028510062660267,0.2771459338644796,0.003139166762123058,0.011199905935439191,0.9962496070170732,0.001025898257152074,0.0010289905699864584,8.537830645166866e-06,0.0,1.5979961859625968e-06,0.0002733580250171067
1088,262144,exact,774,0.2771459338644796,0.27403695119591154,0.003108982668568072,0.011217854165193417,0.9963006492103009,0.0010289905699864584,0.001032086905064876,8.621329395252088e-06,0.0,1.7183972391622993e-06,0.0002711650879951781
1088,262144,exact,775,0.27403695119591154,0.27095791037416617,0.0030790408217453713,0.011235860011973848,0.9963521908866737,0.001032086905064876,0.0010351909731617698,8.712036676530694e-06,0.0,1.8431125615963988e-06,0.00026898624738211607
1088,262144,exact,776,0.27095791037416617,0.2679085707103629,0.0030493396638032744,0.01125392375366505,0.9964042540674771,0.0010351909731617698,0.0010383066241346623,8.809682623320716e-06,0.0,1.9717479192973755e-06,0.00026682143510861015
1088,262144,exact,777,0.2679085707103629,0.26488869306594703,0.003019877644415858,0.011272045669941111,0.9964568617472365,0.0010383066241346623,0.0010414378366874254,8.913937438765629e-06,0.0,2.103860967933276e-06,0.00026467058332486616
1088,262144,exact,778,0.26488869306594703,0.26189803984518817,0.0029906532207588654,0.011290226042280742,0.9965100378612668,0.0010414378366874254,0.0010445887065081145,9.024414795431854e-06,0.0,2.238966354859307e-06,0.0002625336244001975
1088,262144,exact,779,0.26189803984518817,0.2589363749877027,0.0029616648574854465,0.011308465153981796,0.9965638072474831,0.0010445887065081145,0.0010477634327908576,9.140676058986498e-06,0.0,2.3765416335792475e-06,0.0002604104909227304
1088,262144,exact,780,0.2589363749877027,0.2560034639610016,0.002932911026701124,0.011326763290172778,0.9966181956028877,0.0010477634327908576,0.001050966303176244,9.262235197453951e-06,0.0,2.5160338279217338e-06,0.0002583011156988808
1088,262144,exact,781,0.2560034639610016,0.2530990737530585,0.002904390207943086,0.011345120737840983,0.99667322943525,0.001050966303176244,0.00105420167717214,9.388564232284642e-06,0.0,2.6568664744379585e-06,0.00025620543175357757
1088,262144,exact,782,0.2530990737530585,0.25022297286491013,0.0028761008881483807,0.011363537785817855,0.9967289360107457,0.00105420167717214,0.0010574739681443103,9.519099086673572e-06,0.0,2.7984469708939273e-06,0.00025412337232861795
1088,262144,exact,783,0.25022297286491013,0.2473749313032709,0.0028480415616392307,0.011382014724830344,0.9967853432983801,0.0010574739681443103,0.0010607876239950352,9.653245693836123e-06,0.0,2.940174064627399e-06,0.0002520548708839055
1088,262144,exact,784,0.2473749313032709,0.24455472057317637,0.00282021073009453,0.01140055184749935,0.9968424799123349,0.0010607876239950352,0.0010641471066763475,9.790386238310052e-06,0.0,3.08144532548682e-06,0.00024999986109635534
1088,262144,exact,785,0.24455472057317637,0.2417621136706552,0.002792606902521172,0.011419149448336084,0.9969003750534378,0.0010641471066763475,0.001067556870713149,9.929885417616098e-06,0.0,3.2216644621485806e-06,0.0002479582768586916
1088,262144,exact,786,0.2417621136706552,0.23899688507541375,0.002765228595241448,0.011437807823803322,0.9969590584511839,0.001067556870713149,0.001071021340937135,1.0071096625981981e-05,0.0,3.3602483581203057e-06,0.0002459300522810918
1088,262144,exact,787,0.23899688507541375,0.23625881074355648,0.002738074331857271,0.011456527272283449,0.997018560307915,0.001071021340937135,0.0010745448896587848,1.0213367977873233e-05,0.0,3.4966337192833975e-06,0.0002439151216887689
1088,262144,exact,788,0.23625881074355648,0.2335476681003226,0.0027111426432338825,0.01147530809412501,0.9970789112468597,0.0010745448896587848,0.0010781318135251,1.0356048102264746e-05,0.0,3.6302832440229804e-06,0.00024191341962293906
1088,262144,exact,789,0.2335476681003226,0.23086323603284947,0.002684432067473125,0.011494150591647106,0.9971401422659151,0.0010781318135251,0.0010817863103308497,1.0498491652297059e-05,0.0,3.760691241274511e-06,0.000239924880839956
1088,262144,exact,790,0.23086323603284947,0.22820529488295926,0.0026579411498902084,0.01151305506915796,0.9972022846991342,0.0010817863103308497,0.0010855124560649725,1.0640064485362386e-05,0.0,3.887388638559863e-06,0.00023794944031104906
1088,262144,exact,791,0.22820529488295926,0.22557362643996945,0.002631668442989815,0.011532021832970753,0.9972653701879448,0.0010855124560649725,0.0010893141824845154,1.0780148478051221e-05,0.0,4.009947334795809e-06,0.00023598703322198837
1088,262144,exact,792,0.22557362643996945,0.222968013933527,0.0026056125064424507,0.011551051191420494,0.9973294306641955,0.0010893141824845154,0.001093195255513226,1.0918145947516879e-05,0.0,4.1279838660062806e-06,0.00023403759497268918
1088,262144,exact,793,0.222968013933527,0.22038824202646665,0.002579771907060352,0.011570143454878933,0.9973944983471008,0.001093195255513226,0.0010971592547617901,1.1053483656665637e-05,0.0,4.241162362920298e-06,0.0002321010611768079
1088,262144,exact,794,0.22038824202646665,0.21783409680769036,0.0025541452187762825,0.011589298935782394,0.9974606057561342,0.0010971592547617901,0.001101209554461271,1.1185616385524617e-05,0.0,4.3491967898973746e-06,0.00023017736766186943
1088,262144,exact,795,0.21783409680769036,0.21530536578507714,0.002528731022613223,0.011608517948618727,0.9975277857418517,0.001101209554461271,0.0011053493060893115,1.1314030054157643e-05,0.0,4.451852464368994e-06,0.0002282664504676088
1088,262144,exact,796,0.21530536578507714,0.21280183787840531,0.0025035279066718263,0.01162780080999424,0.9975960715364928,0.0011053493060893115,0.0011095814229524507,1.1438244386618264e-05,0.0,4.548946864452999e-06,0.00022636824584771262
1088,262144,exact,797,0.21280183787840531,0.2103233034123116,0.0024785344660937236,0.011647147838591295,0.9976654968261067,0.0011095814229524507,0.0011139085669651279,1.1557815107276478e-05,0.0,4.640349741023885e-06,0.00022448269026700745
1088,262144,exact,798,0.2103233034123116,0.2078695541092605,0.0024537493030510893,0.011666559355245727,0.9977360958457211,0.0011139085669651279,0.0011183331378397396,1.167233566499097e-05,0.0,4.7259825581400135e-06,0.0002226097204035097
1088,262144,exact,799,0.2078695541092605,0.2054403830825478,0.0024291710267126954,0.011686035682916186,0.9978079034989454,0.0011183331378397396,0.0011228572648708344,1.1781438482748028e-05,0.0,4.805817293181353e-06,0.0002207492731461616
1088,262144,exact,800,0.2054403830825478,0.2030355848293229,0.002404798253224899,0.01170557714672207,0.997880955503123,0.0011228572648708344,0.0011274828014622826,1.1884795734486282e-05,0.0,4.879874635135102e-06,0.00021890128559527526
1088,262144,exact,801,0.2030355848293229,0.2006549552236314,0.00238062960569152,0.011725184073977674,0.9979552885609889,0.0011274828014622826,0.0011322113225094802,1.1982119654625182e-05,0.0,4.948221625989324e-06,0.0002170656950627526
1088,262144,exact,802,0.2006549552236314,0.19829829150948824,0.0023566637141431424,0.011744856794174974,0.9980309405595666,0.0011322113225094802,0.0011370441247104722,1.2073162389951137e-05,0.0,5.010968795806335e-06,0.00021524243907039903
1088,262144,exact,803,0.19829829150948824,0.19596539229396848,0.002332899215519768,0.011764595639030722,0.9981079507968144,0.0011370441247104722,0.0011419822298416764,1.215771540899875e-05,0.0,5.068266847649229e-06,0.0002134314553506956
1088,262144,exact,804,0.19596539229396848,0.19365605754032345,0.0023093347536450315,0.011784400942492891,0.9981863602364238,0.0011419822298416764,0.0011470263909944055,1.2235608487996527e-05,0.0,5.120302953929255e-06,0.00021163268184590483
1088,262144,exact,805,0.19365605754032345,0.1913700885611199,0.002285968979203551,0.01180427304076229,0.9982662117909862,0.0011470263909944055,0.0011521771017342303,1.230670829951296e-05,0.0,5.167296727554352e-06,0.00020984605670789022
1088,262144,exact,806,0.1913700885611199,0.18910728801140222,0.0022628005497176695,0.01182421227231117,0.9983475506336892,0.0011521771017342303,0.0011574346081096572,1.2370916633699254e-05,0.0,5.209495936633933e-06,0.00020807151829770363
1088,262144,exact,807,0.18910728801140222,0.18686745988187783,0.0022398281295243905,0.01184421897790285,0.9984304245386387,0.0011574346081096572,0.0011627989234078324,1.2428168288812527e-05,0.0,5.247172031618008e-06,0.0002063090051852757
1088,262144,exact,808,0.18686745988187783,0.18465040949212622,0.002217050389751618,0.011864293500607618,0.9985148842499392,0.0011627989234078324,0.0011682698455287074,1.2478428671973838e-05,0.0,5.280615555792187e-06,0.00020455845614889782
1088,262144,exact,809,0.18465040949212622,0.18245594348382838,0.0021944660082978407,0.011884436185836978,0.9986009838797089,0.0011682698455287074,0.0011738469768300007,1.2521691156519686e-05,0.0,5.3101315084817455e-06,0.00020281981017543753
1088,262144,exact,810,0.18245594348382838,0.1802838698140257,0.002172073669802682,0.01190464738132907,0.9986887813353627,0.0011738469768300007,0.0011795297462785783,1.255797424541917e-05,0.0,5.336034731393859e-06,0.00020109300645872609
1088,262144,exact,811,0.1802838698140257,0.17813399774839228,0.0021498720656334125,0.011924927437219662,0.9987783387766258,0.0011795297462785783,0.001185317433737256,1.2587318594694985e-05,0.0,5.35864538317248e-06,0.00019937798440100753
1088,262144,exact,812,0.17813399774839228,0.1760061378545395,0.0021278598938527793,0.011945276706012645,0.9988697231030399,0.001185317433737256,0.001191209196212278,1.2609783951704996e-05,0.0,5.37828456576581e-06,0.0001976746836108707
1088,262144,exact,813,0.1760061378545395,0.17390010199533762,0.0021060358592018824,0.011965695542631691,0.9989630064729113,0.001191209196212278,0.0011972040958901098,1.2625446064990843e-05,0.0,5.395270161278167e-06,0.0001959830439039411
1088,262144,exact,814,0.17390010199533762,0.17181570332226237,0.0020843986730752495,0.011986184304429756,0.9990582668550403,0.0011972040958901098,0.0012033011298025536,1.2634393621994604e-05,0.0,5.409912931169519e-06,0.00019430300530217957
1088,262144,exact,815,0.17181570332226237,0.16975275626876413,0.002062947053498243,0.012006743351211161,0.9991555886148357,0.0012033011298025536,0.0012094992609735775,1.2636725269161928e-05,0.0,5.422512924351582e-06,0.00019263450803353404
1088,262144,exact,816,0.16975275626876413,0.1677110765436598,0.0020416797251043284,0.012027373045252955,0.9992550631367999,0.0012094992609735775,0.0012157974509211572,1.2632546766354503e-05,0.0,5.43335623326229e-06,0.00019097749253162624
1088,262144,exact,817,0.1677110765436598,0.1656904811245474,0.0020205954191123976,0.012048073751326622,0.9993567894857103,0.0012157974509211572,0.0012221946934128755,1.262196832319728e-05,0.0,5.442712127799688e-06,0.00018933189943539286
1088,262144,exact,818,0.1656904811245474,0.16369078825124359,0.0019996928733038155,0.012068845836718117,0.9994608751091424,0.0012221946934128755,0.0012286900494008013,1.2605102159368623e-05,0.0,5.450830590749767e-06,0.00018769766958868112
1088,262144,exact,819,0.16369078825124359,0.1617118174192434,0.0019789708320001875,0.012089689671252181,0.9995674365843208,0.0012286900494008013,0.0012352826830945044,1.2582060325101586e-05,0.0,5.45794026681856e-06,0.00018607474404001712
1088,262144,exact,820,0.1617118174192434,0.15975338937320316,0.0019584280460402392,0.012110605627311378,0.9996766004125242,0.0012352826830945044,0.0012419718991623797,1.2552952809930743e-05,0.0,5.464246831926589e-06,0.00018446306404207562
1088,262144,exact,821,0.15975338937320316,0.15781532610044588,0.0019380632727572789,0.012131594079858485,0.9997885038645276,0.0012419718991623797,0.001248757181088813,1.2517885960830741e-05,0.0,5.4699317773591796e-06,0.0001828625710514441
1088,262144,exact,822,0.15781532610044588,0.15589745082448758,0.0019178752759582973,0.012152655406469287,0.9999032958806996,0.001248757181088813,0.0012556382307483867,1.247696122189774e-05,0.0,5.47515159890705e-06,0.00018127320672848033
1088,262144,exact,823,0.15589745082448758,0.15399958799859095,0.001897862825896629,0.01217378998732494,1.0000211380294697,0.0012556382307483867,0.00126261500929622,1.2430274200015762e-05,0.0,5.480037370107207e-06,0.0001796949129361195
1088,262144,exact,824,0.15399958799859095,0.1521215632993338,0.001878024699257158,0.01219499820528313,1.000142205527868,0.00126261500929622,0.0012696877795072134,1.2377914052720183e-05,0.0,5.484694675617855e-06,0.0001781276317409035
1088,262144,exact,825,0.1521215632993338,0.15026320362020773,0.0018583596791260648,0.012216280445851843,1.000266688327723,0.0012696877795072134,0.0012768571497331102,1.2319963186897267e-05,0.0,5.489203871647443e-06,0.00017657130541123261
1088,262144,exact,826,0.15026320362020773,0.14842433706523409,0.001838866554973645,0.012237637097245744,1.000394792270863,0.0012768571497331102,0.0012841241196777378,1.2256497250456606e-05,0.0,5.493620639539622e-06,0.00017502587641790267
1088,262144,exact,827,0.14842433706523409,0.14660479294260434,0.001819544122629746,0.012259068550395727,1.0005267403162932,0.0012841241196777378,0.001291490128223446,1.2187585393221877e-05,0.0,5.497976792472568e-06,0.00017349128743341882
1088,262144,exact,828,0.14660479294260434,0.14480440175834228,0.0018003911842620623,0.012280575198976709,1.0006627738417833,0.001291490128223446,0.0012989571035705216,1.2113290768507151e-05,0.0,5.502281295339129e-06,0.00017196748133168957
1088,262144,exact,829,0.14480440175834228,0.14302299520998857,0.001781406548353709,0.012302157439430745,1.0008031540215716,0.0012989571035705216,0.0013065275159788365,1.2033671243791051e-05,0.0,5.506521457057829e-06,0.00017045440118769177
1088,262144,exact,830,0.14302299520998857,0.14126040618030763,0.0017625890296809332,0.012323815670991037,1.0009481632809893,0.0013065275159788365,0.0013142044334270762,1.194878028611766e-05,0.0,5.51066425413132e-06,0.00016895199027707538
1088,262144,exact,831,0.14126040618030763,0.13951646873101678,0.0017439374492908555,0.012345550295706062,1.0010981068276292,0.0013142044334270762,0.0013219915805277366,1.1858667987658442e-05,0.0,5.514657748245059e-06,0.0001674601920758073
1088,262144,exact,832,0.13951646873101678,0.13779101809653607,0.0017254506344807075,0.012367361718474398,1.0012533142572768,0.0013219915805277366,0.0013298934010585414,1.176338219633692e-05,0.0,5.518432561407629e-06,0.00016597895026009807
1088,262144,exact,833,0.13779101809653607,0.1360838906777643,0.00170712741877177,0.012389250347041927,1.0014141412310904,0.0013298934010585414,0.001337915124490438,1.1662969717931313e-05,0.0,5.5219033774267685e-06,0.00016450820870526724
1088,262144,exact,834,0.1360838906777643,0.13439492403587194,0.0016889666418923588,0.012411216592063023,1.001580971218471,0.001337915124490438,0.001346062836911751,1.1557477558688103e-05,0.0,5.524970441951431e-06,0.00016304791148637882
1088,262144,exact,835,0.13439492403587194,0.13272395688611835,0.0016709671497535938,0.012433260867111235,1.0017542172975913,0.001346062836911751,0.0013543435567650738,1.1446954178947714e-05,0.0,5.527521037780375e-06,0.0001615980028774666
1088,262144,exact,836,0.13272395688611835,0.13107082909169412,0.001653127794424225,0.012455383588681467,1.001934324002695,0.0013543435567650738,0.0013627653158296271,1.133145073298527e-05,0.0,5.529430918177871e-06,0.00016015842735054968
1088,262144,exact,837,0.13107082909169412,0.12943538165757823,0.0016354474341158942,0.01247758517626964,1.002121769203909,0.0013627653158296271,0.0013713372458980723,1.1211022273064e-05,0.0,5.530565683901532e-06,0.00015872912957669543
1088,262144,exact,838,0.12943538165757823,0.12781745672442563,0.0016179249331526036,0.012499866052335133,1.0023170660013918,0.0013713372458980723,0.001380069671610114,1.1085728899086333e-05,0.0,5.530782095957559e-06,0.00015731005442399853
1088,262144,exact,839,0.12781745672442563,0.12621689756246837,0.0016005591619572546,0.012522226642390947,1.0025207646111562,0.001380069671610114,0.001388974209919605,1.0955636839852028e-05,0.0,5.529929319485942e-06,0.0001559011469588313
1088,262144,exact,840,0.12621689756246837,0.12463354856544574,0.0015833489970226294,0.012544667374976354,1.0027334542147062,0.001388974209919605,0.0013980638766838188,1.0820819454298559e-05,0.0,5.527850098307682e-06,0.00015450235244413246
1088,262144,exact,841,0.12463354856544574,0.12306725524455146,0.0015662933208942798,0.012567188681720081,1.002955764738779,0.0013980638766838188,0.0014073532008752703,1.0681358144660728e-05,0.0,5.524381862472005e-06,0.00015311361633994278
1088,262144,exact,842,0.12306725524455146,0.12151786422240471,0.0015493910221467538,0.012589790997352643,1.003188368524775,0.0014073532008752703,0.0014168583469254688,1.05373431764335e-05,0.0,5.519357775147235e-06,0.00015173488430266402
1088,262144,exact,843,0.12151786422240471,0.1199852232270424,0.0015326409953623082,0.012612474759737667,1.0034319818399802,0.0014168583469254688,0.0014265972457179563,1.0388874401849676e-05,0.0,5.512607725834551e-06,0.00015036610218480354
1088,262144,exact,844,0.1199852232270424,0.11846918108593316,0.0015160421411092445,0.012635240409900385,1.0036873661743109,0.0014265972457179563,0.0014365897347523632,1.0236061885854466e-05,0.0,5.503959279673076e-06,0.00014900721603460843
1088,262144,exact,845,0.11846918108593316,0.11696958772001301,0.0014995933659201488,0.012658088392055308,1.003955329257004,0.0014365897347523632,0.0014468577080020768,1.0079026434522604e-05,0.0,5.493238592986591e-06,0.00014765817209569132
1088,262144,exact,846,0.11696958772001301,0.11548629413774279,0.0014832935822702148,0.012681019153634492,1.0042367257174674,0.0014468577080020768,0.001457425275984285,9.917900027713643e-06,0.0,5.4802713065139116e-06,0.00014631891680667313
1088,262144,exact,847,0.11548629413774279,0.11401915242918585,0.0014671417085569405,0.01270403314532763,1.004532457303342,0.001457425275984285,0.0014683189365505315,9.752826157447531e-06,0.0,5.464883427411466e-06,0.00014498939680106818
1088,262144,exact,848,0.11401915242918585,0.11256801576011104,0.001451136669074815,0.01272713082107917,1.0048434725567497,0.0014683189365505315,0.0014795677568875917,9.583960074656355e-06,0.0,5.446902211334384e-06,0.00014366955890618598
1088,262144,exact,849,0.11256801576011104,0.11113273836611118,0.0014352773939998592,0.012750312638169961,1.005170765836787,0.0014795677568875917,0.0014912035671891637,9.411468946943567e-06,0.0,5.426157055897583e-06,0.00014235935014397168
1088,262144,exact,850,0.11113273836611118,0.10971317554674874,0.0014195628193624382,0.012773579057198142,1.0055153755624928,0.0014912035671891637,0.0015032611664158228,9.235531929556072e-06,0.0,5.402480416073947e-06,0.00014105871772952566
1088,262144,exact,851,0.10971317554674874,0.10830918365972066,0.0014039918870280832,0.012796930542128396,1.0058783815361039,0.0015032611664158228,0.0015157785405014528,9.056340152593395e-06,0.0,5.375708751564337e-06,0.00013976760907116298
1088,262144,exact,852,0.10830918365972066,0.10692062011504214,0.00138856354467852,0.012820367560344893,1.0062609011912136,0.0015157785405014528,0.001528797093281302,8.874096626311893e-06,0.0,5.345683516304236e-06,0.0001384859717705626
1088,262144,exact,853,0.10692062011504214,0.1055473433692566,0.0013732767457855372,0.012843890582639237,1.006664084594649,0.001528797093281302,0.0015423618903067401,8.689016066980507e-06,0.0,5.312252199222815e-06,0.0001372137536214589
1088,262144,exact,854,0.1055473433692566,0.10418921291966309,0.0013581304495935143,0.012867500083276421,1.0070891080146775,0.0015423618903067401,0.001556521915564138,8.50132464521819e-06,0.0,5.275269425926996e-06,0.00013595090261003635
1088,262144,exact,855,0.10418921291966309,0.10284608929856659,0.0013431236210964953,0.012891196540011625,1.0075371658510044,0.001556521915564138,0.0015713303409207256,8.31125965892646e-06,0.0,5.234598130668703e-06,0.00013469736691424346
1088,262144,exact,856,0.10284608929856659,0.1015178340675492,0.0013282552310173862,0.012914980434126226,1.0080094607042356,0.0015713303409207256,0.0015868448078635534,8.119069132650259e-06,0.0,5.1901108088002555e-06,0.00013345309490352797
1088,262144,exact,857,0.1015178340675492,0.10020430981176245,0.0013135242557867494,0.012938852250460153,1.0085071913430903,0.0015868448078635534,0.0016031277207603485,7.925011345680862e-06,0.0,5.141690861170528e-06,0.00013221803513847923
1088,262144,exact,858,0.10020430981176245,0.09890538013424094,0.0012989296775215153,0.012962812477443368,1.0090315383060837,0.0016031277207603485,0.0016202465504276174,7.729354290907228e-06,0.0,5.089234043230114e-06,0.00013099213637043404
1088,262144,exact,859,0.09890538013424094,0.097620909650237,0.001284470484003944,0.012986861607129717,1.0095836468491466,0.0016202465504276174,0.0016382741462072623,7.53237506721289e-06,0.0,5.032650035414251e-06,0.00012977534754113462
1088,262144,exact,860,0.097620909650237,0.0963507639815755,0.0012701456686615015,0.013011000135240165,1.0101646069197157,0.0016382741462072623,0.0016572890539839579,7.334359208089237e-06,0.0,4.9718641543232845e-06,0.00012856761778257957
1088,262144,exact,861,0.0963507639815755,0.0950948097510327,0.0012559542305427968,0.013035228561165995,1.0107754297983458,0.0016572890539839579,0.0016773758365594585,7.135599949758447e-06,0.0,4.906819231028986e-06,0.00012736889641603736
1088,262144,exact,862,0.0950948097510327,0.09385291457673109,0.0012418951743016077,0.013059547388054175,1.011417020997321,0.0016773758365594585,0.0016986253914584527,6.936397442559727e-06,0.0,4.837477689963697e-06,0.00012617913295270654
1088,262144,exact,863,0.09385291457673109,0.0926249470665603,0.001227967510170791,0.013083957122789668,1.0120901489369345,0.0016986253914584527,0.001721135259466578,6.737057909522709e-06,0.0,4.763823872188863e-06,0.0001249982770923332
1088,262144,exact,864,0.0926249470665603,0.0914107768126156,0.0012141702539446991,0.013108458276064614,1.012795408829735,0.001721135259466578,0.0017450099148587036,6.537892756749497e-06,0.0,4.6858666607708585e-06,0.00012382627872351386
1088,262144,exact,865,0.0914107768126156,0.0902102743856584,0.0012005024269571979,0.013133051362402563,1.0135331810849528,0.0017450099148587036,0.0017703610251901605,6.339217640500304e-06,0.0,4.60364248186431e-06,0.00012266308792312355
1088,262144,exact,866,0.0902102743856584,0.08902331132959762,0.0011869630560607802,0.013157736900193746,1.0143035833969676,0.0017703610251901605,0.0017973076644778128,6.1413514960655845e-06,0.0,4.517218774962011e-06,0.00012150865495594242
1088,262144,exact,867,0.08902331132959762,0.08784976015599161,0.0011735511736060134,0.013182515411733986,1.0151064155036045,0.0017973076644778128,0.0018259764583313507,5.94461553390676e-06,0.0,4.426698047783504e-06,0.00012036293027435533
1088,262144,exact,868,0.08784976015599161,0.08668949433857089,0.001160265817420722,0.013207387423260808,1.0159410954027233,0.0018259764583313507,0.0018565016328134368,5.749332208347935e-06,0.0,4.332222651648324e-06,0.0001192258645179832
1088,262144,exact,869,0.08668949433857089,0.08554238830778166,0.0011471060307892272,0.01323235346499009,1.016806585626498,0.0018565016328134368,0.001889024930208485,5.555824164187884e-06,0.0,4.233980426752125e-06,0.0001180974085133125
1088,262144,exact,870,0.08554238830778166,0.08440831744534989,0.0011340708624317658,0.013257414071154723,1.0177013080483004,0.001889024930208485,0.0019236953442108354,5.364413165987389e-06,0.0,4.132211364176602e-06,0.00011697751327335711
1088,262144,exact,871,0.08440831744534989,0.08328715807886612,0.0011211593664837705,0.013282569780041692,1.0186230457392178,0.0019236953442108354,0.001960668614217517,5.175419014285253e-06,0.0,4.027215391162135e-06,0.00011586612999729482
1088,262144,exact,872,0.08328715807886612,0.08217878747639094,0.0011083706024751783,0.013307821134029355,1.019568830769125,0.001960668614217517,0.002000106403690466,4.989158451867231e-06,0.0,3.9193612848759454e-06,0.00011476321007008688
1088,262144,exact,873,0.08217878747639094,0.08108308384108004,0.0010957036353109045,0.013333168679638746,1.020534817819492,0.002000106403690466,0.002042175071857106,4.805944061868097e-06,0.0,3.8090965146109906e-06,0.00011366870506233218
1088,262144,exact,874,0.08108308384108004,0.07999992630583252,0.0010831575352475142,0.01335861296753913,1.0215161454045611,0.002042175071857106,0.002087043933345929,4.626083157621329e-06,0.0,3.6969574564458055e-06,0.00011258256672933546
1088,262144,exact,875,0.07999992630583252,0.07892919492795522,0.0010707313778773042,0.013384154552642892,1.0225067898364923,0.002087043933345929,0.0021348828903247218,4.449876662056772e-06,0.0,3.5835788706074095e-06,0.00011150474701169311
1088,262144,exact,876,0.07892919492795522,0.07787077068385276,0.0010584242441024627,0.01340979399407999,1.0234994222771079,0.0021348828903247218,0.0021858593220908736,4.277617971326482e-06,0.0,3.4697007570880754e-06,0.00011043519803381822
1088,262144,exact,877,0.07787077068385276,0.07682453546373263,0.001046235220120123,0.01343553185530588,1.0244852865626182,0.0021858593220908736,0.0022401341360029207,4.109591794639621e-06,0.0,3.3561697695581524e-06,0.00010937387210471507
1088,262144,exact,878,0.07682453546373263,0.07579037206633528,0.0010341633973973557,0.013461368704084962,1.0254541246686772,0.0022401341360029207,0.00229785693106941,3.946072958303076e-06,0.0,3.2439314641913644e-06,0.00010832072171666333
1088,262144,exact,879,0.07579037206633528,0.07476816419368147,0.0010222078726538075,0.013487305112569225,1.0263941863106292,0.00229785693106941,0.002359160310975205,3.7873251584413712e-06,0.0,3.134009206462972e-06,0.00010727569954547652
1088,262144,exact,880,0.07476816419368147,0.07375779644584128,0.0010103677478401907,0.013513341657324991,1.0272923662201128,0.002359160310975205,0.002424153511636304,3.6335996429562163e-06,0.0,3.027466160947581e-06,0.00010623875844988422
1088,262144,exact,881,0.07375779644584128,0.07275915431572284,0.0009986421301184378,0.01353947891938066,1.0281345123408885,0.002424153511636304,0.0024929156732243947,3.4851338002564067e-06,0.0,2.925349101505926e-06,0.0001052098514712661
1088,262144,exact,882,0.07275915431572284,0.07177212418388172,0.0009870301318411212,0.013565717484264788,1.0289059350072602,0.0024929156732243947,0.0025654892642204695,3.3421496295066207e-06,0.0,2.8286170622366692e-06,0.00010418893183321698
1088,262144,exact,883,0.07177212418388172,0.0707965933133493,0.0009755308705324262,0.013592057942065295,1.0295921173653262,0.0025654892642204695,0.002641874312242751,3.2048520672169627e-06,0.0,2.7380634512316412e-06,0.00010317595294142347
1088,262144,exact,884,0.0707965933133493,0.06983244984448375,0.0009641434688655443,0.01361850088743955,1.0301795826281013,0.002641874312242751,0.0027220241581920965,3.07342714628649e-06,0.0,2.6542452963291933e-06,0.00010217086838279893
1088,262144,exact,885,0.06983244984448375,0.06887958278983794,0.0009528670546458118,0.013645046919703351,1.0306568242694496,0.0027220241581920965,0.0028058433792538325,2.9480399706075263e-06,0.0,2.5774351837632922e-06,0.0001011736319257921
1088,262144,exact,886,0.06887958278983794,0.0679378820290497,0.0009417007607882416,0.013671696642842823,1.0310151680748234,0.0028058433792538325,0.0028931883075117362,2.828832497962669e-06,0.0,2.5076082392472797e-06,0.00010018419751953717
1088,262144,exact,887,0.0679378820290497,0.06700723830375127,0.0009306437252984273,0.01369845066557258,1.0312494274817117,0.0028931883075117362,0.0029838702384097863,2.7159211418983556e-06,0.0,2.4444684503721267e-06,9.920251929367158e-05
1088,262144,exact,888,0.06700723830375127,0.06608754321249809,0.0009196950912531837,0.013725309601391173,1.031358243911688,0.0029838702384097863,0.003077661054788609,2.6093942261614563e-06,0.0,2.3875085842194055e-06,9.822855155812789e-05
1088,262144,exact,889,0.06608754321249809,0.06517868920571973,0.0009088540067783563,0.013752274068594505,1.0313440644777314,0.003077661054788609,0.0031743006807347955,2.5093093557693765e-06,0.0,2.33608995148021e-06,9.726224880228687e-05
1088,262144,exact,890,0.06517868920571973,0.06428056958068716,0.0008981196250325701,0.01377934469037705,1.0312127804125357,0.0031743006807347955,0.0032735055964317897,2.415690803275925e-06,0.0,2.289525217419406e-06,9.630356569539914e-05
1088,262144,exact,891,0.06428056958068716,0.06339307847650347,0.0008874911041836936,0.013806522094825009,1.030973107906904,0.0032735055964317897,0.0033749776158425713,2.328527047739374e-06,0.0,2.247149709094006e-06,9.535245708544459e-05
1088,262144,exact,892,0.06339307847650347,0.062516110869112,0.0008769676073914628,0.013833806915001128,1.0306358237298716,0.0033749776158425713,0.003478412231512085,2.2477686374182153e-06,0.0,2.2083722991199893e-06,9.440887799929564e-05
1088,262144,exact,893,0.062516110869112,0.061649562566325256,0.0008665483027867488,0.01386119978897941,1.0302129685762154,0.003478412231512085,0.0035835060142541003,2.173326575336298e-06,0.0,2.1727032791189066e-06,9.34727836421543e-05
1088,262144,exact,894,0.061649562566325256,0.06079333020287323,0.0008562323634520239,0.013888701359897764,1.029717109327603,0.0035835060142541003,0.0036899627640656816,2.1050714362568226e-06,0.0,2.139761626387352e-06,9.254412939724498e-05
1088,262144,exact,895,0.06079333020287323,0.05994731123547159,0.0008460189674016419,0.013916312276007823,1.029160719225657,0.0036899627640656816,0.003797498298727165,2.042833413986674e-06,0.0,2.1092668685525687e-06,9.162287082545264e-05
1088,262144,exact,896,0.05994731123547159,0.05911140393790936,0.0008359072975622286,0.01394403319072652,1.0285557028801977,0.003797498298727165,0.0039058439137665338,1.9864034576233026e-06,0.0,2.0810215247630062e-06,9.07089636649665e-05
1088,262144,exact,897,0.05911140393790936,0.05828550739615647,0.0008258965417528921,0.01397186476268461,1.0279130675253991,0.0039058439137665338,0.0040147486447750826,1.9355355936580012e-06,0.0,2.054889493743016e-06,8.980236383090048e-05
1088,262144,exact,898,0.05828550739615647,0.05746952150348995,0.0008159858926665223,0.013999807655793539,1.0272427252602576,0.0040147486447750826,0.004123980515066935,1.8899504410909783e-06,0.0,2.0307744678380382e-06,8.890302741511757e-05
1088,262144,exact,899,0.05746952150348995,0.05666334695564194,0.0008061745478480098,0.014027862539260107,1.0265534025431493,0.004123980515066935,0.004233326968578382,1.8493398307540822e-06,0.0,2.0086010159821657e-06,8.801091068539342e-05
1088,262144,exact,900,0.05666334695564194,0.0558668852459637,0.0007964617096782381,0.014056030087699132,1.0258526309488134,0.004233326968578382,0.004342594681023551,1.813372341402809e-06,0.0,1.9882997005504777e-06,8.712597008581871e-05
1088,262144,exact,901,0.0558668852459637,0.05508003866061242,0.0007868465853512821,0.014084310981130466,1.0251467948757955,0.004342594681023551,0.004451608921564946,1.7816994866328838e-06,0.0,1.9697966176573586e-06,8.624816223570782e-05
1088,262144,exact,902,0.05508003866061242,0.05430271027375596,0.0007773283868564573,0.014112705905058174,1.0244412156043572,0.004451608921564946,0.0045602126101480745,1.7539622320603878e-06,0.0,1.9530070871813868e-06,8.537744392957265e-05
1088,262144,exact,903,0.05430271027375596,0.05353480394279581,0.0007679063309601469,0.01414121555054812,1.0237402554900077,0.0045602126101480745,0.004668265187269459,1.7297974989538728e-06,0.0,1.9378328312393348e-06,8.451377213702647e-05
1088,262144,exact,904,0.05353480394279581,0.05277622430361252,0.0007585796391832919,0.014169840614226702,1.0230474303109847,0.004668265187269459,0.004775641386357791,1.7088442059312803e-06,0.0,1.9241616943882836e-06,8.36571040017368e-05
1088,262144,exact,905,0.05277622430361252,0.0520268767658266,0.0007493475377859174,0.01419858179840699,1.0223655214482368,0.004775641386357791,0.004882229975711406,1.6907474994391305e-06,0.0,1.911868001497341e-06,8.280739684190634e-05
1088,262144,exact,906,0.0520268767658266,0.051286667508082036,0.0007402092577445674,0.014227439811085629,1.0216966825115166,0.004882229975711406,0.0049879325176169845,1.675156286971049e-06,0.0,1.900808112611542e-06,8.196460814919478e-05
1088,262144,exact,907,0.051286667508082036,0.05055550347334691,0.0007311640347351239,0.014256415366038416,1.02104253725616,0.0049879325176169845,0.005092662177048997,1.6617049377406267e-06,0.0,1.8908013388954648e-06,8.11286955888108e-05
1088,262144,exact,908,0.05055550347334691,0.04983329236423405,0.000722211109112865,0.014285509182865084,1.0204042673265727,0.005092662177048997,0.005196342601784418,1.649982868551317e-06,0.0,1.8815985975643296e-06,8.029961699898661e-05
1088,262144,exact,909,0.04983329236423405,0.04911994263834062,0.0007133497258934238,0.014314721987050638,1.019782689822886,0.005196342601784418,0.005298906890921668,1.6395403814522315e-06,0.0,1.8728851487520223e-06,7.947733039065126e-05
1088,262144,exact,910,0.04911994263834062,0.04841536350360697,0.0007045791347336516,0.014344054510024847,1.0191783259964597,0.005298906890921668,0.005400296668400187,1.6299992575822073e-06,0.0,1.8643855580454186e-06,7.866179394706513e-05
1088,262144,exact,911,0.04841536350360697,0.047719464913693825,0.0006958985899131465,0.014373507489235346,1.0185914628415613,0.005400296668400187,0.005500461275672981,1.6212373775461836e-06,0.0,1.8560449487224281e-06,7.785296602359366e-05
1088,262144,exact,912,0.047719464913693825,0.047032157563380333,0.0006873073503134916,0.01440308166817391,1.018022208140831,0.005500461275672981,0.005599357086631071,1.613464370967788e-06,0.0,1.8481113936369767e-06,7.705080514697129e-05
1088,262144,exact,913,0.047032157563380333,0.046353352883978176,0.0006788046794021577,0.014432777796498139,1.017470537370155,0.005599357086631071,0.00569694693115094,1.6070350685011369e-06,0.0,1.8409677794619522e-06,7.625527001558337e-05
1088,262144,exact,914,0.046353352883978176,0.045682963038768086,0.0006703898452100898,0.014462596630023004,1.0169363296511549,0.00569694693115094,0.005793199599492916,1.6021050154066014e-06,0.0,1.834807904538445e-06,7.546631949834416e-05
1088,262144,exact,915,0.045682963038768086,0.045020900918451776,0.0006620621203163105,0.014492538930858369,1.0164193903476593,0.005793199599492916,0.005888089388282111,1.5984216611836905e-06,0.0,1.8294384579653142e-06,7.468391263511952e-05
1088,262144,exact,916,0.045020900918451776,0.04436708013662567,0.0006538207818261033,0.014522605467411591,1.0159194594617222,0.005888089388282111,0.005981595635869509,1.5954281242150163e-06,0.0,1.8243808605706083e-06,7.390800863571737e-05
1088,262144,exact,917,0.04436708013662567,0.04372141502527168,0.0006456651113539921,0.01455279701449152,1.0154362079063786,0.005981595635869509,0.0060737021896613355,1.592573521017538e-06,0.0,1.8191735763600086e-06,7.313856687993726e-05
1088,262144,exact,918,0.04372141502527168,0.043083820630267416,0.0006375943950042637,0.014583114353360335,1.0149692280779918,0.0060737021896613355,0.00616439676979009,1.5895628996440027e-06,0.0,1.8136161257283762e-06,7.237554691705269e-05
1088,262144,exact,919,0.043083820630267416,0.04245421270691502,0.0006296079233523988,0.014613558271804801,1.0145180285396906,0.00616439676979009,0.0062536702462516,1.586357734800808e-06,0.0,1.8077695070799552e-06,7.16189084655085e-05
1088,262144,exact,920,0.04245421270691502,0.04183250771548874,0.0006217049914262751,0.014644129564202487,1.0140820412083311,0.0062536702462516,0.006341515904146806,1.5829646614366785e-06,0.0,1.8017488772597429e-06,7.086861141253906e-05
1088,262144,exact,921,0.04183250771548874,0.041218622816801165,0.0006138848986875778,0.01467482903159265,1.0136606423436867,0.006341515904146806,0.006427928795314175,1.57922508610535e-06,0.0,1.7955146020855184e-06,7.012461581383551e-05
1088,262144,exact,922,0.041218622816801165,0.04061247586778806,0.0006061469490131061,0.01470565748174473,1.0132531807722964,0.006427928795314175,0.006512905250222204,1.5747938106699759e-06,0.0,1.7888412183883137e-06,6.938688189316731e-05
1088,262144,exact,923,0.04061247586778806,0.04001398541711184,0.0005984904506762187,0.014736615729229985,1.0128590048748682,0.006512905250222204,0.006596442577543929,1.569321456279176e-06,0.0,1.7814744967172697e-06,6.865537004205569e-05
1088,262144,exact,924,0.04001398541711184,0.03942307070078356,0.0005909147163282794,0.014767704595493173,1.0124774847133855,0.006596442577543929,0.006678538946011085,1.5626920583401742e-06,0.0,1.773335015214407e-06,6.793004081939393e-05
1088,262144,exact,925,0.03942307070078356,0.038839651637803514,0.0005834190629800465,0.014798924908922699,1.0121080306365589,0.006678538946011085,0.006759193428013948,1.5551207214572583e-06,0.0,1.7645928843479722e-06,6.721085495108949e-05
1088,262144,exact,926,0.038839651637803514,0.03826364882581973,0.0005760028119837848,0.014830277504939005,1.0117501089090233,0.006759193428013948,0.006838406165058856,1.5470260443070488e-06,0.0,1.755547915716256e-06,6.64977733298359e-05
1088,262144,exact,927,0.03826364882581973,0.037694983536806455,0.0005686652890132746,0.0148617632260295,1.0114032507170159,0.006838406165058856,0.006916178586656216,1.538787707527752e-06,0.0,1.7464261151210053e-06,6.579075701439601e-05
1088,262144,exact,928,0.037694983536806455,0.03713357771275863,0.000561405824047824,0.014893382921885384,1.0110670502486907,0.006916178586656216,0.006992513601162025,1.5305844514546916e-06,0.0,1.7372658930878485e-06,6.50897672298142e-05
1088,262144,exact,929,0.03713357771275863,0.036579353961407095,0.0005542237513515361,0.014925137449417154,1.010741152311454,0.006992513601162025,0.007067415698571021,1.522395078715769e-06,0.0,1.7279512997151955e-06,6.43947653664987e-05
1088,262144,exact,930,0.036579353961407095,0.03603223555195059,0.0005471184094565026,0.014957027672870816,1.0104252350876943,0.007067415698571021,0.007140890948313633,1.5140946413630864e-06,0.0,1.7183150188152321e-06,6.370571298022803e-05
1088,262144,exact,931,0.03603223555195059,0.035492146410806606,0.0005400891411439859,0.014989054463892357,1.0101189944821627,0.007140890948313633,0.0072129469118348555,1.505546509932848e-06,0.0,1.708219092421727e-06,6.302257179166314e-05
1088,262144,exact,932,0.035492146410806606,0.03495901111738038,0.0005331352934262248,0.015021218701608208,1.0098221336573967,0.0072129469118348555,0.007283592505016252,1.4966479950277614e-06,0.0,1.6975834453789723e-06,6.23453036860064e-05
1088,262144,exact,933,0.03495901111738038,0.0344327548998521,0.0005262562175282828,0.015053521272706908,1.0095343580320377,0.007283592505016252,0.007352837842664406,1.4873378362071446e-06,0.0,1.6863788903443214e-06,6.167387071265901e-05
1088,262144,exact,934,0.0344327548998521,0.033913303630982224,0.0005194512688698749,0.015085963071520199,1.0092553742163037,0.007352837842664406,0.007420694086660708,1.4775868890146626e-06,0.0,1.674608678371714e-06,6.1008235084858484e-05
1088,262144,exact,935,0.033913303630982224,0.03340058382393499,0.0005127198070472364,0.015118545000105215,1.0089848910778316,0.007420694086660708,0.007487173308819445,1.4673862623202763e-06,0.0,1.6622921941399083e-06,6.034835917932826e-05
1088,262144,exact,936,0.03340058382393499,0.03289452262811993,0.0005060611958150607,0.015151267968328604,1.008722621588334,0.007487173308819445,0.007552288372109325,1.4567383180045058e-06,0.0,1.6494545672304795e-06,5.9694205535920574e-05
1088,262144,exact,937,0.03289452262811993,0.03239504782505147,0.0004994748030684587,0.015184132893951227,1.008468284675912,0.007552288372109325,0.007616052829795723,1.4456511489993782e-06,0.0,1.6361213522036316e-06,5.904573685726913e-05
1088,262144,exact,938,0.03239504782505147,0.03190208782422661,0.0004929600008248547,0.015217140702710831,1.0082216067383913,0.007616052829795723,0.007678480840265601,1.4341356019246233e-06,0.0,1.6223163974401003e-06,5.840291600840035e-05
1088,262144,exact,939,0.03190208782422661,0.031415571659020085,0.00048651616520652835,0.015250292328424519,1.0079823227254276,0.007678480840265601,0.007739587094822429,1.4222038226262572e-06,0.0,1.6080613738115798e-06,5.776570601651201e-05
1088,262144,exact,940,0.031415571659020085,0.030935428982598694,0.0004801426764213905,0.015283588713036556,1.0077501768184183,0.007739587094822429,0.007799386755896586,1.4098686099958437e-06,0.0,1.5933760222595905e-06,5.713407007029641e-05
1088,262144,exact,941,0.030935428982598694,0.030461590063851574,0.0004738389187471208,0.015317030806770358,1.0075249227818235,0.007799386755896586,0.0078578954035222,1.3971431590727746e-06,0.0,1.5782786171574664e-06,5.650797152007943e-05
1088,262144,exact,942,0.030461590063851574,0.029993985783340272,0.0004676042805113016,0.015350619568155845,1.0073063240654954,0.0078578954035222,0.007915128988351925,1.3840409770975453e-06,0.0,1.5627864382722345e-06,5.588737387697435e-05
1088,262144,exact,943,0.029993985783340272,0.029532547629265354,0.00046143815407491753,0.01538435596416188,1.0070941537281626,0.007915128988351925,0.007971103789880788,1.370575864815202e-06,0.0,1.5469161575559082e-06,5.527224081284312e-05
1088,262144,exact,944,0.029532547629265354,0.029077207693451276,0.00045533993581407806,0.015418240970273007,1.0068881942378416,0.007971103789880788,0.00802583637886,1.3567619169759723e-06,0.0,1.530684132458604e-06,5.4662536159819734e-05
1088,262144,exact,945,0.029077207693451276,0.028627898667348883,0.000449309026102393,0.015452275570586706,1.0066882371913781,0.00802583637886,0.008079343583134892,1.34261352161535e-06,0.0,1.5141066077306586e-06,5.405822390998158e-05
1088,262144,exact,946,0.028627898667348883,0.0281845538380556,0.00044334482929328164,0.015486460757908573,1.0064940829838316,0.008079343583134892,0.008131642456319862,1.3281453536471888e-06,0.0,1.4971998524432317e-06,5.345926821499164e-05
1088,262144,exact,947,0.0281845538380556,0.027747107084353288,0.0004374467537023134,0.01552079753384849,1.006305540449563,0.008131642456319862,0.00818275024886883,1.3133723601179158e-06,0.0,1.4799802408576451e-06,5.2865633385742295e-05
1088,262144,exact,948,0.027747107084353288,0.02731549287276375,0.00043161421158953786,0.015555286908916244,1.0061224264902646,0.00818275024886883,0.008232684381199538,1.298309739084206e-06,0.0,1.462464295271318e-06,5.2277283891990524e-05
1088,262144,exact,949,0.02731549287276375,0.02688964625362142,0.0004258466191423317,0.015589929902635693,1.0059445657003883,0.008232684381199538,0.008281462418601766,1.2829729140323614e-06,0.0,1.4446687064059716e-06,5.169418436209484e-05
1088,262144,exact,950,0.02688964625362142,0.026469502857164668,0.00042014339645675067,0.015624727543604892,1.0057717899969802,0.008281462418601766,0.008329102047726597,1.2673775030989182e-06,0.0,1.4266103263212843e-06,5.1116299582399466e-05
1088,262144,exact,951,0.026469502857164668,0.0260549988896429,0.00041450396752176766,0.015659680869660582,1.0056039382585937,0.008329102047726597,0.008375621054482389,1.2515392871576338e-06,0.0,1.4083061563516241e-06,5.054359449729895e-05
1088,262144,exact,952,0.0260549988896429,0.025646071129442716,0.00040892776020018395,0.015694790927921955,1.0054408559761425,0.008375621054482389,0.008421037303205148,1.2354741751969302e-06,0.0,1.3897733206220259e-06,4.997603420847759e-05
1088,262144,exact,953,0.025646071129442716,0.02524265692323084,0.0004034142062118752,0.01573005877491853,1.0052823949175396,0.008421037303205148,0.008465368716986037,1.2191981698690477e-06,0.0,1.371029039841723e-06,4.94135839747274e-05
1088,262144,exact,954,0.02524265692323084,0.024844694182113734,0.0003979627411171069,0.015765485476723386,1.0051284128070785,0.008465368716986037,0.00850863325906855,1.202727331006872e-06,0.0,1.3520905933275817e-06,4.885620921175307e-05
1088,262144,exact,955,0.024844694182113734,0.02445212137781621,0.00039257280429752517,0.015801072108995704,1.0049787730199253,0.00850863325906855,0.008550848915229033,1.1860777408339754e-06,0.0,1.3329752870400863e-06,4.8303875491411485e-05
1088,262144,exact,956,0.02445212137781621,0.02406487753887536,0.00038724383894084974,0.01583681975716718,1.0048333442918742,0.008550848915229033,0.00859203367707697,1.1692654683432553e-06,0.0,1.313700415507893e-06,4.775654854184408e-05
1088,262144,exact,957,0.02406487753887536,0.02368290224685345,0.0003819752920219098,0.01587272951648525,1.0046920004440512,0.00859203367707697,0.008632205526214382,1.1523065346561246e-06,0.0,1.2942832253916986e-06,4.721419424670418e-05
1088,262144,exact,958,0.02368290224685345,0.023306135632566994,0.00037676661428645564,0.015908802492165565,1.0045546201222972,0.008632205526214382,0.008671382419205186,1.135216879089905e-06,0.0,1.2747408777869645e-06,4.667677864505502e-05
1088,262144,exact,959,0.023306135632566994,0.022934518372333384,0.00037161726023361014,0.015945039799490746,1.0044210865506917,0.008671382419205186,0.008709582273306598,1.1180123264901222e-06,0.0,1.2550904145303826e-06,4.614426793092244e-05
1088,262144,exact,960,0.022934518372333384,0.02256799168423459,0.0003665266880987922,0.01598144256392777,1.0042912872987098,0.008709582273306598,0.008746822952927077,1.1007085550268093e-06,0.0,1.2353487210577108e-06,4.5616628452961246e-05
1088,262144,exact,961,0.02256799168423459,0.022206497324397983,0.0003614943598366088,0.016018011921244163,1.0041651140614272,0.008746822952927077,0.008783122256773692,1.0833210657547713e-06,0.0,1.2155324931907574e-06,4.509382671409165e-05
1088,262144,exact,962,0.022206497324397983,0.021849977583294187,0.000356519741103796,0.016054749017626137,1.0040424624521722,0.008783122256773692,0.008818497905656884,1.0658651535399699e-06,0.0,1.195658206193384e-06,4.4575829371147036e-05
1088,262144,exact,963,0.021849977583294187,0.02149837528205205,0.00035160230124213834,0.01609165500979564,1.0039232318070346,0.008818497905656884,0.008852967530927174,1.0483558791143545e-06,0.0,1.175742082566364e-06,4.406260323450982e-05
1088,262144,exact,964,0.02149837528205205,0.021151633768790194,0.00034674151326185426,0.016128731065148536,1.0038073250006356,0.008852967530927174,0.00888654866351743,1.0308080425694256e-06,0.0,1.1558000626282067e-06,4.355411526784519e-05
1088,262144,exact,965,0.021151633768790194,0.0208096969149665,0.0003419368538236933,0.016165978361833703,1.003694648272554,0.00888654866351743,0.008919258723566298,1.0132361590889512e-06,0.0,1.1358477788516591e-06,4.305033258750289e-05
1088,262144,exact,966,0.0208096969149665,0.020472509111743004,0.00033718780322349734,0.016203398088945217,1.0035851110638863,0.008919258723566298,0.008951115010604768,9.956544353672924e-07,0.0,1.1159005284186452e-06,4.255122246253543e-05
1088,262144,exact,967,0.020472509111743004,0.020140015266369094,0.00033249384537390944,0.01624099144658294,1.0034786258633281,0.008951115010604768,0.008982134694284851,9.780767483893088e-07,0.0,1.095973249820581e-06,4.205675231398604e-05
1088,262144,exact,968,0.020140015266369094,0.019812160798580676,0.00032785446778841806,0.016278759646021098,1.0033751080623083,0.008982134694284851,0.009012334805630915,9.605166258773953e-07,0.0,1.076080503233448e-06,4.1566889714746506e-05
1088,262144,exact,969,0.019812160798580676,0.019488891637016382,0.0003232691615642942,0.01631670390982557,1.0032744758186245,0.009012334805630915,0.009041732228802788,9.429872276928083e-07,0.0,1.056236446205644e-06,4.1081602389138715e-05
1088,262144,exact,970,0.019488891637016382,0.01917015421565053,0.0003187374213658514,0.01635482547198605,1.0031766499281114,0.009041732228802788,0.009070343693347522,9.255013300786678e-07,0.0,1.0364548199744833e-06,4.0600858212559873e-05
1088,262144,exact,971,0.01917015421565053,0.018855895470242773,0.00031425874540775764,0.016393125578050723,1.0030815537038746,0.009070343693347522,0.009098185766931543,9.080713106548939e-07,0.0,1.0167489302836258e-06,4.0124625211134835e-05
1088,262144,exact,972,0.018855895470242773,0.018546062834804415,0.00030983263543835765,0.016431605485261448,1.002989112862645,0.009098185766931543,0.009125274848534716,8.907091357470278e-07,0.0,9.971316352417464e-07,3.965287156135386e-05
1088,262144,exact,973,0.018546062834804415,0.01824060423808135,0.00030545859672306483,0.016470266462692385,1.0028992554178329,0.009125274848534716,0.009151627162096313,8.734263489313221e-07,0.0,9.776153311637226e-07,3.918556558972976e-05
1088,262144,exact,974,0.01824060423808135,0.017939468100053608,0.00030113613802774247,0.01650910979138801,1.0028119115788778,0.009151627162096313,0.009177258750598131,8.562340614442445e-07,0.0,9.582119422976015e-07,3.872267577243536e-05
1088,262144,exact,975,0.017939468100053608,0.01764260332845143,0.00029686477160217883,0.01654813676450595,1.002727013656522,0.009177258750598131,0.009202185470571722,8.391429444502917e-07,0.0,9.389329131779395e-07,3.826417073495192e-05
1088,262144,exact,976,0.01764260332845143,0.01734995931528792,0.0002926440131635101,0.01658734868745682,1.0026444959736365,0.009202185470571722,0.00922642298701817,8.221632225922085e-07,0.0,9.197892017285408e-07,3.7810019251698074e-05
1088,262144,exact,977,0.01734995931528792,0.01706148593340788,0.0002884733818800389,0.016626746878066194,1.0025642947812652,0.00922642298701817,0.00924998676873096,8.053046688108451e-07,0.0,9.007912713746707e-07,3.736019024575579e-05
1088,262144,exact,978,0.01706148593340788,0.01677713353305383,0.00028435240035405013,0.016666332666679592,1.0024863481795578,0.00924998676873096,0.009272892084005805,7.885766012336587e-07,0.0,8.819490897576249e-07,3.6914652788315955e-05
1088,262144,exact,979,0.01677713353305383,0.01649685293844724,0.00028028059460659047,0.016706107396379104,1.0024105960433045,0.009272892084005805,0.009295153996729158,7.719878811783812e-07,0.0,8.632721255185521e-07,3.6473376098631054e-05
1088,262144,exact,980,0.01649685293844724,0.01622059544438731,0.00027625749405993036,0.01674607242306744,1.0023369799517459,0.009295153996729158,0.009316787362830757,7.555469128444694e-07,0.0,8.447693499915448e-07,3.6036329543352905e-05
1088,262144,exact,981,0.01622059544438731,0.015948312812865285,0.00027228263152202434,0.016786229115666667,1.0022654431224314,0.009316787362830757,0.009337806827094973,7.392616432116317e-07,0.0,8.264492332762247e-07,3.5603482636378364e-05
1088,262144,exact,982,0.015948312812865285,0.01567995726969536,0.0002683555431699236,0.016826578856256498,1.0021959303488364,0.009337806827094973,0.00935822682031252,7.23139564731171e-07,0.0,8.083197503734596e-07,3.5174805038415744e-05
1088,262144,exact,983,0.01567995726969536,0.015415481501161758,0.0002644757685336032,0.016867123040236548,1.0021283879415104,0.00935822682031252,0.009378061556764707,7.071877182557368e-07,0.0,7.90388384340826e-07,3.4750266556647134e-05
1088,262144,exact,984,0.015415481501161758,0.015154838650681995,0.00026064285047976317,0.016907863076487124,1.0020627636725248,0.009378061556764707,0.009397325032030744,6.914126969331549e-07,0.0,7.726621288912244e-07,3.43298371443717e-05
1088,262144,exact,985,0.015154838650681995,0.014897982315486323,0.0002568563351956713,0.01694880038753249,1.0019990067230098,0.009397325032030744,0.009416031021104757,6.758206515483937e-07,0.0,7.551474948738063e-07,3.391348690065289e-05
1088,262144,exact,986,0.014897982315486323,0.014644866543313297,0.00025311577217302685,0.016989936409705305,1.0019370676335713,0.009416031021104757,0.00943419307681056,6.604172968848392e-07,0.0,7.378505187654455e-07,3.350118606996108e-05
1088,262144,exact,987,0.014644866543313297,0.014395445829121386,0.00024942071419191067,0.01703127259331658,1.0018768982574076,0.00943419307681056,0.009451824528506545,6.452079184770187e-07,0.0,7.207767684039995e-07,3.309290504182434e-05
1088,262144,exact,988,0.014395445829121386,0.014149675111816664,0.0002457707173047219,0.01707281040282462,1.001818451715944,0.009451824528506545,0.009468938481067517,6.301973804544314e-07,0.0,7.039313521476492e-07,3.26886143504678e-05
1088,262144,exact,989,0.014149675111816664,0.013907509770996529,0.00024216534082013505,0.01711455131700502,1.0017616823568156,0.009468938481067517,0.009485547814132732,6.153901342366307e-07,0.0,6.873189288894577e-07,3.2288284674453715e-05
1088,262144,exact,990,0.013907509770996529,0.013668905623709133,0.00023860414728739572,0.01715649682914433,1.0017065457140484,0.009485547814132732,0.009501665181610617,6.007902275777236e-07,0.0,6.70943717303446e-07,3.189188683638756e-05
1088,262144,exact,991,0.013668905623709133,0.01343381892122939,0.00023508670247974345,0.017198648447171835,1.0016529984702875,0.009501665181610617,0.009517303011427862,5.864013144946336e-07,0.0,6.548095076355093e-07,3.149939180239351e-05
1088,262144,exact,992,0.01343381892122939,0.013202206345849826,0.00023161257537956427,0.017241007693914068,1.001600998420943,0.009517303011427862,0.009532473505514047,5.72226665522603e-07,0.0,6.389196722696167e-07,3.11107706820401e-05
1088,262144,exact,993,0.013202206345849826,0.012974025007688498,0.00022818133816132798,0.017283576107190435,1.0015505044401085,0.009532473505514047,0.009547188640009897,5.582691785313994e-07,0.0,6.232771781970042e-07,3.0725994727653764e-05
1088,262144,exact,994,0.012974025007688498,0.012749232441511507,0.0002247925661769904,0.017326355240087542,1.0015014764481611,0.009547188640009897,0.009561460165690806,5.445313896859585e-07,0.0,6.078845979032993e-07,3.0345035334290488e-05
1088,262144,exact,995,0.012749232441511507,0.01252778660357229,0.00022144583793921695,0.01736934666107343,1.0014538753808948,0.009561460165690806,0.009575299608591695,5.310154854623285e-07,0.0,5.927441248769483e-07,2.9967864039111617e-05
1088,262144,exact,996,0.01252778660357229,0.012309645868466015,0.0002181407351062748,0.017412551954235245,1.0014076631601225,0.009575299608591695,0.00958871827082833,5.177233138253903e-07,0.0,5.778575833410154e-07,2.9594452521195068e-05
1088,262144,exact,997,0.012309645868466015,0.012094769025999897,0.0002148768424661187,0.01745597271945695,1.0013628026656096,0.00958871827082833,0.009601727231600592,5.046563966597284e-07,0.0,5.632264436609968e-07,2.9224772601118505e-05
1088,262144,exact,998,0.012094769025999897,0.01188311527807912,0.00021165374792077654,0.017499610572619326,1.0013192577082886,0.009601727231600592,0.009614337348370817,4.918159417397885e-07,0.0,5.488518346873777e-07,2.885879624061604e-05
1088,262144,exact,999,0.01188311527807912,0.011674644235608416,0.00020847104247070404,0.017543467145797388,1.0012769930046315,0.009614337348370817,0.009626559258206374,4.792028550775465e-07,0.0,5.347345575570928e-07,2.8496495542212377e-05
1088,262144,exact,1000,0.011674644235608416,0.011469315915408994,0.00020532832019942195,0.01758754408748126,1.0012359741521357,0.009626559258206374,0.009638403379277544,4.6681775324798567e-07,0.0,5.208750992243688e-07,2.8137842748928187e-05
1088,262144,exact,1001,0.011469315915408994,0.011267090737151554,0.00020222517825744038,0.017631843062736758,1.001196167605821,0.009638403379277544,0.009649879912501384,4.546609758224904e-07,0.0,5.072736461112642e-07,2.778281024377136e-05
1088,262144,exact,1002,0.011267090737151554,0.011067929520303907,0.00019916121684764726,0.017676365753489746,1.001157540655701,0.009649879912501384,0.009660998843322844,4.4273259768082766e-07,0.0,4.939300975708577e-07,2.7431370549628384e-05
1088,262144,exact,1003,0.011067929520303907,0.010871793481095057,0.00019613603920884924,0.017721113858652732,1.0011200614051283,0.009660998843322844,0.009671769943624115,4.3103244133617004e-07,0.0,4.808440794614594e-07,2.70834963286328e-05
1088,262144,exact,1004,0.010871793481095057,0.010678644229493873,0.00019314925160118443,0.01776608909441219,1.0010836987499956,0.009671769943624115,0.009682202773753897,4.195600892272724e-07,0.0,4.680149575941872e-07,2.6739160382033852e-05
1088,262144,exact,1005,0.010678644229493873,0.010488443766203443,0.00019020046329043007,0.01781129319442126,1.001048422358706,0.009682202773753897,0.009692306684668221,4.083148956985113e-07,0.0,4.5544185090298783e-07,2.639833564976227e-05
1088,262144,exact,1006,0.010488443766203443,0.010301154479671108,0.00018728928653233452,0.017856727909990846,1.001014202652876,0.009692306684668221,0.009702090820174742,3.972959990631837e-07,0.0,4.431236446215958e-07,2.606099520997636e-05
1088,262144,exact,1007,0.010301154479671108,0.010116739143113021,0.00018441533655808723,0.017902395010386755,1.0009810107887356,0.009702090820174742,0.009711564119272771,3.865023333302934e-07,0.0,4.31059003186407e-07,2.5727112278921444e-05
1088,262144,exact,1008,0.010116739143113021,0.009935160911554738,0.0001815782315582829,0.01794829628298684,1.0009488186391513,0.009711564119272771,0.009720735318581345,3.7593263979407385e-07,0.0,4.1924638289822513e-07,2.5396660210362548e-05
1088,262144,exact,1009,0.009935160911554738,0.009756383318886537,0.00017877759266820073,0.017994433533560564,1.000917598776272,0.009720735318581345,0.009729612954848142,3.655854783464268e-07,0.0,4.0768404434288197e-07,2.50696124953636e-05
1088,262144,exact,1010,0.009756383318886537,0.009580370274934108,0.0001760130439524294,0.01804080858648727,1.0008873244547247,0.009729612954848142,0.009738205367532036,3.554592386456537e-07,0.0,3.963700645950169e-07,2.4745942761881766e-05
1088,262144,exact,1011,0.009580370274934108,0.009407086062544326,0.0001732842123897821,0.01808742328500178,1.0008579695953546,0.009738205367532036,0.009746520701452564,3.4555215093271217e-07,0.0,3.853023490662383e-07,2.4425624774425172e-05
1088,262144,exact,1012,0.009407086062544326,0.009236495334686155,0.00017059072785817128,0.01813427949143603,1.0008295087694572,0.009746520701452564,0.00975456690949963,3.358622965643701e-07,0.0,3.7447864304970824e-07,2.410863243369127e-05
1088,262144,exact,1013,0.009236495334686155,0.009068563111566593,0.00016793222311956187,0.018181379087468353,1.0008019171834863,0.00975456690949963,0.009762351755397154,3.263876184019812e-07,0.0,3.6389654307390773e-07,2.3794939776220476e-05
1088,262144,exact,1014,0.009068563111566593,0.00890325477776166,0.00016530833380493277,0.018228723974373466,1.0007751706642092,0.009762351755397154,0.009769882816514627,3.1712593067543735e-07,0.0,3.535535076770041e-07,2.3484520974031128e-05
1088,262144,exact,1015,0.00890325477776166,0.008740536079362229,0.00016271869839943123,0.018276316073293348,1.0007492456442781,0.009769882816514627,0.009777167486720624,3.080749287610444e-07,0.0,3.434468681447894e-07,2.3177350334305892e-05
1088,262144,exact,1016,0.008740536079362229,0.008580373121135205,0.00016016295822702392,0.018324157325452117,1.000724119148202,0.009777167486720624,0.009784212979272778,2.99232198488469e-07,0.0,3.3357383864493495e-07,2.287340229892422e-05
1088,262144,exact,1017,0.008580373121135205,0.008422732363698953,0.00015764075743625143,0.018372249692492994,1.0006997687786983,0.009784212979272778,0.009791026329738866,2.905952252521144e-07,0.0,3.2393152619471233e-07,2.257265144429211e-05
1088,262144,exact,1018,0.008422732363698953,0.008267580620714258,0.00015515174298469554,0.018420595156671774,1.0006761727033973,0.009791026329738866,0.009797614398943834,2.821614026479079e-07,0.0,3.1451694009268505e-07,2.227507248079824e-05
1088,262144,exact,1019,0.008267580620714258,0.008114885056089666,0.00015269556462459144,0.018469195721178184,1.0006533096418933,0.009797614398943834,0.009803983875937946,2.73928040974174e-07,0.0,3.053270012445819e-07,2.1980640252584805e-05
1088,262144,exact,1020,0.008114885056089666,0.007964613181201773,0.00015027187488789347,0.018518053410396085,1.0006311588531147,0.009803983875937946,0.009810141280981437,2.6589237523340516e-07,0.0,2.9635855083344487e-07,2.168932973714896e-05
1088,262144,exact,1021,0.007964613181201773,0.007816732852130361,0.00014788032907141202,0.018567170270169794,1.0006097001230045,0.009810141280981437,0.009816092968541183,2.5805157292189393e-07,0.0,2.8760835888395897e-07,2.1401116044957027e-05
1088,262144,exact,1022,0.007816732852130361,0.007671212266907878,0.000145520585222483,0.01861654836813606,1.0005889137525017,0.009816092968541183,0.009821845130295345,2.504027414379908e-07,0.0,2.790731322855483e-07,2.1115974419197542e-05
1088,262144,exact,1023,0.007671212266907878,0.0075280199627840785,0.00014319230412379938,0.018666189793952542,1.0005687805457966,0.009821845130295345,0.009827403798141836,2.4294293521910496e-07,0.0,2.7074952266628594e-07,2.083388023528263e-05
1088,262144,exact,1024,0.0075280199627840785,0.0073871248135049285,0.00014089514927915006,0.01871609665963784,1.0005492817988637,0.009827403798141836,0.009832774847207088,2.3566916246080132e-07,0.0,2.6263413361281296e-07,2.055480900059919e-05
1088,262144,exact,1025,0.0073871248135049285,0.007248496026606241,0.00013862878689868772,0.018766271099853432,1.000530399288252,0.009832774847207088,0.009837963998851364,2.285783916669313e-07,0.0,2.547235278919924e-07,2.027873635411427e-05
1088,262144,exact,1026,0.007248496026606241,0.0071121031407218385,0.00013639288588440223,0.018816715272210977,1.0005121152601282,0.009837963998851364,0.00984297682366745,2.2166755777647188e-07,0.0,2.470142340949e-07,2.0005638066027032e-05
1088,262144,exact,1027,0.0071121031407218385,0.006977916022906252,0.0001341871178155863,0.018867431357578297,1.0004944124195578,0.00984297682366745,0.009847818744469501,2.149335679941993e-07,0.0,2.3950275298417756e-07,1.973549003740727e-05
1088,262144,exact,1028,0.006977916022906252,0.006845904865971758,0.0001320111569344945,0.018918421560412072,1.0004772739200212,0.009847818744469501,0.009852495039269125,2.0837330741086957e-07,0.0,2.3218556361760678e-07,1.9468268299880757e-05
1088,262144,exact,1029,0.006845904865971758,0.006716040185840196,0.00012986468013156168,0.018969688109028045,1.0004606833531526,0.009852495039269125,0.009857010844235918,2.0198364421297875e-07,0.0,2.2505912902932856e-07,1.9203949015169386e-05
1088,262144,exact,1030,0.006716040185840196,0.006588292818908622,0.00012774736693157377,0.019021233256005632,1.0004446247387027,0.009857010844235918,0.009861371156639952,1.957614347249911e-07,0.0,2.181199016994262e-07,1.8942508474906998e-05
1088,262144,exact,1031,0.006588292818908622,0.0064626339194299755,0.0001256588994786468,0.0190730592784221,1.0004290825147015,0.009861371156639952,0.009865580837773714,1.8970352807377715e-07,0.0,2.113643286071748e-07,1.8683923100084826e-05
1088,262144,exact,1032,0.0064626339194299755,0.006339034956907404,0.00012359896252257113,0.019125168478283997,1.0004140415278362,0.009865580837773714,0.0098696446158513,1.8380677062328153e-07,0.0,2.0478885609867548e-07,1.842816944089336e-05
1088,262144,exact,1033,0.006339034956907404,0.006217467713503416,0.00012156724340398831,0.019177563182787172,1.0003994870240234,0.0098696446158513,0.00987356708888281,1.780680101797461e-07,0.0,1.9838993442489183e-07,1.8175224176206154e-05
1088,262144,exact,1034,0.006217467713503416,0.0060979042814629306,0.00011956343204048547,0.019230245744712347,1.0003854046391745,0.00987356708888281,0.009877352727521998,1.7248409992931988e-07,0.0,1.9216402199866145e-07,1.7925064113323393e-05
1088,262144,exact,1035,0.0060979042814629306,0.005980317060550648,0.00011758722091228298,0.01928321854276023,1.000371780390151,0.009877352727521998,0.009881005877885419,1.6705190203085992e-07,0.0,1.861075893064973e-07,1.7677666187582665e-05
1088,262144,exact,1036,0.005980317060550648,0.005864678755502567,0.00011563830504808092,0.019336483981910037,1.0003586006659033,0.009881005877885419,0.009884530764341412,1.6176829114758728e-07,0.0,1.8021712275967383e-07,1.7433007462006667e-05
1088,262144,exact,1037,0.005864678755502567,0.005750962373491609,0.0001137163820109574,0.019390044493786195,1.0003458522187896,0.009884530764341412,0.00988793149226749,1.5663015765075287e-07,0.0,1.7448912811510175e-07,1.7191065126953728e-05
1088,262144,exact,1038,0.005750962373491609,0.0056391412216073335,0.00011182115188427579,0.01944390253702621,1.0003335221560679,0.00988793149226749,0.009891212050774706,1.5163441051161748e-07,0.0,1.689201336498719e-07,1.6951816499758983e-05
1088,262144,exact,1039,0.0056391412216073335,0.005529188904349684,0.0001099523172576498,0.019498060597657796,1.0003215979315634,0.009891212050774706,0.009894376315397826,1.4677798023002066e-07,0.0,1.635066932941659e-07,1.6715239024383773e-05
1088,262144,exact,1040,0.005529188904349684,0.005421079321136742,0.00010810958321294181,0.01955252118948125,1.0003100673375,0.009894376315397826,0.009897428050750154,1.420578213044949e-07,0.0,1.582453893148733e-07,1.6481310271057504e-05
1088,262144,exact,1041,0.005421079321136742,0.005314786663826443,0.00010629265731029909,0.019607286854458103,1.000298918496497,0.009897428050750154,0.009900370913141995,1.3747091462781273e-07,0.0,1.5313283490379914e-07,1.6250007935925722e-05
1088,262144,exact,1042,0.005314786663826443,0.005210285414252228,0.00010450124957421449,0.01966236016310344,1.0002881398537298,0.009900370913141995,0.00990320845316192,1.3301426974589613e-07,0.0,1.4816567660454194e-07,1.6021309840690276e-05
1088,262144,exact,1043,0.005210285414252228,0.005107550341772479,0.00010273507247974926,0.019717743714908108,1.000277720169244,0.00990320845316192,0.00990594411822001,1.2868492678156867e-07,0.0,1.4334059636293695e-07,1.579519393228571e-05
1088,262144,exact,1044,0.005107550341772479,0.005006556500834072,0.0001009938409384072,0.019773440138694587,1.0002676485104267,0.00990594411822001,0.009908581255052352,1.244799583641204e-07,0.0,1.386543136330104e-07,1.5571638282440638e-05
1088,262144,exact,1045,0.005006556500834072,0.004907279228549311,9.927727228476076e-05,0.019829452093114614,1.0002579142446324,0.009908581255052352,0.00991112311218625,1.2039647125909457e-07,0.0,1.3410358713598913e-07,1.5350621087454962e-05
1088,262144,exact,1046,0.004907279228549311,0.00480969414228705,9.758508626226108e-05,0.019885782266991392,1.0002485070319516,0.00991112311218625,0.009913572842365638,1.1643160791156637e-07,0.0,1.296852164406337e-07,1.5132120667714207e-05
1088,262144,exact,1047,0.00480969414228705,0.00471377713727727,9.591700500977997e-05,0.019942433379801283,1.0002394168181339,0.009913572842365638,0.009915933504936211,1.125825478369814e-07,0.0,1.2539604352101996e-07,1.491611546741983e-05
1088,262144,exact,1048,0.00471377713727727,0.00461950438422945,9.42727530478197e-05,0.01999940818209167,1.0002306338276483,0.009915933504936211,0.009918208068189974,1.0884650883853812e-07,0.0,1.212329540263568e-07,1.4702584054200927e-05
1088,262144,exact,1049,0.00461950438422945,0.004526852326964566,9.265205726488417e-05,0.020056709455929838,1.0002221485568916,0.009918208068189974,0.009920399411668923,1.0522074812901582e-07,0.0,1.1719287847967996e-07,1.4491505118768045e-05
1088,262144,exact,1050,0.004526852326964566,0.004435797680060697,9.105464690386915e-05,0.020114340015355635,1.0002139517675293,0.009920399411668923,0.009922510328427664,1.0170256331894777e-07,0.0,1.1327279329960416e-07,1.4282857474556916e-05
1088,262144,exact,1051,0.004435797680060697,0.004346317426512205,8.948025354849239e-05,0.02017230270684212,1.0002060344799795,0.009922510328427664,0.009924543527254807,9.82892932534684e-08,0.0,1.0946972171799185e-07,1.4076620057374427e-05
1088,262144,exact,1052,0.004346317426512205,0.0042583888154024575,8.792861110974715e-05,0.020230600409760532,1.0001983879670278,0.009924543527254807,0.009926501634853082,9.497831877186826e-08,0.0,1.05780734546701e-07,1.3872771925039873e-05
1088,262144,exact,1053,0.0042583888154024575,0.004171989359589962,8.639945581249541e-05,0.02028923603687651,1.000191003747576,0.009926501634853082,0.009928387197978148,9.176706335691903e-08,0.0,1.0220295086800502e-07,1.3671292257056338e-05
1088,262144,exact,1054,0.004171989359589962,0.004087096833408154,8.48925261818078e-05,0.020348212534787323,1.0001838735805206,0.009928387197978148,0.009930202685536125,8.865299365653554e-08,0.0,9.873353856715283e-08,1.3472160354192373e-05
1088,262144,exact,1055,0.004087096833408154,0.00400368927037834,8.340756302981436e-05,0.020407532884475933,1.0001769894587595,0.009930202685536125,0.009931950490639944,8.563361993077259e-08,0.0,9.536971479727485e-08,1.3275355638207733e-05
1088,262144,exact,1056,0.00400368927037834,0.003921744960936135,8.194430944220496e-05,0.02046720010178547,1.0001703436033267,0.009931950490639944,0.009933632932624671,8.270649642003472e-08,0.0,9.210874632979704e-08,1.3080857651463124e-05
1088,262144,exact,1057,0.003921744960936135,0.0038412424501713797,8.050251076475523e-05,0.020527217237894784,1.0001639284576462,0.009933632932624671,0.009935252259021919,7.98692216131567e-08,0.0,8.894794983546617e-08,1.2888646056517868e-05
1088,262144,exact,1058,0.0038412424501713797,0.0037621605355810154,7.908191459036432e-05,0.020587587379920794,1.0001577366819134,0.009935252259021919,0.00993681064749363,7.711943843370758e-08,0.0,8.588469203353599e-08,1.2698700635884694e-05
1088,262144,exact,1059,0.0037621605355810154,0.00368447826483556,7.76822707454555e-05,0.0206483136513627,1.0001517611475927,0.00993681064749363,0.009938310207725435,7.445483435208963e-08,0.0,8.291638982360627e-08,1.2511001291562959e-05
1088,262144,exact,1060,0.00368447826483556,0.0036081749335585846,7.630333127697526e-05,0.020709399212694424,1.0001459949320375,0.009938310207725435,0.009939752983279967,7.187314144443717e-08,0.0,8.004051025613246e-08,1.2325528044755714e-05
1088,262144,exact,1061,0.0036081749335585846,0.0035332300831194467,7.494485043913791e-05,0.02077084726189345,1.000140431313217,0.009939752983279967,0.009941140953410293,6.937213638328738e-08,0.0,7.725457055150764e-08,1.2142261035488987e-05
1088,262144,exact,1062,0.0035332300831194467,0.0034596234984391517,7.3606584680295e-05,0.02083266103500076,1.0001350637645712,0.009941140953410293,0.009942476034833996,6.694964035933158e-08,0.0,7.455613795608051e-08,1.196118052225973e-05
1088,262144,exact,1063,0.0034596234984391517,0.0033873352058093084,7.228829262984331e-05,0.020894843806690815,1.0001298859499657,0.009942476034833996,0.009943760083468171,6.460351893308179e-08,0.0,7.194282955307052e-08,1.178226688168483e-05
1088,262144,exact,1064,0.0033873352058093084,0.0033163454707241516,7.098973508515684e-05,0.020957398890847544,1.0001248917187626,0.009943760083468171,0.009944994896125787,6.233168189141667e-08,0.0,6.941231206307463e-08,1.1605500608143675e-05
1088,262144,exact,1065,0.0033163454707241516,0.0032466347957255904,6.971067499856112e-05,0.021020329641151414,1.0001200751010013,0.009944994896125787,0.009946182212173816,6.013208296176808e-08,0.0,6.696230154222549e-08,1.1430862313421435e-05
1088,262144,exact,1066,0.0032466347957255904,0.003178183918261174,6.845087746441651e-05,0.0210836394516983,1.0001154303026802,0.009946182212173816,0.00994732371515362,5.8002719615627675e-08,0.0,6.459056307514532e-08,1.1258332726377332e-05
1088,262144,exact,1067,0.003178183918261174,0.0031109738085551802,6.72101097059937e-05,0.021147331757554556,1.0001109517011504,0.00994732371515362,0.009948421034363988,5.5941632659898065e-08,0.0,6.229491038116375e-08,1.1087892692528961e-05
1088,262144,exact,1068,0.0031109738085551802,0.003044985667492313,6.598814106286701e-05,0.0212114100354685,1.0001066338406097,0.009948421034363988,0.00994947574640743,5.394690596216379e-08,0.0,6.007320541533134e-08,1.0919523173796045e-05
1088,262144,exact,1069,0.003044985667492313,0.002980200924514613,6.478474297770022e-05,0.021275877804394876,1.000102471427693,0.00994947574640743,0.009950489376700088,5.2016666029548216e-08,0.0,5.792335790351377e-08,1.075320524803151e-05
1088,262144,exact,1070,0.002980200924514613,0.0029166012355308466,6.359968898376643e-05,0.021340738626247135,1.0000984593271716,0.009950489376700088,0.009951463400945857,5.014908158181155e-08,0.0,5.5843324870546995e-08,1.0588920108778688e-05
1088,262144,exact,1071,0.0029166012355308466,0.0028541684808389583,6.243275469188826e-05,0.021405996106466357,1.0000945925577438,0.009951463400945857,0.009952399246575242,4.834236310729392e-08,0.0,5.383111011114661e-08,1.0426649064828548e-05
1088,262144,exact,1072,0.0028541684808389583,0.002792884763061155,6.128371777780342e-05,0.02147165389472369,1.0000908662879224,0.009952399246575242,0.009953298294149458,4.659476243577862e-08,0.0,5.1884763678164414e-08,1.0266373539900764e-05
1088,262144,exact,1073,0.002792884763061155,0.0027327324050916086,6.0152357969546315e-05,0.021537715685632525,1.0000872758320196,0.009953298294149458,0.009954161878730316,4.490457216108509e-08,0.0,5.0002381265026874e-08,1.010807507231905e-05
1088,262144,exact,1074,0.0027327324050916086,0.002673693948057024,5.903845703458463e-05,0.02160418521937405,1.000083816646221,0.009954161878730316,0.009954991291216462,4.327012516254301e-08,0.0,4.8182103629806905e-08,9.951735314592294e-06
1088,262144,exact,1075,0.002673693948057024,0.0026157521492896746,5.7941798767349294e-05,0.02167106628245752,1.0000804843247528,0.009954991291216462,0.00995578777964653,4.1689794112291454e-08,0.0,4.6422116036642924e-08,9.797336033112358e-06
1088,262144,exact,1076,0.0026157521492896746,0.002558889980313097,5.6862168976577494e-05,0.021738362708415934,1.000077274596138,0.00995578777964653,0.009956552550469734,4.016199080437291e-08,0.0,4.472064750633831e-08,9.64485910777776e-06
1088,262144,exact,1077,0.002558889980313097,0.0025030906248403218,5.579935547277539e-05,0.021806078378542856,1.0000741833195395,0.009956552550469734,0.009957286769784508,3.868516572757736e-08,0.0,4.3075970316761025e-08,9.494286531642633e-06
1088,262144,exact,1078,0.0025030906248403218,0.002448337476784614,5.475314805570772e-05,0.021874217222638735,1.0000712064811914,0.009957286769784508,0.00995799156454574,3.7257807350595066e-08,0.0,4.148639921007502e-08,9.345600410563172e-06
1088,262144,exact,1079,0.002448337476784614,0.002394614138282689,5.372333850192515e-05,0.021942783219770695,1.0000683401909116,0.00995799156454574,0.009958668023741178,3.587844164359256e-08,0.0,3.995029082201618e-08,9.198782962842932e-06
1088,262144,exact,1080,0.002394614138282689,0.0023419044177303656,5.270972055232328e-05,0.022011780399043477,1.0000655806786993,0.009958668023741178,0.009959317199537557,3.454563135987834e-08,0.0,3.8466042918613996e-08,9.053816518875346e-06
1088,262144,exact,1081,0.0023419044177303656,0.0022901923278305647,5.171208989980091e-05,0.02208121284041011,1.0000629242914147,0.009959317199537557,0.009959940108397073,3.3257975520934727e-08,0.0,3.70320937612828e-08,8.91068352080702e-06
1088,262144,exact,1082,0.0022901923278305647,0.002239462083653797,5.0730244176767914e-05,0.02215108467541818,1.0000603674895359,0.009959940108397073,0.00996053773216471,3.201410876040282e-08,0.0,3.564692139558512e-08,8.769366522135927e-06
1088,262144,exact,1083,0.002239462083653797,0.0021896981007107526,4.976398294304421e-05,0.022221400088119254,1.0000579068439959,0.00996053773216471,0.009961111019127028,3.081270068733793e-08,0.0,3.430904293999504e-08,8.629848187430662e-06
1088,262144,exact,1084,0.0021896981007107526,0.0021408849930373785,4.8813107673374104e-05,0.02229216331581504,1.000055539033095,0.009961111019127028,0.009961660885042984,2.9652455262321762e-08,0.0,3.301701386078382e-08,8.49211129190344e-06
1088,262144,exact,1085,0.0021408849930373785,0.002093007571292058,4.7877421745320514e-05,0.022363378649964037,1.00005326083949,0.009961660885042984,0.00996218821414732,2.8532110189565996e-08,0.0,3.176942730762078e-08,8.356138721100908e-06
1088,262144,exact,1086,0.002093007571292058,0.0020460508408650375,4.6956730427020425e-05,0.022435050437028776,1.0000510691472562,0.00996218821414732,0.009962693860127114,2.745043625580101e-08,0.0,3.0564913364172774e-08,8.221913470533593e-06
1088,262144,exact,1087,0.0020460508408650375,0.002000000000000003,4.6050840865034456e-05,0.022507183079363217,1.0000489609390197,0.009962693860127114,0.009963178647072034,2.6406236719053198e-08,0.0,2.9402138357684238e-08,8.089418645323494e-06
