K,M,initialization,step_index,sigma,sigma_next,ell,a,gamma,e,e_next,discretization_term,learning_term,recursion_slack,Delta_j
17,65536,exact,0,79.99999999999999,57.58598472124816,22.414015278751826,0.28017519098439786,1.0,0.0,0.0001703787708219602,0.0001703787708219602,0.0,0.0,53.95486444010245
17,65536,exact,1,57.58598472124816,40.78557379650796,16.8004109247402,0.29174478835544093,0.7082772028854152,0.0001703787708219602,0.0003814956322035765,0.0002608202330718755,0.0,9.713210053982624e-14,42.314594914845436
17,65536,exact,2,40.78557379650796,28.37458460415684,12.41098919235112,0.3042985064835288,0.6957472136510036,0.0003814956322035765,0.0006732235769130648,0.0004077990548880102,0.0,1.100611789206507e-12,32.7764098451351
17,65536,exact,3,28.37458460415684,19.352452980325225,9.022131623831616,0.31796524071439214,0.6821334359500879,0.0006732235769130648,0.0011118425698222612,0.000652614267779247,0.0,9.639302810809935e-12,25.04175511189968
17,65536,exact,4,19.352452980325225,12.91008238075732,6.442370599567905,0.33289684806972925,0.6673250986541135,0.0011118425698222612,0.0018134772433831615,0.0010715168731331513,0.0,8.234447347078844e-11,18.84179250747516
17,65536,exact,5,12.91008238075732,8.400935309099815,4.509147071657505,0.34927329963273196,0.6512491692066722,0.0018134772433831615,0.0029904387300032104,0.0018094139277058947,0.0,7.458311741641299e-10,13.93584095178603
17,65536,exact,6,8.400935309099815,5.315194521796382,3.0857407873034326,0.36730919519889493,0.633983577358828,0.0029904387300032104,0.005044613548167476,0.0031487319441976433,0.0,7.439949993755246e-09,10.109817708525842
17,65536,exact,7,5.315194521796382,3.256821519765537,2.0583730020308453,0.38726202655235553,0.6161107026102159,0.005044613548167476,0.008752727665947086,0.005644769754133564,0.0,8.24857449548827e-08,7.174679601340078
17,65536,exact,8,3.256821519765537,1.923339837040052,1.3334816827254847,0.40944266507471494,0.599814831389257,0.008752727665947086,0.01558365126765289,0.010334613223705592,0.0,9.778251988373093e-07,4.9648642300074455
17,65536,exact,9,1.923339837040052,1.088170636545279,0.8351692004947731,0.4342286185784345,0.5920003569967273,0.01558365126765289,0.027860842713059462,0.018645828163857976,0.0,1.0512564561526716e-05,3.3367311866254505
17,65536,exact,10,1.088170636545279,0.5853481231945421,0.5028225133507369,0.4620805749244405,0.6102518559419234,0.027860842713059462,0.04656232664058761,0.029621021135667096,0.0,6.0825468830030816e-05,2.1670032717960517
17,65536,exact,11,0.5853481231945421,0.2964422844791572,0.2889058387153849,0.49356242425221925,0.6822322264067392,0.04656232664058761,0.0634667444022055,0.03178825966083083,0.0,8.783502931124232e-05,1.3512077108170184
17,65536,exact,12,0.2964422844791572,0.13951646873101678,0.15692581574814043,0.5293638052474725,0.8215593434169437,0.0634667444022055,0.0752021326743404,0.03276799366978166,0.0,0.009707557855328203,0.8021173698791623
17,65536,exact,13,0.13951646873101678,0.05994731123547159,0.07956915749554519,0.5703208963018691,1.0943201789439896,0.0752021326743404,0.09169100636627621,0.021719524816355223,0.0,0.012323729735232838,0.44819197227658497
17,65536,exact,14,0.05994731123547159,0.022934518372333384,0.0370127928631382,0.6174220678180685,1.1930867241355558,0.09169100636627621,0.107490683437273,0.004857748426005477,0.0,0.006762387406965359,0.23201931464060516
17,65536,exact,15,0.022934518372333384,0.0075280199627840785,0.015406498409549305,0.67176027677715,1.0530432107901655,0.107490683437273,0.11235877576911936,0.0022569961864338586,0.0,0.003090554834129719,0.1087564832227562
17,65536,exact,16,0.0075280199627840785,0.002000000000000003,0.005528019962784075,0.7343258904881615,1.0069439339414115,0.11235877576911936,0.11300599432683245,0.00037017237137625857,0.0,0.0005031657303418147,0.04457107028699026
34,65536,exact,0,79.99999999999999,68.00509691086583,11.994903089134155,0.14993628861417696,1.0,0.0,4.131893266168273e-05,4.131893266168273e-05,0.0,0.0,14.684565709720331
34,65536,exact,1,68.00509691086583,57.58598472124816,10.419112189617671,0.15321075423617123,0.8467975271576742,4.131893266168273e-05,8.593683193074349e-05,5.094806193110082e-05,0.0,3.0647278334919315e-15,13.049860211720805
34,65536,exact,2,57.58598472124816,48.5662308756586,9.019753845589563,0.15663106030487728,0.8433807462854309,8.593683193074349e-05,0.0001356126645057018,6.313519507531573e-05,0.0,1.67700326281911e-14,11.56409654288241
34,65536,exact,3,48.5662308756586,40.78557379650796,7.780657079150636,0.16020714267637975,0.839809834639242,0.0001356126645057018,0.00019253628369202852,7.864743440178617e-05,0.0,6.327810454440086e-14,10.216856365198423
34,65536,exact,4,40.78557379650796,34.09878478149797,6.6867890150099925,0.1639498575739668,0.8360747755065138,0.00019253628369202852,0.0002594840914872065,9.850936152866451e-05,0.0,2.061291675542476e-13,8.9982189383083
34,65536,exact,5,34.09878478149797,28.37458460415684,5.724200177341128,0.16787109024621558,0.8321649898456154,0.0002594840914872065,0.0003400325329270304,0.0001240989571964765,0.0,6.269960679122777e-13,7.898748941497292
34,65536,exact,6,28.37458460415684,23.494613469940717,4.879971134216124,0.17198387931646458,0.8280694937994499,0.0003400325329270304,0.0004388533401073688,0.0001572827745405536,0.0,1.8494155859527517e-12,6.9094842956993325
34,65536,exact,7,23.494613469940717,19.352452980325225,4.142160489615492,0.1763025595171004,0.823777222139019,0.0004388533401073688,0.0005621251072830902,0.00020060772724720565,0.0,5.404193910950317e-12,6.0219239854971605
34,65536,exact,8,19.352452980325225,15.852698757309602,3.499754223015623,0.18084292604010804,0.8192776443280437,0.0005621251072830902,0.0007181113981374686,0.0002575748802808319,0.0,1.5855902203189276e-11,5.228015881124778
34,65536,exact,9,15.852698757309602,12.91008238075732,2.942616376552282,0.18562242439606416,0.8145618972003625,0.0007181113981374686,0.000917978350595857,0.0003330322148614697,0.0,4.713367402538887e-11,4.520144560467992
34,65536,exact,10,12.91008238075732,10.448641290995925,2.4614410897613954,0.19066037048920864,0.8096248334163115,0.000917978350595857,0.0011769574129741431,0.00043373948664392117,0.0,1.4285072929241804e-10,3.891119131066585
34,65536,exact,11,10.448641290995925,8.400935309099815,2.04770598189611,0.19597820662679963,0.804468701565026,0.0011769574129741431,0.0015160040906008736,0.0005691791321420016,0.0,4.433537690619327e-10,3.334161052115028
34,65536,exact,12,8.400935309099815,6.707308427278882,1.6936268818209328,0.2015998004396501,0.7991097456032319,0.0015160040906008736,0.0019641613314698545,0.0007527091013550543,0.0,1.413058722983529e-09,2.842891956464313
34,65536,exact,13,6.707308427278882,5.315194521796382,1.3921139054824998,0.20755179526570136,0.7935900307948304,0.0019641613314698545,0.0025618952198059168,0.0010031609987780792,0.0,4.630499339432909e-09,2.411321472623458
34,65536,exact,14,5.315194521796382,4.178465640839506,1.136728880956876,0.21386402252926287,0.7879985589140474,0.0025618952198059168,0.0033656845630571563,0.0013469304077390436,0.0,1.558597773629669e-08,2.0338350467602995
34,65536,exact,15,4.178465640839506,3.256821519765537,0.9216441210739692,0.22056998915247736,0.782508519043611,0.0033656845630571563,0.004453968741780169,0.0018203455542977944,0.0,5.365552342359581e-08,1.7051817647035625
34,65536,exact,16,3.256821519765537,2.515218976147159,0.7416025436183777,0.22770745621693347,0.7774410814311509,0.004453968741780169,0.005933785410858783,0.002471274204753676,0.0,1.8706916501010779e-07,1.4204621739439107
34,65536,exact,17,2.515218976147159,1.923339837040052,0.591879139107107,0.23531912915739614,0.7733677551407702,0.005933785410858783,0.007945060229662928,0.0033567099077330756,0.0,6.479807530580806e-07,1.1751161056354618
34,65536,exact,18,1.923339837040052,1.4550960508960729,0.4682437861439792,0.24345348498816977,0.7712529812664342,0.007945060229662928,0.010653458041909222,0.004527959931224661,0.0,2.153277784352342e-06,0.9649104965971373
34,65536,exact,19,1.4550960508960729,1.088170636545279,0.36692541435079384,0.25216576879913527,0.7725935376834662,0.010653458041909222,0.014210126326286751,0.005985786421163626,0.0,6.452932037893586e-06,0.7859272113140636
34,65536,exact,20,1.088170636545279,0.8035931216700426,0.2845775148752364,0.26151920049847355,0.7794135948162789,0.014210126326286751,0.018640026277698202,0.007580066376682403,0.0,1.5605741748799667e-05,0.6345508639390386
34,65536,exact,21,0.8035931216700426,0.5853481231945421,0.2182449984755005,0.27158644417207,0.7939042939146533,0.018640026277698202,0.023635093757613045,0.008861330858884258,0.0,2.4634001817788048e-05,0.507456640293896
34,65536,exact,22,0.5853481231945421,0.4200157220128909,0.1653324011816512,0.28245140734260543,0.8176907177061696,0.023635093757613045,0.02839798616518464,0.009092323563706612,0.0,2.0534176237190643e-05,0.40159811987089844
34,65536,exact,23,0.4200157220128909,0.2964422844791572,0.12357343753373368,0.29421145699384327,0.8510177891453276,0.02839798616518464,0.03202921165154572,0.007982716678412246,0.0,0.00012069642934155189,0.314195097834165
34,65536,exact,24,0.2964422844791572,0.2054403830825478,0.09100190139660941,0.3069801649805048,0.8927454929429476,0.03202921165154572,0.03497327436980978,0.008393912934660512,0.0,0.002014572909283918,0.24272140702106768
34,65536,exact,25,0.2054403830825478,0.13951646873101678,0.06592391435153103,0.3208907292829677,0.9498114438030983,0.03497327436980978,0.03974246799538035,0.011156110355859174,0.0,0.004631658584189742,0.18489273994363584
34,65536,exact,26,0.13951646873101678,0.0926249470665603,0.04689152166445648,0.3361002617896086,1.0488078433164072,0.03974246799538035,0.046019490689726286,0.008847342565060553,0.0,0.004510064021640475,0.13865447078998935
34,65536,exact,27,0.0926249470665603,0.05994731123547159,0.03267763583108871,0.35279519034549683,1.187642829734582,0.046019490689726286,0.05499701905829398,0.003632265156499624,0.0,0.0032899642438964163,0.10216947742570902
34,65536,exact,28,0.05994731123547159,0.037694983536806455,0.022252327698665135,0.3711980944609597,1.177561167323152,0.05499701905829398,0.06421785033793644,0.0014709466544341695,0.0,0.0020154502780760364,0.07380596339528964
34,65536,exact,29,0.037694983536806455,0.022934518372333384,0.014760465164473071,0.39157637912377735,1.0998397455245539,0.06421785033793644,0.07016199873287031,0.0012687359810097968,0.0,0.0017360814219493786,0.05212527992354667
34,65536,exact,30,0.022934518372333384,0.01343381892122939,0.009500699451103994,0.4142532795702822,1.0453068972137536,0.07016199873287031,0.07305507856818867,0.000812787653445185,0.0,0.001098530283028476,0.03586974791704151
34,65536,exact,31,0.01343381892122939,0.0075280199627840785,0.005905798958445311,0.43962174814731275,1.017609867406548,0.07305507856818867,0.0742087626216502,0.0003868704715085458,0.0,0.0005196766650077678,0.023950479965533195
34,65536,exact,32,0.0075280199627840785,0.00400368927037834,0.0035243306924057386,0.46816170916506705,1.0060354370461064,0.0742087626216502,0.07460584951329363,0.00014948312243764374,0.0,0.00020027854586664173,0.015435202343434762
34,65536,exact,33,0.00400368927037834,0.002000000000000003,0.002003689270378337,0.5004607338543514,1.0018398968457534,0.07460584951329363,0.07472630566342478,4.9655821121663134e-05,0.0,6.646673818477833e-05,0.009536077011316327
68,65536,exact,0,79.99999999999999,73.7938836159023,6.206116384097683,0.07757645480122105,1.0,0.0,1.019337971207695e-05,1.019337971207695e-05,0.0,0.0,3.829643159298696
68,65536,exact,1,73.7938836159023,68.00509691086583,5.788786705036472,0.0784453456219644,0.9215582554347751,1.019337971207695e-05,2.070390441896356e-05,1.131011119465588e-05,0.0,1.3818495501506656e-16,3.613232747041322
68,65536,exact,2,68.00509691086583,62.60998671263917,5.395110198226661,0.07933390941708418,0.9206703787638223,2.070390441896356e-05,3.162589128904738e-05,1.2564419766303167e-05,0.0,5.529431079676073e-16,3.406718275999506
68,65536,exact,3,62.60998671263917,57.58598472124816,5.02400199139101,0.0802428215557632,0.9197622953614072,3.162589128904738e-05,4.306347531265883e-05,1.3975172949276803e-05,0.0,1.4825177218659447e-15,3.2097564062116035
68,65536,exact,4,57.58598472124816,52.911569753808585,4.674414967439574,0.08117278865798055,0.9188333300133796,4.306347531265883e-05,5.513225034401013e-05,1.556409392387099e-05,0.0,3.3401355140939837e-15,3.022011832729577
68,65536,exact,5,52.911569753808585,48.5662308756586,4.345338878149988,0.08212455042192753,0.9178827818894386,5.513225034401013e-05,6.796117816616838e-05,1.735623485541814e-05,0.0,6.83474273271284e-15,2.843157190479389
68,65536,exact,6,48.5662308756586,44.53043140728403,4.03579946837457,0.08309888158105581,0.9169099244928173,6.796117816616838e-05,8.169481425813075e-05,1.938053553050326e-05,0.0,1.3156861125747377e-14,2.6728729591197893
68,65536,exact,7,44.53043140728403,40.78557379650796,3.744857610776066,0.08409659400163601,0.91591400596828,8.169481425813075e-05,9.6495908142479e-05,2.16704835728173e-05,0.0,2.4337397873906708e-14,2.510847367902173
68,65536,exact,8,40.78557379650796,37.31396534541737,3.4716084510905887,0.08511853893270041,0.9148942499275491,9.6495908142479e-05,0.00011254844804146471,2.426489658418034e-05,0.0,4.380663312566341e-14,2.3567763005293147
68,65536,exact,9,37.31396534541737,34.09878478149797,3.2151805639194038,0.08616560942146742,0.9138498569625016,0.00011254844804146471,0.00013006123312181095,2.720885005513259e-05,0.0,7.736571257764557e-14,2.2103632000154416
68,65536,exact,10,34.09878478149797,31.124049662450005,2.9747351190479634,0.08723874290857594,0.9127800070851088,0.00013006123312181095,0.000149272073332773,3.055478017719511e-05,0.0,1.3484666942092938e-13,2.0713189735451727
68,65536,exact,11,31.124049662450005,28.37458460415684,2.749465058293165,0.08833892401894895,0.9116838634089796,0.000149272073332773,0.00017045273717179602,3.436379688969643e-05,0.0,2.329914147898571e-13,1.939361897333057
68,65536,exact,12,28.37458460415684,25.835990321278224,2.5385942828786163,0.08946718756568918,0.9105605774933259,0.00017045273717179602,0.0001939147923700205,3.870724997586888e-05,0.0,4.003170408009571e-13,1.8142175214830845
68,65536,exact,13,25.835990321278224,23.494613469940717,2.3413768513375075,0.09062462178619012,0.9094092969059417,0.0001939147923700205,0.0002200165138986628,4.366859959549517e-05,0.0,6.857144246950192e-13,1.695618574847705
68,65536,exact,14,23.494613469940717,21.33751728199683,2.1570961879438855,0.09181237183168386,0.9082291757391924,0.0002200165138986628,0.000249171069994257,4.934565410039775e-05,0.0,1.1733338367743429e-12,1.583304869887592
68,65536,exact,15,21.33751728199683,19.352452980325225,1.9850643016716063,0.09303164353363973,0.9070193890762197,0.000249171069994257,0.0002818562403141901,5.585325064131691e-05,0.0,2.008785770103022e-12,1.4770232075309273
68,65536,exact,16,19.352452980325225,17.52783196464411,1.8246210156811138,0.09428370747295572,0.9057791527208745,0.0002818562403141901,0.0003186259727501054,6.332646965475459e-05,0.0,3.445527446254565e-12,1.3765272820325904
68,65536,exact,17,17.52783196464411,15.852698757309602,1.6751332073345093,0.09556990338071863,0.9045077499611021,0.0003186259727501054,0.0003601241485771393,7.192449281307499e-05,0.0,5.927300967753513e-12,1.2815775858338085
68,65536,exact,18,15.852698757309602,14.316704698571334,1.535994058738268,0.09689164490241946,0.9032045677342605,0.0003601241485771393,0.00040710100055020397,8.183523484011067e-05,0.0,1.0236190367551856e-11,1.1919413144213946
68,65536,exact,19,14.316704698571334,12.91008238075732,1.4066223178140138,0.09825042476111007,0.9018691453772476,0.00040710100055020397,0.0004604327178193677,9.328090413034876e-05,0.0,1.7759415953891994e-11,1.1073922711871549
68,65536,exact,20,12.91008238075732,11.623620810860025,1.2864615698972948,0.09964782035897664,0.9005012402362134,0.0004604327178193677,0.0005211448744646944,0.00010652467199796579,0.0,3.097494244604093e-11,1.0277107722873677
68,65536,exact,21,11.623620810860025,10.448641290995925,1.1749795198641007,0.1010854998613091,0.8991009158861822,0.0005211448744646944,0.0005904404369458432,0.00012187865734480854,0.0,5.433956149630825e-11,0.9526835515019698
68,65536,exact,22,10.448641290995925,9.376974006210345,1.0716672847855797,0.10256522881200686,0.8976686606829677,0.0005904404369458432,0.0006697332352237274,0.00013971345490369883,0.0,9.59262128280916e-11,0.8821036650941326
68,65536,exact,23,9.376974006210345,8.400935309099815,0.9760386971105302,0.10408887733549249,0.8962055470079909,0.0006697332352237274,0.0007606879173423285,0.00016046944737995518,0.0,1.7046073862332645e-10,0.8157703966695772
68,65536,exact,24,8.400935309099815,7.513305690723954,0.8876296183758603,0.105658427986511,0.8947134450526824,0.0007606879173423285,0.0008652675320747272,0.00018467012992986155,0.0,3.049904391538849e-10,0.7534891620359319
68,65536,exact,25,7.513305690723954,6.707308427278882,0.8059972634450725,0.1072759843167528,0.8931953095409225,0.0008652675320747272,0.0009857899710950123,0.0002129376194708359,0.0,5.495230197532369e-10,0.6950714140622042
68,65536,exact,26,6.707308427278882,5.976588892004314,0.7307195352745675,0.10894378023570572,0.8916555636160496,0.0009857899710950123,0.001124994499207312,0.0002460103840127623,0.0,9.97089222819214e-10,0.6403345475380848
68,65536,exact,27,5.976588892004314,5.315194521796382,0.6613943702079323,0.11066419025286621,0.8901006113390831,0.001124994499207312,0.001286119419278361,0.00028476294948364365,0.0,1.8217028168072968e-09,0.5891018040332672
68,65536,exact,28,5.315194521796382,4.7175554279980485,0.5976390937983336,0.11243974069952736,0.8885395187517917,0.001286119419278361,0.0014729914052849982,0.00033022682572507824,0.0,3.3503030087613656e-09,0.5412021767570947
68,65536,exact,29,4.7175554279980485,4.178465640839506,0.5390897871585425,0.11427312204094478,0.8869849125905926,0.0014729914052849982,0.0016901259407766085,0.0003836109868917484,0.0,6.198978548142484e-09,0.49647031541764536
68,65536,exact,30,4.178465640839506,3.6930649770003265,0.48540066383917946,0.11616720240438698,0.8854541537724571,0.0016901259407766085,0.0019428362131879448,0.0004463187083143341,0.0,1.1529785619085117e-08,0.45474643108129337
68,65536,exact,31,3.6930649770003265,3.256821519765537,0.43624345723478974,0.1181250424651684,0.8839708460274845,0.0019428362131879448,0.0022373440948883355,0.0005199550542462841,0.0,2.153042253033935e-08,0.41587620103209477
68,65536,exact,32,3.256821519765537,2.8655147012477418,0.39130681851779503,0.12014991185208262,0.8825667315764103,0.0022373440948883355,0.0025808805125149994,0.0006063153428148139,0.0,4.02955371947393e-08,0.37971067363102046
68,65536,exact,33,2.8655147012477418,2.515218976147159,0.3502957251005827,0.12224530725598864,0.8812839937081833,0.0025808805125149994,0.002981752151481881,0.0007073388689484339,0.0,7.540281939414847e-08,0.3461061731755806
68,65536,exact,34,2.515218976147159,2.2022880765218544,0.3129308996253046,0.12441497245089003,0.880177912529415,0.002981752151481881,0.0034493351627952825,0.0008250033900334297,0.0,1.4061160956120936e-07,0.31492420475898614
68,65536,exact,35,2.2022880765218544,1.923339837040052,0.27894823948180236,0.1266629204669511,0.8793196819890969,0.0034493351627952825,0.003993932116917869,0.000961123982024707,0.0,2.6016352979579827e-07,0.28603135912966876
68,65536,exact,36,1.923339837040052,1.6752415801866591,0.24809825685339293,0.12899345818948296,0.8787989727853919,0.003993932116917869,0.0046263940609705114,0.001117005427737356,0.0,4.7480848885343013e-07,0.25929921755064156
68,65536,exact,37,1.6752415801866591,1.4550960508960729,0.22014552929058628,0.13141121369853845,0.8787255181304598,0.0046263940609705114,0.005357365671709133,0.0012928832838583757,0.0,8.481304512378274e-07,0.23460425665883716
68,65536,exact,38,1.4550960508960729,1.2602278900832704,0.19486816081280245,0.13392116671115925,0.8792286667275832,0.005357365671709133,0.00619596529325418,0.001487083367625253,0.0,1.4675510800173444e-06,0.21182775332454912
68,65536,exact,39,1.2602278900832704,1.088170636545279,0.1720572535379914,0.13652868254377595,0.8804536498323088,0.00619596529325418,0.00714768563106114,0.0016948513258387458,0.0,2.4259514575597843e-06,0.19085568951080828
68,65536,exact,40,1.088170636545279,0.9366542467050945,0.15151638984018456,0.13923955007756722,0.8825535160127498,0.00714768563106114,0.008211348765785585,0.0019068926016439383,0.0,3.7589209051728384e-06,0.1715786571327178
68,65536,exact,41,0.9366542467050945,0.8035931216700426,0.13306112503505185,0.14206002428657769,0.8856765664856112,0.008211348765785585,0.009375179071194945,0.002107895136647617,0.0,5.315246549510502e-06,0.153891762916933
68,65536,exact,42,0.8035931216700426,0.6870746310767284,0.1165184905933142,0.14499687397916405,0.8899506446859633,0.009375179071194945,0.01061264521855021,0.0022758036015441277,0.0,6.605041450211124e-06,0.13769453326094236
68,65536,exact,43,0.6870746310767284,0.5853481231945421,0.10172650788218629,0.14805743551143585,0.8954670743161306,0.01061264521855021,0.011879827106823863,0.002383434591313462,0.0,6.881849099827156e-06,0.1228908190925469
68,65536,exact,44,0.5853481231945421,0.49681441075985355,0.08853371243468855,0.15124967335935938,0.9022669835774569,0.011879827106823863,0.013117413130490758,0.00240463447006917,0.0,5.997108674085996e-06,0.10938870072916655
68,65536,exact,45,0.49681441075985355,0.4200157220128909,0.07679868874696266,0.1545822485895745,0.910330619521333,0.013117413130490758,0.014260509546943417,0.0023256839214684773,0.0,6.357196121980005e-06,0.09710039273729347
68,65536,exact,46,0.4200157220128909,0.3536261064094067,0.06638961560348416,0.15806459645205037,0.9195718132973297,0.014260509546943417,0.015256580205808562,0.0021610303990942394,0.0,1.8012815912318153e-05,0.08594214879182803
68,65536,exact,47,0.3536261064094067,0.2964422844791572,0.05718382193024951,0.1617070145382467,0.9298671851400004,0.015256580205808562,0.01609270591583004,0.001997890730628566,0.0,9.177810563638228e-05,0.075834166535496
68,65536,exact,48,0.2964422844791572,0.2473749313032709,0.049067353175886314,0.16552076321398146,0.9412269446719614,0.01609270591583004,0.016846053317067858,0.0020860046780027523,0.0,0.00038683978159600313,0.06670049243821405
68,65536,exact,49,0.2473749313032709,0.2054403830825478,0.041934548220723095,0.16951818035802974,0.9542390478324543,0.016846053317067858,0.01772397798684164,0.002549549576455892,0.0,0.0009007334666278413,0.05846892665649587
68,65536,exact,50,0.2054403830825478,0.16975275626876413,0.03568762681378368,0.17371281282825524,0.9704866390606043,0.01772397798684164,0.018935880734379185,0.0029708184814237247,0.0,0.0012358215742786192,0.05107092789281121
68,65536,exact,51,0.16975275626876413,0.13951646873101678,0.030236287537747347,0.17811956755432706,0.9922018159390303,0.018935880734379185,0.020493052272260857,0.003005103498029652,0.0,0.00130026647682472,0.04444151825500402
68,65536,exact,52,0.13951646873101678,0.11401915242918585,0.025497316301830927,0.18275488574032736,1.023034793082359,0.020493052272260857,0.02234413995620671,0.002668062386396709,0.0,0.0012890279211683515,0.038519188115653503
68,65536,exact,53,0.11401915242918585,0.0926249470665603,0.021394205362625554,0.1876369443801374,1.0711903939372978,0.02234413995620671,0.024763282417017446,0.0020419173184228925,0.0,0.0012134629832846258,0.03324580097146495
68,65536,exact,54,0.0926249470665603,0.07476816419368147,0.017856782872878826,0.19278589017758835,1.1354465696266622,0.024763282417017446,0.028376897408750053,0.0012862521545200139,0.0,0.0010267388188686631,0.028566498302669194
68,65536,exact,55,0.07476816419368147,0.05994731123547159,0.014820852958209882,0.19822411206750434,1.1624388760362392,0.028376897408750053,0.032929825275194606,0.0006783210359435775,0.0,0.0007349044899720505,0.024429604432390298
68,65536,exact,56,0.05994731123547159,0.047719464913693825,0.012227846321777765,0.20397655991187127,1.1387419403739019,0.032929825275194606,0.03737081447326052,0.0004196634358778876,0.0,0.0005474220926660264,0.02078653138604377
68,65536,exact,57,0.047719464913693825,0.037694983536806455,0.01002448137688737,0.21007111867280584,1.1034167928502554,0.03737081447326052,0.04110498464655088,0.00038368145085036103,0.0,0.0005142810565865116,0.017591683750717242
68,65536,exact,58,0.037694983536806455,0.029532547629265354,0.0081624359075411,0.21653904954146128,1.0726458799427925,0.04110498464655088,0.0439750555435753,0.00035610639462202334,0.0,0.00047214327728126865,0.014802363534559274
68,65536,exact,59,0.029532547629265354,0.022934518372333384,0.0065980292569319705,0.22341551225989173,1.049081453197507,0.0439750555435753,0.04603720014390933,0.00030655380038742544,0.0,0.00040276883057315666,0.012378675026161806
68,65536,exact,60,0.022934518372333384,0.01764260332845143,0.005291915043881955,0.23074018638498006,1.0320479482808518,0.04603720014390933,0.04743873678596132,0.00024171179799323232,0.0,0.00031557296514846817,0.010283429653949495
68,65536,exact,61,0.01764260332845143,0.01343381892122939,0.004208784407222039,0.23855801373909047,1.0202571688844522,0.04743873678596132,0.048346887635801486,0.00017608604465661485,0.0,0.0002289096975547425,0.008482050845563855
68,65536,exact,62,0.01343381892122939,0.010116739143113021,0.0033170797781163688,0.24692009007761792,1.012420520935763,0.048346887635801486,0.04891182122624931,0.00011999886867834493,0.0,0.00015555880828998364,0.006942478887250345
68,65536,exact,63,0.010116739143113021,0.0075280199627840785,0.0025887191803289425,0.25588474148720297,1.0073988112659924,0.04891182122624931,0.049250939022301876,7.74476513571045e-05,0.0,0.00010021918923351636,0.005635075783242676
68,65536,exact,64,0.0075280199627840785,0.005529188904349684,0.001998831058434395,0.26551883075708127,1.0042855984074832,0.049250939022301876,0.04944801992989404,4.7807347825352096e-05,0.0,6.179618607421444e-05,0.004532530115150513
68,65536,exact,65,0.005529188904349684,0.00400368927037834,0.0015254996339713438,0.2758993516700558,1.0024135949394377,0.04944801992989404,0.049559077697889205,2.841218887643485e-05,0.0,3.67019115492806e-05,0.0036097619013444556
68,65536,exact,66,0.00400368927037834,0.0028541684808389583,0.0011495207895393816,0.2871153858128342,1.001320401944936,0.049559077697889205,0.04961976320292869,1.631554307097885e-05,0.0,2.1067940613017644e-05,0.002843827456342639
68,65536,exact,67,0.0028541684808389583,0.002000000000000003,0.0008541684808389552,0.29927051839206065,1.0007004338180538,0.04961976320292869,0.049651880985981264,9.063586440202193e-06,0.0,1.1701163578785312e-05,0.002213824250195678
136,65536,exact,0,79.99999999999999,76.84325384626491,3.156746153735071,0.039459326921688395,1.0,0.0,2.532637691653924e-06,2.532637691653924e-06,0.0,0.0,0.9778088612603427
136,65536,exact,1,76.84325384626491,73.7938836159023,3.0493702303626122,0.039682992035491894,0.9603186879390999,2.532637691653924e-06,5.099401556109439e-06,2.6672622510428656e-06,0.0,7.633460920655755e-18,0.9499756237869542
136,65536,exact,2,73.7938836159023,70.84882825200987,2.945055363892436,0.03990920682832565,0.9600926252292239,5.099401556109439e-06,7.705781838083381e-06,2.8098840110058853e-06,0.0,2.560411192960299e-17,0.9227798437679963
136,65536,exact,3,70.84882825200987,68.00509691086583,2.8437313411440357,0.04013801514160347,0.9598639837556522,7.705781838083381e-06,1.0357530904579358e-05,2.9610284515828392e-06,0.0,5.814711776311321e-17,0.8962105082942814
136,65536,exact,4,68.00509691086583,65.25976774704662,2.745329163819207,0.04036946182750839,0.9596327202334128,1.0357530904579358e-05,1.3060684509592402e-05,3.1212589528420505e-06,0.0,1.1277904879512107e-16,0.8702567320350768
136,65536,exact,5,65.25976774704662,62.60998671263917,2.6497810344074537,0.04060359277829902,0.9593987904634449,1.3060684509592402e-05,1.5821584682152713e-05,3.291179761221092e-06,0.0,1.9597970707212198e-16,0.8449077564954199
136,65536,exact,6,62.60998671263917,60.05296637046716,2.5570203421720095,0.04084045495661829,0.9591621493509539,1.5821584682152713e-05,1.864690436025834e-05,3.4714391907034727e-06,0.0,3.1685808490888867e-16,0.8201529492723297
136,65536,exact,7,60.05296637046716,57.58598472124816,2.466981649219001,0.041080096426880465,0.9589227509689793,1.864690436025834e-05,2.154367389557773e-05,3.662733069874878e-06,0.0,4.915264430280925e-16,0.795981803311676
136,65536,exact,8,57.58598472124816,55.20638404459907,2.3796006766490905,0.041322566387773554,0.9586805484403931,2.154367389557773e-05,2.451930976899799e-05,3.865808664099729e-06,0.0,7.351771643716865e-16,0.7723839361650838
136,65536,exact,9,55.20638404459907,52.911569753808585,2.294814290790484,0.04156791520590433,0.9584354940110974,2.451930976899799e-05,2.75816454608953e-05,4.081468690701989e-06,0.0,1.0674038150755571e-15,0.7493490892464373
136,65536,exact,10,52.911569753808585,50.69900926429383,2.2125604895147575,0.04181619445065693,0.9581875390153433,2.75816454608953e-05,3.0738964755780746e-05,4.31057577114126e-06,0.0,1.5294975572524572e-15,0.7268671270885303
136,65536,exact,11,50.69900926429383,48.5662308756586,2.1327783886352307,0.042067456930313205,0.9579366338892121,3.0738964755780746e-05,3.400003794380368e-05,4.554057518555725e-06,0.0,2.14378617939201e-15,0.7049280366001226
136,65536,exact,12,48.5662308756586,46.510822667272016,2.055408208386581,0.04232175672946347,0.9576827281526913,3.400003794380368e-05,3.737416061461929e-05,4.8129115222784445e-06,0.0,2.9760739771005074e-15,0.6835219263221782
136,65536,exact,13,46.510822667272016,44.53043140728403,1.9803912599879894,0.04257914924780548,0.9574257704363232,3.737416061461929e-05,4.0871195960504e-05,5.088211443717539e-06,0.0,4.076302012948063e-15,0.6626390256850667
136,65536,exact,14,44.53043140728403,42.62276147499661,1.907669932287419,0.042839691240345215,0.9571657084959801,4.0871195960504e-05,4.450162019986991e-05,5.381112966802228e-06,0.0,5.5461684507138176e-15,0.6422696842649316
136,65536,exact,15,42.62276147499661,40.78557379650796,1.8371876784886467,0.04310344085909072,0.9569024892078545,4.450162019986991e-05,4.827657208976058e-05,5.6928609542043185e-06,0.0,7.481794589252189e-15,0.6224043710404307
136,65536,exact,16,40.78557379650796,39.01668479354711,1.7688890029608544,0.04337045769630206,0.9566360586134938,4.827657208976058e-05,5.220790627759128e-05,6.024796640313237e-06,0.0,1.004071500422532e-14,0.6030336736497296
136,65536,exact,17,39.01668479354711,37.31396534541737,1.7027194481297343,0.04364080282934094,0.9563663619339948,5.220790627759128e-05,5.630825134756092e-05,6.378365970064798e-06,0.0,1.339482317381721e-14,0.5841482976468889
136,65536,exact,18,37.31396534541737,35.675339763966086,1.6386255814512865,0.043914538867216114,0.9560933436177339,5.630825134756092e-05,6.059107252219173e-05,6.755128235836997e-06,0.0,1.7802559014630515e-14,0.5657390657586878
136,65536,exact,19,35.675339763966086,34.09878478149797,1.5765549824681173,0.0441917299988974,0.9558169473896967,6.059107252219173e-05,6.507073989720314e-05,7.156765943553145e-06,0.0,2.3579039111834565e-14,0.5477969171415022
136,65536,exact,20,34.09878478149797,32.582328551550795,1.516456229947174,0.04447244204344797,0.955537116301965,6.507073989720314e-05,6.976260241668078e-05,7.585095290797343e-06,0.0,3.112527596771386e-14,0.5303129066376862
136,65536,exact,21,32.582328551550795,31.124049662450005,1.4582788891007894,0.044756742502106435,0.9552537928133167,6.976260241668078e-05,7.468306812606152e-05,8.042077612004768e-06,0.0,4.1005014054379396e-14,0.5132782040326862
136,65536,exact,22,31.124049662450005,29.72207616356115,1.4019734988888537,0.045044700612346146,0.9549669188737172,7.468306812606152e-05,7.98496915045525e-05,8.529832098080417e-06,0.0,5.39088088405415e-14,0.49668409331133384
136,65536,exact,23,29.72207616356115,28.37458460415684,1.347491559404311,0.04533638740406422,0.9546764360278793,7.98496915045525e-05,8.528126830785339e-05,9.050649475123081e-06,0.0,7.076151188438462e-14,0.4805219719149364
136,65536,exact,24,28.37458460415684,27.079799084816763,1.2947855193400777,0.045631875757941254,0.9543822855424261,8.528126830785339e-05,9.099793873464195e-05,9.607007065812631e-06,0.0,9.277667067757178e-14,0.4647833499977731
136,65536,exact,25,27.079799084816763,25.835990321278224,1.2438087635385386,0.04593124046610536,0.954084408550836,9.099793873464195e-05,9.702129967024641e-05,1.0201585234788947e-05,0.0,1.2152860098466056e-13,0.44945984968379493
136,65536,exact,26,25.835990321278224,24.641474720654717,1.1945156006235074,0.04623455829520566,0.9537827462267751,9.702129967024641e-05,0.00010337452688529135,1.0837285402413526e-05,0.0,1.591007057002991e-13,0.43454320432350707
136,65536,exact,27,24.641474720654717,23.494613469940717,1.1468612507140001,0.04654190805198401,0.9534772399936906,0.00010337452688529135,0.00011008250809537653,1.15172497233496e-05,0.0,2.0821423740973594e-13,0.42002525775055
136,65536,exact,28,23.494613469940717,22.39381163672026,1.100801833220455,0.046853370651482894,0.9531678317606137,0.00011008250809537653,0.00011717198798126965,1.2244882697679098e-05,0.0,2.724496924724415e-13,0.4058979635383768
136,65536,exact,29,22.39381163672026,21.33751728199683,1.0562943547234305,0.04716902918801779,0.9528544642084305,0.00011717198798126965,0.00012467172621156533,1.3023874739958248e-05,0.0,3.5652226613655524e-13,0.3921533842571384
136,65536,exact,30,21.33751728199683,20.324220585062683,1.0132966969341481,0.04748896900901869,0.9525370811167936,0.00012467172621156533,0.00013261266981067648,1.3858228093968472e-05,0.0,4.666484755035116e-13,0.3787836907302502
136,65536,exact,31,20.324220585062683,19.352452980325225,0.9717676047374582,0.047813277791900186,0.952215627752034,0.00013261266981067648,0.0001410281411938757,1.4752285173276183e-05,0.0,6.110469931690926e-13,0.36578116129109434
136,65536,exact,32,19.352452980325225,18.420786306007955,0.9316666743172703,0.04814204562411051,0.9518900513138828,0.0001410281411938757,0.00014995404336890593,1.5710759611734008e-05,0.0,8.005679181643383e-13,0.3531381810398941
136,65536,exact,33,18.420786306007955,17.52783196464411,0.8929543413638434,0.04847536508648415,0.9515603014614141,0.00014995404336890593,0.00015942908401890782,1.673877035501929e-05,0.0,1.0495855486819528e-12,0.3408472411002615
136,65536,exact,34,17.52783196464411,16.67224009528057,0.8555918693635398,0.048813331340086925,0.9512263309195792,0.00015942908401890782,0.00016949502017783486,1.7841878921839088e-05,0.0,1.377179240872467e-12,0.32890093787594166
136,65536,exact,35,16.67224009528057,15.852698757309602,0.8195413379709695,0.04915604221672395,0.9508880961892019,0.00016949502017783486,0.00018019692559034675,1.9026130348580278e-05,0.0,1.8086852545187715e-12,0.31729197230765877
136,65536,exact,36,15.852698757309602,15.067933125846643,0.7847656314629585,0.04950359831325924,0.9505455583683884,0.00018019692559034675,0.00019158348284823142,2.029809797455415e-05,0.0,2.3778658079023907e-12,0.3060131491296077
136,65536,exact,37,15.067933125846643,14.316704698571334,0.7512284272753096,0.049856103089991596,0.9501986841109409,0.00019158348284823142,0.00020370730276410455,2.1664932593991853e-05,0.0,3.129667803126318e-12,0.2950573761264031
136,65536,exact,38,14.316704698571334,13.597810513950062,0.7188941846212717,0.05021366297322667,0.949847446733754,0.00020370730276410455,0.00021662527349570516,2.3134416208329444e-05,0.0,4.124128772861613e-12,0.28441766338957974
136,65536,exact,39,13.597810513950062,12.91008238075732,0.6877281331927421,0.050576387462319634,0.9494918275077284,0.00021662527349570516,0.00023039894228779547,2.4715020913624046e-05,0.0,5.441627156472714e-12,0.27408712257448586
136,65536,exact,40,12.91008238075732,12.25238611881397,0.6576962619433502,0.050944389241361986,0.9491318171526729,0.00023039894228779547,0.00024509493293781116,2.641597336396906e-05,0.0,7.189827021508027e-12,0.2640589661568846
136,65536,exact,41,12.25238611881397,11.623620810860025,0.6287653079539446,0.05131778429578328,0.9487674175728343,0.00024509493293781116,0.0002607854022723529,2.824732520202684e-05,0.0,9.51326804875599e-12,0.25432650668966966
136,65536,exact,42,11.623620810860025,11.022718065479586,0.6009027453804396,0.051696692034121784,0.9483986438711886,0.0002607854022723529,0.0002775485392847587,3.0220030034580067e-05,0.0,1.260632326608932e-11,0.24488315605967825
136,65536,exact,43,11.022718065479586,10.448641290995925,0.574076774483661,0.0520812354152037,0.9480255266849291,0.0002775485392847587,0.000295469110748867,3.234602734370265e-05,0.0,1.673090171180197e-11,0.23572242474429578
136,65536,exact,44,10.448641290995925,9.900384980254326,0.5482563107415981,0.05247154108104523,0.9476481148947553,0.000295469110748867,0.0003146390575368734,3.463833396651751e-05,0.0,2.2240437627402826e-11,0.22683792106818837
136,65536,exact,45,9.900384980254326,9.376974006210345,0.5234109740439816,0.05286773949577625,0.9472664787666247,0.0003146390575368734,0.00033515814599239906,3.711114348975962e-05,0.0,2.961276406379665e-11,0.21822335046010796
136,65536,exact,46,9.376974006210345,8.877462928241497,0.4995110779688474,0.053269965090872874,0.946880713593387,0.00033515814599239906,0.0003571346790325148,3.977993408363113e-05,0.0,3.949503571409885e-11,0.20987251470946355
136,65536,exact,47,8.877462928241497,8.400935309099815,0.47652761914168273,0.05367835641709363,0.9464909439168897,0.0003571346790325148,0.0003806862718281528,4.26615851303507e-05,0.0,5.2765138233105274e-11,0.20177931122317913
136,65536,exact,48,8.400935309099815,7.946503042423345,0.45443226667646996,0.054093056303413406,0.946097328418236,0.0003806862718281528,0.0004059406970292597,4.577450290329085e-05,0.0,7.061614487602341e-11,0.19393773228226016
136,65536,exact,49,7.946503042423345,7.513305690723954,0.43319735169939033,0.054514212023416476,0.9457000655817316,0.0004059406970292597,0.00043303680460055077,4.913875546948007e-05,0.0,9.467179400450207e-11,0.18634186429869257
136,65536,exact,50,7.513305690723954,7.100509833769679,0.41279585695427556,0.05494197546945545,0.9452994002499208,0.00043303680460055077,0.00046212552117577037,5.277621664632914e-05,0.0,1.2714560155592525e-10,0.1789858870719333
136,65536,exact,51,7.100509833769679,6.707308427278882,0.39320140649079693,0.05537650333511971,0.9448956312042441,0.00046212552117577037,0.000493370933596244,5.671071862894443e-05,0.0,1.7105967033484437e-10,0.17186407304579987
136,65536,exact,52,6.707308427278882,6.332920171844227,0.3743882554346545,0.05581795730639179,0.9444891199233578,0.000493370933596244,0.0005269514607963897,6.0968212473868764e-05,0.0,2.3054556094054268e-10,0.16497078656516193
136,65536,exact,53,6.332920171844227,5.976588892004314,0.356331279839913,0.05626650426198958,0.944080300689983,0.0005269514607963897,0.0005630611172851132,6.557693498636449e-05,0.0,3.112589326906279e-10,0.15830048313253053
136,65536,exact,54,5.976588892004314,5.6375829253804275,0.33900596662388693,0.056722316483474505,0.9436696922366621,0.0005630611172851132,0.0006019108701572193,7.056757984905576e-05,0.0,4.209507102701654e-10,0.1518477086649193
136,65536,exact,55,5.6375829253804275,5.315194521796382,0.3223884035840454,0.05718557187560846,0.9432579111399845,0.0006019108701572193,0.0006437300896343463,7.59734698112925e-05,0.0,5.702538953197833e-10,0.14560709875049546
136,65536,exact,56,5.315194521796382,5.008739252299154,0.3064552694972278,0.05765645419758876,0.9428456871918622,0.0006437300896343463,0.0006887680904242787,8.183072546345696e-05,0.0,7.737665525670012e-10,0.13957337790528654
136,65536,exact,57,5.008739252299154,4.7175554279980485,0.2911838243011058,0.0581351533057833,0.9424338809910122,0.0006887680904242787,0.000737295757371724,8.817842435276153e-05,0.0,1.051542358938319e-09,0.13374135882989216
136,65536,exact,58,4.7175554279980485,4.441003528640092,0.27655189935795654,0.058621865408651844,0.9420235040096762,0.000737295757371724,0.0007896072438503222,9.505874213710392e-05,0.0,1.4311375612146779e-09,0.128105941666239
136,65536,exact,59,4.441003528640092,4.178465640839506,0.26253788780058596,0.05911679333454152,0.9416157413915658,0.0007896072438503222,0.0008460217244835828,0.00010251706457518592,0.0,1.9504178751673235e-09,0.12266211325425609
136,65536,exact,60,4.178465640839506,3.9293449058789607,0.24912073496054532,0.05962014681314786,0.9412119777276667,0.0008460217244835828,0.0009068851748344504,0.00011060205572857222,0.0,2.6613958860072923e-09,0.11740494638858215
136,65536,exact,61,3.9293449058789607,3.6930649770003265,0.23627992887863414,0.06013214277146291,0.9408138260270953,0.0009068851748344504,0.0009725721389785866,0.00011936566333408224,0.0,3.635458746108905e-09,0.11232959907531381
136,65536,exact,62,3.6930649770003265,3.4690694861027,0.2239954908976265,0.060653005645074164,0.9404231600467984,0.0009725721389785866,0.0010434874307125308,0.00012886303685583571,0.0,4.970455021310535e-09,0.10743131378872192
136,65536,exact,63,3.4690694861027,3.256821519765537,0.21224796633716325,0.061182967705732415,0.9400421500538888,0.0010434874307125308,0.001120067694718592,0.00013915232704301558,0.0,6.800245639163038e-09,0.10270541672789847
136,65536,exact,64,3.256821519765537,3.0558031045144776,0.20101841525105923,0.061722269406255595,0.939673301960689,0.001120067694718592,0.0012027827293726169,0.00015029432773023944,0.0,9.307473338923677e-09,0.09814731707355225
136,65536,exact,65,3.0558031045144776,2.8655147012477418,0.1902884032667358,0.06227115974377212,0.9393194995790152,0.0012027827293726169,0.0012921364418773777,0.00016235191089173628,0.0,1.2740470926950881e-08,0.09375250624468684
136,65536,exact,66,2.8655147012477418,2.6854747087408133,0.18003999250692848,0.06282989664248904,0.9389840494755486,0.0012921364418773777,0.0013886672678642782,0.00017538919456497356,0.0,1.7435369642189794e-08,0.08951655715531012
136,65536,exact,67,2.6854747087408133,2.515218976147159,0.17025573259365423,0.06339874735721682,0.9386707275593293,0.0013886672678642782,0.0014929478402880077,0.00018947037016784832,0.0,2.3844543828787854e-08,0.08543512347114544
136,65536,exact,68,2.515218976147159,2.354300324412701,0.16091865173445807,0.06397798889898448,0.9383838260849714,0.0014929478402880077,0.0016055836350350955,0.00020465810097010202,0.0,3.257244976192543e-08,0.08150393886637401
136,65536,exact,69,2.354300324412701,2.2022880765218544,0.15201224789084655,0.06456790848413413,0.9381281992040952,0.0016055836350350955,0.0017272102523388706,0.00022101138765827144,0.0,4.4419526440322293e-08,0.07771881628032157
136,65536,exact,70,2.2022880765218544,2.058767596492845,0.14352048002900952,0.06516880400845475,0.9379093045479038,0.0017272102523388706,0.0018584889133309481,0.00023858278066284965,0.0,6.043391106102212e-08,0.07407564717417224
136,65536,exact,71,2.058767596492845,1.923339837040052,0.13542775945279284,0.06578098454798732,0.9377332375944972,0.0018584889133309481,0.002000099660484374,0.0002574148036926824,0.0,8.196893961720866e-08,0.07057040078769389
136,65536,exact,72,1.923339837040052,1.7956208958211188,0.12771894121893324,0.06640477088827312,0.9376067548092775,0.002000099660484374,0.00215273165156414,0.00027753544089775627,0.0,1.1074129550783102e-07,0.06719912339597231
136,65536,exact,73,1.7956208958211188,1.6752415801866591,0.1203793156344597,0.0670404960838972,0.9375372808182254,0.00215273165156414,0.0023170698339901215,0.0002989525347219492,0.0,1.4887967059911203e-07,0.06395793756605941
136,65536,exact,74,1.6752415801866591,1.5618469803501753,0.11339459983648381,0.06768850605048206,0.9375328942904306,0.0023170698339901215,0.0024937771891782,0.0003216469477481991,0.0,1.9894630380514616e-07,0.06084304141376694
136,65536,exact,75,1.5618469803501753,1.4550960508960729,0.10675092945410247,0.06834916019120406,0.9376022869135876,0.0024937771891782,0.002683471659557198,0.0003455643672252999,0.0,2.639032945206919e-07,0.05785070786031792
136,65536,exact,76,1.4550960508960729,1.3546612005434173,0.10043485035265554,0.06902283206033447,0.9377546900177016,0.002683471659557198,0.002886696838152785,0.0003706056861458885,0.0,3.469822724513384e-07,0.054977283889105596
136,65536,exact,77,1.3546612005434173,1.2602278900832704,0.09443331046014691,0.06970991006626996,0.9379997642220329,0.002886696838152785,0.0031038855473703724,0.0003966159950800631,0.0,4.514012774906734e-07,0.052219189802365035
136,65536,exact,78,1.2602278900832704,1.1714942384072664,0.088733651676004,0.0704107982169327,0.9383474491046666,0.0031038855473703724,0.0033353156113899427,0.0004233723863024148,0.0,5.798606003029443e-07,0.04957291847793873
136,65536,exact,79,1.1714942384072664,1.088170636545279,0.0833236018619874,0.07112591691041693,0.9388077724026528,0.0033353156113899427,0.003581057506922721,0.00045057103594640534,0.0,7.337484124684407e-07,0.04703503462593112
136,65536,exact,80,1.088170636545279,1.0099793696298376,0.07819126691544143,0.07185570377425625,0.9393906215807628,0.003581057506922721,0.0038409142548469074,0.00047781443025749724,0.0,9.120127551815078e-07,0.044602174045468984
136,65536,exact,81,1.0099793696298376,0.9366542467050945,0.07332512292474314,0.07260061455672817,0.9401054844959431,0.0038409142548469074,0.00411435500745523,0.0005046001845328627,0.0,1.1097335378589326e-06,0.042271042881400316
136,65536,exact,82,0.9366542467050945,0.8679402382980875,0.06871400840700692,0.07336112407403789,0.9409611698274927,0.00411435500745523,0.004400445420434502,0.0005303137097690857,0.0,1.3165902352594433e-06,0.040038416881002896
136,65536,exact,83,0.8679402382980875,0.8035931216700426,0.06434711662804493,0.0741377272175108,0.9419655212046263,0.004400445420434502,0.0046977801795967025,0.0005542280182391069,0.0,1.5157026345006056e-06,0.0379011406506983
136,65536,exact,84,0.8035931216700426,0.7433791336654563,0.06021398800458633,0.07493094002528103,0.9431251406596561,0.0046977801795967025,0.005004425986467958,0.0005755151267801889,0.0,1.6837329825155484e-06,0.0358561269127776
136,65536,exact,85,0.7433791336654563,0.6870746310767284,0.05630450258872788,0.07574130082331132,0.9444451363183519,0.005004425986467958,0.005317886665505505,0.0005932744872427994,0.0,1.7936047221282087e-06,0.033900355762105344
136,65536,exact,86,0.6870746310767284,0.634465758442085,0.05260887263464342,0.0765693714410602,0.9459289056185043,0.005317886665505505,0.005635105166380415,0.0006065839158037431,0.0,1.821463128186783e-06,0.03203087392283497
136,65536,exact,87,0.634465758442085,0.5853481231945421,0.04911763524754287,0.07741573850754375,0.9475779592591109,0.005635105166380415,0.005952518757325106,0.0006145763772686571,0.0,1.759073712777684e-06,0.03024479400512287
136,65536,exact,88,0.5853481231945421,0.5395264780796633,0.04582164511487885,0.0782810148340561,0.9493917849850847,0.005952518757325106,0.0062661816266248085,0.0006165404300998045,0.0,1.6312116490760711e-06,0.02853929376184255
136,65536,exact,89,0.5395264780796633,0.49681441075985355,0.0427120673198097,0.0791658408903948,0.9513677508515271,0.0062661816266248085,0.0065719615138792225,0.0006120339532703072,0.0,1.5155599402925934e-06,0.026911615345304857
136,65536,exact,90,0.49681441075985355,0.45703404052295754,0.03978037023689601,0.08007088638200704,0.9535010693099855,0.0065719615138792225,0.006865804489380009,0.0006009983056181832,0.0,1.566147186083354e-06,0.025359064563959005
136,65536,exact,91,0.45703404052295754,0.4200157220128909,0.03701831851006665,0.08099685193625564,0.9557849126746305,0.006865804489380009,0.007144052163712055,0.0005838874155793214,0.0,2.0675961904248474e-06,0.02387901013911961
136,65536,exact,92,0.4200157220128909,0.38559775590007506,0.034417966112815834,0.08194447090663787,0.958210922818659,0.007144052163712055,0.007403806556021718,0.0005619212745435957,0.0,3.6235349770439088e-06,0.022468882961668928
136,65536,exact,93,0.38559775590007506,0.3536261064094067,0.03197164949066833,0.08291451130476381,0.9607706126784498,0.007403806556021718,0.007643390527540659,0.0005377310805822158,0.0,7.700314023265965e-06,0.021126175348783017
136,65536,exact,94,0.3536261064094067,0.3239541256235317,0.02967198078587502,0.08390777787068303,0.963458451489256,0.007643390527540659,0.00786303454058144,0.0005166469082848636,0.0,1.7701569495393726e-05,0.019848440300634377
136,65536,exact,95,0.3239541256235317,0.2964422844791572,0.027511841144374494,0.08492511429333086,0.9662775211788587,0.00786303454058144,0.008065929887915399,0.0005079367935323695,0.0,3.9880430433750225e-05,0.01863329075711468
136,65536,exact,96,0.2964422844791572,0.27095791037416617,0.025484374104991048,0.08596740559386307,0.9692480705987316,0.008065929887915399,0.008259522667624277,0.0005229149308615833,0.0,8.127924468395026e-05,0.017478398854540438
136,65536,exact,97,0.27095791037416617,0.2473749313032709,0.023582979070895266,0.08703558068605377,0.9724175353941091,0.008259522667624277,0.008456285138101477,0.0005670589213553755,0.0,0.00014247845923687566,0.01638149518237655
136,65536,exact,98,0.2473749313032709,0.22557362643996945,0.02180130486330145,0.08813061512920241,0.9758676002418204,0.008456285138101477,0.008672621897978808,0.0006325239601463955,0.0,0.00021211674684724728,0.015340368039942402
136,65536,exact,99,0.22557362643996945,0.2054403830825478,0.020133243357421643,0.08925353409069559,0.9797118874015591,0.008672621897978808,0.008925087164932878,0.0007012455678349834,0.0,0.00027282917129101483,0.014352862693127574
136,65536,exact,100,0.2054403830825478,0.18686745988187783,0.018572923200669972,0.0904054155370573,0.9840832273580089,0.008925087164932878,0.009225216365823692,0.0007551211257512075,0.0,0.000312933341646204,0.013416880631108406
136,65536,exact,101,0.18686745988187783,0.16975275626876413,0.017114703613113708,0.091587393674277,0.9891262818509086,0.009225216365823692,0.00957634960624747,0.0007836067423255697,0.0,0.0003321610992754395,0.012530378823061098
136,65536,exact,102,0.16975275626876413,0.15399958799859095,0.015753168270173173,0.09280066266041469,0.9950248993868372,0.00957634960624747,0.009975147753329016,0.0007847829702124933,0.0,0.0003383415203330447,0.011691368974873217
136,65536,exact,103,0.15399958799859095,0.13951646873101678,0.014483119267574174,0.09404648061595262,1.0020817909989965,0.009975147753329016,0.010417482894128098,0.0007613093286423501,0.0,0.00033974036064980673,0.010897916785860098
136,65536,exact,104,0.13951646873101678,0.12621689756246837,0.013299571168548407,0.09532617396007599,1.0108456239596413,0.010417482894128098,0.010906791720739484,0.0007159969385121043,0.0,0.0003396722139764278,0.010148141205478235
136,65536,exact,105,0.12621689756246837,0.11401915242918585,0.01219774513328252,0.09664114210417432,1.0222706645893491,0.010906791720739484,0.011464306735117905,0.0006507564870650675,0.0,0.0003361429728451267,0.009440213690037802
136,65536,exact,106,0.11401915242918585,0.10284608929856659,0.011173063130619262,0.09799286253735787,1.0378219291360777,0.011464306735117905,0.012141559654709928,0.0005682468201114153,0.0,0.0003245960974492812,0.00877235745941898
136,65536,exact,107,0.10284608929856659,0.0926249470665603,0.010221142232006292,0.09938289634264925,1.0590525104584123,0.012141559654709928,0.01303026257803884,0.0004735378944402306,0.0,0.00030182454960251195,0.008142846753785219
136,65536,exact,108,0.0926249470665603,0.08328715807886612,0.009337788987694176,0.10081289418696282,1.085185778915062,0.01303026257803884,0.014244156277846646,0.0003744847207077302,0.0,0.0002705840880779485,0.007550006090296018
136,65536,exact,109,0.08328715807886612,0.07476816419368147,0.00851899388518465,0.10228460283298249,1.1083991820395438,0.014244156277846646,0.015832015019490747,0.0002808198385321168,0.0,0.00023701598625002623,0.006992209519820652
136,65536,exact,110,0.07476816419368147,0.06700723830375127,0.007760925889930201,0.10379987222671522,1.1175355154729136,0.015832015019490747,0.01769451391768592,0.000202350724500596,0.0,0.0002006758725961802,0.006467879883655053
136,65536,exact,111,0.06700723830375127,0.05994731123547159,0.007059927068279681,0.10536066322083364,1.1119625024557187,0.01769451391768592,0.01965634258584402,0.00014664124029074163,0.0,0.00016593463009429918,0.00597548807023268
136,65536,exact,112,0.05994731123547159,0.05353480394279581,0.006412507292675777,0.10696905600132095,1.0990030388744279,0.01965634258584402,0.02157538312272425,0.0001157292236794532,0.0,0.00014272633595460715,0.005513552271839272
136,65536,exact,113,0.05353480394279581,0.047719464913693825,0.005815339029101987,0.10862725929314922,1.0843652978867884,0.02157538312272425,0.023366464711723742,0.00010267930235941799,0.0,0.00013181133753014176,0.0050806372413274474
136,65536,exact,114,0.047719464913693825,0.04245421270691502,0.005265252206778807,0.11033762043018767,1.0705426768312942,0.023366464711723742,0.024985606269292,0.00010067306455346788,0.0,0.00012986447583418145,0.004675353548830963
136,65536,exact,115,0.04245421270691502,0.037694983536806455,0.004759229170108563,0.11210263638532558,1.0583481358256615,0.024985606269292,0.026415959633072805,9.705186096827046e-05,0.0,0.00012456204547461186,0.0042963568384770815
136,65536,exact,116,0.037694983536806455,0.03340058382393499,0.0042943997128714675,0.11392496586921953,1.0479261999984406,0.026415959633072805,0.027656311978283422,9.379199102922125e-05,0.0,0.00011945621034398224,0.003942347085102079
136,65536,exact,117,0.03340058382393499,0.029532547629265354,0.003868036194669633,0.11580744262014316,1.0391160430276045,0.027656311978283422,0.0287144696852878,8.872640473831347e-05,0.0,0.00011237418706131971,0.0036120678509637696
136,65536,exact,118,0.029532547629265354,0.0260549988896429,0.003477548739622454,0.11775309002384772,1.0317382413499405,0.0287144696852878,0.029604417133039556,8.204906443120832e-05,0.0,0.00010344838578666901,0.0033043055424573473
136,65536,exact,119,0.0260549988896429,0.022934518372333384,0.0031204805173095165,0.11976513722093982,1.0255900081953244,0.029604417133039556,0.030342988680677162,7.419678053882808e-05,0.0,9.32025099535036e-05,0.0030178886668276532
136,65536,exact,120,0.022934518372333384,0.020140015266369094,0.0027945031059642897,0.12184703688111388,1.0204980477980037,0.030342988680677162,0.03094838926865297,6.566489950822409e-05,0.0,8.223634384322068e-05,0.002751687088883462
136,65536,exact,121,0.020140015266369094,0.01764260332845143,0.002497411937917665,0.12400248484855823,1.0163097668304404,0.03094838926865297,0.03143895450510507,5.694375913942149e-05,0.0,7.113953543676221e-05,0.0025046112877124796
136,65536,exact,122,0.01764260332845143,0.015415481501161758,0.002227121827289671,0.12623544189184893,1.012889743521853,0.03143895450510507,0.03183223380730057,4.8459072806801107e-05,0.0,6.0419830777307115e-05,0.0022756116133937124
136,65536,exact,123,0.015415481501161758,0.01343381892122939,0.001981662579932368,0.1285501578256264,1.0101180344987237,0.03183223380730057,0.0321443887437606,4.053525289223608e-05,0.0,5.045995626591637e-05,0.0020636775437128927
136,65536,exact,124,0.01343381892122939,0.011674644235608416,0.0017591746856209737,0.1309511983104789,1.007888853336528,0.0321443887437606,0.032389849967918515,3.338392756739108e-05,0.0,4.150507180133989e-05,0.0018678369408753805
136,65536,exact,125,0.011674644235608416,0.010116739143113021,0.001557905092495395,0.1334434746836811,1.00610960659651,0.032389849967918515,0.03258117749268075,2.7112400664817093e-05,0.0,3.3674116926542264e-05,0.0016871553082206956
136,65536,exact,126,0.010116739143113021,0.008740536079362229,0.0013762030637507923,0.1360322772271581,1.0047000845928016,0.03258117749268075,0.032729070650797464,2.174378153894871e-05,0.0,2.698491377092077e-05,0.001520735046936025
136,65536,exact,127,0.008740536079362229,0.0075280199627840785,0.0012125161165781502,0.1387233123424878,1.0035916259363165,0.032729070650797464,0.032842478597258536,1.7241045651539935e-05,0.0,2.1383678211403523e-05,0.0013677147127706447
136,65536,exact,128,0.0075280199627840785,0.0064626339194299755,0.001065386043354103,0.14152274417722088,1.0027261729780406,0.032842478597258536,0.03292877000795308,1.3529639718869644e-05,0.0,1.6772506708041812e-05,0.0012272682727497287
136,65536,exact,129,0.0064626339194299755,0.005529188904349684,0.0009334450150802918,0.14443724133497332,1.0020552184843414,0.03292877000795308,0.03299393010434022,1.0515852284443975e-05,0.0,1.3031572684278625e-05,0.001098604361888081
136,65536,exact,130,0.005529188904349684,0.00471377713727727,0.0008154117670724137,0.14747402940618437,1.0015386888229887,0.03299393010434022,0.03304276249662488,8.100175156743936e-06,0.0,1.0035174350102316e-05,0.0009809655399041516
136,65536,exact,131,0.00471377713727727,0.00400368927037834,0.0007100878668989301,0.15064095018057744,1.0011438214504582,0.03304276249662488,0.03307908139818216,6.1860705628961216e-06,0.0,7.662189531659758e-06,0.0008736275479343247
136,65536,exact,132,0.00400368927037834,0.0033873352058093084,0.0006163540645690315,0.1539465285503506,1.0008440878047455,0.03307908139818216,0.03310588602725155,4.685074577802462e-06,0.0,5.802094708795558e-06,0.0007758985652464897
136,65536,exact,133,0.0033873352058093084,0.0028541684808389583,0.0005331667249703501,0.15740004829045695,1.0006181981643418,0.03310588602725155,0.03312551348467711,3.5192541180678034e-06,0.0,4.357794663463477e-06,0.0006871184659540555
136,65536,exact,134,0.0028541684808389583,0.002394614138282689,0.0004595543425562694,0.16101163811506577,1.0004492096967863,0.03312551348467711,0.033139769348747156,2.621906295136291e-06,0.0,3.246344093439657e-06,0.0006066580757300724
136,65536,exact,135,0.002394614138282689,0.002000000000000003,0.0003946141382826858,0.16479236966573896,1.000323746150513,0.033139769348747156,0.03315003701540713,1.9371869616877534e-06,0.0,2.398393057261028e-06,0.0005339184285211169
272,65536,exact,0,79.99999999999999,78.40801084044224,1.5919891595577411,0.01989986449447177,1.0,0.0,6.312764984284708e-07,6.312764984284708e-07,0.0,0.0,0.24703924813172762
272,65536,exact,1,78.40801084044224,76.84325384626491,1.5647569941773298,0.019956595983050246,0.9800442154995025,6.312764984284708e-07,1.266486356413548e-06,6.478074757486621e-07,0.0,7.17648664561206e-19,0.24351034824714135
272,65536,exact,2,76.84325384626491,75.30533971667349,1.537914129591428,0.020013651851185643,0.9799871954284808,1.266486356413548e-06,1.9059611509141626e-06,6.648207384457083e-07,0.0,1.6940658945086007e-18,0.24002189172958924
272,65536,exact,3,75.30533971667349,73.7938836159023,1.5114561007711842,0.020071034888864994,0.9799298499266786,1.9059611509141626e-06,2.5500401142108182e-06,6.823318896324084e-07,0.0,2.9853676225977815e-18,0.2365735299490443
272,65536,exact,4,73.7938836159023,72.30850513469545,1.4853784812068511,0.020128747918164287,0.9798721761292349,2.5500401142108182e-06,3.1990703060346107e-06,7.003569501112064e-07,0.0,5.193158999616115e-18,0.2331649162848481
272,65536,exact,5,72.30850513469545,70.84882825200987,1.459676882685585,0.02018679379371093,0.9798141713348097,3.1990703060346107e-06,3.853406950622626e-06,7.189125296825162e-07,0.0,8.987866603315381e-18,0.22979570611984723
272,65536,exact,6,70.84882825200987,69.41448129694054,1.43434695506933,0.020245175403146343,0.9797558328260411,3.853406950622626e-06,4.5134138470496274e-06,7.380159109372755e-07,0.0,1.2574204101990089e-17,0.22646555683445643
272,65536,exact,7,69.41448129694054,68.00509691086583,1.4093843860747057,0.020303895667615177,0.9796971576632683,4.5134138470496274e-06,5.179463623337165e-06,7.576849060426509e-07,0.0,1.8043495842411106e-17,0.22317412780106713
272,65536,exact,8,68.00509691086583,66.62031200981366,1.3847849010521713,0.02036295754224432,0.9796381431423999,5.179463623337165e-06,5.8519380875023875e-06,7.779379610880382e-07,0.0,2.527715721196283e-17,0.2199210803780563
272,65536,exact,9,66.62031200981366,65.25976774704662,1.3605442627670357,0.020422364016647317,0.9795787862111387,5.8519380875023875e-06,6.531228632230244e-06,7.98794223525507e-07,0.0,3.3584009325685754e-17,0.21670607790416213
272,65536,exact,10,65.25976774704662,63.92310947586699,1.3366582711796369,0.02048211811541619,0.979519084091465,6.531228632230244e-06,7.2177365929995845e-06,8.202735052099646e-07,0.0,4.4500569949899177e-17,0.21352878569243228
272,65536,exact,11,63.92310947586699,62.60998671263917,1.3131227632278168,0.020542222898646108,0.9794590337748258,7.2177365929995845e-06,7.911873637419842e-06,8.423963280567689e-07,0.0,5.750167865730543e-17,0.21038887102464143
272,65536,exact,12,62.60998671263917,61.32005310003014,1.2899336126090333,0.020602681462454815,0.9793986323238902,7.911873637419842e-06,8.61406218698216e-06,8.651839674467516e-07,0.0,7.302779258047676e-17,0.20728600314541462
272,65536,exact,13,61.32005310003014,60.05296637046716,1.2670867295629762,0.02066349693950858,0.979337876751414,8.61406218698216e-06,9.32473582231378e-06,8.886584500011735e-07,0.0,9.114413325635173e-17,0.20421985325633726
272,65536,exact,14,60.05296637046716,58.808388309811555,1.2445780606556056,0.020724672499569715,0.9792767639977745,9.32473582231378e-06,1.0044339709409558e-05,9.128425883144574e-07,0.0,1.1446464436015713e-16,0.20119009451025036
272,65536,exact,15,58.808388309811555,57.58598472124816,1.2224035885633953,0.020786211350047323,0.9792152910340851,1.0044339709409558e-05,1.077333111035136e-05,9.377600786967422e-07,0.0,1.4008061475102168e-16,0.19819640200545585
272,65536,exact,16,57.58598472124816,56.38542538939034,1.2005593318578178,0.020848116736550893,0.9791534547634387,1.077333111035136e-05,1.1512179804409977e-05,9.634354285698028e-07,0.0,1.707940294184626e-16,0.1952384527797693
272,65536,exact,17,56.38542538939034,55.20638404459907,1.1790413447912726,0.020910391943467093,0.9790912520748136,1.1512179804409977e-05,1.2261368569285963e-05,9.898940306856583e-07,0.0,2.0984224828688586e-16,0.19231592580485415
272,65536,exact,18,55.20638404459907,54.04853832751572,1.1578457170833474,0.02097304029454219,0.9790286798256509,1.2261368569285963e-05,1.3021393777711438e-05,1.0171622947174619e-06,0.0,2.4979001614529317e-16,0.18942850198041572
272,65536,exact,19,54.04853832751572,52.911569753808585,1.1369685737071364,0.021036065153464362,0.978965734831428,1.3021393777711438e-05,1.379276581973676e-05,1.0452674919101226e-06,0.0,3.000258461810512e-16,0.1865758641282477
272,65536,exact,20,52.911569753808585,51.79516367913135,1.1164060746772364,0.021099469924474833,0.9789024138949602,1.379276581973676e-05,1.4576009701650976e-05,1.0742379467847447e-06,0.0,3.619846122068088e-16,0.1837576969865937
272,65536,exact,21,51.79516367913135,50.69900926429383,1.096154414837521,0.021163258052974736,0.9788387137733532,1.4576009701650976e-05,1.5371665670008084e-05,1.1041030821242838e-06,0.0,4.2815821417810374e-16,0.1809736872042232
272,65536,exact,22,50.69900926429383,49.62279944064356,1.0762098236502666,0.021227433026156133,0.9787746312222513,1.5371665670008084e-05,1.6180289734782798e-05,1.1348933378552481e-06,0.0,5.063529077368317e-16,0.1782235233347529
272,65536,exact,23,49.62279944064356,48.5662308756586,1.056568564984964,0.021291998373626247,0.9787101629228487,1.6180289734782798e-05,1.700245430864643e-05,1.1666403067767498e-06,0.0,5.984897636073655e-16,0.17550689583065138
272,65536,exact,24,48.5662308756586,47.52900393874971,1.037226936908887,0.02135695766806448,0.9786453055480124,1.700245430864643e-05,1.7838748862175983e-05,1.1993767709306935e-06,0.0,7.061171580172859e-16,0.17282349703759098
272,65536,exact,25,47.52900393874971,46.510822667272016,1.0181812714776939,0.021422314525880174,0.9785800557636334,1.7838748862175983e-05,1.868978059664019e-05,1.233136741167876e-06,0.0,8.293096298659514e-16,0.1701730211886333
272,65536,exact,26,46.510822667272016,45.51139473274565,0.9994279345263664,0.021488072607875577,0.9785144101704709,1.868978059664019e-05,1.955617516828695e-05,1.267955532518903e-06,0.0,9.688396732012577e-16,0.1675551643982799
272,65536,exact,27,45.51139473274565,44.53043140728403,0.980963325461623,0.021554235619938397,0.9784483653607161,1.955617516828695e-05,2.0438577339766892e-05,1.3038697147796663e-06,0.0,1.1309685555693089e-15,0.16496962465682574
272,65536,exact,28,44.53043140728403,43.56764753022959,0.9627838770544344,0.021620807313736192,0.9783819178875012,2.0438577339766892e-05,2.1337651783135394e-05,1.3409172878839044e-06,0.0,1.321666165182353e-15,0.16241610182451516
272,65536,exact,29,43.56764753022959,42.62276147499661,0.9448860552329847,0.021687791487419,0.9783150642811291,2.1337651783135394e-05,2.2254083896457853e-05,1.3791377221686223e-06,0.0,1.5372224977314164e-15,0.15989429762563445
272,65536,exact,30,42.62276147499661,41.695495116119716,0.9272663588768921,0.021755191986348555,0.9782478010372683,2.2254083896457853e-05,2.3188580566971416e-05,1.418571932947709e-06,0.0,1.7850711143616027e-15,0.15740391564282025
272,65536,exact,31,41.695495116119716,40.78557379650796,0.9099213196117546,0.02182301270383461,0.978180124641901,2.3188580566971416e-05,2.4141871047879795e-05,1.4592624206807189e-06,0.0,2.069785992988085e-15,0.15494466131125245
272,65536,exact,32,40.78557379650796,39.892726294904,0.8928475016039599,0.021891257581875802,0.9781120315293359,2.4141871047879795e-05,2.511470782540556e-05,1.5012532922469252e-06,0.0,2.4023277399483345e-15,0.15251624191272195
272,65536,exact,33,39.892726294904,39.01668479354711,0.8760415013568945,0.021959930611932188,0.9780435181159781,2.511470782540556e-05,2.6107867596066254e-05,1.5445904008249183e-06,0.0,2.7732061981013134e-15,0.15011836656996025
272,65536,exact,34,39.01668479354711,38.15718484603975,0.8594999475073593,0.02202903583570253,0.9779745807981198,2.6107867596066254e-05,2.7122152165741462e-05,1.5893213011502125e-06,0.0,3.204464552866368e-15,0.14775074624080367
272,65536,exact,35,38.15718484603975,37.31396534541737,0.843219500622375,0.022098577345909497,0.9779052159390471,2.7122152165741462e-05,2.8158389468098512e-05,1.6354954014251407e-06,0.0,3.697725719370437e-15,0.145413093712303
272,65536,exact,36,37.31396534541737,36.48676849242007,0.8271968529973037,0.02216855928711672,0.9778354198809762,2.8158389468098512e-05,2.921743462404373e-05,1.6831640395964706e-06,0.0,4.2629101474917636e-15,0.14310512359502817
272,65536,exact,37,36.48676849242007,35.675339763966086,0.8114287284539827,0.022238985856545577,0.9777651889395531,2.921743462404373e-05,3.0300171026795165e-05,1.7323805462000962e-06,0.0,4.9120897507946154e-15,0.14082655231716948
272,65536,exact,38,35.675339763966086,34.87942788182606,0.7959118821400253,0.022309861304921248,0.9776945194090042,3.0300171026795165e-05,3.1407511438966616e-05,1.7832002945672289e-06,0.0,5.653741635015114e-15,0.1385770981188366
272,65536,exact,39,34.87942788182606,34.09878478149797,0.780643100328092,0.02238118993731679,0.9776234075606273,3.1407511438966616e-05,3.254039922413016e-05,1.8356808746694308e-06,0.0,6.501194710611252e-15,0.1363564810461045
272,65536,exact,40,34.09878478149797,33.33316558128137,0.765619200216598,0.022452976114035118,0.9775518496443796,3.254039922413016e-05,3.369980953967948e-05,1.8898820974335575e-06,0.0,7.469048437461906e-15,0.13416442294534134
272,65536,exact,41,33.33316558128137,32.582328551550795,0.750837029730576,0.022525224251494953,0.9774798418929055,3.369980953967948e-05,3.488675062456635e-05,1.9458661324726578e-06,0.0,8.573227034975456e-15,0.13200064745735907
272,65536,exact,42,32.582328551550795,31.846035084227708,0.7362934673230868,0.022597938823130614,0.9774073805171773,3.488675062456635e-05,3.610226511977325e-05,2.0036975869079476e-06,0.0,9.848092935756114e-15,0.12986488001155155
272,65536,exact,43,31.846035084227708,31.124049662450005,0.7219854217777026,0.02267112436032196,0.977334461716707,3.610226511977325e-05,3.7347431499880084e-05,2.0634436635843063e-06,0.0,1.1291660694575517e-14,0.12775684782016197
272,65536,exact,44,31.124049662450005,30.416139830438738,0.7079098320112678,0.022744785453331747,0.9772610816671848,3.7347431499880084e-05,3.862336548141816e-05,2.125174189304518e-06,0.0,1.2950259625516686e-14,0.12567627987243513
272,65536,exact,45,30.416139830438738,29.72207616356115,0.6940636668775859,0.022818926752270076,0.9771872365413795,3.862336548141816e-05,3.993122155429117e-05,2.1889617884223717e-06,0.0,1.484591936147181e-14,0.12362290692885763
272,65536,exact,46,29.72207616356115,29.041632238589877,0.680443924971275,0.0228935529680625,0.9771129224912287,3.993122155429117e-05,4.1272194572475814e-05,2.2548819979220674e-06,0.0,1.7004443914146045e-14,0.12159646151524536
272,65536,exact,47,29.041632238589877,28.37458460415684,0.667047634433036,0.022968668873462213,0.9770381356681821,4.1272194572475814e-05,4.2647521352058184e-05,2.323013331517275e-06,0.0,1.9485328877754532e-14,0.11959667791709214
272,65536,exact,48,28.37458460415684,27.720712751402193,0.6538718527546479,0.02304427930405214,0.9769628722102058,4.2647521352058184e-05,4.4058482458230366e-05,2.3934375277877077e-06,0.0,2.2310183756847624e-14,0.11762329217359808
272,65536,exact,49,27.720712751402193,27.079799084816763,0.6409136665854298,0.023120389159294274,0.9768871282535418,4.4058482458230366e-05,4.550640392605328e-05,2.4662395477630973e-06,0.0,2.5539527361440745e-14,0.11567604207198982
272,65536,exact,50,27.079799084816763,26.451628893277977,0.6281701915387856,0.023197003403581055,0.9768108999375988,4.550640392605328e-05,4.699265916713739e-05,2.5415078244419718e-06,0.0,2.923656190192622e-14,0.11375466714164437
272,65536,exact,51,26.451628893277977,25.835990321278224,0.615638571999753,0.023274127067320315,0.9767341833969816,4.699265916713739e-05,4.85186709189077e-05,2.6193343750909425e-06,0.0,3.344985963563141e-14,0.11185890864833643
272,65536,exact,52,25.835990321278224,25.232674340345422,0.6033159809328019,0.023351765248027588,0.976656974775679,4.85186709189077e-05,5.0085913250829796e-05,2.6998149293155276e-06,0.0,3.828283989728426e-14,0.10998850958835137
272,65536,exact,53,25.232674340345422,24.641474720654717,0.5911996196907054,0.023429923111456138,0.976579270223748,5.0085913250829796e-05,5.1695913720062346e-05,2.783049152875558e-06,0.0,4.379852871442408e-14,0.10814321468274422
272,65536,exact,54,24.641474720654717,24.062188002830833,0.5792867178238836,0.023508605892743912,0.9765010659032062,5.1695913720062346e-05,5.335025556560804e-05,2.869140765234287e-06,0.0,5.0107311420737044e-14,0.106322770371548
272,65536,exact,55,24.062188002830833,23.494613469940717,0.5675745328901165,0.023587818897572544,0.9764223579985873,5.335025556560804e-05,5.5050580019388316e-05,2.9581977375224542e-06,0.0,5.733240081686256e-14,0.10452692480787665
272,65536,exact,56,23.494613469940717,22.93855311967532,0.5560603502653976,0.02366756750336956,0.9763431427080781,5.5050580019388316e-05,5.679858875770214e-05,3.0503325192507397e-06,0.0,6.558071956579842e-14,0.10275542785220772
272,65536,exact,57,22.93855311967532,22.39381163672026,0.5447414829550574,0.023747857160520327,0.9762634162636379,5.679858875770214e-05,5.8596046362331555e-05,3.1456621378145628e-06,0.0,7.503074767392648e-14,0.1010080310665306
272,65536,exact,58,22.39381163672026,21.860196365314536,0.5336152714057256,0.023828693393612804,0.9761831749224733,5.8596046362331555e-05,6.044478301197847e-05,3.244308521928989e-06,0.0,8.583577777590903e-14,0.09928448770857155
272,65536,exact,59,21.860196365314536,21.33751728199683,0.5226790833177049,0.023910081802697672,0.9761024149839963,6.044478301197847e-05,6.234669720065844e-05,3.3463986276823702e-06,0.0,9.819975507665418e-14,0.09758455272593014
272,65536,exact,60,21.33751728199683,20.825586968538452,0.5119303134583788,0.02399202806459172,0.9760211327883277,6.234669720065844e-05,6.43037586067934e-05,3.452064691754874e-06,0.0,1.1235898821591872e-13,0.09590798275034955
272,65536,exact,61,20.825586968538452,20.324220585062683,0.5013663834757693,0.024074537934186034,0.9759393247291257,6.43037586067934e-05,6.63180111127752e-05,3.5614444890861045e-06,0.0,1.285695725231073e-13,0.09425453609183035
272,65536,exact,62,20.324220585062683,19.833235843349488,0.49098474171319495,0.024157617245802034,0.9758569872551626,6.63180111127752e-05,6.839157593120789e-05,3.674681553081219e-06,0.0,1.4714051916990545e-13,0.09262397273288413
272,65536,exact,63,19.833235843349488,19.352452980325225,0.4807828630242632,0.02424127191456154,0.9757741168817589,6.839157593120789e-05,7.052665488236338e-05,3.7919254443441546e-06,0.0,1.6840691439024696e-13,0.09101605432269504
272,65536,exact,64,19.352452980325225,18.881694731736523,0.47075824858870163,0.024325507937794786,0.9756907102001334,7.052665488236338e-05,7.27255338028848e-05,3.9133320054602695e-06,0.0,1.9278831731982943e-13,0.08943054417134268
272,65536,exact,65,18.881694731736523,18.420786306007955,0.4609084257285687,0.024410331396464622,0.9756067638812193,7.27255338028848e-05,7.499058615293667e-05,4.039063688687284e-06,0.0,2.2071727041536593e-13,0.08786720724393372
272,65536,exact,66,18.420786306007955,17.969555358282417,0.45123094772553785,0.024495748456642617,0.9755222746934724,7.499058615293667e-05,7.732427671881268e-05,4.169289787055232e-06,0.0,2.527521377956865e-13,0.08632581015488593
272,65536,exact,67,17.969555358282417,17.52783196464411,0.4417233936383056,0.024581765370989505,0.9754372395067541,7.732427671881268e-05,7.972916554263476e-05,4.304186802671734e-06,0.0,2.89491995371198e-13,0.08480612116202643
272,65536,exact,68,17.52783196464411,17.09544859652303,0.43238336812108,0.02466838848028968,0.9753516553066821,7.972916554263476e-05,8.220791199803255e-05,4.443938741435159e-06,0.0,3.316318980496266e-13,0.08330791016085229
272,65536,exact,69,17.09544859652303,16.67224009528057,0.4232085012424598,0.02475562421500506,0.9752655192085562,8.220791199803255e-05,8.476327904694091e-05,4.588737449142518e-06,0.0,3.8001410828866766e-13,0.0818309486786926
272,65536,exact,70,16.67224009528057,16.258043646975455,0.41419644830511615,0.024843479096870923,0.9751788284673842,8.476327904694091e-05,8.739813773410169e-05,4.738783011580591e-06,0.0,4.355287154143503e-13,0.08037500986893403
272,65536,exact,71,16.258043646975455,15.852698757309602,0.40534488966585336,0.024931959740510427,0.975091580494205,8.739813773410169e-05,9.011547180955231e-05,4.8942840534597216e-06,0.0,4.993028424526633e-13,0.07893986850514738
272,65536,exact,72,15.852698757309602,15.456047226752926,0.39665153055667624,0.025021072855105013,0.9750037728724446,9.011547180955231e-05,9.291838263569065e-05,5.0554581997623015e-06,0.0,5.725655680913905e-13,0.0775253009753459
272,65536,exact,73,15.456047226752926,15.067933125846643,0.3881141009062823,0.02511082524608842,0.9749154033730001,9.291838263569065e-05,9.581009428345621e-05,5.2225324521604754e-06,0.0,6.567453829028902e-13,0.07613108527617737
272,65536,exact,74,15.067933125846643,14.688202770684557,0.37973035516208675,0.025201223816869726,0.974826469974433,9.581009428345621e-05,9.879395884607325e-05,5.395743601352935e-06,0.0,7.535389142093035e-13,0.07475700100704676
272,65536,exact,75,14.688202770684557,14.316704698571334,0.37149807211322283,0.02529227557061488,0.9747369708793595,9.879395884607325e-05,0.00010187346203631794,5.575338714346763e-06,0.0,8.648303563086115e-13,0.07340282936439525
272,65536,exact,76,14.316704698571334,13.953289643857476,0.36341505471385815,0.025383987612046185,0.9746469045388748,0.00010187346203631794,0.00010505222900829933,5.761575572812453e-06,0.0,9.928689814753255e-13,0.07206835313583518
272,65536,exact,77,13.953289643857476,13.597810513950062,0.3554791299074136,0.025476367149298216,0.9745562696727497,0.00010505222900829933,0.00010833403043815975,5.9547231552789705e-06,0.0,1.1402548420443373e-12,0.0707533566943905
272,65536,exact,78,13.597810513950062,13.25012236549893,0.34768814845113205,0.02556942149579427,0.9744650652959042,0.00010833403043815975,0.00011172278893733881,6.155062202557232e-06,0.0,1.3099082230147094e-12,0.06945762599262656
272,65536,exact,79,13.25012236549893,12.91008238075732,0.34003998474161,0.025663158072186294,0.9743732907423384,0.00011172278893733881,0.00011522258567307376,6.362885670653134e-06,0.0,1.5053659002933067e-12,0.06818094855690039
272,65536,exact,80,12.91008238075732,12.577549844116524,0.3325325366407963,0.025757584408325793,0.9742809456959057,0.00011522258567307376,0.00011883766738531169,6.578499380764752e-06,0.0,1.730542887267393e-12,0.06692311348154535
272,65536,exact,81,12.577549844116524,12.25238611881397,0.3251637253025539,0.025852708145271845,0.974188030219819,0.00011883766738531169,0.00012257245364474142,6.802222528849417e-06,0.0,1.9901228289018885e-12,0.06568391142302153
272,65536,exact,82,12.25238611881397,11.934454623813876,0.317931495000094,0.025948537037361157,0.974094544788757,0.00012257245364474142,0.00012643154449349796,7.034388346248315e-06,0.0,2.2894657632395454e-12,0.06446313459416009
272,65536,exact,83,11.934454623813876,11.623620810860025,0.3108338129538506,0.026045078954309006,0.9740004903255464,0.00012643154449349796,0.00013041972840870081,7.2753447142502345e-06,0.0,2.63483256480318e-12,0.06326057675832614
272,65536,exact,84,11.623620810860025,11.31975214169988,0.30386866916014554,0.026142341883369,0.9739058682388769,0.00013041972840870081,0.00013454199065489057,7.525454856935879e-06,0.0,3.0333995948775283e-12,0.062076033223640546
272,65536,exact,85,11.31975214169988,11.022718065479586,0.2970340762202941,0.026240333931524466,0.9738106804650376,0.00013454199065489057,0.00013880352197333785,7.785097996224172e-06,0.0,3.4936460462878932e-12,0.060909300837118846
272,65536,exact,86,11.022718065479586,10.732389996308926,0.2903280691706591,0.026339063327755294,0.9737149295108888,0.00013880352197333785,0.00014320972771202998,8.054670123166897e-06,0.0,4.025268698004333e-12,0.059760177978936395
272,65536,exact,87,10.732389996308926,10.448641290995925,0.2837487053130019,0.02643853842532637,0.9736186185030146,0.00014320972771202998,0.00014776623735501555,8.334584743461017e-06,0.0,4.639624974359449e-12,0.058628464556554516
272,65536,exact,88,10.448641290995925,10.171347226950155,0.27729406404576906,0.02653876770415366,0.973521751238459,0.00014776623735501555,0.00015247891445156194,8.625273637712319e-06,0.0,5.349922897269002e-12,0.057513961998958515
272,65536,exact,89,10.171347226950155,9.900384980254326,0.270962246695829,0.026639759773207167,0.973424332239968,0.00015247891445156194,0.00015735386705271502,8.927187743490157e-06,0.0,6.171462023059696e-12,0.056416473250827985
272,65536,exact,90,9.900384980254326,9.635633603903335,0.26475137635099166,0.026741523372982065,0.9733263668164057,0.00015735386705271502,0.00016239745855645265,9.240797955637162e-06,0.0,7.12211534322979e-12,0.05533580276675566
272,65536,exact,91,9.635633603903335,9.376974006210345,0.25865959769298996,0.02684406737800912,0.9732278611257661,0.00016239745855645265,0.00016761631908658708,9.5665960660446e-06,0.0,8.222614185674978e-12,0.05427175650539453
272,65536,exact,92,9.376974006210345,9.124288929379041,0.2526850768313036,0.026947400799442436,0.9731288222458014,0.00016761631908658708,0.0001730173573346753,9.905095649964328e-06,0.0,9.497195944171283e-12,0.05322414192369238
272,65536,exact,93,9.124288929379041,8.877462928241497,0.24682600113754383,0.027051532787699843,0.9730292582468286,0.0001730173573346753,0.00017860777296613175,1.0256833068950835e-05,0.0,1.0974004691077788e-11,0.05219276797108268
272,65536,exact,94,8.877462928241497,8.636382349161115,0.24108057908038205,0.027156472635153743,0.972929178273071,0.00017860777296613175,0.00018439506954055,1.0622368441332791e-05,0.0,1.2685904572911494e-11,0.05117744508364327
272,65536,exact,95,8.636382349161115,8.400935309099815,0.23544704006130068,0.027262229778903958,0.9728285926282328,0.00018439506954055,0.00019038706801823282,1.1002286700667866e-05,0.0,1.4671153452262137e-11,0.050177985178326154
272,65536,exact,96,8.400935309099815,8.17101167484897,0.22992363425084505,0.027368813803600407,0.9727275128689359,0.00019038706801823282,0.00019659192082882942,1.1397198647589783e-05,0.0,1.6974544897940466e-11,0.04919420164712976
272,65536,exact,97,8.17101167484897,7.946503042423345,0.2245086324256249,0.02747623444434433,0.9726259519038292,0.00019659192082882942,0.00020301812657313667,1.1807742088466744e-05,0.0,1.9648072529859437e-11,0.04822590935131047
272,65536,exact,98,7.946503042423345,7.727302716617499,0.21920032580584614,0.02758450158964507,0.9725239241014946,0.00020301812657313667,0.00020967454531905827,1.2234582953147421e-05,0.0,2.2752729930165805e-11,0.04727292461555847
272,65536,exact,99,7.727302716617499,7.513305690723954,0.2139970258935442,0.02769362528445345,0.9724214454058486,0.00020967454531905827,0.0002165704145603159,1.267841649588177e-05,0.0,2.6359538629529972e-11,0.04633506522218451
272,65536,exact,100,7.513305690723954,7.304408626412445,0.20889706431150934,0.027803615733273963,0.9723185334603636,0.0002165704145603159,0.0002237153658315419,1.3139968506887072e-05,0.0,3.055153450105125e-11,0.04541215040533942
272,65536,exact,101,7.304408626412445,7.100509833769679,0.20389879264276622,0.02791448330334046,0.972215207741704,0.0002237153658315419,0.00023111944198731064,1.361999654627577e-05,0.0,3.542588894759821e-11,0.04450400084518831
272,65536,exact,102,7.100509833769679,6.901509251498943,0.19900058227073547,0.0280262385278728,0.9721114897035587,0.00023111944198731064,0.00023879311520192022,1.411929124816011e-05,0.0,4.109597961953794e-11,0.04361043866210543
272,65536,exact,103,6.901509251498943,6.707308427278882,0.19420082422006146,0.02813889210941547,0.9720074029302436,0.00023879311520192022,0.00024674730565030933,1.463867759987394e-05,0.0,4.769460553496335e-11,0.04273128741087815
272,65536,exact,104,6.707308427278882,6.517810498280856,0.1894979289980263,0.028252454923249234,0.9719029733029914,0.00024674730565030933,0.00025499340092909804,1.517901629010979e-05,0.0,5.5377049354519287e-11,0.04186637207488737
272,65536,exact,105,6.517810498280856,6.332920171844227,0.18489032643662817,0.02836693802088831,0.9717982291776489,0.00025499340092909804,0.0002635432761980604,1.574120504820481e-05,0.0,6.432502815990893e-11,0.04101551906029511
272,65536,exact,106,6.332920171844227,6.152543706308865,0.18037646553536213,0.028482352633672027,0.9716932015754888,0.0002635432761980604,0.00027240931506558255,1.6326180014282305e-05,0.0,7.475128632403183e-11,0.040178556190260846
272,65536,exact,107,6.152543706308865,5.976588892004314,0.17595481430455084,0.028598710176430838,0.971587924388195,0.00027240931506558255,0.000281604431205092,1.693491710142455e-05,0.0,8.690491176081144e-11,0.03935531269911583
272,65536,exact,108,5.976588892004314,5.804965032394941,0.17162385960937332,0.028716022251250643,0.9714824345971234,0.000281604431205092,0.00029114209072478075,1.756843338199951e-05,0.0,1.0107767964631642e-10,0.038545619226563216
272,65536,exact,109,5.804965032394941,5.6375829253804275,0.16738210701451361,0.028834300651326604,0.9713767725089962,0.00029114209072478075,0.0003010363352530455,1.8227788434646753e-05,0.0,1.176113601582436e-10,0.0377493078118646
272,65536,exact,110,5.6375829253804275,5.474354844750939,0.16322808062948813,0.028953557364918652,0.9712709820073839,0.0003010363352530455,0.0003113018057603328,1.8914085705677786e-05,0.0,1.3690647454687316e-10,0.03696621188804725
272,65536,exact,111,5.474354844750939,5.315194521796382,0.1591603229545573,0.029073804579395773,0.9711651108226222,0.0003113018057603328,0.00032195376707153914,1.962847381336672e-05,0.0,1.5943234362922332e-10,0.03619616627608345
272,65536,exact,112,5.315194521796382,5.160017127069073,0.15517739472730874,0.029195054685385864,0.9710592108198177,0.00032195376707153914,0.000333008133057247,2.0372147823333063e-05,0.0,1.8573904225641438e-10,0.03543900717908102
272,65536,exact,113,5.160017127069073,5.008739252299154,0.15127787476991905,0.029317320281036736,0.9709533383070147,0.000333008133057247,0.0003444814924492627,2.114635044544472e-05,0.0,2.1647150256131828e-10,0.034694572176492064
272,65536,exact,114,5.008739252299154,4.861278892462154,0.1474603598369999,0.029440614176374103,0.9708475543636578,0.0003444814924492627,0.00035639113525620533,2.1952373174011338e-05,0.0,2.5238571551688266e-10,0.03396270021829571
272,65536,exact,115,4.861278892462154,4.7175554279980485,0.1437234644641059,0.029564949397773065,0.9707419251912695,0.00035639113525620533,0.0003687550796904782,2.279155729869358e-05,0.0,2.943679263019139e-10,0.033243231619187595
272,65536,exact,116,4.7175554279980485,4.577489607181119,0.14006582081692986,0.029690339192552633,0.97063652248653,0.0003687550796904782,0.00038159209954590905,2.366529480328299e-05,0.0,3.434573829226399e-10,0.032536008052792026
272,65536,exact,117,4.577489607181119,4.441003528640092,0.13648607854102668,0.0298167970336642,0.9705314238383671,0.00038159209954590905,0.0003949217519318617,2.457502910622661e-05,0.0,4.008721279187208e-10,0.03184087254582057
272,65536,exact,118,4.441003528640092,4.308020624027743,0.13298290461234874,0.029944336624535463,0.9704267131496341,0.0003949217519318617,0.0004087644052336001,2.5522255595314557e-05,0.0,4.680402461540618e-10,0.031157669472308157
272,65536,exact,119,4.308020624027743,4.178465640839506,0.12955498318823722,0.030072971903999615,0.9703224810844422,0.0004087644052336001,0.0004231412671847937,2.6508521954962796e-05,0.0,5.466354422605825e-10,0.03048624454776423
272,65536,exact,120,4.178465640839506,4.052264625380291,0.12620101545921525,0.03020271705138633,0.9702188255417601,0.0004231412671847937,0.00043807441287447386,2.753542820709618e-05,0.0,6.386189049367025e-10,0.02982644482339625
272,65536,exact,121,4.052264625380291,3.9293449058789607,0.12291971950133007,0.030333586491724854,0.9701158521558756,0.00043807441287447386,0.00045358681250139886,2.8604626436387903e-05,0.0,7.46288394146491e-10,0.02917811868029071
272,65536,exact,122,3.9293449058789607,3.8096350757498043,0.11970983012915637,0.030465594901086523,0.9700136748244277,0.00045358681250139886,0.00046970235864409897,2.9717820132594375e-05,0.0,8.723348759922395e-10,0.028541115823603382
272,65536,exact,123,3.8096350757498043,3.6930649770003265,0.11657009874947777,0.030598757212076194,0.969912416263871,0.00046970235864409897,0.00048644589280376533,3.0876763115011564e-05,0.0,1.0199085835865124e-09,0.027915287276763248
272,65536,exact,124,3.6930649770003265,3.5795656837847707,0.11349929321555585,0.030733088619454802,0.9698122085927634,0.00048644589280376533,0.0005038432308943422,3.2083257928935796e-05,0.0,1.1926954919571145e-09,0.027300485375655933
272,65536,exact,125,3.5795656837847707,3.4690694861027,0.11049619768207064,0.030868604585917263,0.9697131939421179,0.0005038432308943422,0.0005219211873311479,3.333915366102295e-05,0.0,1.395006543549078e-09,0.026696563762813912
272,65536,exact,126,3.4690694861027,3.361509873641978,0.10755961246072188,0.031005320848029167,0.9696155250925083,0.0005219211873311479,0.000540707597325795,3.464634309453236e-05,0.0,1.6318797336654575e-09,0.026103377381621343
272,65536,exact,127,3.361509873641978,3.256821519765537,0.10468835387644138,0.031143253422313565,0.9695193661364596,0.000540707597325795,0.0005602313369045429,3.60067590784554e-05,0.0,1.909198385323385e-09,0.025520782470500623
272,65536,exact,128,3.256821519765537,3.1549402656412835,0.1018812541242533,0.03128241861150189,0.9694248931647335,0.0005602313369045429,0.000580522340121305,3.7422370022548045e-05,0.0,2.2338274653426957e-09,0.02494863655710286
272,65536,exact,129,3.1549402656412835,3.0558031045144776,0.09913716112680593,0.03142283301096193,0.9693322949739573,0.000580522340121305,0.0006016116128679693,3.8895174403286646e-05,0.0,2.6137687541682303e-09,0.02438679845251145
272,65536,exact,130,3.0558031045144776,2.959348166121994,0.09645493839248376,0.03156451351528064,0.9692417737929068,0.0006016116128679693,0.0006235312425678672,4.042719411668676e-05,0.0,3.0583393816584203e-09,0.023835128245416455
272,65536,exact,131,2.959348166121994,2.8655147012477418,0.09383346487425204,0.031707477325053586,0.9691535460235142,0.0006235312425678672,0.0006463144029864999,4.202046656941387e-05,0.0,3.578374010515875e-09,0.02329348729633057
272,65536,exact,132,2.8655147012477418,2.774243066418696,0.09127163482904566,0.03185174195382871,0.9690678429920871,0.0006463144029864999,0.0006699953532663442,4.367703532341613e-05,0.0,4.186453918014928e-09,0.022761738231760954
272,65536,exact,133,2.774243066418696,2.6854747087408133,0.08876835767788283,0.03199732523526678,0.9689849117050593,0.0006699953532663442,0.0006946094301822186,4.5398939120378164e-05,0.0,4.897165748005833e-09,0.022239744938416857
272,65536,exact,134,2.6854747087408133,2.59915215087424,0.08632255786657339,0.03214424533048349,0.96890501560256,0.0006946094301822186,0.0007201930325003154,4.718819910242219e-05,0.0,5.727390494595502e-09,0.021727372557398032
272,65536,exact,135,2.59915215087424,2.515218976147159,0.08393317472708084,0.032292520735598115,0.9688284353019646,0.0007201930325003154,0.0007467835961800868,4.904680401334773e-05,0.0,6.696625918394851e-09,0.021224487478383937
272,65536,exact,136,2.515218976147159,2.4336198138076144,0.08159916233954467,0.03244217028949869,0.9687554693221255,0.0007467835961800868,0.0007744195590155014,5.0976693157103406e-05,0.0,7.827341106758472e-09,0.020730957333837213
272,65536,exact,137,2.4336198138076144,2.354300324412701,0.0793194893949134,0.03259321318181208,0.9686864347776648,0.0007744195590155014,0.0008031403131545863,5.2979736875581626e-05,0.0,9.145365812736339e-09,0.020246650993185445
272,65536,exact,138,2.354300324412701,2.277207185354466,0.07709313905823478,0.032745668961102606,0.9686216680314176,0.0008031403131545863,0.0008329861437680272,5.505771428618148e-05,0.0,1.0680309224693485e-08,0.019771438557015592
272,65536,exact,139,2.277207185354466,2.2022880765218544,0.07491910883261177,0.03289955754331154,0.9685615252910376,0.0008329861437680272,0.0008639981519531331,5.721228800680745e-05,0.0,1.246600793436154e-08,0.01930519135127563
272,65536,exact,140,2.2022880765218544,2.1294916660980916,0.07279641042376284,0.033054899220420146,0.9685063831349866,0.0008639981519531331,0.0008962181597677449,5.94449755791006e-05,0.0,1.4540994797140883e-08,0.01884778192146076
272,65536,exact,141,2.1294916660980916,2.058767596492845,0.07072406960524669,0.033211714669367905,0.9684566389508864,0.0008962181597677449,0.0009296885951059362,6.17571173087764e-05,0.0,1.694897825885687e-08,0.01839908402680747
272,65536,exact,142,2.058767596492845,1.9900664704085218,0.0687011260843231,0.0333700249612229,0.9684127112679727,0.0009296885951059362,0.0009644523538913189,6.414984019003876e-05,0.0,1.9739320172005616e-08,0.017958972634485974
272,65536,exact,143,1.9900664704085218,1.923339837040052,0.06672663336846973,0.03352985157062219,0.968375039964008,0.0009644523538913189,0.001000552636887902,6.662401763506044e-05,0.0,2.2967490045889757e-08,0.017527323913799294
272,65536,exact,144,1.923339837040052,1.8585401784075393,0.0647996586325128,0.033691216385470936,0.9683440863256785,0.001000552636887902,0.0010380327582008946,6.91802246826451e-05,0.0,2.6695469714345735e-08,0.017104015230367236
272,65536,exact,145,1.8585401784075393,1.7956208958211188,0.06291928258642043,0.03385414171693174,0.9683203329403849,0.0010380327582008946,0.001076935922340167,7.181868839052337e-05,0.0,3.0992074472740994e-08,0.016688925140322122
272,65536,exact,146,1.7956208958211188,1.7345362964773683,0.061084599343750545,0.03401865030971206,0.9683042833967255,0.001076935922340167,0.0011173049665417632,7.45392331400668e-05,0.0,3.593314409043591e-08,0.01628193338450706
272,65536,exact,147,1.7345362964773683,1.6752415801866591,0.05929471629070915,0.03418476535263602,0.9682964617706723,0.0011173049665417632,0.001159182064866415,7.734122059442205e-05,0.0,4.16015491957588e-08,0.015882920882662934
272,65536,exact,148,1.6752415801866591,1.6176928262307688,0.05754875395589032,0.03435251048954868,0.9682974118744679,0.001159182064866415,0.0012026083904699875,8.022348411101912e-05,0.0,4.8086942482832365e-08,0.015491769727631182
272,65536,exact,149,1.6176928262307688,1.5618469803501753,0.05584584588059349,0.03452190983050506,0.9683076962462227,0.0012026083904699875,0.0012476237323517186,8.318425746071355e-05,0.0,5.5485171366513944e-08,0.015108363179523967
272,65536,exact,150,1.5618469803501753,1.507661841860286,0.05418513848988926,0.0346929879633539,0.9683278948593964,0.0012476237323517186,0.0012942660628766738,8.622109780473642e-05,0.0,6.389725282522282e-08,0.014732585659951053
272,65536,exact,151,1.507661841860286,1.4550960508960729,0.05256579096421321,0.034865769965599785,0.968358603533909,0.0012942660628766738,0.0013425710524257097,8.933080297262706e-05,0.0,7.342779550362222e-08,0.014364322746184871
272,65536,exact,152,1.4550960508960729,1.4041090757844001,0.05098697511167272,0.035040281416662544,0.9684004320333517,0.0013425710524257097,0.0013925715277107143,9.250932324490895e-05,0.0,8.418273872348031e-08,0.014003461165363176
272,65536,exact,153,1.4041090757844001,1.3546612005434173,0.04944787524098282,0.03521654841049934,0.9684540018369177,0.0013925715277107143,0.0014442968706144,9.575166802562842e-05,0.0,9.626626681956754e-08,0.013649888788684913
272,65536,exact,154,1.3546612005434173,1.3067135125083835,0.0479476880350338,0.035394597568602214,0.9685199435795312,0.0014442968706144,0.0014977723549074867,9.905180801613872e-05,0.0,1.097767482042579e-07,0.013303494625599785
272,65536,exact,155,1.3067135125083835,1.2602278900832704,0.046485622425113116,0.035574456053399754,0.9685988941593826,0.0014977723549074867,0.0015530184189058505,0.00010240257379139657,0.0,1.248015514319998e-07,0.012964168818005373
272,65536,exact,156,1.2602278900832704,1.2151669906175144,0.04506089946575598,0.03575615158205914,0.9686914935187737,0.0015530184189058505,0.0016100498731211842,0.00010579555205059473,0.0,1.4141060148352945e-07,0.012631802634434527
272,65536,exact,157,1.2151669906175144,1.1714942384072664,0.04367275221024802,0.03593971244071955,0.9687983811114949,0.0016100498731211842,0.0016688750432419406,0.00010922098122761247,0.0,1.596485742429328e-07,0.012306288464249497
272,65536,exact,158,1.1714942384072664,1.12917381282049,0.0423204255867764,0.036125167499171114,0.9689201920779075,0.0016688750432419406,0.001729494850475084,0.00011266764870265681,0.0,1.7952567958005178e-07,0.011987519811839514
272,65536,exact,159,1.12917381282049,1.088170636545279,0.041003176275210995,0.03631254622598076,0.9690575531572032,0.001729494850475084,0.0017919018333874238,0.0001161227924672795,0.0,2.0100707922372958e-07,0.011675391290810574
272,65536,exact,160,1.088170636545279,1.0484503639607456,0.03972027258453337,0.03650187870409477,0.969211078374609,0.0017919018333874238,0.0018560791180264012,0.00011957201086181987,0.0,2.2400111428233505e-07,0.01136979861817823
272,65536,exact,161,1.0484503639607456,1.0099793696298376,0.03847099433090806,0.03669319564693139,0.9693813645493472,0.0018560791180264012,0.0019219993463149769,0.00012299918487748766,0.0,2.4834670649229347e-07,0.011070638608560692
272,65536,exact,162,1.0099793696298376,0.9727247369134332,0.03725463271640439,0.0368865284149897,0.9695689866765383,0.0019219993463149769,0.0019896235765631647,0.00012638641851136278,0.0,2.738005477793959e-07,0.010777809168376255
272,65536,exact,163,0.9727247369134332,0.9366542467050945,0.036070490208338746,0.037081909032965,0.9697744932424893,0.0019896235765631647,0.002058900174489074,0.0001297140037995826,0.0,3.0002501536082957e-07,0.010491209290028166
272,65536,exact,164,0.9366542467050945,0.901736366285808,0.03491788041928645,0.03727937020743615,0.9699984015374992,0.002058900174489074,0.002129763718384983,0.00013296041834982863,0.0,3.2657814452588876e-07,0.010210739046104488
272,65536,exact,165,0.901736366285808,0.8679402382980875,0.03379612798772047,0.03747894534510621,0.9702411930331605,0.002129763718384983,0.0022021339480012667,0.00013610236445867492,0.0,3.5290746199390793e-07,0.009936299583569725
272,65536,exact,166,0.8679402382980875,0.835235669838799,0.032704568459288486,0.037680668571626184,0.9705033088915243,0.0022021339480012667,0.0022759147932517173,0.00013911486008768065,0.0,3.783499935485629e-07,0.009667793117953315
272,65536,exact,167,0.835235669838799,0.8035931216700426,0.031642548168756446,0.03788457475105616,0.970785145671294,0.0022759147932517173,0.0023509935257888604,0.000141971392971027,0.0,4.0214128448805633e-07,0.00940512292755248
272,65536,exact,168,0.8035931216700426,0.7729836975474834,0.03060942412255918,0.03809069950592171,0.9710870512912543,0.0023509935257888604,0.0024272400835540515,0.00014464414971267905,0.0,4.234367217614485e-07,0.009148193347614075
272,65536,exact,169,0.7729836975474834,0.7433791336654563,0.029604563882027146,0.038299079237966174,0.9714093213031827,0.0024272400835540515,0.00250450662510104,0.00014710433161050886,0.0,4.4134871459051983e-07,0.008896909764536113
272,65536,exact,170,0.7433791336654563,0.7147517882182227,0.028627345447233554,0.038509751149561795,0.9717521955160762,0.00250450662510104,0.0025826273761676995,0.00014932256775817385,0.0,4.550032169682583e-07,0.008651178610056336
272,65536,exact,171,0.7147517882182227,0.6870746310767284,0.027677157141494324,0.03872275326584302,0.9721158550010118,0.0025826273761676995,0.0026614188347389707,0.00015126943326558936,0.0,4.636184589017385e-07,0.008410907355446908
272,65536,exact,172,0.6870746310767284,0.6603212335802207,0.026753397496507736,0.038938124457574504,0.9725004194926894,0.0026614188347389707,0.0027406804016204696,0.00015291607579123693,0.0,4.6660740016073177e-07,0.008176004505707251
272,65536,exact,173,0.6603212335802207,0.634465758442085,0.025855475138135686,0.03915590446478437,0.9729059451917011,0.0027406804016204696,0.002820195500074637,0.0001542349466668408,0.0,4.637031991382677e-07,0.007946379593756159
272,65536,exact,174,0.634465758442085,0.6094829497692512,0.024982808672833756,0.03937613392120392,0.9733324229643008,0.002820195500074637,0.0028997332391131037,0.00015520062380917373,0.0,4.5510401673436174e-07,0.007721943174628383
272,65536,exact,175,0.6094829497692512,0.5853481231945421,0.024134826574709112,0.03959885437951381,0.9737797769394306,0.0028997332391131037,0.0029790506595931726,0.00015579070319522644,0.0,4.4163036946442275e-07,0.0075026068196610545
272,65536,exact,176,0.5853481231945421,0.5620371561212988,0.023310967073243316,0.039824108337485606,0.9742478635243449,0.0029790506595931726,0.0030578955800515616,0.00015598672618752005,0.0,4.248865753974686e-07,0.007288283110695096
272,65536,exact,177,0.5620371561212988,0.5395264780796633,0.022510678041635535,0.04005193926498568,0.9747364709129633,0.0030578955800515616,0.003136010031284589,0.00015577510585524485,0.0,4.074206904638132e-07,0.007078885634261675
272,65536,exact,178,0.5395264780796633,0.5177930611938628,0.02173341688580044,0.04028239163192916,0.9752453192618517,0.003136010031284589,0.003213134238264308,0.00015514802407493784,0.0,3.9288997913822926e-07,0.006874328975777661
272,65536,exact,179,0.5177930611938628,0.49681441075985355,0.02097865043400926,0.04051551093720588,0.9757740618800319,0.003213134238264308,0.003289011081294505,0.00015410430353112516,0.0,3.8626927358585694e-07,0.0066745287137398995
272,65536,exact,180,0.49681441075985355,0.47656855593268876,0.02024585482716479,0.04075134373859996,0.976322288045821,0.003289011081294505,0.003363390955247382,0.00015265032856400226,0.0,3.941976141311372e-07,0.006479401413915137
272,65536,exact,181,0.47656855593268876,0.45703404052295754,0.019534515409731223,0.0409899376837827,0.9768895284514736,0.003363390955247382,0.003436036959674316,0.00015080120969996794,0.0,4.2565429521791015e-07,0.006288864623537041
272,65536,exact,182,0.45703404052295754,0.4381899139016626,0.01884412662129492,0.041231341542377634,0.9774752647994315,0.003436036959674316,0.003506730408870438,0.00014858256471035424,0.0,4.932928582019463e-07,0.00610283686549677
272,65536,exact,183,0.4381899139016626,0.4200157220128909,0.01817419188877173,0.04147560523917109,0.9780789457235991,0.003506730408870438,0.003575276762678594,0.00014603350874015667,0.0,6.159273064462907e-07,0.005921237632534593
272,65536,exact,184,0.4200157220128909,0.4024914984936259,0.01752422351926497,0.0417227798885279,0.9787000119334811,0.003575276762678594,0.003641512249546668,0.00014321164811508628,0.0,8.228088674558029e-07,0.005743987381438155
272,65536,exact,185,0.4024914984936259,0.38559775590007506,0.016893742593550864,0.04197291783001077,0.979337934162417,0.003641512249546668,0.0037053116666088412,0.00014020092162881018,0.0,1.1603387181386565e-06,0.0055710075272301885
272,65536,exact,186,0.38559775590007506,0.3693154770398562,0.01628227886021888,0.04222607266531478,0.9799922679469606,0.0037053116666088412,0.003766598048666793,0.0001371227805862611,0.0,1.701515529798324e-06,0.005402220437364271
272,65536,exact,187,0.3693154770398562,0.3536261064094067,0.01568937063044945,0.04248229929653414,0.9806627291936799,0.003766598048666793,0.003825355008622476,0.00013415005877544822,0.0,2.557372334138601e-06,0.005237549425917491
272,65536,exact,188,0.3536261064094067,0.3385115417359731,0.01511456467343364,0.042741653965827166,0.9813492935614611,0.003825355008622476,0.0038816424352004298,0.00013152049802808328,0.0,3.887498161116686e-06,0.005076918747782645
272,65536,exact,189,0.3385115417359731,0.3239541256235317,0.01455741611244138,0.04300419429655856,0.9820523205508153,0.0038816424352004298,0.003935615738716998,0.00012954308387967372,0.0,5.9033061997754155e-06,0.004920253592863928
272,65536,exact,190,0.3239541256235317,0.3099366373020109,0.014017488321520832,0.04326997933593415,0.9827726995651968,0.003935615738716998,0.0039875478401820335,0.00012858614849951767,0.0,8.854012307664416e-06,0.0047674800802657595
272,65536,exact,191,0.3099366373020109,0.2964422844791572,0.013494352822853661,0.043539069599262605,0.983512009991461,0.0039875478401820335,0.004037851588315447,0.00012903527171169305,0.0,1.2984874630786805e-05,0.004618525252489879
272,65536,exact,192,0.2964422844791572,0.2834546952944143,0.01298758918474291,0.043811527115849305,0.9842726807768314,0.004037851588315447,0.004087098448686699,0.00013121736107298302,0.0,1.8465919796516357e-05,0.004473317069626245
272,65536,exact,193,0.2834546952944143,0.27095791037416617,0.012496784920248138,0.044087415476636124,0.9850581278992165,0.004087098448686699,0.004136027597063597,0.00013530717405968714,0.0,2.5309123399201716e-05,0.004331784403546542
272,65536,exact,194,0.27095791037416617,0.2589363749877027,0.012021535386463444,0.04436679988365311,0.9858728423836961,0.004136027597063597,0.004185538688111157,0.00014125261291620875,0.0,3.331120809954829e-05,0.004193857032098592
272,65536,exact,195,0.2589363749877027,0.2473749313032709,0.011561443684431821,0.04464974720133814,0.9867224003984474,0.004185538688111157,0.004236662397774237,0.00014875431813898463,0.0,4.205670165835767e-05,0.004059465633295757
272,65536,exact,196,0.2473749313032709,0.23625881074355648,0.01111612055971442,0.044936326009875835,0.9876133751783747,0.004236662397774237,0.004290505977501891,0.00015730839655751005,0.0,5.0986869212738505e-05,0.003928541779515439
272,65536,exact,197,0.23625881074355648,0.22557362643996945,0.01068518430358703,0.045226606660545246,0.9885531528284505,0.004290505977501891,0.004348176479771744,0.00016629138896725996,0.0,5.950812048432369e-05,0.0038010179316866704
272,65536,exact,198,0.22557362643996945,0.21530536578507714,0.010268260654892308,0.04552066133327399,0.9895496918050237,0.004348176479771744,0.004410690968097038,0.00017505653502186507,0.0,6.710226239680858e-05,0.0036768274334868056
272,65536,exact,199,0.21530536578507714,0.2054403830825478,0.009864982702529335,0.04581856409643219,0.9906113124633834,0.004410690968097038,0.004478888866020019,0.0001830181223644601,0.0,7.340962512143896e-05,0.0035559045055346965
272,65536,exact,200,0.2054403830825478,0.19596539229396848,0.00947499078857933,0.046120390968956634,0.9917466420766062,0.004478888866020019,0.004553364228753113,0.00018971186593897703,0.0,7.827063029551724e-05,0.003438184239579323
272,65536,exact,201,0.19596539229396848,0.18686745988187783,0.009097932412090642,0.046426219985020604,0.9929648516840593,0.004553364228753113,0.004634433537452265,0.00019482639075301745,0.0,8.172348936808741e-05,0.0033236025927002406
272,65536,exact,202,0.18686745988187783,0.17813399774839228,0.008733462133485553,0.04673613126119511,0.9942762931872368,0.004634433537452265,0.004722147906258591,0.00019820512296036855,0.0,8.396461534242866e-05,0.0032120963814930596
272,65536,exact,203,0.17813399774839228,0.16975275626876413,0.008381241479628154,0.04705020706640374,0.9956935899380717,0.004722147906258591,0.0048163497679422265,0.00019982212417325946,0.0,8.528475723219853e-05,0.0031036032762685913
272,65536,exact,204,0.16975275626876413,0.1617118174192434,0.008040938849520729,0.047368531894644274,0.9972331843113308,0.0048163497679422265,0.004916766711779167,0.00019974030451556794,0.0,8.599740857856593e-05,0.0029980617952414306
272,65536,exact,205,0.1617118174192434,0.15399958799859095,0.0077122294206524444,0.04769119254072958,0.9989173351265695,0.004916766711779167,0.005023132123631757,0.00019806437245123516,0.0,8.637574998894993e-05,0.0028954112987257673
272,65536,exact,206,0.15399958799859095,0.14660479294260434,0.007394795055986614,0.048018278179122624,1.0007765957742483,0.005023132123631757,0.005135324529142035,0.00019490146961089123,0.0,8.661000728131616e-05,0.0027955919833283927
272,65536,exact,207,0.14660479294260434,0.13951646873101678,0.00708832421158756,0.04834988044601402,1.0028528640808396,0.005135324529142035,0.005253523718243866,0.000190338608387373,0.0,8.678980217818617e-05,0.002698544876139318
272,65536,exact,208,0.13951646873101678,0.13272395688611835,0.00679251184489843,0.048686093524873915,1.0052031216799706,0.005253523718243866,0.005378389203706996,0.00018443917479585853,0.0,8.690841248736297e-05,0.0026042118289287108
272,65536,exact,209,0.13272395688611835,0.12621689756246837,0.006507059323649977,0.049027014235517814,1.0079038992026614,0.005378389203706996,0.0055112727830942945,0.00017725416859084138,0.0,8.688083534232494e-05,0.002512535512335106
272,65536,exact,210,0.12621689756246837,0.1199852232270424,0.006231674335425971,0.04937274212703364,1.011056212194687,0.0055112727830942945,0.005654480187291901,0.0001688404966094181,0.0,8.656689376450658e-05,0.002423459410064311
272,65536,exact,211,0.1199852232270424,0.11401915242918585,0.005966070797856549,0.04972337957456005,1.0147900422185232,0.005654480187291901,0.005811595592061985,0.0001592791773682386,0.0,8.579377329200489e-05,0.0023369278130769954
272,65536,exact,212,0.11401915242918585,0.10830918365972066,0.005709968769465196,0.05007903188029309,1.0192660704261802,0.005811595592061985,0.005987874171945556,0.0001486891125084877,0.0,8.437714259006135e-05,0.0022528858137850095
272,65536,exact,213,0.10830918365972066,0.10284608929856659,0.005463094361154067,0.05043980737882478,1.024669708329063,0.005987874171945556,0.006190683714047643,0.00013723489412685697,0.0,8.214446135779672e-05,0.002171279300244213
272,65536,exact,214,0.10284608929856659,0.097620909650237,0.005225179648329595,0.05080581754704037,1.031187483506127,0.006190683714047643,0.006429916548423047,0.0001251287215815171,0.0,7.896773342962182e-05,0.002092054950345583
272,65536,exact,215,0.097620909650237,0.0926249470665603,0.004995962583676697,0.05117717711888344,1.0389473545224441,0.006429916548423047,0.006718156125930909,0.00011262698082440392,0.0,7.48156426777051e-05,0.0020151602260111276
272,65536,exact,216,0.0926249470665603,0.08784976015599161,0.004775186910568691,0.05155400420512241,1.0478945782725284,0.006718156125930909,0.007070111072935961,0.00010002207452364214,0.0,6.98303819390558e-05,0.001940543367384298
272,65536,exact,217,0.08784976015599161,0.08328715807886612,0.0045626020771254855,0.05193642041849448,1.0575838824168553,0.007070111072935961,0.007500469971092223,8.763021125038357e-05,0.0,6.439575779217197e-05,0.001868153387024902
272,65536,exact,218,0.08328715807886612,0.07892919492795522,0.004357963150910901,0.052324551004420954,1.066966143514278,0.007500469971092223,0.008019459442747607,7.577616453203539e-05,0.0,5.906424138534677e-05,0.0017979400641014152
272,65536,exact,219,0.07892919492795522,0.07476816419368147,0.004161030734273749,0.05271852497763145,1.0744781976247937,0.008019459442747607,0.008627286298117447,6.477622511378806e-05,0.0,5.4224254964922725e-05,0.001729853938584012
272,65536,exact,220,0.07476816419368147,0.0707965933133493,0.003971570880332176,0.053118475265008666,1.0787322472880672,0.008627286298117447,0.009311617917154402,5.4920167849272854e-05,0.0,4.983418706065376e-05,0.001663846305438407
272,65536,exact,221,0.0707965933133493,0.06700723830375127,0.003789355009598025,0.05352453885494389,1.0793280722163099,0.009311617917154402,0.010051058108915375,4.645144293833127e-05,0.0,4.568394976006869e-05,0.001599869208817387
272,65536,exact,222,0.06700723830375127,0.06339307847650347,0.0036141598272478037,0.053936856953638576,1.0769041007083944,0.010051058108915375,0.01082177905981861,3.954213971988865e-05,0.0,4.1788773850604324e-05,0.001537875436255819
272,65536,exact,223,0.06339307847650347,0.05994731123547159,0.0034457672410318774,0.05435557514861886,1.0725323138872727,0.01082177905981861,0.011602575985217854,3.425892652721378e-05,0.0,3.839067671344669e-05,0.001477818512861972
272,65536,exact,224,0.05994731123547159,0.05666334695564194,0.003283964279829653,0.054780843579961755,1.0671808509804364,0.011602575985217854,0.012376847527810719,3.0525605113919465e-05,0.0,3.5724990773165766e-05,0.0014196526955117111
272,65536,exact,225,0.05666334695564194,0.05353480394279581,0.0031285430128461245,0.05521281711959687,1.0615203101203903,0.012376847527810719,0.013132529088516419,2.8044799671540165e-05,0.0,3.379073718954087e-05,0.0013633329670417011
272,65536,exact,226,0.05353480394279581,0.05055550347334691,0.0029793004694489006,0.055651655559108955,1.0559448109893863,0.013132529088516419,0.013861197899704384,2.640403769284124e-05,0.0,3.243208417454298e-05,0.0013088150304407476
272,65536,exact,227,0.05055550347334691,0.047719464913693825,0.002836038559653087,0.05609752380664667,1.0506513618996984,0.013861197899704384,0.014557101366781382,2.5875127337800232e-05,0.0,3.20602114420674e-05,0.0012560553030457507
272,65536,exact,228,0.047719464913693825,0.045020900918451776,0.0026985639952420495,0.05655059209324151,1.0457266091588933,0.014557101366781382,0.01521653965286646,2.571737532016957e-05,0.0,3.1925973920293726e-05,0.001205010910731865
272,65536,exact,229,0.045020900918451776,0.04245421270691502,0.002566688211536758,0.05701103618930031,1.0412036662241053,0.01521653965286646,0.015837465681798904,2.535669677703183e-05,0.0,3.140788878716258e-05,0.0011556396821078463
272,65536,exact,230,0.04245421270691502,0.04001398541711184,0.0024402272898031777,0.05747903763165791,1.0370872103734674,0.015837465681798904,0.016419050776999476,2.4807167733696685e-05,0.0,3.0589494056570965e-05,0.0011079001427074199
272,65536,exact,231,0.04001398541711184,0.037694983536806455,0.0023190018803053852,0.05795478396195127,1.0333584712034694,0.016419050776999476,0.01696122207561254,2.4449069457444993e-05,0.0,2.9992203377220833e-05,0.0010617515091835002
272,65536,exact,232,0.037694983536806455,0.035492146410806606,0.0022028371259998486,0.05843846897688484,1.0299824194620784,0.01696122207561254,0.01746442752351645,2.4031842661378363e-05,0.0,2.936486961794757e-05,0.0010171536835011047
272,65536,exact,233,0.035492146410806606,0.03340058382393499,0.002091562586871619,0.058930292991093446,1.0269280981746791,0.01746442752351645,0.017929587903875954,2.34888835603085e-05,0.0,2.8612322118620748e-05,0.0009740672471296749
272,65536,exact,234,0.03340058382393499,0.031415571659020085,0.0019850121649149025,0.05943046311341525,1.0241726351671714,0.017929587903875954,0.01835808848817401,2.2827227912632987e-05,0.0,2.7732030712698807e-05,0.0009324534552370437
272,65536,exact,235,0.031415571659020085,0.029532547629265354,0.0018830240297547304,0.05993919353729391,1.0216887894876938,0.01835808848817401,0.018751577149380708,2.205837870081324e-05,0.0,2.6734434110574357e-05,0.0008922742308820472
272,65536,exact,236,0.029532547629265354,0.027747107084353288,0.001785440544912066,0.06045670584622301,1.019445159478852,0.018751577149380708,0.019111766017930926,2.119497984119231e-05,0.0,2.563351944068204e-05,0.0008534921592079368
272,65536,exact,237,0.027747107084353288,0.0260549988896429,0.001692108194710388,0.06098322933508895,1.0174159403441871,0.019111766017930926,0.01944042106354308,2.0251185601099237e-05,0.0,2.444551682929258e-05,0.0008160704816347811
272,65536,exact,238,0.0260549988896429,0.02445212137781621,0.0016028775118266912,0.061519001348484016,1.0155805760339534,0.01944042106354308,0.019739368230402298,1.9242371424017376e-05,0.0,2.3188163077399182e-05,0.0007799730900535451
272,65536,exact,239,0.02445212137781621,0.022934518372333384,0.0015176030054828253,0.06206426763690311,1.013921391654405,0.019739368230402298,0.020010472316228968,1.818459356706911e-05,0.0,2.187998388634635e-05,0.0007451645210181335
272,65536,exact,240,0.022934518372333384,0.02149837528205205,0.0014361430902813353,0.06261928273208471,1.0124226336519022,0.020010472316228968,0.02025560949580258,1.7094004140807383e-05,0.0,2.0539591353240655e-05,0.0007116099499392011
272,65536,exact,241,0.02149837528205205,0.020140015266369094,0.0013583600156829544,0.06318431034260451,1.0110700865761721,0.02025560949580258,0.020476642109438493,1.5986299106451405e-05,0.0,1.9185036242205106e-05,0.000679275185277112
272,65536,exact,242,0.020140015266369094,0.018855895470242773,0.0012841197961263214,0.06375962377102143,1.0098508442234686,0.020476642109438493,0.02067539730937903,1.4876238735338426e-05,0.0,1.783325043459502e-05,0.0006481266627345634
272,65536,exact,243,0.018855895470242773,0.01764260332845143,0.0012132921417913438,0.06434550635402533,1.0087531359669344,0.02067539730937903,0.020853649533124397,1.3777263745475623e-05,0.0,1.6499603819494085e-05,0.0006181314394502256
272,65536,exact,244,0.01764260332845143,0.01649685293844724,0.0011457503900041896,0.06494225192698685,1.00776618678575,0.020853649533124397,0.02101310650147493,1.2701218382426938e-05,0.0,1.5197587470702073e-05,0.0005892571881914801
272,65536,exact,245,0.01649685293844724,0.015415481501161758,0.0010813714372854815,0.06555016531457698,1.0068801039701942,0.02101310650147493,0.0211553984170232,1.16581814236012e-05,0.0,1.3938623342243939e-05,0.0005614721915477798
272,65536,exact,246,0.015415481501161758,0.014395445829121386,0.001020035672040372,0.06616956284910717,1.0060857857442793,0.0211553984170232,0.021282070045679048,1.0656397707539377e-05,0.0,1.2731991152561267e-05,0.0005347453361232812
272,65536,exact,247,0.014395445829121386,0.01343381892122939,0.0009616269078919961,0.06680077291852017,1.0053748474783841,0.021282070045679048,0.02139457536666773,9.702296759784313e-06,0.0,1.1584856290911688e-05,0.0005090461067303301
272,65536,exact,248,0.01343381892122939,0.01252778660357229,0.0009060323176570996,0.06744413654596026,1.0047395615560974,0.02139457536666773,0.02149427447649725,8.800581539947805e-06,0.0,1.0502378627316039e-05,0.0004843445805825235
272,65536,exact,249,0.01252778660357229,0.011674644235608416,0.0008531423679638741,0.06810000800305786,1.0041728074964333,0.02149427447649725,0.021582432434443112,7.95436906150076e-06,0.0,9.487880781561264e-06,0.00046061142148736913
272,65536,exact,250,0.011674644235608416,0.010871793481095057,0.0008028507545133588,0.06876875545934089,1.0036680295445042,0.021582432434443112,0.021660219744260373,7.165365196222903e-06,0.0,8.543055190764898e-06,0.00043781787404002846
272,65536,exact,251,0.010871793481095057,0.010116739143113021,0.0007550543379820362,0.069450761670096,1.003219199551996,0.021660219744260373,0.021728714180217493,6.434057839366453e-06,0.0,7.668191579098677e-06,0.00041593575781555134
272,65536,exact,252,0.010116739143113021,0.009407086062544326,0.0007096530805686951,0.070146424705612,1.0028207835218985,0.021728714180217493,0.02178890368481284,5.75991523694062e-06,0.0,6.862409553193283e-06,0.00039493746156295614
272,65536,exact,253,0.009407086062544326,0.008740536079362229,0.0006665499831820972,0.07085615872443884,1.0024677106631967,0.02178890368481284,0.021841690089488455,5.1415792061238635e-06,0.0,6.1238844928888925e-06,0.000374795937397381
272,65536,exact,254,0.008740536079362229,0.008114885056089666,0.0006256510232725623,0.07158039479407015,1.0021553441819657,0.021841690089488455,0.02188789343673416,4.57704585926064e-06,0.0,5.450058272231384e-06,0.0003554846949936929
272,65536,exact,255,0.008114885056089666,0.0075280199627840785,0.0005868650933055879,0.07231958176230552,1.0018794533282764,0.02188789343673416,0.02192825671057458,4.063829037199646e-06,0.0,4.837829365410273e-06,0.00033697779577953165
272,65536,exact,256,0.0075280199627840785,0.006977916022906252,0.0005501039398778263,0.07307418718299759,1.0016361864329681,0.02192825671057458,0.021963450811122352,3.599103839019636e-06,0.0,4.283719419729409e-06,0.00031924984712807203
272,65536,exact,257,0.006977916022906252,0.0064626339194299755,0.0005152821034762767,0.07384469830029072,1.0014220448172368,0.021963450811122352,0.021994079636508436,3.179829355167773e-06,0.0,3.7840153636753415e-06,0.0003022759965515403
272,65536,exact,258,0.0064626339194299755,0.005980317060550648,0.0004823168588793279,0.07463162309553653,1.0012338575543747,0.021994079636508436,0.022020685161222662,2.8028509828574546e-06,0.0,3.3348875796528066e-06,0.00028603192589388577
272,65536,exact,259,0.005980317060550648,0.005529188904349684,0.0004511281562009639,0.07543549140175948,1.001068757119409,0.022020685161222662,0.022043752423169537,2.4649835743908155e-06,0.0,2.932485667832968e-06,0.00027049384552414366
272,65536,exact,260,0.005529188904349684,0.005107550341772479,0.00042163856257720466,0.07625685609068474,1.000924155989758,0.022043752423169537,0.022063714352277844,2.1630772074356067e-06,0.0,2.573013937738622e-06,0.000255638488529388
272,65536,exact,261,0.005107550341772479,0.00471377713727727,0.000393773204495209,0.07709629433795408,1.0007977242673922,0.022063714352277844,0.02208095639121656,1.894067642510773e-06,0.0,2.252789071417044e-06,0.0002414431049077997
272,65536,exact,262,0.00471377713727727,0.004346317426512205,0.0003674597107650654,0.07795440897261303,1.0006873683874837,0.02208095639121656,0.02209582087373435,1.6550136150029036e-06,0.0,1.9682824859423853e-06,0.00022788545576186934
272,65536,exact,263,0.004346317426512205,0.00400368927037834,0.0003426281561338647,0.07883182991740528,1.0005912109655106,0.02209582087373435,0.022108611138531024,1.4431230536057235e-06,0.0,1.7161498494441818e-06,0.0002149438074912399
272,65536,exact,264,0.00400368927037834,0.00368447826483556,0.00031921100554278,0.07972921572722733,1.0005075718181267,0.022108611138531024,0.022119595366625888,1.2557701759184332e-06,0.0,1.4932500328954101e-06,0.0002025969259860726
272,65536,exact,265,0.00368447826483556,0.0033873352058093084,0.0002971430590262515,0.0806472552334389,1.0004349501754786,0.022119595366625888,0.02212901013818061,1.0905052183721114e-06,0.0,1.296655549879594e-06,0.00019082407081985711
272,65536,exact,266,0.0033873352058093084,0.0031109738085551802,0.00027636139725412817,0.08158666930280949,1.0003720080857479,0.02212901013818061,0.022137063710942283,9.450583424464434e-07,0.0,1.1236562817741602e-06,0.00017960498944266426
272,65536,exact,267,0.0031109738085551802,0.0028541684808389583,0.0002568053277162219,0.08254821272040513,1.000317554997554,0.022137063710942283,0.022143939027166666,8.173390401383295e-07,0.0,9.717580283369331e-07,0.00016891991137422933
272,65536,exact,268,0.0028541684808389583,0.0026157521492896746,0.00023841633154928366,0.08353267620669794,1.0002705334929634,0.022143939027166666,0.022149796459313684,7.054321521311344e-07,0.0,8.386771780978519e-07,0.0001587495423968081
272,65536,exact,269,0.0026157521492896746,0.002394614138282689,0.00022113801100698575,0.08454088858037918,1.0002300061333962,0.022149796459313684,0.02215477630720493,6.075914193713586e-07,0.0,7.223325672461867e-07,0.000149075058748615
272,65536,exact,270,0.002394614138282689,0.0021896981007107526,0.0002049160375719363,0.08557371907897153,1.000195143372653,0.02215477630720493,0.022159001060895432,5.222313171997714e-07,0.0,6.208353956586865e-07,0.00013987810131654128
272,65536,exact,271,0.0021896981007107526,0.002000000000000003,0.0001896981007107495,0.08663207985117927,1.000165212485381,0.022159001060895432,0.02216257744441193,4.479177720717944e-07,0.0,5.324778944056086e-07,0.00013114076982950816
544,65536,exact,0,79.99999999999999,79.20057689277593,0.7994231072240581,0.009992788840300727,1.0,0.0,1.5758870687688764e-07,1.5758870687688764e-07,0.0,0.0,0.06208554252884712
544,65536,exact,1,79.20057689277593,78.40801084044224,0.792566052333683,0.010007074233899613,0.9899933242836348,1.5758870687688764e-07,3.1564865261348297e-07,1.5963688482413907e-07,0.0,1.2654142836387213e-18,0.061641293377208986
544,65536,exact,2,78.40801084044224,77.62225275908268,0.7857580813595604,0.010021400529577935,0.9899790068315338,3.1564865261348297e-07,4.7420024347487635e-07,1.6171470385336894e-07,0.0,5.003317740312745e-19,0.06119959091036802
544,65536,exact,3,77.62225275908268,76.84325384626491,0.7789989128177695,0.010035767903252689,0.9899646485008239,4.7420024347487635e-07,6.332641215362389e-07,1.6382264418814855e-07,0.0,2.520770051028798e-18,0.06076042416331977
544,65536,exact,4,76.84325384626491,76.07096557982794,0.7722882664369735,0.010050176531853248,0.9899502488742391,6.332641215362389e-07,7.928610674603505e-07,1.6596109274351393e-07,0.0,1.0894961284058438e-18,0.06032378220261514
544,65536,exact,5,76.07096557982794,75.30533971667349,0.7656258631544546,0.01006462659332247,0.9899358082111348,7.928610674603505e-07,9.530121882285395e-07,1.6813062661383141e-07,0.0,7.970580033662966e-19,0.059889654126228375
544,65536,exact,6,75.30533971667349,74.54632829156031,0.7590114251131723,0.010079118266630943,0.9899213259803341,9.530121882285395e-07,1.1137388140485123e-06,1.7033172500258988e-07,0.0,6.930847090908313e-19,0.059458029063589775
544,65536,exact,7,74.54632829156031,73.7938836159023,0.7524446756580119,0.010093651731780855,0.9899068023513735,1.1137388140485123e-06,1.2750624955226135e-06,1.7256486745454028e-07,0.0,1.3006190905089782e-18,0.059028896175516765
544,65536,exact,8,73.7938836159023,73.04795827656996,0.7459253393323451,0.010108227169813855,0.9898922368747438,1.2750624955226135e-06,1.4370050464800903e-06,1.7483058063386059e-07,0.0,1.74319380544935e-18,0.05860224465415171
544,65536,exact,9,73.04795827656996,72.30850513469545,0.7394531418745061,0.010122844762817754,0.9898776294605597,1.4370050464800903e-06,1.599588564207754e-06,1.7712941527741046e-07,0.0,2.229602475410132e-18,0.05817806372292374
544,65536,exact,10,72.30850513469545,71.57547732448073,0.7330278102147219,0.010137504693939476,0.9898629800183265,1.599588564207754e-06,1.7628353452694101e-06,1.7946184230159945e-07,0.0,2.1129236869258522e-18,0.05775634263655608
544,65536,exact,11,71.57547732448073,70.84882825200987,0.7266490724708632,0.010152207147381883,0.9898482882438056,1.7628353452694101e-06,1.9267680108938473e-06,1.8182846192712193e-07,0.0,3.878140349003814e-18,0.0573370706809019
544,65536,exact,12,70.84882825200987,70.12851159406408,0.7203166579457871,0.010166952308422305,0.9898335539629046,1.9267680108938473e-06,2.0914094445588854e-06,1.8422981667795807e-07,0.0,4.166131551070276e-18,0.0569202371730137
544,65536,exact,13,70.12851159406408,69.41448129694054,0.7140302971235428,0.010181740363415624,0.989818777190373,2.0914094445588854e-06,2.2567827610891474e-06,1.8666642207518874e-07,0.0,3.714662990183734e-18,0.05650583146105758
544,65536,exact,14,69.41448129694054,68.70669157527469,0.7077897216658471,0.010196571499800909,0.989803957565538,2.2567827610891474e-06,2.4229114243849884e-06,1.8913891609771809e-07,0.0,4.449887588400467e-18,0.05609384292424422
544,65536,exact,15,68.70669157527469,68.00509691086583,0.7015946644088586,0.010211445906112292,0.989789094824184,2.4229114243849884e-06,2.5898191414324523e-06,1.9164783585720092e-07,0.0,5.9406655755680354e-18,0.05568426097282154
544,65536,exact,16,68.00509691086583,67.30965205150628,0.6954448593595544,0.01022636377198422,0.9897741889607328,2.5898191414324523e-06,2.757529924213462e-06,1.9419378395303185e-07,0.0,5.8563857973162325e-18,0.055277075047989184
544,65536,exact,17,67.30965205150628,66.62031200981366,0.689340041692617,0.010241325288164087,0.9897592397522336,2.757529924213462e-06,2.9260680511212317e-06,1.9677732974519816e-07,0.0,7.516993890408288e-18,0.05487227462192322
544,65536,exact,18,66.62031200981366,65.93703206206713,0.6832799477465272,0.01025633064651326,0.9897442470215633,2.9260680511212317e-06,3.0954581658389815e-06,1.9939914585679854e-07,0.0,8.65371210562356e-18,0.05446984919763444
544,65536,exact,19,65.93703206206713,65.25976774704662,0.6772643150205084,0.010271380040020504,0.9897292105110217,3.0954581658389815e-06,3.2657251941229664e-06,2.020598274874491e-07,0.0,1.019319448725825e-17,0.054069788308987815
544,65536,exact,20,65.25976774704662,64.58847486487554,0.6712928821710875,0.010286473662809922,0.9897141301217707,3.2657251941229664e-06,3.43689436573e-06,2.0475999602249233e-07,0.0,1.0654827443511844e-17,0.053672081520650325
544,65536,exact,21,64.58847486487554,63.92310947586699,0.6653653890085494,0.010301611710147192,0.9896990056007933,3.43689436573e-06,3.608991256816034e-06,2.0750032071037468e-07,0.0,1.2290871581133525e-17,0.05327671842802953
544,65536,exact,22,63.92310947586699,63.26362789937337,0.6594815764936186,0.01031679437844922,0.9896838367622084,3.608991256816034e-06,3.782041752400668e-06,2.102814385281204e-07,0.0,1.440930098221653e-17,0.052883688657232905
544,65536,exact,23,63.26362789937337,62.60998671263917,0.6536411867341982,0.010332021865294775,0.9896686234381413,3.782041752400668e-06,3.956072085042291e-06,2.1310403017371503e-07,0.0,1.5368565794982025e-17,0.05249298186504972
544,65536,exact,24,62.60998671263917,61.9621427496576,0.6478439629815682,0.010347294369426644,0.9896533654627739,3.956072085042291e-06,4.131108832829905e-06,2.1596877987181667e-07,0.0,1.7348081792715325e-17,0.05210458773883754
544,65536,exact,25,61.9621427496576,61.32005310003014,0.6420896496274651,0.010362612090767522,0.989638062590408,4.131108832829905e-06,4.3071788979491004e-06,2.188763562980591e-07,0.0,2.0867503688556943e-17,0.051718495996552094
544,65536,exact,26,61.32005310003014,60.6836751078297,0.6363779922004369,0.010377975230424647,0.989622714672398,4.3071788979491004e-06,4.484309575058793e-06,2.2182750151265558e-07,0.0,2.1919518609046784e-17,0.05133469638666409
544,65536,exact,27,60.6836751078297,60.05296637046716,0.6307087373625393,0.010393383990699704,0.9896073214977675,4.484309575058793e-06,4.662528502926832e-06,2.2482291561089542e-07,0.0,2.4787572168449845e-17,0.05095317868811328
544,65536,exact,28,60.05296637046716,59.427884737561236,0.6250816329059248,0.010408838575097055,0.9895918828989243,4.662528502926832e-06,4.841863659906488e-06,2.2786329965549705e-07,0.0,3.027549863371046e-17,0.05057393271026963
544,65536,exact,29,59.427884737561236,58.808388309811555,0.6194964277496808,0.010424339188336107,0.9895763986157357,4.841863659906488e-06,5.022343484583264e-06,2.3094948145454147e-07,0.0,2.9944308751334026e-17,0.05019694829291842
544,65536,exact,30,58.808388309811555,58.19443543787554,0.6139528719360143,0.010439886036352791,0.9895608685272587,5.022343484583264e-06,5.20399671594409e-06,2.3408213533134116e-07,0.0,3.3684806246409016e-17,0.049822215306130124
544,65536,exact,31,58.19443543787554,57.58598472124816,0.6084507166273809,0.010455479326316722,0.9895452924069987,5.20399671594409e-06,5.386852501322703e-06,2.3726204939666406e-07,0.0,3.79165828508915e-17,0.04944972365030981
544,65536,exact,32,57.58598472124816,56.982995007145284,0.6029897141028755,0.01047111926663613,0.9895296700142252,5.386852501322703e-06,5.570940421805653e-06,2.404900437979823e-07,0.0,4.1486826723568376e-17,0.04907946325609683
544,65536,exact,33,56.982995007145284,56.38542538939034,0.5975696177549423,0.010486806066968068,0.9895140012374541,5.570940421805653e-06,5.756290451129948e-06,2.43766903739074e-07,0.0,4.5508539157131794e-17,0.04871142408434039
544,65536,exact,34,56.38542538939034,55.793235207304306,0.5921901820860356,0.010502539938227794,0.9894982857907553,5.756290451129948e-06,5.942932934804147e-06,2.4709340094990507e-07,0.0,5.2534677454606216e-17,0.04834559612604088
544,65536,exact,35,55.793235207304306,55.20638404459907,0.5868511627052371,0.010518321092597406,0.989482523519674,5.942932934804147e-06,6.1308987237728716e-06,2.5047044639021836e-07,0.0,5.553656221967546e-17,0.04798196940231007
544,65536,exact,36,55.20638404459907,54.6248317282739,0.5815523163251726,0.010534149743539792,0.9894667142151244,6.1308987237728716e-06,6.320219032687999e-06,2.538988173507046e-07,0.0,5.994875684192311e-17,0.047620533964358266
544,65536,exact,37,54.6248317282739,54.04853832751572,0.5762934007581748,0.01055002610579914,0.989450857672306,6.320219032687999e-06,6.510925540571436e-06,2.573793980678635e-07,0.0,6.640060680115911e-17,0.04726127989336027
544,65536,exact,38,54.04853832751572,53.47746415260224,0.571074174913484,0.01056595039541993,0.9894349536954343,6.510925540571436e-06,6.703050369131182e-06,2.609130584545208e-07,0.0,7.305828576657791e-17,0.04690419730051499
544,65536,exact,39,53.47746415260224,52.911569753808585,0.5658943987936524,0.01058192282975175,0.9894190020718939,6.703050369131182e-06,6.8966261017973476e-06,2.6450069481290726e-07,0.0,7.897396387020195e-17,0.04654927632693146
544,65536,exact,40,52.911569753808585,52.35081592031725,0.5607538334913329,0.010597943627460981,0.9894030025915896,6.8966261017973476e-06,7.091685762749519e-06,2.681431899696803e-07,0.0,8.998708625040236e-17,0.04619650714361623
544,65536,exact,41,52.35081592031725,51.79516367913135,0.5556522411859035,0.010614013008539489,0.9893869550456471,7.091685762749519e-06,7.2882629095845825e-06,2.7184152673252516e-07,0.0,9.525647821527136e-17,0.045845879951402345
544,65536,exact,42,51.79516367913135,51.244574293991164,0.5505893851401851,0.010630131194314992,0.9893708592456576,7.2882629095845825e-06,7.48639152763936e-06,2.7559659047984615e-07,0.0,1.0444085646234974e-16,0.04549738498092323
544,65536,exact,43,51.244574293991164,50.69900926429383,0.545565029697336,0.010646298407464921,0.9893547149638441,7.48639152763936e-06,7.686106121948964e-06,2.7940936612650137e-07,0.0,1.1291457406668176e-16,0.045151012492585366
544,65536,exact,44,50.69900926429383,50.158430324016685,0.5405789402771433,0.01066251487201863,0.9893385219920913,7.686106121948964e-06,7.887441687463789e-06,2.8328081702438034e-07,0.0,1.2394294303993275e-16,0.04480675277646199
544,65536,exact,45,50.158430324016685,49.62279944064356,0.5356308833731234,0.010678780813375144,0.9893222801277002,7.887441687463789e-06,8.090433758274589e-06,2.87211963791637e-07,0.0,1.3299941931197573e-16,0.04446459615230409
544,65536,exact,46,49.62279944064356,49.09207881409448,0.5307206265490834,0.010695096458310583,0.9893059891725915,8.090433758274589e-06,8.295118348120474e-06,2.912037762007998e-07,0.0,1.4549484934987117e-16,0.044124532969474176
544,65536,exact,47,49.09207881409448,48.5662308756586,0.5258479384358807,0.010711462034989405,0.9892896488950668,8.295118348120474e-06,8.501532037579976e-06,2.9525731958287686e-07,0.0,1.5803093696923481e-16,0.04378655360691302
544,65536,exact,48,48.5662308756586,48.04521828693055,0.5210125887280483,0.010727877772972906,0.9892732590750426,8.501532037579976e-06,8.709711931247949e-06,2.993736254730483e-07,0.0,1.7273034673588594e-16,0.04345064847305839
544,65536,exact,49,48.04521828693055,47.52900393874971,0.5162143481808386,0.010744343903236283,0.9892568195078288,8.709711931247949e-06,8.919695716398805e-06,3.035537926491179e-07,0.0,1.8604909279851256e-16,0.043116808005869395
544,65536,exact,50,47.52900393874971,47.01755095014326,0.5114529886064503,0.01076086065816898,0.9892403299821463,8.919695716398805e-06,9.131521601720144e-06,3.077988680907618e-07,0.0,2.0130923837624604e-16,0.04278502267268861
544,65536,exact,51,47.01755095014326,46.510822667272016,0.5067282828712436,0.01077742827159524,0.989223790283424,9.131521601720144e-06,9.345228402107333e-06,3.121099924190803e-07,0.0,2.203098814490545e-16,0.04245528297027475
544,65536,exact,52,46.510822667272016,46.00878266237974,0.5020400048922795,0.010794046978780853,0.9892072001915404,9.345228402107333e-06,9.560855535541277e-06,3.1648831297649173e-07,0.0,2.342723725515944e-16,0.04212757942472082
544,65536,exact,53,46.00878266237974,45.51139473274565,0.49738792963408684,0.010810717016444534,0.9891905594827851,9.560855535541277e-06,9.7784429640854e-06,3.2093492800658747e-07,0.0,2.5734555003480153e-16,0.04180190259141648
544,65536,exact,54,45.51139473274565,45.01862289964022,0.4927718331054294,0.010827438622769296,0.9891738679386204,9.7784429640854e-06,9.998031313661023e-06,3.254510647337588e-07,0.0,2.742794327163095e-16,0.041478243054996256
544,65536,exact,55,45.01862289964022,44.53043140728403,0.48819149235619363,0.010844212037416524,0.9891571253472717,9.998031313661023e-06,1.0219661786376365e-05,3.3003787332224285e-07,0.0,2.988213653300556e-16,0.04115659142932389
544,65536,exact,56,44.53043140728403,44.04678472181017,0.4836466854738575,0.010861037501530816,0.9891403314833903,1.0219661786376365e-05,1.0443376252849369e-05,3.3469660614843985e-07,0.0,3.235259282696745e-16,0.04083693835738825
544,65536,exact,57,44.04678472181017,43.56764753022959,0.4791371915805769,0.010877915257758365,0.9891234861212351,1.0443376252849369e-05,1.0669217229720839e-05,3.3942850397401387e-07,0.0,3.4726487364942354e-16,0.040519274511314
544,65536,exact,58,43.56764753022959,43.092984739399775,0.474662790829818,0.010894845550255411,0.989106589035683,1.0669217229720839e-05,1.0897227872355507e-05,3.442348109612727e-07,0.0,3.756828290298053e-16,0.04020359059229197
544,65536,exact,59,43.092984739399775,42.62276147499661,0.47022326440316675,0.010911828624700557,0.9890896400223651,1.0897227872355507e-05,1.112745202029383e-05,3.4911682718806707e-07,0.0,4.0402793957672323e-16,0.0398898773305372
544,65536,exact,60,42.62276147499661,42.156943080489505,0.46581839450710305,0.0109288647283063,0.9890726388401845,1.112745202029383e-05,1.1359934187838217e-05,3.5407585499593885e-07,0.0,4.3728245308592706e-16,0.039578125485241734
544,65536,exact,61,42.156943080489505,41.695495116119716,0.4614479643697891,0.010945954109830845,0.9890555852683501,1.1359934187838217e-05,1.1594719618377873e-05,3.591132620833801e-07,0.0,4.677739451211874e-16,0.03926832584452361
544,65536,exact,62,41.695495116119716,41.23838335788168,0.4571117582380353,0.01096309701959417,0.9890384790672717,1.1594719618377873e-05,1.1831854227036453e-05,3.642303709699727e-07,0.0,5.0542794775843e-16,0.03896046922541925
544,65536,exact,63,41.23838335788168,40.78557379650796,0.4528095613737193,0.010980293709481125,0.989021320033925,1.1831854227036453e-05,1.2071384682218546e-05,3.6942859668961673e-07,0.0,5.43639298074966e-16,0.038654546473761896
544,65536,exact,64,40.78557379650796,40.337032636456954,0.44854116005100764,0.010997544432963488,0.9890041079214794,1.2071384682218546e-05,1.2313358369188246e-05,3.747093307610838e-07,0.0,5.874021023278067e-16,0.03835054846421377
544,65536,exact,65,40.337032636456954,39.892726294904,0.44430634155295223,0.011014849445107283,0.988986842512638,1.2313358369188246e-05,1.2557823464176542e-05,3.800740505393806e-07,0.0,6.328877715953626e-16,0.03804846610018042
544,65536,exact,66,39.892726294904,39.45262140073565,0.44010489416834986,0.011032209002586267,0.9889695235651919,1.2557823464176542e-05,1.2804828886586772e-05,3.855241988800249e-07,0.0,6.757154514744346e-16,0.03774829031377235
544,65536,exact,67,39.45262140073565,39.01668479354711,0.43593660718854466,0.011049623363694054,0.9889521508604594,1.2804828886586772e-05,1.3054424347624973e-05,3.9106127956537325e-07,0.0,7.305286475571549e-16,0.03745001206575578
544,65536,exact,68,39.01668479354711,38.58488352264268,0.43180127090442966,0.01106709278836126,0.9889347241614329,1.3054424347624973e-05,1.330666036604794e-05,3.9668682552711565e-07,0.0,7.839713443312177e-16,0.037153622345537575
544,65536,exact,69,38.58488352264268,38.15718484603975,0.4276986766029296,0.01108461753815958,0.9889172432342084,1.330666036604794e-05,1.3561588267127203e-05,4.0240238212199605e-07,0.0,8.408241957509263e-16,0.03685911217106119
544,65536,exact,70,38.15718484603975,37.733556229475575,0.42362861656417294,0.011102197876323164,0.988899707846006,1.3561588267127203e-05,1.3819260204100612e-05,4.082095297152294e-07,0.0,9.045295437139222e-16,0.03656647258881366
544,65536,exact,71,37.733556229475575,37.31396534541737,0.4195908840582021,0.011119834067758464,0.9888821177715971,1.3819260204100612e-05,1.4079729209112061e-05,4.141099134146513e-07,0.0,9.70355862176843e-16,0.036275694673759025
544,65536,exact,72,37.31396534541737,36.89838007207555,0.4155852733418257,0.011137526379057563,0.9888644727594286,1.4079729209112061e-05,1.4343049136251166e-05,4.2010513632951726e-07,0.0,1.042475635437863e-15,0.03598676952929555
544,65536,exact,73,36.89838007207555,36.48676849242007,0.411611579655478,0.011155275078511724,0.9888467725909403,1.4343049136251166e-05,1.4609274761651931e-05,4.261969152757574e-07,0.0,1.1190660485944914e-15,0.0356996882872098
544,65536,exact,74,36.48676849242007,36.07909889319998,0.4076695992200854,0.011173080436125127,0.9888290170205584,1.4609274761651931e-05,1.4878461737034799e-05,4.323869362914429e-07,0.0,1.204174225068709e-15,0.03541444210762996
544,65536,exact,75,36.07909889319998,35.675339763966086,0.40375912923389734,0.011190942723627612,0.9888112058167358,1.4878461737034799e-05,1.515066665551776e-05,4.3867696590985337e-07,0.0,1.2876374635593588e-15,0.0351310221789801
544,65536,exact,76,35.675339763966086,35.275459796096555,0.3998799678695306,0.011208862214493324,0.9887933387313088,1.515066665551776e-05,1.542594701183288e-05,4.4506874690481966e-07,0.0,1.386457409383729e-15,0.03484941971795763
544,65536,exact,77,35.275459796096555,34.87942788182606,0.39603191427049467,0.011226839183945039,0.9887754155392297,1.542594701183288e-05,1.5704361299821157e-05,4.5156413459220993e-07,0.0,1.4822466713228233e-15,0.034569625969435976
544,65536,exact,78,34.87942788182606,34.48721311327767,0.3922147685483921,0.011244873908977038,0.9887574359910469,1.5704361299821157e-05,1.5985968958510894e-05,4.581649474138199e-07,0.0,1.591117510099313e-15,0.034291632206465576
544,65536,exact,79,34.48721311327767,34.09878478149797,0.38842833177969993,0.011262966668366544,0.9887393998520693,1.5985968958510894e-05,1.627083041332505e-05,4.6487306094064813e-07,0.0,1.7074693438659527e-15,0.03401542973021962
544,65536,exact,80,34.09878478149797,33.71411237549538,0.38467240600258634,0.01128111774268595,0.9887213068783406,1.627083041332505e-05,1.6559007144091005e-05,4.716904356593012e-07,0.0,1.826890825033442e-15,0.03374100986992737
544,65536,exact,81,33.71411237549538,33.33316558128137,0.3809467942140117,0.011299327414323308,0.9887031568309835,1.6559007144091005e-05,1.6850561608405132e-05,4.786189730176042e-07,0.0,1.9620569546244943e-15,0.03346836398287136
544,65536,exact,82,33.33316558128137,32.95591428091509,0.3772513003662823,0.011317595967486873,0.9886849494735758,1.6850561608405132e-05,1.7145557371837882e-05,4.856607215276681e-07,0.0,2.0971892028976563e-15,0.033197483454279204
544,65536,exact,83,32.95591428091509,32.582328551550795,0.3735857293642937,0.011335923688229726,0.9886666845537913,1.7145557371837882e-05,1.7444059044197514e-05,4.92817684805565e-07,0.0,2.2498245399928812e-15,0.032928359697334826
544,65536,exact,84,32.582328551550795,32.21237866448849,0.3699498870623046,0.011354310864460803,0.9886483618328828,1.7444059044197514e-05,1.774613232718927e-05,5.000919318428479e-07,0.0,2.4155312895301345e-15,0.032660984153112575
544,65536,exact,85,32.21237866448849,31.846035084227708,0.3663435802607822,0.011372757785957793,0.9886299810683936,1.774613232718927e-05,1.8051844069900902e-05,5.074856058164518e-07,0.0,2.581888560370879e-15,0.03239534829051864
544,65536,exact,86,31.846035084227708,31.483268467524226,0.36276661670348176,0.011391264744387225,0.9886115420174456,1.8051844069900902e-05,1.8361262240769487e-05,5.150008413312296e-07,0.0,2.7649560971950565e-15,0.03213144360627498
544,65536,exact,87,31.483268467524226,31.124049662450005,0.3592188050742209,0.01140983203331522,0.9885930444362706,1.8361262240769487e-05,1.867445597150077e-05,5.226398361679904e-07,0.0,2.9622707281920513e-15,0.031869261624844825
544,65536,exact,88,31.124049662450005,30.76834970745614,0.35569995499386664,0.011428459948224709,0.9885744880746578,1.867445597150077e-05,1.899149559473926e-05,5.304048458137473e-07,0.0,3.173595284136632e-15,0.03160879389839847
544,65536,exact,89,30.76834970745614,30.416139830438738,0.35220987701740114,0.011447148786535327,0.9885558726907497,1.899149559473926e-05,1.931245264190894e-05,5.382981439452487e-07,0.0,3.3963073510241e-15,0.03135003200679091
544,65536,exact,90,30.416139830438738,30.06739144780819,0.3487483826305464,0.011465898847609153,0.9885371980427958,1.931245264190894e-05,1.9637399890743127e-05,5.463220724136626e-07,0.0,3.637389868471619e-15,0.03109296755746213
544,65536,exact,91,30.06739144780819,29.72207616356115,0.3453152842470395,0.011484710432777228,0.9885184638774351,1.9637399890743127e-05,1.9966411368457725e-05,5.544789978091218e-07,0.0,3.895704424198079e-15,0.030837592185445975
544,65536,exact,92,29.72207616356115,29.380165768355763,0.3419103952053888,0.011503583845349476,0.9884996699533068,1.9966411368457725e-05,2.029956240164834e-05,5.627713579445259e-07,0.0,4.16860149914447e-15,0.0305838975532961
544,65536,exact,93,29.380165768355763,29.041632238589877,0.33853352976588624,0.011522519390632832,0.9884808160205214,2.029956240164834e-05,2.063692962755164e-05,5.712016243678595e-07,0.0,4.457067039661394e-15,0.030331875351047442
544,65536,exact,94,29.041632238589877,28.706447735482218,0.33518450310765857,0.01154151737595082,0.9884619018355311,2.063692962755164e-05,2.0978590997577392e-05,5.797722946613666e-07,0.0,4.779684948611612e-15,0.030081517296185967
544,65536,exact,95,28.706447735482218,28.37458460415684,0.3318631313253775,0.011560578110651514,0.9884429271487836,2.0978590997577392e-05,2.1324625865064833e-05,5.884859770711134e-07,0.0,5.108797906201376e-15,0.02983281513356178
544,65536,exact,96,28.37458460415684,28.046015372730334,0.3285692314265063,0.011579701906133678,0.9884238917148422,2.1324625865064833e-05,2.1675114957408015e-05,5.973452759650575e-07,0.0,5.467407939146324e-15,0.029585760635387058
544,65536,exact,97,28.046015372730334,27.720712751402193,0.3253026213281416,0.01159888907585922,0.9884047952833152,2.1675114957408015e-05,2.203014042460154e-05,6.063528682362761e-07,0.0,5.853926013637406e-15,0.029340345601174277
544,65536,exact,98,27.720712751402193,27.398649631548192,0.3220631198540005,0.011618139935370515,0.9883856376117649,2.203014042460154e-05,2.2389785871070437e-05,6.155114870809141e-07,0.0,6.256988335654259e-15,0.029096561857684566
544,65536,exact,99,27.398649631548192,27.079799084816763,0.3188505467314293,0.011637454802308529,0.9883664184486014,2.2389785871070437e-05,2.275413636916438e-05,6.248239046459921e-07,0.0,6.702598816677591e-15,0.028854401258891958
544,65536,exact,100,27.079799084816763,26.764134362228376,0.3156647225883873,0.011656833996430046,0.9883471375498132,2.275413636916438e-05,2.3123278525997305e-05,6.342929852794248e-07,0.0,7.16383197338008e-15,0.028613855685935212
544,65536,exact,101,26.764134362228376,26.451628893277977,0.3125054689503983,0.011676277839623697,0.9883277946639278,2.3123278525997305e-05,2.3497300455952854e-05,6.439215926284226e-07,0.0,7.674247251131944e-15,0.02837491704706256
544,65536,exact,102,26.451628893277977,26.14225628504026,0.30937260823771595,0.011695786655933892,0.9883083895443892,2.3497300455952854e-05,2.3876291888764837e-05,6.53712724700798e-07,0.0,8.19937040897993e-15,0.02813757727762104
544,65536,exact,103,26.14225628504026,25.835990321278224,0.3062659637620371,0.011715360771567977,0.9882889219475459,2.3876291888764837e-05,2.4260344118180008e-05,6.636693561004859e-07,0.0,8.772811714271092e-15,0.02790182833995179
544,65536,exact,104,25.835990321278224,25.532804961554433,0.30318535972379124,0.011735000514924767,0.9882693916225067,2.4260344118180008e-05,2.464955010238299e-05,6.737945895443727e-07,0.0,9.387798291559182e-15,0.02766766222339849
544,65536,exact,105,25.532804961554433,25.232674340345422,0.3001306212090107,0.0117547062166075,0.9882497983259843,2.464955010238299e-05,2.5044004445543888e-05,6.840915380785529e-07,0.0,1.0040897963341927e-14,0.027435070944237434
544,65536,exact,106,25.232674340345422,24.935572766159048,0.2971015741863745,0.01177447820944323,0.9882301418104553,2.5044004445543888e-05,2.544380349233949e-05,6.945634383531816e-07,0.0,1.073520070581091e-14,0.027204046545634936
544,65536,exact,107,24.935572766159048,24.641474720654717,0.29409804550433094,0.011794316828505413,0.9882104218303781,2.544380349233949e-05,2.5849045281669293e-05,7.05213511027661e-07,0.0,1.1492424443733731e-14,0.02697458109761753
544,65536,exact,108,24.641474720654717,24.350354857766806,0.2911198628879106,0.011814222411124248,0.9881906381384643,2.5849045281669293e-05,2.625982966856954e-05,7.160451286958173e-07,0.0,1.2289116528866814e-14,0.026746666696988323
544,65536,exact,109,24.350354857766806,24.062188002830833,0.28816685493597305,0.011834195296914088,0.9881707904932812,2.625982966856954e-05,2.6676258308872098e-05,7.270616802031412e-07,0.0,1.3140323654485184e-14,0.02652029546732239
544,65536,exact,110,24.062188002830833,23.776949151712667,0.2852388511181658,0.011854235827789578,0.988150878648164,2.6676258308872098e-05,2.7098434686556468e-05,7.382666136615877e-07,0.0,1.4062468095370206e-14,0.026295459558903677
544,65536,exact,111,23.776949151712667,23.494613469940717,0.2823356817719507,0.011874344347984353,0.9881309023606153,2.7098434686556468e-05,2.7526464207127128e-05,7.496635027793365e-07,0.0,1.5039449449260472e-14,0.02607215114867619
544,65536,exact,112,23.494613469940717,23.215156291841023,0.27945717809969395,0.01189452120407236,0.9881108613867106,2.7526464207127128e-05,2.7960454182674722e-05,7.612559401231875e-07,0.0,1.608330913653415e-14,0.025850362440207518
544,65536,exact,113,23.215156291841023,22.93855311967532,0.2766031721657036,0.01191476674498702,0.9880907554872642,2.7960454182674722e-05,2.840051389536608e-05,7.730476154432509e-07,0.0,1.720327304005273e-14,0.025630085663639297
544,65536,exact,114,22.93855311967532,22.664779622782063,0.2737734968932557,0.011935081322039845,0.9880705844194233,2.840051389536608e-05,2.8846754628301438e-05,7.850422842979027e-07,0.0,1.8402780113582068e-14,0.025411313075635544
544,65536,exact,115,22.664779622782063,22.39381163672026,0.2709679860618017,0.01195546528894689,0.9880503479448675,2.8846754628301438e-05,2.9299289731249394e-05,7.97243803361261e-07,0.0,1.968531674473306e-14,0.025194036959362526
544,65536,exact,116,22.39381163672026,22.125625162416487,0.26818647430377496,0.011975919001837814,0.9880300458228245,2.9299289731249394e-05,2.975823463272203e-05,8.096560780308494e-07,0.0,2.105137082448333e-14,0.024978249624396202
544,65536,exact,117,22.125625162416487,21.860196365314536,0.26542879710195066,0.011996442819288973,0.9880096778185836,2.975823463272203e-05,3.0223706891343483e-05,8.222831019407909e-07,0.0,2.2522819519794554e-14,0.024763943406728946
544,65536,exact,118,21.860196365314536,21.59750157452821,0.26269479078632685,0.012017037102335612,0.9879892436924004,3.0223706891343483e-05,3.069582625975311e-05,8.351289706787425e-07,0.0,2.40848668591441e-14,0.024551110668684015
544,65536,exact,119,21.59750157452821,21.33751728199683,0.259984292531378,0.012037702214500581,0.9879687432144755,3.069582625975311e-05,3.11747147050838e-05,8.48197839071588e-07,0.0,2.5765962985164342e-14,0.02433974379890776
544,65536,exact,120,21.33751728199683,21.080220141643906,0.25729714035292517,0.012058438521805687,0.9879481761483317,3.11747147050838e-05,3.166049646234114e-05,8.614939550674048e-07,0.0,2.7558386345508112e-14,0.02412983521227733
544,65536,exact,121,21.080220141643906,20.825586968538452,0.25463317310545364,0.012079246392803396,0.9879275422621243,3.166049646234114e-05,3.215329809672334e-05,8.750216693677067e-07,0.0,2.948372611593503e-14,0.023921377349900127
544,65536,exact,122,20.825586968538452,20.57359473805938,0.2519922304790718,0.01210012619859217,0.9879068413273175,3.215329809672334e-05,3.2653248527612e-05,8.887853981617166e-07,0.0,3.15393260011225e-14,0.023714362679039484
544,65536,exact,123,20.57359473805938,20.324220585062683,0.24937415299669752,0.012121078312842275,0.9878860731158896,3.2653248527612e-05,3.316047910099682e-05,9.027896723121526e-07,0.0,3.373515388479381e-14,0.023508783693085983
544,65536,exact,124,20.324220585062683,20.077441803051578,0.2467787820111056,0.012142103111815074,0.9878652374033554,3.316047910099682e-05,3.367512362419991e-05,9.170391007811874e-07,0.0,3.6096498782622194e-14,0.023304632911499774
544,65536,exact,125,20.077441803051578,19.833235843349488,0.24420595970208936,0.012163200974387703,0.98784433396384,3.367512362419991e-05,3.4197318423662395e-05,9.315383945769463e-07,0.0,3.8612288279921136e-14,0.023101902879775014
544,65536,exact,126,19.833235843349488,19.591580314275916,0.24165552907357224,0.012184372282075421,0.9878233625772782,3.4197318423662395e-05,3.4727202399127584e-05,9.462923640521774e-07,0.0,4.131269030214005e-14,0.022900586169388178
544,65536,exact,127,19.591580314275916,19.352452980325225,0.23912733395069097,0.012205617419052439,0.9878023230236778,3.4727202399127584e-05,3.526491707921396e-05,9.613059214383904e-07,0.0,4.419609209854736e-14,0.02270067537775108
544,65536,exact,128,19.352452980325225,19.11583176134818,0.2366212189770458,0.012226936772181183,0.9877812150887839,3.526491707921396e-05,3.581060666145199e-05,9.765840662322364e-07,0.0,4.729142153835769e-14,0.02250216312818436
544,65536,exact,129,19.11583176134818,18.881694731736523,0.23413702961165583,0.012248330731026632,0.9877600385559807,3.581060666145199e-05,3.6364418086733913e-05,9.92131920711324e-07,0.0,5.0606288365569185e-14,0.022305042069835468
544,65536,exact,130,18.881694731736523,18.650020119610282,0.2316746121262412,0.012269799687887148,0.9877387932166044,3.6364418086733913e-05,3.692650109936995e-05,1.0079547164992592e-06,0.0,5.414392485790856e-14,0.02210930487766786
544,65536,exact,131,18.650020119610282,18.420786306007955,0.22923381360232753,0.012291344037816388,0.9877174788619156,3.692650109936995e-05,3.7497008295192045e-05,1.0240577840675316e-06,0.0,5.793693161944974e-14,0.021914944252398903
544,65536,exact,132,18.420786306007955,18.193971824079522,0.22681448192843234,0.012312964178649454,0.9876960952874283,3.7497008295192045e-05,3.8076095173564646e-05,1.0404465574479515e-06,0.0,6.200479718424315e-14,0.02172195292046747
544,65536,exact,133,18.193971824079522,17.969555358282417,0.2244164657971055,0.01233466051102117,0.9876746422925547,3.8076095173564646e-05,3.8663920219061696e-05,1.0571266049656368e-06,0.0,6.635166862559855e-14,0.02153032363396222
544,65536,exact,134,17.969555358282417,17.747515743580195,0.2220396147022221,0.01235643343839785,0.987653119679516,3.8663920219061696e-05,3.926064495717924e-05,1.074103604795974e-06,0.0,7.101293159192043e-14,0.021340049170605304
544,65536,exact,135,17.747515743580195,17.52783196464411,0.21968377893608348,0.012378283367098838,0.987631527254225,3.926064495717924e-05,3.986643400396394e-05,1.0913833399295082e-06,0.0,7.601039209940291e-14,0.021151122333691496
544,65536,exact,136,17.52783196464411,17.310483155057508,0.2173488095866034,0.012400210706322601,0.9876098648276457,3.986643400396394e-05,4.0481455170835384e-05,1.1089717543643183e-06,0.0,8.13440162667281e-14,0.020963535952047967
544,65536,exact,137,17.310483155057508,17.09544859652303,0.21503455853447662,0.012422215868171835,0.9875881322129605,4.0481455170835384e-05,4.110587947567757e-05,1.1268748613354474e-06,0.0,8.708588320957555e-14,0.02077728287998451
544,65536,exact,138,17.09544859652303,16.88270771807266,0.21274087845037215,0.012444299267679971,0.9875663292302839,4.110587947567757e-05,4.173988126282227e-05,1.1450988524679316e-06,0.0,9.322301638319333e-14,0.02059235599725504
544,65536,exact,139,16.88270771807266,16.67224009528057,0.21046762279208764,0.012466461322835408,0.9875444557012327,4.173988126282227e-05,4.238363824864699e-05,1.1636500257151269e-06,0.0,9.979603948773175e-14,0.020408748209000554
544,65536,exact,140,16.67224009528057,16.464025449478715,0.20821464580185634,0.012488702454614715,0.9875225114548599,4.238363824864699e-05,4.303733160410389e-05,1.1825348230396906e-06,0.0,1.0683394137877764e-13,0.020226452445730923
544,65536,exact,141,16.464025449478715,16.258043646975455,0.20598180250325981,0.012511023086992472,0.987500496324889,4.303733160410389e-05,4.370114600552147e-05,1.201759800357077e-06,0.0,1.1438702903713432e-13,0.020045461663221294
544,65536,exact,142,16.258043646975455,16.054274698276593,0.20376894869886186,0.012533423646993946,0.9874784101491614,4.370114600552147e-05,4.43752697425642e-05,1.2213316858155501e-06,0.0,1.2248006970617953e-13,0.01986576884255324
544,65536,exact,143,16.054274698276593,15.852698757309602,0.2015759409669915,0.012555904564697054,0.9874562527728507,4.43752697425642e-05,4.5059894770978e-05,1.2412573263523635e-06,0.0,1.311512679599662e-13,0.019687366989984908
544,65536,exact,144,15.852698757309602,15.653296120650399,0.19940263665920277,0.012578466273274712,0.9874340240449587,4.5059894770978e-05,4.575521680491272e-05,1.2615437286202307e-06,0.0,1.4045671093212975e-13,0.019510249136956242
544,65536,exact,145,15.653296120650399,15.456047226752926,0.19724889389747347,0.012601109209021832,0.9874117238212452,4.575521680491272e-05,4.646143539637975e-05,1.2821980476351684e-06,0.0,1.504090905643518e-13,0.019334408340037027
544,65536,exact,146,15.456047226752926,15.260932655181643,0.19511457157128298,0.012623833811374392,0.9873893519651301,4.646143539637975e-05,4.717875400744687e-05,1.3032275811423632e-06,0.0,1.6109666091347272e-13,0.019159837680857567
544,65536,exact,147,15.260932655181643,15.067933125846643,0.1929995293349993,0.012646640522947917,0.9873669083463121,4.717875400744687e-05,4.790738009828261e-05,1.324639786866932e-06,0.0,1.7254832274365278e-13,0.018986530266090245
544,65536,exact,148,15.067933125846643,14.877029498241619,0.19090362760502444,0.012669529789560827,0.987344392840955,4.790738009828261e-05,4.8647525221748726e-05,1.3464422908477364e-06,0.0,1.848387030456769e-13,0.018814479227391993
544,65536,exact,149,14.877029498241619,14.688202770684557,0.1888267275570623,0.012692502060265497,0.9873218053315298,4.8647525221748726e-05,4.939940510586808e-05,1.368642877028131e-06,0.0,1.9800813414036153e-13,0.018643677721360996
544,65536,exact,150,14.688202770684557,14.501434079561212,0.18676869112334415,0.012715557787376573,0.9872991457108573,4.939940510586808e-05,5.016323974395611e-05,1.391249496424843e-06,0.0,2.1211685023465182e-13,0.018474118929490663
544,65536,exact,151,14.501434079561212,14.316704698571334,0.18472938098987868,0.012738697426500887,0.9872764138778061,5.016323974395611e-05,5.0939253477774965e-05,1.4142702621625446e-06,0.0,2.272932073132429e-13,0.01830579605812478
544,65536,exact,152,14.316704698571334,14.133996037977624,0.18270866059370938,0.012761921436567866,0.9872536097401948,5.0939253477774965e-05,5.172767511893971e-05,1.4377134890525674e-06,0.0,2.435169646768272e-13,0.01813870233841161
544,65536,exact,153,14.133996037977624,13.953289643857476,0.18070639412014877,0.0127852302798583,0.9872307332152569,5.172767511893971e-05,5.252873800455318e-05,1.4615876303337364e-06,0.0,2.609720030138582e-13,0.017972831026255586
544,65536,exact,154,13.953289643857476,13.77456719735735,0.17872244650012625,0.012808624422041117,0.9872077842280159,5.252873800455318e-05,5.3342680131457594e-05,1.4859013573614861e-06,0.0,2.796728099758658e-13,0.017808175402289562
544,65536,exact,155,13.77456719735735,13.597810513950062,0.17675668340728734,0.012832104332192602,0.9871847627144182,5.3342680131457594e-05,5.4169744242850544e-05,1.5106635144726334e-06,0.0,2.997461626781314e-13,0.01764472877179463
544,65536,exact,156,13.597810513950062,13.423001542694646,0.17480897125541617,0.012855670482838305,0.9871616686195809,5.4169744242850544e-05,5.501017793135772e-05,1.535883137163657e-06,0.0,3.2127421654027516e-13,0.01748248446468527
544,65536,exact,157,13.423001542694646,13.25012236549893,0.17287917719571588,0.012879323349985303,0.9871385019001309,5.501017793135772e-05,5.586423374420291e-05,1.5615694561640366e-06,0.0,3.4438122790752743e-13,0.017321435835465984
544,65536,exact,158,13.25012236549893,13.079155196385049,0.1709671691138812,0.012903063413138788,0.9871152625218335,5.586423374420291e-05,5.673216928141458e-05,1.5877318926379972e-06,0.0,3.692133336802121e-13,0.017161576263142492
544,65536,exact,159,13.079155196385049,12.91008238075732,0.1690728156277288,0.012926891155359856,0.9870919504632817,5.673216928141458e-05,5.7614247335857234e-05,1.61438010167946e-06,0.0,3.9582682427987195e-13,0.017002899151246347
544,65536,exact,160,12.91008238075732,12.742886394673164,0.1671959860841561,0.01295080706327361,0.9870685657143752,5.7614247335857234e-05,5.851073597538321e-05,1.6415239172760433e-06,0.0,4.244106964739619e-13,0.01684539792772144
544,65536,exact,161,12.742886394673164,12.577549844116524,0.1653365505566402,0.012974811627117298,0.9870451082767769,5.851073597538321e-05,5.942190866561286e-05,1.6691733945494613e-06,0.0,4.551126253746381e-13,0.01668906604492207
544,65536,exact,162,12.577549844116524,12.414055464274048,0.16349437984247572,0.01299890534076909,0.9870215781673783,5.942190866561286e-05,6.034804439695254e-05,1.6973388161642903e-06,0.0,4.880627694527073e-13,0.01653389697955036
544,65536,exact,163,12.414055464274048,12.25238611881397,0.16166934546007816,0.013023088701781654,0.9869979754131392,6.034804439695254e-05,6.12894278018996e-05,1.7260306854134343e-06,0.0,5.234482145692956e-13,0.01637988423261479
544,65536,exact,164,12.25238611881397,12.092524799167673,0.15986131964629635,0.013047362211416409,0.9869743000573425,6.12894278018996e-05,6.224634926602298e-05,1.7552597217788208e-06,0.0,5.614507339948838e-13,0.01622702132938117
544,65536,exact,165,12.092524799167673,11.934454623813876,0.15807017535379764,0.01307172637468377,0.986950552157869,6.224634926602298e-05,6.321910507170808e-05,1.7850368960689846e-06,0.0,6.022738460297744e-13,0.016075301819344908
544,65536,exact,166,11.934454623813876,11.778158837565687,0.1562957862481884,0.013096181700361705,0.9869267317863256,6.321910507170808e-05,6.420799751125876e-05,1.815373402514711e-06,0.0,6.461331307234391e-13,0.015924719276140482
544,65536,exact,167,11.778158837565687,11.623620810860025,0.1545380267056622,0.013120728701057504,0.9869028390313884,6.420799751125876e-05,6.521333503580186e-05,1.8462806966497485e-06,0.0,6.932294771859124e-13,0.015775267297564927
544,65536,exact,168,11.623620810860025,11.470824039050022,0.15279677181000295,0.013145367893216537,0.9868788739977273,6.521333503580186e-05,6.623543237271865e-05,1.8777704667904063e-06,0.0,7.438404411733504e-13,0.015626939505464472
544,65536,exact,169,11.470824039050022,11.31975214169988,0.1510718973501426,0.013170099797176725,0.9868548368070383,6.623543237271865e-05,6.727461067665412e-05,1.909854669839181e-06,0.0,7.982079488480162e-13,0.015479729545733905
544,65536,exact,170,11.31975214169988,11.170388861882481,0.14936327981739872,0.013194924937196454,0.9868307275999239,6.727461067665412e-05,6.833119765317717e-05,1.9425455068041406e-06,0.0,8.566711657545176e-13,0.01533363108824887
544,65536,exact,171,11.170388861882481,11.022718065479586,0.14767079640289538,0.013219843841498036,0.9868065465342174,6.833119765317717e-05,6.94055277304688e-05,1.9758554732556127e-06,0.0,9.194655941572455e-13,0.015188637826838105
544,65536,exact,172,11.022718065479586,10.87672374048477,0.14599432499481502,0.013244857042296398,0.9867822937876828,6.94055277304688e-05,7.049794217541463e-05,2.0097973069815384e-06,0.0,9.869835255072595e-13,0.015044743479216185
544,65536,exact,173,10.87672374048477,10.732389996308926,0.1443337441758441,0.013269965075844724,0.9867579695590825,7.049794217541463e-05,7.160878926863405e-05,2.0443840490775665e-06,0.0,1.0595492717794044e-12,0.014901941786956238
544,65536,exact,174,10.732389996308926,10.589701063088425,0.14268893322050147,0.01329516848246988,0.9867335740668967,7.160878926863405e-05,7.273842444833594e-05,2.0796290162554763e-06,0.0,1.1375620497661165e-12,0.014760226515436686
544,65536,exact,175,10.589701063088425,10.448641290995925,0.14105977209250042,0.013320467806610696,0.9867091075522155,7.273842444833594e-05,7.388721045643016e-05,2.115545805723333e-06,0.0,1.2214649864478178e-12,0.014619591453798373
544,65536,exact,176,10.448641290995925,10.309195149553792,0.1394461414421322,0.01334586359685822,0.9866845702788369,7.388721045643016e-05,7.505551752271959e-05,2.1521483360875583e-06,0.0,1.3116727484979024e-12,0.014480030414897241
544,65536,exact,177,10.309195149553792,10.171347226950155,0.13784792260363687,0.013371356405994824,0.98665996253372,7.505551752271959e-05,7.624372351600203e-05,2.1894508177685936e-06,0.0,1.4086820360366403e-12,0.014341537235261525
544,65536,exact,178,10.171347226950155,10.035082229357586,0.13626499759256916,0.013396946791032692,0.986635284629395,7.624372351600203e-05,7.745221410682083e-05,2.22746776743833e-06,0.0,1.5130330527964725e-12,0.01420410577503959
544,65536,exact,179,10.035082229357586,9.900384980254326,0.13469724910325986,0.013422635313261677,0.9866105369028034,7.745221410682083e-05,7.868138295771903e-05,2.266214038734154e-06,0.0,1.6252565157408305e-12,0.014067729917972715
544,65536,exact,180,9.900384980254326,9.767240419748257,0.1331445605060697,0.013448422538276831,0.9865857197185655,7.868138295771903e-05,7.993163187001462e-05,2.3057047822397336e-06,0.0,1.7460184096066908e-12,0.013932403571319522
544,65536,exact,181,9.767240419748257,9.635633603903335,0.13160681584492195,0.01347430903603313,0.9865608334683413,7.993163187001462e-05,8.12033709955833e-05,2.3459555133459697e-06,0.0,1.8759289369292553e-12,0.013798120665839436
544,65536,exact,182,9.635633603903335,9.505549704068695,0.13008389983463964,0.013500295380881176,0.9865358785729995,8.12033709955833e-05,8.249701899791107e-05,2.3869820654192112e-06,0.0,2.0157251383453798e-12,0.013664875155733471
544,65536,exact,183,9.505549704068695,9.376974006210345,0.12857569785835032,0.013526382151609348,0.9865108554830253,8.249701899791107e-05,8.381300324905506e-05,2.4288006287654765e-06,0.0,2.166139053609399e-12,0.013532661018598588
544,65536,exact,184,9.376974006210345,9.249891910245426,0.12708209596491926,0.013552569931488893,0.9864857646806542,8.381300324905506e-05,8.515176001340072e-05,2.4714277411467484e-06,0.0,2.328072264590371e-12,0.013401472255386479
544,65536,exact,185,9.249891910245426,9.124288929379041,0.12560298086638433,0.013578859308319391,0.9864606066797773,8.515176001340072e-05,8.65137346547123e-05,2.514880314378445e-06,0.0,2.5023362288517648e-12,0.013271302890362721
544,65536,exact,186,9.124288929379041,9.000150689443744,0.12413823993529682,0.013605250874464047,0.9864353820281292,8.65137346547123e-05,8.789938182857952e-05,2.5591756237270026e-06,0.0,2.6899488089456372e-12,0.013142146971043276
544,65536,exact,187,9.000150689443744,8.877462928241497,0.122687761202247,0.01363174522690461,0.9864100913091026,8.789938182857952e-05,8.930916568479334e-05,2.6043313211958596e-06,0.0,2.891945323079022e-12,0.013013998568169632
544,65536,exact,188,8.877462928241497,8.756211494888259,0.12125143335323862,0.013658342967280277,0.9863847351417868,8.930916568479334e-05,9.07435600851082e-05,2.6503654548015235e-06,0.0,3.1094221571463174e-12,0.012886851775653048
544,65536,exact,189,8.756211494888259,8.636382349161115,0.11982914572714343,0.013685044701935059,0.9863593141831669,9.07435600851082e-05,9.220304880475685e-05,2.697296456315272e-06,0.0,3.3436447377131404e-12,0.012760700710530735
544,65536,exact,190,8.636382349161115,8.517961560847976,0.11842078831313962,0.013711851041963454,0.9863338291294725,9.220304880475685e-05,9.36881257620686e-05,2.7451431729264957e-06,0.0,3.595865358946293e-12,0.012635539512920763
544,65536,exact,191,8.517961560847976,8.400935309099815,0.11702625174816106,0.013738762603257265,0.9863082807183694,9.36881257620686e-05,9.519929523180026e-05,2.793924855212833e-06,0.0,3.867524817112791e-12,0.012511362345977599
544,65536,exact,192,8.400935309099815,8.285289881785468,0.11564542731434635,0.013765780006552401,0.9862826697292758,9.519929523180026e-05,9.67370720713517e-05,2.843661174015622e-06,0.0,4.160229411941281e-12,0.012388163395844972
544,65536,exact,193,8.285289881785468,8.17101167484897,0.1142782069364987,0.013792903877476875,0.9862569969860722,9.67370720713517e-05,9.830198197021721e-05,2.894372247411216e-06,0.0,4.475510565447871e-12,0.012265936871611361
544,65536,exact,194,8.17101167484897,8.058087191669399,0.1129244831795706,0.013820134846601826,0.986231263358313,9.830198197021721e-05,9.989456165906296e-05,2.9460786051749164e-06,0.0,4.8152253939812845e-12,0.012144677005269668
544,65536,exact,195,8.058087191669399,7.946503042423345,0.11158414924605431,0.013847473549481083,0.9862054697634022,9.989456165906296e-05,0.00010151535917735438,2.9988012508711332e-06,0.0,5.181302069790124e-12,0.012024378051655737
544,65536,exact,196,7.946503042423345,7.836245943449762,0.11025709897358293,0.013874920626716228,0.9861796171677645,0.00010151535917735438,0.00010316493409957706,3.0525616252433253e-06,0.0,5.575837724479046e-12,0.01190503428842907
544,65536,exact,197,7.836245943449762,7.727302716617499,0.1089432268322632,0.013902476723988958,0.9861537065897118,0.00010316493409957706,0.00010484385780436854,3.1073816530355207e-06,0.0,6.001048250448178e-12,0.011786640015998138
544,65536,exact,198,7.727302716617499,7.61966028869523,0.10764242792226852,0.01393014249212528,0.9861277391004676,0.00010484385780436854,0.00010655271371972565,3.1632837239434e-06,0.0,6.459410615980779e-12,0.011669189557498417
544,65536,exact,199,7.61966028869523,7.513305690723954,0.10635459797127567,0.013957918587140522,0.9861017158268988,0.00010655271371972565,0.00010829209759197717,3.2202907204979996e-06,0.0,6.953554621208849e-12,0.011552677258735265
544,65536,exact,200,7.513305690723954,7.4082260573919845,0.1050796333319699,0.013985805670292754,0.9860756379536815,0.00010829209759197717,0.00011006261774946892,3.2784260174172087e-06,0.0,7.486299503488975e-12,0.011437097488141687
544,65536,exact,201,7.4082260573919845,7.304408626412445,0.10381743097953944,0.014013804408134874,0.9860495067249722,0.00011006261774946892,0.00011186489537702523,3.3377134970633076e-06,0.0,8.060761070129499e-12,0.011322444636733067
544,65536,exact,202,7.304408626412445,7.201840737903269,0.10256788850917609,0.014041915472567452,0.9860233234468276,0.00011186489537702523,0.00011369956479485041,3.398177558460463e-06,0.0,8.680296133029182e-12,0.011208713118060475
544,65536,exact,203,7.201840737903269,7.100509833769679,0.10133090413359014,0.014070139540893463,0.9859970894902508,0.00011369956479485041,0.00011556727374329553,3.4598431277036677e-06,0.0,9.348438825352093e-12,0.011095897368166754
544,65536,exact,204,7.100509833769679,7.000403457089163,0.10010637668051547,0.014098477295871688,0.9859708062928294,0.00011556727374329553,0.00011746868367207454,3.522735667447784e-06,0.0,1.0069114473958661e-11,0.010983991845540782
544,65536,exact,205,7.000403457089163,6.901509251498943,0.09889420559022,0.014126929425770722,0.9859444753620158,0.00011746868367207454,0.00011940447002909567,3.5868811811556823e-06,0.0,1.0846590146234084e-11,0.01087299103106933
544,65536,exact,206,6.901509251498943,6.803814960585868,0.09769429091307558,0.01415549662443143,0.985918098276933,0.00011940447002909567,0.00012137532257359621,3.6523062420772784e-06,0.0,1.1685332118160224e-11,0.01076288942800248
544,65536,exact,207,6.803814960585868,6.707308427278882,0.09650653330698589,0.014184179591309142,0.9858916766919792,0.00012137532257359621,0.00012338194567272878,3.719037981957924e-06,0.0,1.2590341746596123e-11,0.010653681561886471
544,65536,exact,208,6.707308427278882,6.6119775932438225,0.09533083403505938,0.014212979031550898,0.9858652123391763,0.00012338194567272878,0.00012542505861706086,3.787104114518409e-06,0.0,1.3566923029884742e-11,0.0105453619805492
544,65536,exact,209,6.6119775932438225,6.517810498280856,0.09416709496296694,0.014241895656026982,0.9858387070313964,0.00012542505861706086,0.00012750539593738765,3.856532941861324e-06,0.0,1.4620854060874017e-11,0.010437925254014449
544,65536,exact,210,6.517810498280856,6.424795279724153,0.0930152185567028,0.014270930181421598,0.9858121626651011,0.00012750539593738765,0.00012962370773034434,3.9273533682137955e-06,0.0,1.5758375561478882e-11,0.010331365974506386
544,65536,exact,211,6.424795279724153,6.332920171844227,0.09187510787992537,0.01430008333026138,0.9857855812237688,0.00012962370773034434,0.00013178075998760208,3.999594908509041e-06,0.0,1.6986244388058486e-11,0.010225678756357165
544,65536,exact,212,6.332920171844227,6.242173505252584,0.09074666659164343,0.014329355830995236,0.9857589647808755,0.00013178075998760208,0.00013397733493092286,4.0732876992721195e-06,0.0,1.831176491906908e-11,0.01012085823599041
544,65536,exact,213,6.242173505252584,6.152543706308865,0.0896297989437187,0.014358748418046722,0.9857323155039791,0.00013397733493092286,0.00013621423134901767,4.148462505380159e-06,0.0,1.974287321625766e-11,0.010016899071866037
544,65536,exact,214,6.152543706308865,6.064019296530421,0.08852440977844456,0.01438826183187792,0.9857056356573927,0.00013621423134901767,0.0001384922649533154,4.225150743917251e-06,0.0,2.1288068448874556e-11,0.009913795944435595
544,65536,exact,215,6.064019296530421,5.976588892004314,0.08743040452610629,0.014417896819050416,0.9856789276060937,0.0001384922649533154,0.0001408122687220248,4.303384477820871e-06,0.0,2.2956718991051783e-11,0.009811543556097787
544,65536,exact,216,5.976588892004314,5.890241202801753,0.08634768920256164,0.014447654132289498,0.985652193820099,0.0001408122687220248,0.00014317509326684775,4.383196442934428e-06,0.0,2.4758735751688465e-11,0.009710136631153474
544,65536,exact,217,5.890241202801753,5.804965032394941,0.08527617040681168,0.014477534530546765,0.9856254368773446,0.00014317509326684775,0.00014558160718734341,4.46462004132314e-06,0.0,2.6705071097185562e-11,0.00960956991575794
544,65536,exact,218,5.804965032394941,5.720749277076355,0.08421575531858583,0.014507538779064983,0.9855986594684981,0.00014558160718734341,0.0001480326974486432,4.547689368944591e-06,0.0,2.880741652167007e-11,0.009509838177878422
544,65536,exact,219,5.720749277076355,5.6375829253804275,0.08316635169592779,0.014537667649443075,0.9855718644007976,0.0001480326974486432,0.0001505292697575483,4.632439219304028e-06,0.0,3.107849421606426e-11,0.009410936207245884
544,65536,exact,220,5.6375829253804275,5.555455057507617,0.08212786787281079,0.014567921919706175,0.9855450546023024,0.0001505292697575483,0.00015307224893441537,4.7189050840992935e-06,0.0,3.353213155277493e-11,0.009312858815316398
544,65536,exact,221,5.555455057507617,5.474354844750939,0.08110021275667734,0.014598302374362453,0.9855182331267898,0.00015307224893441537,0.00015566257930943198,4.80712318201487e-06,0.0,3.6183172045589976e-11,0.009215600835212064
544,65536,exact,222,5.474354844750939,5.394271548924814,0.0800832958261255,0.014628809804485547,0.9854914031579142,0.00015566257930943198,0.00015830122510966102,4.897130454636456e-06,0.0,3.9047807657644276e-11,0.009119157121693519
544,65536,exact,223,5.394271548924814,5.315194521796382,0.07907702712843179,0.014659445007768179,0.9854645680140031,0.00015830122510966102,0.00016098917085667408,4.9889645813302964e-06,0.0,4.2143435768048076e-11,0.009023522551097484
544,65536,exact,224,5.315194521796382,5.237113204519156,0.07808131727722589,0.014690208788602653,0.9854377311532599,0.00016098917085667408,0.00016372742176854344,5.08266398835221e-06,0.0,4.548905417384348e-11,0.008928692021302937
544,65536,exact,225,5.237113204519156,5.160017127069073,0.07709607745008284,0.01472110195814669,0.9854108961787472,0.00016372742176854344,0.00016651700416582107,5.178267856956104e-06,0.0,4.9105111144844005e-11,0.008834660451682323
544,65536,exact,226,5.160017127069073,5.083895907682924,0.07612121938614891,0.014752125334395218,0.9853840668435586,0.00016651700416582107,0.00016935896588286958,5.275816133153612e-06,0.0,5.301380658789302e-11,0.008741422783054517
544,65536,exact,227,5.083895907682924,5.008739252299154,0.07515665538377014,0.014783279742252653,0.9853572470563041,0.00016935896588286958,0.00017225437668418682,5.3753495366660205e-06,0.0,5.723912611791705e-11,0.008648973977641718
544,65536,exact,228,5.008739252299154,4.934536954001026,0.07420229829812808,0.014814566013606539,0.9853304408866412,0.00017225437668418682,0.0001752043286854633,5.476909569698013e-06,0.0,6.180711809868587e-11,0.008557309019022786
544,65536,exact,229,4.934536954001026,4.861278892462154,0.07325806153887182,0.014845984987400418,0.9853036525713865,0.0001752043286854633,0.0001782099367739949,5.580538519790453e-06,0.0,6.674590028355083e-11,0.008466422912087873
544,65536,exact,230,4.861278892462154,4.788955033394387,0.07232385906776706,0.014877537509709974,0.9852768865200289,0.0001782099367739949,0.00018127233903934194,5.686279473688404e-06,0.0,7.20859593805051e-11,0.008376310682994012
544,65536,exact,231,4.788955033394387,4.7175554279980485,0.07139960539633883,0.014909224433817902,0.9852501473210556,0.00018127233903934194,0.00018439269720120675,5.794176317799328e-06,0.0,7.78603365591754e-11,0.008286967379118246
544,65536,exact,232,4.7175554279980485,4.647070212414504,0.07048521558354448,0.01494104662029498,0.985223439748557,0.00018439269720120675,0.00018757219704389105,5.9042737475921464e-06,0.0,8.410478812958394e-11,0.008198388069017046
544,65536,exact,233,4.647070212414504,4.577489607181119,0.06958060523338538,0.014973004937068296,0.9851967687684445,0.00018757219704389105,0.00019081204885225381,6.016617271815069e-06,0.0,9.085800070206956e-11,0.008110567842370867
544,65536,exact,234,4.577489607181119,4.508803916688498,0.06868569049262074,0.015005100259510658,0.9851701395453483,0.00019081204885225381,0.0001941134878494711,6.1312532166057046e-06,0.0,9.816184331850296e-11,0.008023501809948758
544,65536,exact,235,4.508803916688498,4.441003528640092,0.06780038804840594,0.015037333470514303,0.9851435574496431,0.0001941134878494711,0.0001974777746345859,6.248228727332348e-06,0.0,1.0606173247605308e-10,0.00793718510355808
544,65536,exact,236,4.441003528640092,4.3740789135141,0.06692461512599213,0.015069705460577633,0.9851170280642368,0.0001974777746345859,0.00020090619562370264,6.367591773732276e-06,0.0,1.1460679204700758e-10,0.007851612876004353
544,65536,exact,237,4.3740789135141,4.308020624027743,0.06605828948635661,0.015102217127876624,0.9850905571923861,0.00020090619562370264,0.00020440006349012186,6.489391149969845e-06,0.0,1.2385020374712508e-10,0.007766780301034577
544,65536,exact,238,4.308020624027743,4.242819294603804,0.06520132942393886,0.015134869378359542,0.985064150865052,0.00020440006349012186,0.00020796071760218718,6.613676473067565e-06,0.0,1.338495399857021e-10,0.0076826825733041105
544,65536,exact,239,4.242819294603804,4.178465640839506,0.06435365376429836,0.015167663125824387,0.9850378153485811,0.00020796071760218718,0.00021158952446763564,6.740498189543531e-06,0.0,1.4466708955990573e-10,0.007599314908325455
544,65536,exact,240,4.178465640839506,4.114950458977688,0.06351518186181782,0.015200599292006341,0.9850115571530262,0.00021158952446763564,0.0002152878781626013,6.869907559787027e-06,0.0,1.5637031987726473e-10,0.007516672542423066
544,65536,exact,241,4.114950458977688,4.052264625380291,0.06268583359739743,0.015233678806663204,0.9849853830399344,0.0002152878781626013,0.0002190572007693819,7.0019566658684085e-06,0.0,1.6903233107374953e-10,0.0074347507326891936
544,65536,exact,242,4.052264625380291,3.990399096004128,0.061865529376162964,0.015266902607664005,0.9849593000310888,0.0002190572007693819,0.00022289894281263321,7.136698408041314e-06,0.0,1.8273198817801706e-10,0.007353544756938479
544,65536,exact,243,3.990399096004128,3.9293449058789607,0.06105419012516711,0.01530027164107596,0.9849333154171316,0.00022289894281263321,0.0002268145836727729,7.274186480356059e-06,0.0,1.9755500363306984e-10,0.007273049913660643
544,65536,exact,244,3.9293449058789607,3.869093168587856,0.06025173729110467,0.015333786861254643,0.9849074367663218,0.0002268145836727729,0.00023080563201727464,7.414475384641386e-06,0.0,2.1359373791147648e-10,0.007193261521976665
544,65536,exact,245,3.869093168587856,3.8096350757498043,0.0594580928380517,0.01536744923094027,0.9848816719336629,0.00023080563201727464,0.00023487362620935341,7.557620404877579e-06,0.0,2.3094840338635896e-10,0.007114174921597624
544,65536,exact,246,3.8096350757498043,3.7509618965046627,0.05867317924514159,0.015401259721337919,0.984856029070223,0.00023487362620935341,0.00023902013471344588,7.703677598891123e-06,0.0,2.497273128847406e-10,0.007035785472768074
544,65536,exact,247,3.7509618965046627,3.6930649770003265,0.057896919504336175,0.015435219312221613,0.9848305166327739,0.00023902013471344588,0.00024324675649345463,7.852703785510786e-06,0.0,2.700475342746079e-10,0.006958088556231139
544,65536,exact,248,3.6930649770003265,3.635935739882166,0.057129237118160425,0.01546932899202964,0.9848051433932231,0.00024324675649345463,0.0002475551213957279,8.004756523077104e-06,0.0,2.920358222282572e-10,0.006881079573183047
544,65536,exact,249,3.635935739882166,3.5795656837847707,0.05637005609739543,0.015503589757948327,0.9847799184489043,0.0002475551213957279,0.00025194689052175943,8.159894091280626e-06,0.0,3.158292147232254e-10,0.0068047539452174
544,65536,exact,250,3.5795656837847707,3.5239463828258972,0.05561930095887346,0.01553800261602287,0.9847548512325388,0.00025194689052175943,0.0002564237565895113,8.318175471064208e-06,0.0,3.415758088702592e-10,0.006729107114292073
544,65536,exact,251,3.5239463828258972,3.4690694861027,0.05487689672319718,0.01557256858124802,0.9847299515226416,0.0002564237565895113,0.00026098744427558953,8.47966031569952e-06,0.0,3.6943575309382817e-10,0.006654134542676009
544,65536,exact,252,3.4690694861027,3.414926717190197,0.054142768912503136,0.015607288677670571,0.9847052294540748,0.00026098744427558953,0.00026563971054053865,8.644408922641526e-06,0.0,3.9958212986242886e-10,0.006579831712907701
544,65536,exact,253,3.414926717190197,3.361509873641978,0.05341684354821874,0.01564216393849006,0.9846806955287467,0.00026563971054053865,0.00027038234493601687,8.812482202793855e-06,0.0,4.3220188951191563e-10,0.006506194127748258
544,65536,exact,254,3.361509873641978,3.308810826493155,0.05269904714882312,0.01567719540616048,0.9846563606266335,0.00027038234493601687,0.00027521716988904095,8.98394164375679e-06,0.0,4.674971092752736e-10,0.006433217310135825
544,65536,exact,255,3.308810826493155,3.256821519765537,0.051989306727618256,0.01571238413249486,0.9846322360167813,0.00027521716988904095,0.0002801460409622788,9.158849270191837e-06,0.0,5.056859697693053e-10,0.00636089680314072
544,65536,exact,256,3.256821519765537,3.2055339699750367,0.0512875497905001,0.01574773117876977,0.9846083333686027,0.0002801460409622788,0.00028517084708611307,9.337267598629273e-06,0.0,5.470041978508818e-10,0.006289228169919877
544,65536,exact,257,3.2055339699750367,3.1549402656412835,0.05059370433375321,0.015783237615836967,0.9845846647632692,0.00028517084708611307,0.0002902935107689475,9.519259596382417e-06,0.0,5.917059730641688e-10,0.006218206993674849
544,65536,exact,258,3.1549402656412835,3.105032566799488,0.04990769884179569,0.015818904524219666,0.9845612427052944,0.0002902935107689475,0.00029551598826443306,9.704888618432512e-06,0.0,6.400659571586739e-10,0.0061478288775971045
544,65536,exact,259,3.105032566799488,3.0558031045144776,0.04922946228501024,0.015854732994235066,0.9845380801340952,0.00029551598826443306,0.00030084026971270126,9.89421835821902e-06,0.0,6.923803124803465e-10,0.006078089444833549
544,65536,exact,260,3.0558031045144776,3.007244180396961,0.04855892411751661,0.015890724126099057,0.9845151904358505,0.00030084026971270126,0.00030626837924062637,1.0087312782050276e-05,0.0,7.48968396633784e-10,0.006008984338434763
544,65536,exact,261,3.007244180396961,2.959348166121994,0.04789601427496715,0.01592687903003766,0.9844925874553034,0.00030626837924062637,0.0003118023750178915,1.0284236058316019e-05,0.0,8.101747709125459e-10,0.005940509221310993
544,65536,exact,262,2.959348166121994,2.91210750294962,0.047240663172373853,0.01596319882640887,0.9844702855076695,0.0003118023750178915,0.00031744434927620833,1.0485052490927524e-05,0.0,8.763705522450531e-10,0.00587265977618978
544,65536,exact,263,2.91210750294962,2.8655147012477418,0.046592801701878184,0.01599968464580555,0.9844482993905884,0.00031744434927620833,0.0003231964282683852,1.0689826428084939e-05,0.0,9.479558150276603e-10,0.005805431705563581
544,65536,exact,264,2.8655147012477418,2.81956234001714,0.045952361230601646,0.016036337629184886,0.9844266443960246,0.0003231964282683852,0.00032906077218601375,1.0898622186203994e-05,0.0,1.0253612171568643e-09,0.005738820731651219
544,65536,exact,265,2.81956234001714,2.774243066418696,0.04531927359844401,0.016073158927980474,0.9844053363223599,0.00032906077218601375,0.00033503957501309376,1.111150394926948e-05,0.0,1.1090504440378415e-09,0.005672822596349588
544,65536,exact,266,2.774243066418696,2.7295495953027786,0.04469347111591748,0.016110149704226466,0.9843843914861242,0.00033503957501309376,0.0003411350643170735,1.132853566672077e-05,0.0,1.199522681270132e-09,0.0056074330611890835
544,65536,exact,267,2.7295495953027786,2.6854747087408133,0.04407488656196534,0.016147311130676224,0.9843638267339209,0.0003411350643170735,0.00034734950098271354,1.1549780952863527e-05,0.0,1.297314426674731e-09,0.005542647907286947
544,65536,exact,268,2.6854747087408133,2.6420112555590065,0.04346345318180678,0.016184644390930147,0.984343659454142,0.00034734950098271354,0.0003536851788629517,1.1775302958706965e-05,0.0,1.403002649605009e-09,0.0054784629353040615
544,65536,exact,269,2.6420112555590065,2.59915215087424,0.042859104684766614,0.01622215067955807,0.984323907588503,0.0003536851788629517,0.00036014442436160495,1.2005164254347079e-05,0.0,1.5172072613555722e-09,0.005414873965397027
544,65536,exact,270,2.59915215087424,2.5568903756321193,0.0422617752421206,0.016259831202227085,0.9843045896434488,0.00036014442436160495,0.0003667295959307446,1.2239426690981744e-05,0.0,1.6405938628016176e-09,0.005351876837173959
544,65536,exact,271,2.5568903756321193,2.515218976147159,0.041671399484960236,0.016297687175836843,0.9842857247012404,0.0003667295959307446,0.00037344308347690155,1.2478151253687538e-05,0.0,1.7738768719969406e-09,0.005289467409652437
544,65536,exact,272,2.515218976147159,2.474131063645146,0.04108791250201316,0.01633571982863778,0.9842673324309831,0.00037344308347690155,0.0003802873076812003,1.2721397914863086e-05,0.0,1.917822273656434e-09,0.005227641561206093
544,65536,exact,273,2.474131063645146,2.4336198138076144,0.040511249837531516,0.01637393040037505,0.9842494330989708,0.0003802873076812003,0.00038726471920843576,1.2969225459849248e-05,0.0,2.073251368760881e-09,0.005166395189526433
544,65536,exact,274,2.4336198138076144,2.393678466318458,0.03994134748915634,0.01641232014242379,0.9842320475789877,0.00038726471920843576,0.0003943777978121502,1.3221691314324314e-05,0.0,2.241043794602108e-09,0.005105724211577718
544,65536,exact,275,2.393678466318458,2.354300324412701,0.03937814190575706,0.016450890317913792,0.9842151973620408,0.0003943777978121502,0.00040162905132889613,1.3478851360688216e-05,0.0,2.4221406844733735e-09,0.005045624563544089
544,65536,exact,276,2.354300324412701,2.3154787544273643,0.0388215699853367,0.016489642201880532,0.9841989045654947,0.00040162905132889613,0.0004090210145406038,1.3740759729938577e-05,0.0,2.6175489132424477e-09,0.0049860922007922024
544,65536,exact,277,2.3154787544273643,2.277207185354466,0.03827156907289808,0.016528577081400573,0.9841831919418956,0.0004090210145406038,0.0004165562479130544,1.4007468595293273e-05,0.0,2.8283441228177733e-09,0.004927123097822308
544,65536,exact,278,2.277207185354466,2.239479108396139,0.03772807695832725,0.01656769625573378,0.9841680828869269,0.0004165562479130544,0.0004242373361927412,1.4279027944347796e-05,0.0,3.0556747688246545e-09,0.004868713248223262
544,65536,exact,279,2.239479108396139,2.2022880765218544,0.03719103187428452,0.01660700103646863,0.9841536014468798,0.0004242373361927412,0.00043206688685254067,1.4555485336096845e-05,0.0,3.3007658731373964e-09,0.0048108586646272
544,65536,exact,280,2.2022880765218544,2.165627704027756,0.03666037249409859,0.016646492747668832,0.9841397723252429,0.00043206688685254067,0.00044004752838308587,1.4836885649570393e-05,0.0,3.564922820375842e-09,0.004753555378664302
544,65536,exact,281,2.165627704027756,2.1294916660980916,0.036136037929664244,0.01668617272602138,0.984126620888498,0.00044004752838308587,0.0004481819084162766,1.5123270813360598e-05,0.0,3.849535065714171e-09,0.004696799440917217
544,65536,exact,282,2.1294916660980916,2.093873698368743,0.03561796772934844,0.016726042320988243,0.9841141731710118,0.0004481819084162766,0.0004564726916727845,1.541467952143307e-05,0.0,4.156079938695805e-09,0.004640586920876254
544,65536,exact,283,2.093873698368743,2.058767596492845,0.035106101875898243,0.016766102894958786,0.9841024558789501,0.0004564726916727845,0.0004649225577154936,1.571114692547621e-05,0.0,4.486126844571031e-09,0.004584913906893134
544,65536,exact,284,2.058767596492845,2.0241672157084936,0.03460038078435135,0.016806355823403205,0.9840914963931412,0.0004649225577154936,0.0004735341985144302,1.601270432515499e-05,0.0,4.84133989142729e-09,0.0045297765061353915
544,65536,exact,285,2.0241672157084936,1.9900664704085218,0.03410074529997176,0.016846802495037894,0.984081322770685,0.0004735341985144302,0.0004823103157935939,1.6319378824837416e-05,0.0,5.22348248015907e-09,0.0044751708445450985
544,65536,exact,286,1.9900664704085218,1.9564593337123781,0.03360713669614368,0.01688744431197054,0.9840719637455131,0.0004823103157935939,0.0004912536181590836,1.663119298105779e-05,0.0,5.634419694700021e-09,0.004421093066785316
544,65536,exact,287,1.9564593337123781,1.923339837040052,0.033119496672326054,0.016928282689874195,0.984063448727404,0.0004912536181590836,0.0005003668179953232,1.694816443143604e-05,0.0,6.0761215558763e-09,0.004367539336202032
544,65536,exact,288,1.923339837040052,1.8907020696880632,0.03263776735198887,0.016969319058153118,0.9840558077997672,0.0005003668179953232,0.0005096526281118942,1.7270305498835043e-05,0.0,6.550665527702525e-09,0.004314505834777979
544,65536,exact,289,1.8907020696880632,1.8585401784075393,0.032161891280523935,0.01701055486009499,0.9840490717157826,0.0005096526281118942,0.0005191137581344113,1.7597622781843654e-05,0.0,7.060238450731088e-09,0.0042619887630814795
544,65536,exact,290,1.8585401784075393,1.8268483669843183,0.03169181142322097,0.01705199155305623,0.9840432718930645,0.0005191137581344113,0.000528752910619751,1.7930116719149072e-05,0.0,7.60713868915193e-09,0.004209984340228438
544,65536,exact,291,1.8268483669843183,1.7956208958211188,0.03122747116319946,0.017093630608624847,0.9840384404065119,0.000528752910619751,0.0005385727768907614,1.826778113984044e-05,0.0,8.193775742539738e-09,0.004158488803832315
544,65536,exact,292,1.7956208958211188,1.7648520815217508,0.030768814299368064,0.017135473512797258,0.9840346099794613,0.0005385727768907614,0.000548576032564332,1.861060278285325e-05,0.0,8.822671777072681e-09,0.004107498409960648
544,65536,exact,293,1.7648520815217508,1.7345362964773683,0.03031578504438248,0.017177521766154235,0.9840318139729736,0.000548576032564332,0.0005587653327734453,1.895856080654247e-05,0.0,9.49645947382477e-09,0.004057009433089083
544,65536,exact,294,1.7345362964773683,1.7046679684547605,0.02986832802260775,0.017219776884039084,0.9840300863730699,0.0005587653327734453,0.0005691433070547697,1.9311626264247104e-05,0.0,1.0217880807954216e-08,0.0040070181660551854
544,65536,exact,295,1.7046679684547605,1.6752415801866591,0.0294263882681014,0.01726224039674758,0.9840294617760235,0.0005691433070547697,0.000579712553897743,1.9669761566766265e-05,0.0,1.0989783554319829e-08,0.0039575209200172
544,65536,exact,296,1.6752415801866591,1.6462516689640987,0.02898991122256045,0.017304913849697026,0.9840299753714541,0.000579712553897743,0.0005904756349349244,2.0032919916909423e-05,0.0,1.181511650376419e-08,0.003908514024401123
544,65536,exact,297,1.6462516689640987,1.6176928262307688,0.02855884273332987,0.017347798803630358,0.9840316629232168,0.0005904756349349244,0.0006014350687601026,2.0401044722764226e-05,0.0,1.269692331753048e-08,0.003859993826862843
544,65536,exact,298,1.6176928262307688,1.5895596971794088,0.028133129051360006,0.017390896834790517,0.9840345607480189,0.0006014350687601026,0.0006125933243613909,2.077406898990245e-05,0.0,1.3638334313672076e-08,0.0038119566932361916
544,65536,exact,299,1.5895596971794088,1.5618469803501753,0.027712716829233486,0.017434209535136216,0.9840387056916325,0.0006125933243613909,0.0006239528141513871,2.1151914687712895e-05,0.0,1.4642556243242913e-08,0.003764399007497112
544,65536,exact,300,1.5618469803501753,1.5345494272310638,0.02729755311911153,0.017477738512508605,0.9840441351027376,0.0006239528141513871,0.000635515886584752,2.153449209760174e-05,0.0,1.5712859370619128e-08,0.0037173171717054558
544,65536,exact,301,1.5345494272310638,1.507661841860286,0.026887585370777733,0.017521485390857437,0.9840508868042172,0.000635515886584752,0.0006472848183432822,2.1921699134330207e-05,0.0,1.685256294161209e-08,0.0036707076059717975
544,65536,exact,302,1.507661841860286,1.4811790804306777,0.02648276142960837,0.01756545181042163,0.9840589990619294,0.0006472848183432822,0.0006592618060806125,2.2313420650427036e-05,0.0,1.8065016687629845e-08,0.003624566748402256
544,65536,exact,303,1.4811790804306777,1.4550960508960729,0.02608302953460484,0.017609639427948687,0.9840685105509149,0.0006592618060806125,0.0006714489577102063,2.2709527716940583e-05,0.0,1.9353579588650242e-08,0.0035788910550603086
544,65536,exact,304,1.4550960508960729,1.4294077125796736,0.025688338316399273,0.01765404991689721,0.9840794603189642,0.0006714489577102063,0.0006838482832250927,2.3109876885825116e-05,0.0,2.0721595923303346e-08,0.003533676999917571
544,65536,exact,305,1.4294077125796736,1.4041090757844001,0.025298636795273444,0.017698684967647624,0.9840918877475514,0.0006838482832250927,0.0006964616850413179,2.3514309435281267e-05,0.0,2.217236586704325e-08,0.003488921074809796
544,65536,exact,306,1.4041090757844001,1.3791952014052153,0.024913874379184797,0.01774354628771754,0.9841058325101044,0.0006964616850413179,0.0007092909478475114,2.3922650592924053e-05,0.0,2.370911438898983e-08,0.003444619789390905
544,65536,exact,307,1.3791952014052153,1.3546612005434173,0.024534000861798022,0.017788635601980893,0.9841213345276465,0.0007092909478475114,0.0007223377279631569,2.4334708752314553e-05,0.0,2.5334953229934343e-08,0.0034007696710882766
544,65536,exact,308,1.3546612005434173,1.330502234122904,0.024158966420513295,0.017833954652884437,0.984138433921772,0.0007223377279631569,0.0007356035421871393,2.4750274667495127e-05,0.0,2.705284062802342e-08,0.0033573672650560192
544,65536,exact,309,1.330502234122904,1.3067135125083835,0.023788721614520503,0.017879505200682766,0.9841571709650218,0.0007356035421871393,0.0007490897561392978,2.5169120643041712e-05,0.0,2.886553448794727e-08,0.0033144091341335315
544,65536,exact,310,1.3067135125083835,1.2832902951255638,0.023423217382819717,0.01792528902364851,0.9841775860286838,0.0007490897561392978,0.0007627975720893579,2.5590999714403942e-05,0.0,3.077554103551004e-08,0.003271891858792778
544,65536,exact,311,1.2832902951255638,1.2602278900832704,0.0230624050422934,0.017971307918320113,0.9841997195281058,0.0007627975720893579,0.0007767280162719669,2.6015644823322014e-05,0.0,3.278505842122751e-08,0.0032298120371000703
544,65536,exact,312,1.2602278900832704,1.2375216537975147,0.022706236285755743,0.01801756369973324,0.9842236118655034,0.0007767280162719669,0.0007908819256948156,2.644276799625738e-05,0.0,3.489591376461005e-08,0.0031881662846687843
544,65536,exact,313,1.2375216537975147,1.2151669906175144,0.022354663180000234,0.018064058201649812,0.9842493033704813,0.0007908819256948156,0.0008052599344370477,2.6872059519816365e-05,0.0,3.710949619567961e-08,0.00314695123461066
544,65536,exact,314,1.2151669906175144,1.1931593524536348,0.022007638163879628,0.018110793276812063,0.9842768342382731,0.0008052599344370477,0.0008198624594589096,2.7303187134708506e-05,0.0,3.9426682415491694e-08,0.003106163537494549
544,65536,exact,315,1.1931593524536348,1.1714942384072664,0.021665114046368394,0.018157770797183004,0.9843062444658568,0.0008198624594589096,0.0008346896859262365,2.7735795235758918e-05,0.0,4.1847758062529654e-08,0.003065799861299171
544,65536,exact,316,1.1714942384072664,1.1501671944026284,0.02132704400463803,0.01820499265419669,0.984337573786081,0.0008346896859262365,0.000849741552074866,2.816950409924631e-05,0.0,4.4372333277858424e-08,0.0030258568913680405
544,65536,exact,317,1.1501671944026284,1.12917381282049,0.02099338158213837,0.018252460759013277,0.9843708615999729,0.000849741552074866,0.0008650177336350063,2.8603909134668424e-05,0.0,4.6999252896213345e-08,0.002986331330363995
544,65536,exact,318,1.12917381282049,1.1085097321338089,0.02066408068668113,0.018300177042775784,0.9844061469073614,0.0008650177336350063,0.0008805176278453313,2.9038580174133987e-05,0.0,4.9726502977472976e-08,0.0029472198982239133
544,65536,exact,319,1.1085097321338089,1.088170636545279,0.020339095588529865,0.01834814345687199,0.984443468236036,0.0008805176278453313,0.0008962403370950824,2.9473060808731894e-05,0.0,5.25511126746531e-08,0.002908519332113534
544,65536,exact,320,1.088170636545279,1.068152255626783,0.020018380918495948,0.018396361973201415,0.9844828635696293,0.0008962403370950824,0.000912184652232786,2.990686777642549e-05,0.0,5.546905361604199e-08,0.0028702263863816775
544,65536,exact,321,1.068152255626783,1.0484503639607456,0.01970189166603742,0.01844483458444462,0.9845243702744412,0.000912184652232786,0.0009283490355947216,3.0339490419275043e-05,0.0,5.8475138047225234e-08,0.0028323378325155026
544,65536,exact,322,1.0484503639607456,1.0290607807833838,0.019389583177361835,0.018493563304335683,0.9845680250254346,0.0009283490355947216,0.0009447316038102863,3.0770390216906224e-05,0.0,6.15629163818951e-08,0.002794850459093709
544,65536,exact,323,1.0290607807833838,1.0099793696298376,0.019081411153546224,0.018542550167950516,0.9846138637316476,0.0009447316038102863,0.000961330110451673,3.119900041095286e-05,0.0,6.472457632193413e-08,0.002757761071744503
544,65536,exact,324,1.0099793696298376,0.9912020379812045,0.018777331648633044,0.018591797231972202,0.9846619214612493,0.000961330110451673,0.0009781419286055857,3.1624725736936646e-05,0.0,6.79508472501908e-08,0.0027210664930950876
544,65536,exact,325,0.9912020379812045,0.9727247369134332,0.018477301067771346,0.01864130657499891,0.9847122323665518,0.0009781419286055857,0.000995164033454149,3.204694227507247e-05,0.0,7.123090945424307e-08,0.002684763562731319
544,65536,exact,326,0.9727247369134332,0.9545434607481079,0.018181276165325277,0.018691080297820475,0.9847648296091838,0.000995164033454149,0.001012392984962612,3.246499743968372e-05,0.0,7.45523147346102e-08,0.0026488491371489064
544,65536,exact,327,0.9545434607481079,0.9366542467050945,0.01788921404301347,0.018741120523724595,0.9848197452857287,0.001012392984962612,0.00102982491078647,3.287821012585502e-05,0.0,7.790091932310429e-08,0.0026133200897096196
544,65536,exact,328,0.9366542467050945,0.9190531745570513,0.017601072148043184,0.018791429398798083,0.9848770103541176,0.00102982491078647,0.0010474554895173662,3.3285871029046345e-05,0.0,8.126083525451973e-08,0.0025781733105966842
544,65536,exact,329,0.9190531745570513,0.901736366285808,0.017316808271243267,0.01884200909222615,0.9849366545610189,0.0010474554895173662,0.0010652799344063625,3.368724316238795e-05,0.0,8.46144028344032e-08,0.002543405706766227
544,65536,exact,330,0.901736366285808,0.8846999857405872,0.01703638054522083,0.018892861796616395,0.9849987063704995,0.0010652799344063625,0.0010832929777121632,3.408156259068653e-05,0.0,8.794219124100278e-08,0.0025090142019065405
544,65536,exact,331,0.8846999857405872,0.8679402382980875,0.01675974744249964,0.018943989728303166,0.9850631928942601,0.0010832929777121632,0.0011014888558370942,3.446803940376728e-05,0.0,9.122303174717399e-08,0.0024749957363881274
544,65536,exact,332,0.8679402382980875,0.8514533705244063,0.016486867773681246,0.018995395127675778,0.9851301398236646,0.0011014888558370942,0.0011198612954283938,3.484585895358326e-05,0.0,9.44340901945246e-08,0.0024413472672209294
544,65536,exact,333,0.8514533705244063,0.835235669838799,0.01621770068560724,0.019047080259508315,0.985199571363815,0.0011198612954283938,0.001138403500635196,3.521418337757601e-05,0.0,9.755098536010261e-08,0.0024080657680091606
544,65536,exact,334,0.835235669838799,0.8192834641792781,0.015952205659520935,0.01909904741328842,0.9852715101699429,0.001138403500635196,0.0011571081417263963,3.557215343282511e-05,0.0,1.0054796001769499e-07,0.0023751482289050756
544,65536,exact,335,0.8192834641792781,0.8035931216700426,0.01569034250923551,0.019151298903552754,0.9853459772863048,0.0011571081417263963,0.0011759673452872482,3.591889066404512e-05,0.0,1.0339811213288218e-07,0.0023425916565629587
544,65536,exact,336,0.8035931216700426,0.7881610502907296,0.015432071379313017,0.019203837070234986,0.9854229920877863,0.0011759673452872482,0.0011949726862259924,3.625349992850386e-05,0.0,1.0607369300258927e-07,0.0023103930740950187
544,65536,exact,337,0.7881610502907296,0.7729836975474834,0.015177352743246164,0.01925666427901719,0.9855025722244135,0.0011949726862259924,0.00121411518183219,3.657507229842655e-05,0.0,1.0854647986913504e-07,0.0022785495210261154
544,65536,exact,338,0.7729836975474834,0.7580575501458477,0.01492614740163567,0.019309782921675105,0.9855847335689116,0.00121411518183219,0.0012333852881390543,3.6882688360632536e-05,0.0,1.1078822962783293e-07,0.0022470580532465245
544,65536,exact,339,0.7580575501458477,0.7433791336654563,0.014678416480391476,0.019363195416452747,0.9856694901674631,0.0012333852881390543,0.001252772898849605,3.717542192822091e-05,0.0,1.1277121868703138e-07,0.0022159157429694973
544,65536,exact,340,0.7433791336654563,0.7289450122365394,0.014434121428916868,0.019416904208415235,0.9857568541937586,0.001252772898849605,0.0012722673470918476,3.7452344177656806e-05,0.0,1.1446887499162728e-07,0.0021851196786827976
544,65536,exact,341,0.7289450122365394,0.7147517882182227,0.014193224018316686,0.01947091176983189,0.9858468359064292,0.0012722673470918476,0.0012918574102675122,3.77125282139163e-05,0.0,1.1585650396862823e-07,0.0021546669651054525
544,65536,exact,342,0.7147517882182227,0.700796101878621,0.013955686339601758,0.01952522060055471,0.9859394436099335,0.0012918574102675122,0.0013115313182614301,3.795505406990638e-05,0.0,1.1691211099684913e-07,0.002124554723142356
544,65536,exact,343,0.700796101878621,0.6870746310767284,0.013721470801892566,0.019579833228394794,0.9860346836189202,0.0013115313182614301,0.0013312767652675923,3.8179014126261746e-05,0.0,1.1761731688402464e-07,0.0020947800898367705
544,65536,exact,344,0.6870746310767284,0.6735840909460828,0.013490540130645545,0.019634752209529625,0.9861325602260795,0.0013312767652675923,0.0013510809254774529,3.838351893936043e-05,0.0,1.1795836473175655e-07,0.002065340218328294
544,65536,exact,345,0.6735840909460828,0.6603212335802207,0.01326285736586219,0.019689980128886116,0.9862330756735228,0.0013510809254774529,0.0013709304728600229,3.856770345026784e-05,0.0,1.1792720770297666e-07,0.0020362322778040903
544,65536,exact,346,0.6603212335802207,0.6472828477198982,0.013038385860322466,0.019745519600557367,0.9863362301276584,0.0013709304728600229,0.0013908116052362563,3.873073353748643e-05,0.0,1.1752266911306715e-07,0.0020074534534559375
544,65536,exact,347,0.6472828477198982,0.634465758442085,0.01281708927781322,0.01980137326821245,0.9864420216576006,0.0013908116052362563,0.0014107100728224847,3.887181286716947e-05,0.0,1.1675165879020642e-07,0.0019790009464342984
544,65536,exact,348,0.634465758442085,0.6218668268507243,0.012598931591360718,0.019857543805511402,0.9865504462171613,0.0014107100728224847,0.001430611211377031,3.8990189980654395e-05,0.0,1.1563042968997309e-07,0.0019508719738020083
544,65536,exact,349,0.6218668268507243,0.6094829497692512,0.012383877081473038,0.019914033916534544,0.9866614976304942,0.001430611211377031,0.0014504999800427276,3.908516555406296e-05,0.0,1.141858555720951e-07,0.00192306376848947
544,65536,exact,350,0.6094829497692512,0.5973110594348633,0.012171890334387925,0.01997084633622019,0.9867751675816068,0.0014504999800427276,0.001470361003922793,3.915609975146608e-05,0.0,1.1245671245282453e-07,0.0018955735792502465
544,65536,exact,351,0.5973110594348633,0.5853481231945421,0.011962936240321187,0.02002798383080289,0.9868914456080202,0.001470361003922793,0.001490178621377116,3.920241959872126e-05,0.0,1.1049494863047196e-07,0.0018683986706146572
544,65536,exact,352,0.5853481231945421,0.5735911432028235,0.011756979991718652,0.020085449198256312,0.9870103190990688,0.001490178621377116,0.0015099369359580302,3.9223626296890245e-05,0.0,1.0836693889785219e-07,0.0018415363228437927
544,65536,exact,353,0.5735911432028235,0.5620371561212988,0.011553987081524664,0.02014324526876305,0.9871317732995173,0.0015099369359580302,0.0015296198728495729,3.921930241768038e-05,0.0,1.0615473079755335e-07,0.0018149838318861288
544,65536,exact,354,0.5620371561212988,0.550683232819859,0.011353923301439806,0.02020137490516624,0.9872557913195614,0.0015296198728495729,0.001549211239608943,3.91891189377751e-05,0.0,1.0395731706415792e-07,0.0017887385093300707
544,65536,exact,355,0.550683232819859,0.5395264780796633,0.011156754740195729,0.02025984100344918,0.987382354152555,0.001549211239608943,0.001568694790955323,3.913284211205045e-05,0.0,1.0189200140369413e-07,0.0017627976823597884
544,65536,exact,356,0.5395264780796633,0.5285640302978319,0.010962447781831308,0.020318646493217445,0.9875114407024237,0.001568694790955323,0.0015880542973066478,3.905034024275701e-05,0.0,1.0009597478763572e-07,0.0017371586937100871
544,65536,exact,357,0.5285640302978319,0.5177930611938628,0.01077096910396913,0.020377794338180696,0.9876430278232378,0.0015880542973066478,0.0016072736167333842,3.894159047881406e-05,0.0,9.872828507181443e-08,0.001711818901619515
544,65536,exact,358,0.5177930611938628,0.5072107755177557,0.010582285676107084,0.020437287536661394,0.9877770903742288,0.0016072736167333842,0.0016263367699988352,3.880668589413149e-05,0.0,9.79724674619268e-08,0.0016867756797873154
544,65536,exact,359,0.5072107755177557,0.49681441075985355,0.010396364757902177,0.020497129122088682,0.9879136012943837,0.0016263367699988352,0.0016452280183736803,3.864584321900733e-05,0.0,9.80402123521365e-08,0.0016620264173254058
544,65536,exact,360,0.49681441075985355,0.4866012368623818,0.010213173897471728,0.02055732216352415,0.9880525317017782,0.0016452280183736803,0.0016639319439837206,3.845941177792467e-05,0.0,9.917657501864498e-08,0.00163756851871509
544,65536,exact,361,0.4866012368623818,0.47656855593268876,0.01003268092969306,0.020617869766184863,0.9881938510240248,0.0016639319439837206,0.0016824335325578896,3.824788437584061e-05,0.0,1.0166738511566825e-07,0.0016133994037613071
544,65536,exact,362,0.47656855593268876,0.46671370195818357,0.009854853974505196,0.020678775071969097,0.9883375271675049,0.0016824335325578896,0.0017007182586115043,3.801191110233192e-05,0.0,1.0584968278205993e-07,0.0015895165075459287
544,65536,exact,363,0.46671370195818357,0.45703404052295754,0.009679661435226028,0.020740041260012766,0.9884835267344774,0.0017007182586115043,0.0017187721733257332,3.77523172598274e-05,0.0,1.1212618811293901e-07,0.0015659172803844145
544,65536,exact,364,0.45703404052295754,0.44752696852609564,0.009507071996861904,0.02080167154722986,0.9886318152987273,0.0017187721733257332,0.0017365819956755215,3.7470126860407215e-05,0.0,1.209849848440598e-07,0.0015425991877786066
544,65536,exact,365,0.44752696852609564,0.4381899139016626,0.009337054624433017,0.020863669188885017,0.9887823577518724,0.0017365819956755215,0.0017541352077075668,3.7166593342039966e-05,0.0,1.330257479671606e-07,0.001519559710372721
544,65536,exact,366,0.4381899139016626,0.42902033534036743,0.009169578561295189,0.020926037479157954,0.9889351187340062,0.0017541352077075668,0.0017714201552785627,3.6843239301967774e-05,0.0,1.4899393318830272e-07,0.0014967963439067736
544,65536,exact,367,0.42902033534036743,0.4200157220128909,0.00900461332747654,0.02098877975173984,0.989090063163619,0.0017714201552785627,0.001788426156008709,3.650190706513091e-05,0.0,1.6982433020322311e-07,0.0014743065991729676
544,65536,exact,368,0.4200157220128909,0.4111735932948853,0.008842128718005604,0.02105189938040992,0.9892471568828166,0.001788426156008709,0.0018051436166686124,3.6144821743486596e-05,0.0,1.966952013542165e-07,0.001452088001968056
544,65536,exact,369,0.4111735932948853,0.4024914984936259,0.008682094801259366,0.021115399779656437,0.989406367434402,0.0018051436166686124,0.001821564162661638,3.577466799610593e-05,0.0,2.3109379995831132e-07,0.0014301380930501274
544,65536,exact,370,0.4024914984936259,0.3939670165763223,0.008524481917303595,0.021179284405279414,0.989567664987439,0.001821564162661638,0.0018376807826450288,3.53946808690557e-05,0.0,2.7489329390345194e-07,0.0014084544280913856
544,65536,exact,371,0.3939670165763223,0.38559775590007506,0.00836926067624727,0.02124355675502574,0.9897310234270362,0.0018376807826450288,0.0018534879915901902,3.5008749742070376e-05,0.0,3.3043989134144344e-07,0.0013870345776342
544,65536,exact,372,0.38559775590007506,0.37738135394347727,0.008216401956597785,0.021308220369225923,0.9898964216223518,0.0018534879915901902,0.0018689820156500881,3.462153240536476e-05,0.0,4.006471504055392e-07,0.001365876127045232
544,65536,exact,373,0.37738135394347727,0.3693154770398562,0.008065876903621094,0.021373278831442133,0.9900638448837625,0.0018689820156500881,0.0018841610020017751,3.423857350823242e-05,0.0,4.890919395881058e-07,0.0013449766764699284
544,65536,exact,374,0.3693154770398562,0.3613978201121492,0.007917656927706962,0.02143873576912807,0.9902332866158674,0.0018841610020017751,0.0018990252562799926,3.3866417985126306e-05,0.0,6.001032307975142e-07,0.0013243338407869613
544,65536,exact,375,0.3613978201121492,0.3536261064094067,0.007771713702742489,0.02150459485430976,0.9904047501670329,0.0018990252562799926,0.0019135775092368763,3.351270563563925e-05,0.0,7.388309056345719e-07,0.0013039452495635967
544,65536,exact,376,0.3536261064094067,0.3459980872449208,0.007628019164485911,0.02157085980426642,0.9905782508688246,0.0019135775092368763,0.0019278232127805128,3.318622808759621e-05,0.0,9.11277308870452e-07,0.0012838085470096338
544,65536,exact,377,0.3459980872449208,0.3385115417359731,0.007486545508947728,0.021637534382229824,0.990753818249448,0.0019278232127805128,0.0019417708635132726,3.289692456278321e-05,0.0,1.1242700217216958e-06,0.001263921391932191
544,65536,exact,378,0.3385115417359731,0.331164276545193,0.007347265190780106,0.021704622398106325,0.9909314983946846,0.0019417708635132726,0.0019554323492912595,3.265578934758928e-05,0.0,1.3853513766777688e-06,0.0012442814576913218
544,65536,exact,379,0.331164276545193,0.3239541256235317,0.007210150921661274,0.02177212770918341,0.9911113564176106,0.0019554323492912595,0.0019688233111899863,3.2474663372327855e-05,0.0,1.7025602712769823e-06,0.0012248864321524288
544,65536,exact,380,0.3239541256235317,0.3168789499548339,0.0070751756686978085,0.021840054220886498,0.991293478985086,0.0019688233111899863,0.0019819635096749873,3.236588694441932e-05,0.0,2.084086925890384e-06,0.0012057340176431063
544,65536,exact,381,0.3168789499548339,0.3099366373020109,0.006942312652823024,0.021908405887524372,0.9914779768349954,0.0019819635096749873,0.001994877179898816,3.234180246384975e-05,0.0,2.537793298377014e-06,0.001186821930906685
544,65536,exact,382,0.3099366373020109,0.30312510195480735,0.006811535347203523,0.021977186713057657,0.9916649872041783,0.001994877179898816,0.0020075933571152955,3.241411574299549e-05,0.0,3.0706117059666783e-06,0.0011681479030571551
544,65536,exact,383,0.30312510195480735,0.2964422844791572,0.006682817475650138,0.022046400751879906,0.9918546760737911,0.0020075933571152955,0.0020201461495314463,3.259315085325246e-05,0.0,3.6878602312924967e-06,0.001149709679533662
544,65536,exact,384,0.2964422844791572,0.2898861514681231,0.006556133011034138,0.022116052109614266,0.9920472401277686,0.0020201461495314463,0.0020325749328970627,3.288706146781697e-05,0.0,4.392540868164256e-06,0.001131505020055218
544,65536,exact,385,0.2898861514681231,0.2834546952944143,0.006431456173708772,0.022186144943926366,0.9922429083126385,0.0020325749328970627,0.0020449244392017575,3.330108381105556e-05,0.0,5.1847073904457905e-06,0.0011135316985753428
544,65536,exact,386,0.2834546952944143,0.2771459338644796,0.006308761429934695,0.022256683465348877,0.9924419428851027,0.0020449244392017575,0.0020572447114770593,3.383692431722659e-05,0.0,6.06099633478855e-06,0.0010957875032365837
544,65536,exact,387,0.2771459338644796,0.27095791037416617,0.0061880234903134435,0.022327671938132416,0.9926446398398671,0.0020572447114770593,0.0020695908983251743,3.449236374511085e-05,0.0,7.014401106553419e-06,0.0010782702363257967
544,65536,exact,388,0.27095791037416617,0.26488869306594703,0.0060692173082191325,0.022399114681088815,0.9928513286266004,0.0020695908983251743,0.0020820228657900644,3.526112983722997e-05,0.0,8.03433716283419e-06,0.0010609777142273043
544,65536,exact,389,0.26488869306594703,0.2589363749877027,0.005952318078244312,0.02247101606848283,0.993062371094027,0.0020820228657900644,0.00209460461076872,3.6133050343306056e-05,0.0,9.107003348048787e-06,0.0010439077673790704
544,65536,exact,390,0.2589363749877027,0.2530990737530585,0.00583730123464421,0.022543380530917805,0.9932781596430713,0.00209460461076872,0.0021074034693488925,3.709445866043186e-05,0.0,1.0216002275784987e-05,0.001027058240226642
544,65536,exact,391,0.2530990737530585,0.2473749313032709,0.0057241424497876114,0.022616212556243857,0.9934991146304493,0.0021074034693488925,0.0021204891250024144,3.812879547019211e-05,0.0,1.1343151435039452e-05,0.0010104269911776318
544,65536,exact,392,0.2473749313032709,0.2417621136706552,0.005612817632615702,0.022689516690495334,0.9937256811385933,0.0021204891250024144,0.0021339324348983997,3.921733642787633e-05,0.0,1.246940161948049e-05,0.000994011892557217
544,65536,exact,393,0.2417621136706552,0.23625881074355648,0.005503302927098719,0.02276329753881823,0.9939583253142057,0.0021339324348983997,0.0021478041068585924,4.033997712074119e-05,0.0,1.357577958742721e-05,0.0009778108305612168
544,65536,exact,394,0.23625881074355648,0.23086323603284947,0.005395574710707007,0.022837559766452697,0.9941975305704679,0.0021478041068585924,0.0021621732735055996,4.147601719227352e-05,0.0,1.4644282874595998e-05,0.0009618217052122439
544,65536,exact,395,0.23086323603284947,0.22557362643996945,0.0052896095928800235,0.02291230809970699,0.9944437940387204,0.0021621732735055996,0.0021771060226258364,4.2604899881738306e-05,0.0,1.5658670729930355e-05,0.0009460424303135956
544,65536,exact,396,0.22557362643996945,0.22038824202646665,0.005185384413502803,0.022987547326960043,0.9946976237338648,0.0021771060226258364,0.0021926639522993297,4.370687678296301e-05,0.0,1.6605111806238578e-05,0.0009304709334038789
544,65536,exact,397,0.22038824202646665,0.21530536578507714,0.005082876241389506,0.023063282299693184,0.9949595369529831,0.0021926639522993297,0.002208902824691961,4.4763578148867734e-05,0.0,1.747266413014599e-05,0.0009151051557124202
544,65536,exact,398,0.21530536578507714,0.2103233034123116,0.00498206237276555,0.02313951793351384,0.9952300604488785,0.002208902824691961,0.002225871392640414,4.57584762558397e-05,0.0,1.8253575359304663e-05,0.0008999430521123352
544,65536,exact,399,0.2103233034123116,0.2054403830825478,0.004882920329763785,0.023216259209239653,0.9955097329033861,0.002225871392640414,0.002243610467860885,4.6677234035912985e-05,0.0,1.8943401739774258e-05,0.0008849825910768599
544,65536,exact,400,0.2054403830825478,0.2006549552236314,0.004785427858916419,0.02329351117396228,0.995799110168772,0.002243610467860885,0.002262152288979263,4.750793460794387e-05,0.0,1.9540953089892347e-05,0.0008702217546323831
544,65536,exact,401,0.2006549552236314,0.19596539229396848,0.0046895629296629104,0.023371278942183903,0.9960987736557544,0.002262152288979263,0.002281520232473049,4.8241190585495933e-05,0.0,2.004807898724854e-05,0.0008556585383152988
544,65536,exact,402,0.19596539229396848,0.1913700885611199,0.004595303732848582,0.02344956769690818,0.9964093421368316,0.002281520232473049,0.002301728891494314,4.887013581667041e-05,0.0,2.0469318232698396e-05,0.000841290951123881
544,65536,exact,403,0.1913700885611199,0.18686745988187783,0.00450262867924206,0.023528382690819562,0.9967314871220329,0.002301728891494314,0.002322784528300754,4.9390306786928374e-05,0.0,2.0811439457050097e-05,0.0008271170154750072
544,65536,exact,404,0.18686745988187783,0.18245594348382838,0.004411516398049459,0.023607729247446585,0.9970659518716132,0.002322784528300754,0.002344685887746174,4.97994261426049e-05,0.0,2.1082905099278036e-05,0.0008131347671579056
544,65536,exact,405,0.18245594348382838,0.17813399774839228,0.004321945735436095,0.023687612762360696,0.997413574055489,0.002344685887746174,0.002367425343968397,5.009710620722988e-05,0.0,2.1293293573211233e-05,0.0007993422552888894
544,65536,exact,406,0.17813399774839228,0.17390010199533762,0.004233895753054662,0.0237680387044077,0.9977753120659566,0.002367425343968397,0.0023909903416970395,5.028449528451967e-05,0.0,2.1452714958402307e-05,0.0007857375422665427
544,65536,exact,407,0.17390010199533762,0.16975275626876413,0.0041473457265734925,0.023849012616937313,0.9981522750438415,0.0023909903416970395,0.002415365088546491,5.0363893211896284e-05,0.0,2.1571253838157268e-05,0.0007723187037251061
544,65536,exact,408,0.16975275626876413,0.1656904811245474,0.004062275144216726,0.023930540119095654,0.9985457567844839,0.002415365088546491,0.0024405324556352258,5.0338364348246755e-05,0.0,2.16584689664988e-05,0.0007590838284904513
544,65536,exact,409,0.1656904811245474,0.1617118174192434,0.003978663705304003,0.02401262690711419,0.998957273835657,0.0024405324556352258,0.0024664760505537613,5.021137545348873e-05,0.0,2.1722973488534202e-05,0.0007460310185339148
544,65536,exact,410,0.1617118174192434,0.15781532610044588,0.003896491318797518,0.02409527875563807,0.9993886082639224,0.0024664760505537613,0.0024931824381797473,4.998648258852264e-05,0.0,2.1772111887994727e-05,0.000733158388927153
544,65536,exact,411,0.15781532610044588,0.15399958799859095,0.0038157381018549263,0.024178501519087542,0.999841855723622,0.0024931824381797473,0.0025206434997788333,4.966708547913561e-05,0.0,2.1811741347485623e-05,0.0007204640677971976
544,65536,exact,412,0.15399958799859095,0.15026320362020773,0.003736384378383223,0.024262301133022576,1.000319479585418,0.0025206434997788333,0.0025488589377300214,4.925626040456936e-05,0.0,2.1846116593677266e-05,0.000707946196279983
544,65536,exact,413,0.15026320362020773,0.14660479294260434,0.003658410677603391,0.02434668361557147,1.0008243719395464,0.0025488589377300214,0.002577838950599267,4.875667455669834e-05,0.0,2.1877869473579514e-05,0.0006956029284761373
544,65536,exact,414,0.14660479294260434,0.14302299520998857,0.0035817977326157713,0.024431655068862874,1.0013599222518683,0.002577838950599267,0.002607607119915983,4.817057706929226e-05,0.0,2.190806830322913e-05,0.0006834324314050275
544,65536,exact,415,0.14302299520998857,0.13951646873101678,0.0035065264789717887,0.02451722168049587,1.0019300942842864,0.002607607119915983,0.0026382035649783757,4.749985555326896e-05,0.0,2.1936338088690468e-05,0.0006714328849594367
544,65536,exact,416,0.13951646873101678,0.1360838906777643,0.0034325780532524774,0.024603389725053725,1.0025395115549252,0.0026382035649783757,0.0026696884348004187,4.6746142715449324e-05,0.0,2.1961021330913193e-05,0.0006596024818608054
544,65536,exact,417,0.1360838906777643,0.13272395688611835,0.0033599337916459526,0.02469016556560692,1.0031935510566237,0.0026696884348004187,0.0027021458167170625,4.5910955791375156e-05,0.0,2.1979360196544128e-05,0.0006479394276122181
544,65536,exact,418,0.13272395688611835,0.12943538165757823,0.0032885752285401193,0.024777555655320225,1.0038984441081213,0.0027021458167170625,0.002735688149200526,4.499585194699552e-05,0.0,2.198768390199732e-05,0.0006364419404553179
544,65536,exact,419,0.12943538165757823,0.12621689756246837,0.003218484095109858,0.02486556653901921,1.004661381992515,0.002735688149200526,0.002770461232158185,4.40025849938043e-05,0.0,2.1981589511965195e-05,0.0006251082513230486
544,65536,exact,420,0.12621689756246837,0.12306725524455146,0.003149642317916909,0.024954204854845688,1.005490622326743,0.002770461232158185,0.0028066499312684036,4.2933252013718525e-05,0.0,2.195610920016416e-05,0.000613936603795598
544,65536,exact,421,0.12306725524455146,0.1199852232270424,0.003082032017509062,0.025043477335905825,1.0063955897545787,0.0028066499312684036,0.0028444846732237168,4.179042206236283e-05,0.0,2.1905861652158926e-05,0.0006029252540538126
544,65536,exact,422,0.1199852232270424,0.11696958772001301,0.0030156355070293933,0.025133390811992305,1.0073869613740445,0.0028444846732237168,0.002884248824840761,4.057724240506805e-05,0.0,2.1825189198188856e-05,0.0005920724708348608
544,65536,exact,423,0.11696958772001301,0.11401915242918585,0.0029504352908271553,0.025223952211317815,1.0084767230580187,0.002884248824840761,0.002926287038480117,3.9297520345535736e-05,0.0,2.170828522477051e-05,0.0005813765353863921
544,65536,exact,424,0.11401915242918585,0.11113273836611118,0.0028864140630746743,0.02531516856229348,1.0096781771995529,0.002926287038480117,0.002971014624990804,3.795578048096557e-05,0.0,2.1549318465444167e-05,0.0005708357414211698
544,65536,exact,425,0.11113273836611118,0.10830918365972066,0.0028235547063905214,0.025407046995357188,1.011005875016587,0.002971014624990804,0.0030189279766467073,3.655729820941399e-05,0.0,2.134256218861135e-05,0.0005604483950721656
544,65536,exact,426,0.10830918365972066,0.1055473433692566,0.002761840290464057,0.025499594744809843,1.012475436854869,0.0030189279766467073,0.003070615995163247,3.5108110708668656e-05,0.0,2.1082537534182055e-05,0.0005502128148461927
544,65536,exact,427,0.1055473433692566,0.10284608929856659,0.0027012540706900096,0.025592819150735913,1.0141032111916766,0.003070615995163247,0.003126772365795021,3.3615006636222167e-05,0.0,2.0764181872775893e-05,0.0005401273315796196
544,65536,exact,428,0.10284608929856659,0.10020430981176245,0.0026417794868041355,0.025686727660931635,1.0159057062020769,0.003126772365795021,0.003188208328343576,3.2085495688314744e-05,0.0,2.0383055750868018e-05,0.0005301902883923892
544,65536,exact,429,0.10020430981176245,0.097620909650237,0.0025834001615254593,0.025781327832889354,1.017898705316663,0.003188208328343576,0.0032558652823056785,3.052775907419937e-05,0.0,1.993560646924939e-05,0.0005204000406427572
544,65536,exact,430,0.097620909650237,0.0950948097510327,0.0025260998992042982,0.025876627335833943,1.0200959483751846,0.0032558652823056785,0.00333082605173284,2.8950582005802807e-05,0.0,1.9419513208412086e-05,0.0005107549558823011
544,65536,exact,431,0.0950948097510327,0.0926249470665603,0.0024698626844723987,0.025972633952775503,1.0225072216006683,0.00333082605173284,0.0034143228137161843,2.7363269507228087e-05,0.0,1.883414758351411e-05,0.0005012534138097557
544,65536,exact,432,0.0926249470665603,0.0902102743856584,0.002414672680901897,0.02606935558264571,1.0251356555555942,0.0034143228137161843,0.003507738411677365,2.577554718747113e-05,0.0,1.8181191427467554e-05,0.0004918938062263782
544,65536,exact,433,0.0902102743856584,0.08784976015599161,0.0023605142296667936,0.026166800242457385,1.027973996753092,0.003507738411677365,0.0036125958739562066,2.4197449028433755e-05,0.0,1.7465449688551515e-05,0.00048267453699034167
544,65536,exact,434,0.08784976015599161,0.08554238830778166,0.0023073718482099492,0.026264976069517245,1.0309996464355993,0.0036125958739562066,0.0037305284098175582,2.2639194622610116e-05,0.0,1.6695853568605718e-05,0.0004735940219712634
544,65536,exact,435,0.08554238830778166,0.08328715807886612,0.0022552302289155363,0.026363891323693395,1.0341684712296868,0.0037305284098175582,0.0038632194056204207,2.1111058526000444e-05,0.0,1.5886515365518168e-05,0.0004646506890049716
544,65536,exact,436,0.08328715807886612,0.08108308384108004,0.002204074237786083,0.026463554389729624,1.0374080117891735,0.0038632194056204207,0.004012300588339779,1.9623234322122014e-05,0.0,1.5057408672376933e-05,0.00045584297784807994
544,65536,exact,437,0.08108308384108004,0.07892919492795522,0.0021538889131248184,0.026563973779615536,1.0406120136273849,0.004012300588339779,0.004179200063468165,1.8185695448041897e-05,0.0,1.4233826490474798e-05,0.0004471693401326535
544,65536,exact,438,0.07892919492795522,0.07682453546373263,0.0021046594642225858,0.02666515813500532,1.0436401045963564,0.004179200063468165,0.004364945303767846,1.6808053623102685e-05,0.0,1.3443541222271128e-05,0.0004386282393207135
544,65536,exact,439,0.07682453546373263,0.07476816419368147,0.0020563712700511633,0.0267671162297094,1.0463277311595363,0.004364945303767846,0.004569951432822441,1.549941367959208e-05,0.0,1.2711297184033778e-05,0.0004302181506592871
544,65536,exact,440,0.07476816419368147,0.07275915431572284,0.0020090098779586285,0.02686985697220591,1.0485094580852117,0.004569951432822441,0.004793853174822997,1.4268220676158277e-05,0.0,1.2052346157555988e-05,0.00042193756113430807
544,65536,exact,441,0.07275915431572284,0.0707965933133493,0.0019625610023735474,0.026973389408258268,1.050051634674401,0.004793853174822997,0.005035446689343954,1.3122091641302876e-05,0.0,1.146876490930402e-05,0.00041378496942595075
544,65536,exact,442,0.0707965933133493,0.06887958278983794,0.001917010523511356,0.027077722723557768,1.0508819635215665,0.005035446689343954,0.005292776326150179,1.2067621046950664e-05,0.0,1.0951399002718382e-05,0.00040575888586294023
544,65536,exact,443,0.06887958278983794,0.06700723830375127,0.001872344486086669,0.027182866246438748,1.0510022346852597,0.005292776326150179,0.005563343614299739,1.1110148107208547e-05,0.0,1.048628028054669e-05,0.0003978578323771199
544,65536,exact,444,0.06700723830375127,0.06517868920571973,0.00182854909803154,0.027288829450671036,1.0504796136715417,0.005563343614299739,0.0058443711968663705,1.0253478487500857e-05,0.0,1.0061332292758858e-05,0.000390080342458497
544,65536,exact,445,0.06517868920571973,0.06339307847650347,0.0017856107292162637,0.027395621958282157,1.0494234783004632,0.0058443711968663705,0.0061330499183488,9.499566979579714e-06,0.0,9.669998525328738e-06,0.00038242496110919806
544,65536,exact,446,0.06339307847650347,0.061649562566325256,0.0017435159101782116,0.027503253542489545,1.047959424870159,0.0061330499183488,0.006426724371736067,8.848193439660102e-06,0.0,9.311286836375526e-06,0.00037489024479869966
544,65536,exact,447,0.061649562566325256,0.05994731123547159,0.0017022513308536658,0.027611734130673034,1.0462089017666325,0.006426724371736067,0.00672300529389088,8.296697737054465e-06,0.0,8.98765075701708e-06,0.0003674747614182195
544,65536,exact,448,0.05994731123547159,0.05828550739615647,0.0016618038393151208,0.027721073807423915,1.0442772795921087,0.00672300529389088,0.007019819162656466,7.839838423727488e-06,0.0,8.702354754975584e-06,0.0003601770902352887
544,65536,exact,449,0.05828550739615647,0.05666334695564194,0.001622160440514532,0.02783128281768209,1.0422492315673948,0.007019819162656466,0.007315413545535445,7.469118973898513e-06,0.0,8.456701459228812e-06,0.0003529958218487156
544,65536,exact,450,0.05666334695564194,0.05508003866061242,0.0015833082950295202,0.027942371569914318,1.040188871520891,0.007315413545535445,0.007608335449799072,7.168070277943706e-06,0.0,8.244381118024426e-06,0.0003459295581426815
544,65536,exact,451,0.05508003866061242,0.05353480394279581,0.0015452347178166043,0.02805435063940137,1.0381421507214967,0.007608335449799072,0.007897393942910126,6.912835138856464e-06,0.0,8.052619493745944e-06,0.00033897691224167657
544,65536,exact,452,0.05353480394279581,0.0520268767658266,0.0015079271769692093,0.028167230771602207,1.036139800947347,0.007897393942910126,0.008181615343065508,6.707943026518581e-06,0.0,7.89678797069246e-06,0.00033213650846533935
544,65536,exact,453,0.0520268767658266,0.05055550347334691,0.0014713732924796913,0.0282810228855819,1.0342007161676687,0.008181615343065508,0.008460203339635876,6.587164423906222e-06,0.0,7.816271994764284e-06,0.0003254069822828765
544,65536,exact,454,0.05055550347334691,0.04911994263834062,0.0014355608350062887,0.02839573807751955,1.0323358383201975,0.008460203339635876,0.008732510782005163,6.536150618394754e-06,0.0,7.796475595569022e-06,0.000318786980267427
544,65536,exact,455,0.04911994263834062,0.047719464913693825,0.001400477724646798,0.02851138762433435,1.0305509404167392,0.008732510782005163,0.008998016024290149,6.508194235373179e-06,0.0,7.789368539960068e-06,0.0003122751600511623
544,65536,exact,456,0.047719464913693825,0.046353352883978176,0.0013661120297156493,0.028627982987370477,1.0288483670055963,0.008998016024290149,0.009256303987822513,6.490974210493138e-06,0.0,7.781079269087929e-06,0.00030587019027969106
544,65536,exact,457,0.046353352883978176,0.045020900918451776,0.0013324519655264003,0.028745535816179463,1.0272291936305125,0.009256303987822513,0.009507062004225323,6.471846138083179e-06,0.0,7.75552332257616e-06,0.00029957075056664614
544,65536,exact,458,0.045020900918451776,0.04372141502527168,0.0012994858931800954,0.028864057952414326,1.025694729739328,0.009507062004225323,0.009750083766724428,6.420140465286658e-06,0.0,7.679766779785518e-06,0.0002933755314486238
544,65536,exact,459,0.04372141502527168,0.04245421270691502,0.0012672023183566625,0.028983561433777914,1.0242459292706234,0.009750083766724428,0.009985261014278862,6.341941293468045e-06,0.0,7.5645351296903945e-06,0.00028728323433924933
544,65536,exact,460,0.04245421270691502,0.041218622816801165,0.001235589890113853,0.029104058498123975,1.022881854073001,0.009985261014278862,0.010212559677814854,6.272671956325697e-06,0.0,7.455293829887466e-06,0.00028129257148438097
544,65536,exact,461,0.041218622816801165,0.04001398541711184,0.0012046373996893248,0.029225561587620567,1.0215995328711107,0.010212559677814854,0.010431999157777906,6.222684437904618e-06,0.0,7.369722933994044e-06,0.0002754022659164567
544,65536,exact,462,0.04001398541711184,0.038839651637803514,0.0011743337793083258,0.029348083353030015,1.0203951612555782,0.010431999157777906,0.010643644199301009,6.179823975467656e-06,0.0,7.297087493302393e-06,0.0002696110514091037
544,65536,exact,463,0.038839651637803514,0.037694983536806455,0.0011446681009970594,0.02947163665811379,1.0192645015833117,0.010643644199301009,0.010847597062986188,6.13359338258729e-06,0.0,7.225230227048823e-06,0.0002639176724320772
544,65536,exact,464,0.037694983536806455,0.036579353961407095,0.00111562957539936,0.0295962345841066,1.0182023810796386,0.010847597062986188,0.011043980935002683,6.08003503864885e-06,0.0,7.148258560995754e-06,0.0002583208841053639
544,65536,exact,465,0.036579353961407095,0.035492146410806606,0.0010872075506004886,0.02972189043435657,1.0172029421195965,0.011043980935002683,0.011232924178080283,6.018382255746154e-06,0.0,7.064103972923355e-06,0.0002528194521542992
544,65536,exact,466,0.035492146410806606,0.0344327548998521,0.0010593915109545077,0.029848617739048473,1.016260636213477,0.011232924178080283,0.011414555253165029,5.948790664818082e-06,0.0,6.972209253405456e-06,0.0002474121528639985
544,65536,exact,467,0.0344327548998521,0.03340058382393499,0.0010321710759171113,0.02997643026005871,1.0153708032318611,0.011414555253165029,0.011589005170039935,5.871593491305613e-06,0.0,6.872559392006455e-06,0.00024209777303398528
544,65536,exact,468,0.03340058382393499,0.03239504782505147,0.0010055359988835194,0.03010534199593686,1.0145296288241954,0.011589005170039935,0.01175641090295014,5.787143115005819e-06,0.0,6.7653537671619884e-06,0.0002368751099328532
544,65536,exact,469,0.03239504782505147,0.031415571659020085,0.000979476166031383,0.030235367187016242,1.013733897938158,0.01175641090295014,0.011916917151861873,5.695799187299698e-06,0.0,6.65089773573338e-06,0.00023174297125292214
544,65536,exact,470,0.031415571659020085,0.030461590063851574,0.0009539815951685113,0.030366520320651326,1.0129807937436923,0.011916917151861873,0.01207067657078391,5.597938517401885e-06,0.0,6.529563204352856e-06,0.00022670017506477825
544,65536,exact,471,0.030461590063851574,0.029532547629265354,0.0009290424345862192,0.030498816136610787,1.0122677784482603,0.01207067657078391,0.01221784914713159,5.493961804380529e-06,0.0,6.401771347685006e-06,0.0002217455497721348
544,65536,exact,472,0.029532547629265354,0.028627898667348883,0.000904648961916471,0.030632269632573345,1.0115925287161756,0.01221784914713159,0.012358601226790347,5.3842954250108565e-06,0.0,6.267982854276169e-06,0.0002168779340660922
544,65536,exact,473,0.028627898667348883,0.027747107084353288,0.0008807915829955951,0.030766896069817678,1.0109528996015398,0.012358601226790347,0.012493104444409243,5.269390006179813e-06,0.0,6.128690839785761e-06,0.00021209617688012328
544,65536,exact,474,0.027747107084353288,0.02688964625362142,0.0008574608307318696,0.030902710979026544,1.0103469020562412,0.012493104444409243,0.012621534675008494,5.149717233361238e-06,0.0,5.9844146988036195e-06,0.00020739913734453417
544,65536,exact,475,0.02688964625362142,0.0260549988896429,0.0008346473639785183,0.031039730166257225,1.0097726867882784,0.012621534675008494,0.012744071051650624,5.025765753085746e-06,0.0,5.835694277209549e-06,0.00020278568474110472
544,65536,exact,476,0.0260549988896429,0.02524265692323084,0.0008123419664120592,0.031177969719084216,1.0092285312448566,0.012744071051650624,0.01286089506201287,4.89803664377828e-06,0.0,5.6830841683609e-06,0.0001982546984578772
544,65536,exact,477,0.02524265692323084,0.02445212137781621,0.0007905355454146321,0.03131744601286806,1.008712828344746,0.01286089506201287,0.012972189723662944,4.767038722579771e-06,0.0,5.527148107614677e-06,0.00019380506794345944
544,65536,exact,478,0.02445212137781621,0.02368290224685345,0.0007692191309627595,0.03145817571724559,1.008224076388171,0.012972189723662944,0.013078138833222031,4.633283856147025e-06,0.0,5.368453506309281e-06,0.0001894356926620033
544,65536,exact,479,0.02368290224685345,0.022934518372333384,0.0007483838745200658,0.031600175802756494,1.0077608699047218,0.013078138833222031,0.013178926283503931,4.497282391076873e-06,0.0,5.207566189702889e-06,0.00018514548204766223
544,65536,exact,480,0.022934518372333384,0.022206497324397983,0.000728021047935401,0.03174346354766426,1.0073218913295674,0.013178926283503931,0.013274735442974826,4.359538790606569e-06,0.0,5.045045407905263e-06,0.0001809333554592434
544,65536,exact,481,0.022206497324397983,0.02149837528205205,0.0007081220423459343,0.03188805654496128,1.0069059034444883,0.013274735442974826,0.013365748592560364,4.220547548414313e-06,0.0,4.881439183188063e-06,0.00017679824213484433
544,65536,exact,482,0.02149837528205205,0.0208096969149665,0.0006886783670855476,0.03203397270957921,1.0065117425340508,0.013365748592560364,0.01345214641555401,4.0807894333097354e-06,0.0,4.717280049269801e-06,0.0001727390811466067
544,65536,exact,483,0.0208096969149665,0.020140015266369094,0.0006696816485974068,0.03218123028576002,1.006138312209541,0.01345214641555401,0.013534107537023053,3.940728108084421e-06,0.0,4.553081226172512e-06,0.00016875482135506487
544,65536,exact,484,0.020140015266369094,0.019488891637016382,0.0006511236293527123,0.032329847854683326,1.0057845778525436,0.013534107537023053,0.013611808109627439,3.8008071542644755e-06,0.0,4.389333262487527e-06,0.0001648444213640698
544,65536,exact,485,0.019488891637016382,0.018855895470242773,0.0006329961667736091,0.0324798443422674,1.005449561629114,0.013611808109627439,0.013685421443159242,3.661447520840004e-06,0.0,4.226501166123761e-06,0.00016100684947529563
544,65536,exact,486,0.018855895470242773,0.01824060423808135,0.0006152912321614225,0.03263123902720174,1.0051323380255184,0.013685421443159242,0.013755117675405196,3.5230454089184848e-06,0.0,4.065022030933646e-06,0.0001572410836428654
544,65536,exact,487,0.01824060423808135,0.01764260332845143,0.0005980009096299213,0.03278405154920583,1.0048320298574016,0.013755117675405196,0.01382106348213583,3.3859705889807374e-06,0.0,3.9053031579781156e-06,0.00015354611142800976
544,65536,exact,488,0.01764260332845143,0.01706148593340788,0.000581117395043549,0.032938301917518446,1.0045478047059864,0.01382106348213583,0.013883421824166436,3.2505651442550764e-06,0.0,3.747720659443704e-06,0.00014992092995370706
544,65536,exact,489,0.01706148593340788,0.01649685293844724,0.0005646329949606406,0.033094010519625364,1.0042788717372264,0.013883421824166436,0.013942351729522257,3.1171426210973674e-06,0.0,3.592618524695182e-06,0.000146364545859263
544,65536,exact,490,0.01649685293844724,0.015948312812865285,0.0005485401255819547,0.03325119813025295,1.0040244788625776,0.013942351729522257,0.013998008108796074,2.98598756540818e-06,0.0,3.4403081216778653e-06,0.00014287597525509257
544,65536,exact,491,0.015948312812865285,0.015415481501161758,0.0005328313117035268,0.03340988592057833,1.0037839102029993,0.013998008108796074,0.014050541601814816,2.8573554145895174e-06,0.0,3.2910681003871928e-06,0.00013945424367710682
544,65536,exact,492,0.015415481501161758,0.014897982315486323,0.0005174991856754345,0.0335700954677565,1.003556483820914,0.014050541601814816,0.014100098453749429,2.7314727142814266e-06,0.0,3.1451446616016787e-06,0.00013609838604157186
544,65536,exact,493,0.014897982315486323,0.014395445829121386,0.0005025364863649375,0.03373184876468508,1.003341549687933,0.014100098453749429,0.0141468204188116,2.6085376251356368e-06,0.0,3.0027521509164157e-06,0.00013280744659964063
544,65536,exact,494,0.014395445829121386,0.013907509770996529,0.00048793605812485694,0.033895168230065005,1.00313848785922,0.0141468204188116,0.014190844689687801,2.488720681882338e-06,0.0,2.864073936686626e-06,0.0001295804788919771
544,65536,exact,495,0.013907509770996529,0.01343381892122939,0.00047369084976713917,0.034060076718766694,1.002946706828306,0.014190844689687801,0.014232303850873844,2.3721657695143474e-06,0.0,2.7292635300067702e-06,0.0001264165457035001
544,65536,exact,496,0.01343381892122939,0.012974025007688498,0.00045979391354089225,0.03422659753246208,1.0027656420389768,0.014232303850873844,0.014271325854089233,2.2589912794111935e-06,0.0,2.598445905489105e-06,0.00012331471901780948
544,65536,exact,497,0.012974025007688498,0.01252778660357229,0.00044623840411620735,0.03439475443062298,1.0025947545334866,0.014271325854089233,0.014308034013975032,2.14929141011895e-06,0.0,2.471718983081822e-06,0.0001202740799720215
544,65536,exact,498,0.01252778660357229,0.012094769025999897,0.0004330175775723935,0.03456457164180294,1.0024335297188092,0.014308034013975032,0.014342547022312396,2.0431375798560543e-06,0.0,2.3491552332312315e-06,0.00011729371881130028
544,65536,exact,499,0.012094769025999897,0.011674644235608416,0.0004201247903914806,0.034736073875271715,1.002281476234886,0.014342547022312396,0.014374978979040637,1.9405799192028256e-06,0.0,2.230803370103715e-06,0.00011437273484350078
544,65536,exact,500,0.011674644235608416,0.011267090737151554,0.0004075534984568623,0.034909286333008584,1.0021381249109182,0.014374978979040637,0.014405439438404223,1.8416488157581415e-06,0.0,2.116690101186189e-06,0.00011151023639388528
544,65536,exact,501,0.011267090737151554,0.010871793481095057,0.0003952972560564965,0.035084234722017694,1.002003027797596,0.014405439438404223,0.014434033468616752,1.746356484935974e-06,0.0,2.0068219041165236e-06,0.00010870534075959555
544,65536,exact,502,0.010871793481095057,0.010488443766203443,0.0003833497148916145,0.035260945267054665,1.0018757572648627,0.014434033468616752,0.014460861723495652,1.6546985442275012e-06,0.0,1.9011868053562392e-06,0.00010595717416437119
544,65536,exact,503,0.010488443766203443,0.010116739143113021,0.00037170462309042175,0.03543944472373995,1.00175590515631,0.014460861723495652,0.014486020524593114,1.566655571290121e-06,0.0,1.7997561387993882e-06,0.00010326487171327306
544,65536,exact,504,0.010116739143113021,0.009756383318886537,0.00036035582422648364,0.035619760392042545,1.0016430819926225,0.014486020524593114,0.014509601952425451,1.4821946290152225e-06,0.0,1.702486265396999e-06,0.00010062757734722313
544,65536,exact,505,0.009756383318886537,0.009407086062544326,0.0003492972563422115,0.03580192013018156,1.0015369162176775,0.014509601952425451,0.014531693945483504,1.4012707434669823e-06,0.0,1.6093202381411986e-06,9.804444379756121e-05
544,65536,exact,506,0.009407086062544326,0.009068563111566593,0.00033852295097773315,0.035985952368992484,1.0014370534819297,0.014531693945483504,0.014552380405789682,1.3238283236238924e-06,0.0,1.5201894001393157e-06,9.55146325408391e-05
544,65536,exact,507,0.009068563111566593,0.008740536079362229,0.000328027032204364,0.03617188612669835,1.00134315595859,0.014552380405789682,0.014571741309851645,1.2498025138275076e-06,0.0,1.4350149055673833e-06,9.303731375335612e-05
544,65536,exact,508,0.008740536079362229,0.008422732363698953,0.00031780371566327535,0.03635975102415738,1.0012549016888848,0.014571741309851645,0.014589852823947312,1.1791204723680265e-06,0.0,1.3537091564253673e-06,9.061166626580176e-05
544,65536,exact,509,0.008422732363698953,0.008114885056089666,0.000307847307609287,0.0365495773006008,1.0011719839533366,0.014589852823947312,0.01460678742276012,1.1117025716030538e-06,0.0,1.276177150002708e-06,8.823687751796752e-05
544,65536,exact,510,0.008114885056089666,0.007816732852130361,0.0002981522039593055,0.036741395829822956,1.0010941106665596,0.01460678742276012,0.01462261401046634,1.0474635167078762e-06,0.0,1.2023177338969793e-06,8.591214351322371e-05
544,65536,exact,511,0.007816732852130361,0.0075280199627840785,0.0002887128893462824,0.036935238136940676,1.0010210037935345,0.01462261401046634,0.014637398043456894,9.863133816994221e-07,0.0,1.13202476722217e-06,8.363666877330175e-05
544,65536,exact,512,0.0075280199627840785,0.007248496026606241,0.0002795239361778378,0.037131136415645444,1.0009523987857214,0.014637398043456894,0.014651201653954171,9.281585628311149e-07,0.0,1.0651881882633302e-06,8.140966629286384e-05
544,65536,exact,513,0.007248496026606241,0.006977916022906252,0.00027058000369998853,0.03732912354601574,1.000888044035688,0.014651201653954171,0.014664083773859173,8.729026502688149e-07,0.0,1.0016949897242305e-06,7.923035749412015e-05
544,65536,exact,514,0.006977916022906252,0.006716040185840196,0.0002618758370660562,0.037529233112923985,1.0008277003491963,0.014664083773859173,0.01467610025823569,8.204472201813601e-07,0.0,9.414301039307321e-07,7.709797218154932e-05
544,65536,exact,515,0.006716040185840196,0.0064626339194299755,0.00025340626641022056,0.03773149942498724,1.0007711404339112,0.01467610025823569,0.014687304007905517,7.706925499030766e-07,0.0,8.842772013396144e-07,7.50117484963808e-05
544,65536,exact,516,0.0064626339194299755,0.006217467713503416,0.00024516620592655945,0.03793595753419743,1.000718148404057,0.014687304007905517,0.014697745090692335,7.235382594202027e-07,0.0,8.301194057806771e-07,7.29709328713728e-05
544,65536,exact,517,0.006217467713503416,0.005980317060550648,0.00023715065295276845,0.0381426432561463,1.0006685193004883,0.014697745090692335,0.01470747086091104,6.788838829475655e-07,0.0,7.788399310273975e-07,7.097477998537374e-05
544,65536,exact,518,0.005980317060550648,0.005750962373491609,0.00022935468705903832,0.03835159319093361,1.000622058625746,0.01470747086091104,0.014716526076754574,6.366293744090179e-07,0.0,7.303226428109072e-07,6.902255271797126e-05
544,65536,exact,519,0.005750962373491609,0.005529188904349684,0.0002217734691419256,0.03856284474476212,1.000578581893747,0.014716526076754574,0.014724953015281154,5.966755513048801e-07,0.0,6.844525515907474e-07,6.711352210412532e-05
544,65536,exact,520,0.005529188904349684,0.005314786663826443,0.0002144022405232409,0.03877643615224932,1.0005379141938109,0.014724953015281154,0.014732791584751838,5.589244808969746e-07,0.0,6.411162403324733e-07,6.52469672888011e-05
544,65536,exact,521,0.005314786663826443,0.005107550341772479,0.00020723632205396376,0.03899240649948526,1.000499889768774,0.014732791584751838,0.01474007943411117,5.232798131531577e-07,0.0,6.002022325153622e-07,6.342217548159942e-05
544,65536,exact,522,0.005107550341772479,0.004907279228549311,0.00020027111322316795,0.03921079574786289,1.000464351606964,0.01474007943411117,0.01474685205944279,4.896470647623121e-07,0.0,5.616013051493868e-07,6.16384419113893e-05
544,65536,exact,523,0.004907279228549311,0.00471377713727727,0.00019350209127204105,0.039431644758727964,1.000431151047828,0.01474685205944279,0.014753142907267222,4.5793385821094523e-07,0.0,5.252067513724507e-07,5.989506978098034e-05
544,65536,exact,524,0.00471377713727727,0.004526852326964566,0.00018692481031270386,0.03965499531882275,1.000400147401006,0.014753142907267222,0.014758983474581095,4.2805011992989345e-07,0.0,4.909145970705131e-07,5.8191370221664116e-05
544,65536,exact,525,0.004526852326964566,0.004346317426512205,0.00018053490045236154,0.039880890166659654,1.00037120757866,0.014758983474581095,0.014764403405565505,3.999082415006818e-07,0.0,4.5862377617139627e-07,5.652666224794144e-05
544,65536,exact,526,0.004346317426512205,0.004171989359589962,0.00017432806692224256,0.04010937301975568,1.0003442057408456,0.014764403405565505,0.014769430584916877,3.7342320737188124e-07,0.0,4.282362683558083e-07,5.4900272712114744e-05
544,65536,exact,527,0.004171989359589962,0.00400368927037834,0.00016830008921162216,0.04034048860281928,1.0003190229537262,0.014769430584916877,0.01477409122777624,3.485126926364234e-07,0.0,3.9965720332810206e-07,5.3311536258908825e-05
544,65536,exact,528,0.00400368927037834,0.0038412424501713797,0.0001624468202069602,0.040574282676939445,1.0002955468603991,0.01477409122777624,0.014778409966252862,3.2509713400442575e-07,0.0,3.727949350034593e-07,5.175979528016553e-05
544,65536,exact,529,0.0038412424501713797,0.00368447826483556,0.00015676418533581982,0.040810802069738056,1.0002736713641194,0.014778409966252862,0.014782409932555534,3.030997771493715e-07,0.0,3.475610894573822e-07,5.024439986937179e-05
544,65536,exact,530,0.00368447826483556,0.0035332300831194467,0.00015124818171611317,0.041050094706655424,1.0002532963236719,0.014782409932555534,0.014786112838760237,2.82446702894095e-07,0.0,3.2387058911988176e-07,4.876470777639448e-05
544,65536,exact,531,0.0035332300831194467,0.0033873352058093084,0.0001458948773101383,0.041292209643287496,1.0002343272606453,0.014786112838760237,0.014789539053255776,2.6306683518230885e-07,0.0,3.016416567427904e-07,4.732008436206331e-05
544,65536,exact,532,0.0033873352058093084,0.0032466347957255904,0.00014070041008371796,0.041537197098892246,1.0002166750783494,0.014789539053255776,0.014792707673920442,2.448919328538613e-07,0.0,2.80795801303399e-07,4.590990255280652e-05
544,65536,exact,533,0.0032466347957255904,0.0031109738085551802,0.0001356609871704102,0.041785108491111125,1.000200255792105,0.014792707673920442,0.014795636598092087,2.2785656761503715e-07,0.0,2.612577885887507e-07,4.453354279532245e-05
544,65536,exact,534,0.0031109738085551802,0.002980200924514613,0.00013077288404056723,0.04203599647188983,1.0001849902706288,0.014795636598092087,0.01479834258940204,2.1189809001213795e-07,0.0,2.429555984659326e-07,4.319039301113729e-05
544,65536,exact,535,0.002980200924514613,0.0028541684808389583,0.0001260324436756547,0.04228991496477093,1.0001708039882289,0.01479834258940204,0.014800841341549863,1.969565852884283e-07,0.0,2.2582037091135876e-07,4.187984855132127e-05
544,65536,exact,536,0.0028541684808389583,0.0027327324050916086,0.00012143607574734974,0.04254691920347135,1.0001576267875183,0.014800841341549863,0.014803147539101098,1.8297482063858808e-07,0.0,2.0978634263958684e-07,4.06013121510435e-05
544,65536,exact,537,0.0027327324050916086,0.0026157521492896746,0.00011698025580193392,0.042807065771964026,1.0001453926523516,0.014803147539101098,0.014805274915394556,1.6989818537500087e-07,0.0,1.9479077577842785e-07,3.9354193884312545e-05
544,65536,exact,538,0.0026157521492896746,0.0025030906248403218,0.00011266152444935288,0.043070412645917884,1.000134039490683,0.014805274915394556,0.014807236307648566,1.576746252207266e-07,0.0,1.8077388029211217e-07,3.813791111847989e-05
544,65536,exact,539,0.0025030906248403218,0.002394614138282689,0.00010847648655763287,0.04333701923579089,1.0001235089270457,0.014807236307648566,0.014809043709358214,1.4625457197000412e-07,0.0,1.676787311916117e-07,3.6951888468966325e-05
544,65536,exact,540,0.002394614138282689,0.0022901923278305647,0.00010442181045212419,0.04360694643146594,1.0001137461043443,0.014809043709358214,0.01481070832007683,1.355908694508632e-07,0.0,1.554511818383647e-07,3.579555775386367e-05
544,65536,exact,541,0.0022901923278305647,0.0021896981007107526,0.00010049422711981212,0.04388025664857916,1.0001046994946616,0.01481070832007683,0.014812240592676003,1.256386967666747e-07,0.0,1.440397742885624e-07,3.4668357948563484e-05
544,65536,exact,542,0.0021896981007107526,0.002093007571292058,9.669052941869462e-05,0.04415701387662067,1.0000963207187736,0.014812240592676003,0.014813650278178457,1.1635548951973902e-07,0.0,1.333956476008702e-07,3.35697351404209e-05
544,65536,exact,543,0.002093007571292058,0.002000000000000003,9.300757129205488e-05,0.04443728372881104,1.0000885643740682,0.014813650278178457,0.014814946468258053,1.0770085985371144e-07,0.0,1.2347244481188124e-07,3.24991424833311e-05
1088,65536,exact,0,79.99999999999999,79.59942823575321,0.4005717642467772,0.005007147053084716,1.0,0.0,3.936868003069665e-08,3.936868003069665e-08,0.0,0.0,0.01556224959055457
1088,65536,exact,1,79.59942823575321,79.20057689277593,0.39885134297728086,0.005010731255455566,0.9949894631865027,3.936868003069665e-08,7.879500419555672e-08,3.962358238664979e-08,0.0,1.1971222522663433e-18,0.015506521538481116
1088,65536,exact,2,79.20057689277593,78.80343980910406,0.39713708367186484,0.005014320592759327,0.9949858789178894,7.879500419555672e-08,1.1828022692040557e-07,3.988031041762244e-08,0.0,1.0716422620644993e-18,0.015450953249558771
1088,65536,exact,3,78.80343980910406,78.40801084044224,0.3954289686618182,0.005017915076038785,0.9949822871045094,1.1828022692040557e-07,1.5782562263351223e-07,4.0138891935851374e-08,0.0,2.844654274235161e-18,0.0153955443800261
1088,65536,exact,4,78.40801084044224,78.01428386012577,0.39372698031647246,0.005021514716368638,0.9949786898791116,1.5782562263351223e-07,1.974324913688445e-07,4.0399360136287646e-08,0.0,4.6902331871838746e-18,0.015340294586626517
1088,65536,exact,5,78.01428386012577,77.62225275908268,0.3920311010430879,0.005025119524854867,0.9949750869861961,1.974324913688445e-07,2.371020742332208e-07,4.06616639689328e-08,0.0,9.329432639295678e-18,0.015285203526582487
1088,65536,exact,6,77.62225275908268,77.23191144579584,0.3903413132868394,0.005028729512635345,0.9949714794953787,2.371020742332208e-07,2.7683571488436566e-07,4.092591329936763e-08,0.0,6.252797216631245e-18,0.01523027085761639
1088,65536,exact,7,77.23191144579584,76.84325384626491,0.38865759953093004,0.0050323446908821364,0.9949678661047906,2.7683571488436566e-07,3.1663468239228424e-07,4.119204189292389e-08,0.0,7.311482521580714e-19,0.01517549623795209
1088,65536,exact,8,76.84325384626491,76.45627390396886,0.38697994229605115,0.005035965070795358,0.9949642479978682,3.1663468239228424e-07,3.565002665369777e-07,4.146007788390439e-08,0.0,3.4096252500537792e-18,0.015120879326284328
1088,65536,exact,9,76.45627390396886,76.07096557982794,0.3853083241409223,0.0050395906636109405,0.9949606246533707,3.565002665369777e-07,3.964338197019672e-07,4.173009182035011e-08,0.0,1.1073367598573875e-18,0.015066419781816966
1088,65536,exact,10,76.07096557982794,75.68732285216615,0.38364272766179397,0.005043221480595037,0.9949569964187993,3.964338197019672e-07,4.364366327645895e-07,4.200203023595525e-08,0.0,8.66885281955573e-19,0.015012117264234492
1088,65536,exact,11,75.68732285216615,75.30533971667349,0.3819831354926606,0.005046857533047602,0.9949533627492039,4.364366327645895e-07,4.765100374312318e-07,4.2275942037400484e-08,0.0,2.23643167854737e-18,0.01495797143372125
1088,65536,exact,12,75.30533971667349,74.92501018636841,0.380329530305076,0.00505049883230082,0.994949723835161,4.765100374312318e-07,5.166553762078512e-07,4.2551846062018594e-08,0.0,1.0537089863843496e-18,0.014903981950948645
1088,65536,exact,13,74.92501018636841,74.54632829156031,0.37868189480809633,0.005054145389719177,0.9949460798383364,5.166553762078512e-07,5.568740209594921e-07,4.282977977585604e-08,0.0,1.7662754532620298e-18,0.014850148477074828
1088,65536,exact,14,74.54632829156031,74.16928807981199,0.3770402117483229,0.0050577972167008675,0.9949424302206445,5.568740209594921e-07,5.971672897903874e-07,4.3109698050557e-08,0.0,3.4876581603195816e-19,0.014796470673753347
1088,65536,exact,15,74.16928807981199,73.7938836159023,0.37540446390968896,0.0050614543246757905,0.9949387754467379,5.971672897903874e-07,6.375365348865173e-07,4.3391642847349884e-08,0.0,1.7279472123987727e-18,0.014742948203120616
1088,65536,exact,16,73.7938836159023,73.42010898178869,0.3737746341136159,0.005065116725108487,0.9949351157856337,6.375365348865173e-07,6.779831435185857e-07,4.367565736445164e-08,0.0,7.546004768851748e-19,0.014689580727814485
1088,65536,exact,17,73.42010898178869,73.04795827656996,0.37215070521872917,0.005068784429495173,0.9949314505715308,6.779831435185857e-07,7.185084921293856e-07,4.3961739687418244e-08,0.0,2.025361656003439e-18,0.014636367910944843
1088,65536,exact,18,73.04795827656996,72.67742561644896,0.3705326601210004,0.005072457449366498,0.9949277801243822,7.185084921293856e-07,7.591139686530195e-07,4.4249909579315244e-08,0.0,1.1024133808514719e-18,0.014583309416124008
1088,65536,exact,19,72.67742561644896,72.30850513469545,0.36892048175350567,0.005076135796285119,0.9949241044397061,7.591139686530195e-07,7.99800938889557e-07,4.454015346146198e-08,0.0,1.6815721585365997e-18,0.014530404907440496
1088,65536,exact,20,72.30850513469545,71.94119098160868,0.36731415308676674,0.005079819481851245,0.994920423256703,7.99800938889557e-07,8.405708231859783e-07,4.483253455353517e-08,0.0,8.663347105398577e-18,0.014477654049493825
1088,65536,exact,21,71.94119098160868,71.57547732448073,0.3657136571279551,0.005083508517692563,0.9949167370589211,8.405708231859783e-07,8.81425017459545e-07,4.51270367942489e-08,0.0,5.828857226530468e-18,0.014425056507337315
1088,65536,exact,22,71.57547732448073,71.2113583475591,0.3641189769216311,0.005087202915475251,0.9949130454381738,8.81425017459545e-07,9.223649665146393e-07,4.5423718069507854e-08,0.0,9.39888934097053e-19,0.014372611946536204
1088,65536,exact,23,71.2113583475591,70.84882825200987,0.3625300955492321,0.0050909026868978195,0.9949093482787765,9.223649665146393e-07,9.633920499898071e-07,4.572252228637163e-08,0.0,6.819885774817999e-18,0.014320320033131991
1088,65536,exact,24,70.84882825200987,70.48788125588072,0.3609469961291438,0.0050946078436929455,0.9949056458114014,9.633920499898071e-07,1.0045077375146463e-06,4.6023547852679554e-08,0.0,2.7121994971082697e-18,0.014268180433657433
1088,65536,exact,25,70.48788125588072,70.12851159406408,0.3593696618166433,0.005098318397627557,0.9949019381383718,1.0045077375146463e-06,1.0457134727651744e-06,4.632677783875628e-08,0.0,1.8943891865342427e-18,0.014216192815127347
1088,65536,exact,26,70.12851159406408,69.7707135182602,0.3577980758038848,0.0051020343605035256,0.9948982250335408,1.0457134727651744e-06,1.0870106837950813e-06,4.6632205849181525e-08,0.0,1.8321322649110516e-18,0.01416435684504853
1088,65536,exact,27,69.7707135182602,69.41448129694054,0.35623222131965804,0.005105755744155117,0.9948945064154273,1.0870106837950813e-06,1.1284008410782678e-06,4.693988335826786e-08,0.0,2.6035675216229057e-18,0.014112672191402144
1088,65536,exact,28,69.41448129694054,69.05980921531086,0.3546720816296727,0.005109482560453923,0.9948907825703945,1.1284008410782678e-06,1.16988542672469e-06,4.724983089322455e-08,0.0,1.9837511624695714e-18,0.014061138522664926
1088,65536,exact,29,69.05980921531086,68.70669157527469,0.3531176400361744,0.005113214821304294,0.9948870532048201,1.16988542672469e-06,1.211465895776295e-06,4.7562030998328856e-08,0.0,3.424130689275509e-18,0.01400975550779343
1088,65536,exact,30,68.70669157527469,68.35512269539663,0.35156887987805874,0.0051169525386458425,0.9948833184439503,1.211465895776295e-06,1.2531437575853001e-06,4.787654701875707e-08,0.0,5.050010431530139e-18,0.013958522816228218
1088,65536,exact,31,68.35512269539663,68.00509691086583,0.3500257845307999,0.005120695724453324,0.9948795781704909,1.2531437575853001e-06,1.2949204756784837e-06,4.819334274751929e-08,0.0,2.482865326639168e-18,0.013907440117895109
1088,65536,exact,32,68.00509691086583,67.65660857345951,0.348488337406323,0.005124444390735684,0.9948758325481343,1.2949204756784837e-06,1.3367975899200344e-06,4.8512503599009884e-08,0.0,3.232913001432851e-18,0.013856507083199021
1088,65536,exact,33,67.65660857345951,67.30965205150628,0.34695652195323134,0.005128198549540307,0.994872081497077,1.3367975899200344e-06,1.378776596117356e-06,4.883399529676636e-08,0.0,3.43069519461673e-18,0.013805723383044423
1088,65536,exact,34,67.30965205150628,66.9642217298501,0.34543032165618115,0.005131958212944751,0.9948683249208279,1.378776596117356e-06,1.420859011852075e-06,4.915784923790139e-08,0.0,5.1412782315967895e-18,0.013755088688793523
1088,65536,exact,35,66.9642217298501,66.62031200981366,0.34390972003643583,0.005135723393065793,0.9948645629088024,1.420859011852075e-06,1.4630463865954776e-06,4.9484106816621476e-08,0.0,2.3913857683357034e-18,0.013704602672307747
1088,65536,exact,36,66.62031200981366,66.27791730916216,0.34239470065149646,0.005139494102054929,0.9948607953521341,1.4630463865954776e-06,1.5053402509988233e-06,4.981275919717015e-08,0.0,3.78962540601574e-18,0.013654265005927816
1088,65536,exact,37,66.27791730916216,65.93703206206713,0.34088524709503076,0.0051432703520982136,0.9948570223491443,1.5053402509988233e-06,1.5477421829212624e-06,5.0143863192825285e-08,0.0,2.5656627972332757e-18,0.013604075362472288
1088,65536,exact,38,65.93703206206713,65.59765071907012,0.33938134299701517,0.0051470521554193155,0.9948532437569685,1.5477421829212624e-06,1.5902537229305823e-06,5.047739175602371e-08,0.0,4.150673199782885e-18,0.013554033415245864
1088,65536,exact,39,65.59765071907012,65.25976774704662,0.33788297202349327,0.005150839524276837,0.9948494597460156,1.5902537229305823e-06,1.632876448831521e-06,5.081339171841817e-08,0.0,3.476858490242089e-18,0.013504138838032408
1088,65536,exact,40,65.25976774704662,64.92337762917003,0.33639011787659,0.005154632470965446,0.9948456700652049,1.632876448831521e-06,1.6756119283648977e-06,5.115186349891975e-08,0.0,5.508678772468342e-18,0.013454391305093457
1088,65536,exact,41,64.92337762917003,64.58847486487554,0.3349027642944975,0.005158431007816603,0.9948418748544121,1.6756119283648977e-06,1.7184617944792526e-06,5.149288214050855e-08,0.0,4.2078479237225505e-18,0.013404790491177185
1088,65536,exact,42,64.58847486487554,64.25505396982419,0.3334208950513471,0.005162235147197567,0.9948380741629487,1.7184617944792526e-06,1.7614276067668301e-06,5.183638463020301e-08,0.0,5.717472393966527e-18,0.013355336071505425
1088,65536,exact,43,64.25505396982419,63.92310947586699,0.33194449395720227,0.005166044901512212,0.9948342678380967,1.7614276067668301e-06,1.8045110002495149e-06,5.2182456725639365e-08,0.0,3.814824636196555e-18,0.013306027721782578
1088,65536,exact,44,63.92310947586699,63.592635931008935,0.3304735448580516,0.005169860283201897,0.9948304559897397,1.8045110002495149e-06,1.8477135890808618e-06,5.2531087868252824e-08,0.0,4.11721539836634e-18,0.013256865118197448
1088,65536,exact,45,63.592635931008935,63.26362789937337,0.329008031635567,0.005173681304742656,0.994826638477935,1.8477135890808618e-06,1.8910370091666021e-06,5.288231047970129e-08,0.0,8.413366506840152e-18,0.01320784793740183
1088,65536,exact,46,63.26362789937337,62.93607996116593,0.327547938207438,0.005177507978651385,0.9948228154543969,1.8910370091666021e-06,1.934482913836061e-06,5.3236152253358225e-08,0.0,4.878486259711143e-18,0.013158975856552735
1088,65536,exact,47,62.93607996116593,62.60998671263917,0.32609324852676025,0.005181340317477237,0.994818986665409,1.934482913836061e-06,1.9780529424161963e-06,5.3592610357151763e-08,0.0,4.893309336288093e-18,0.013110248553255087
1088,65536,exact,48,62.60998671263917,62.285342766056694,0.3246439465824764,0.005185178333809486,0.9948151522626467,1.9780529424161963e-06,2.021748789667462e-06,5.395175057959459e-08,0.0,5.477338553419933e-18,0.013061665705612301
1088,65536,exact,49,62.285342766056694,61.9621427496576,0.3232000163990918,0.005189022040274046,0.9948113122697626,2.021748789667462e-06,2.0655721034760523e-06,5.431353695197795e-08,0.0,4.817499887508833e-18,0.013013226992196494
1088,65536,exact,50,61.9621427496576,61.64038130762093,0.32176144203667434,0.00519287144953444,0.9948074666304139,2.0655721034760523e-06,2.109524571869163e-06,5.467802047828982e-08,0.0,1.0593417554835907e-17,0.012964932092062105
1088,65536,exact,51,61.64038130762093,61.32005310003014,0.3203282075907907,0.00519672657429176,0.9948036152591375,2.109524571869163e-06,2.1536079176657254e-06,5.504524709746227e-08,0.0,5.164783395883096e-18,0.012916780684736697
1088,65536,exact,52,61.32005310003014,61.00115280283771,0.3189002971924282,0.005200587427284394,0.9947997583249849,2.1536079176657254e-06,2.197823843138966e-06,5.541520712715337e-08,0.0,8.824812760968928e-18,0.012868772450224398
1088,65536,exact,53,61.00115280283771,60.6836751078297,0.3174776950080087,0.00520445402128925,0.9947958956075141,2.197823843138966e-06,2.2421740509428125e-06,5.5787912526584966e-08,0.0,6.748735007248638e-18,0.012820907069007554
1088,65536,exact,54,60.6836751078297,60.367614722590424,0.3160603852392754,0.005208326369120906,0.9947920271363747,2.2421740509428125e-06,2.286660300510715e-06,5.616343118811372e-08,0.0,7.375962904690447e-18,0.01277318422204343
1088,65536,exact,55,60.367614722590424,60.05296637046716,0.3146483521232639,0.005212204483632149,0.9947881530427276,2.286660300510715e-06,2.3312843259708567e-06,5.654174899887519e-08,0.0,9.201318906023465e-18,0.012725603590761792
1088,65536,exact,56,60.05296637046716,59.7397247905349,0.3132415799322601,0.005216088377714277,0.9947842731582384,2.3312843259708567e-06,2.3760478666026224e-06,5.6922882876332606e-08,0.0,9.822617572834494e-18,0.012678164857072238
1088,65536,exact,57,59.7397247905349,59.427884737561236,0.3118400529736647,0.005219978064295875,0.9947803875541119,2.3760478666026224e-06,2.4209527092029636e-06,5.7306891625950704e-08,0.0,9.064523085041895e-18,0.012630867703352802
1088,65536,exact,58,59.427884737561236,59.117440981971015,0.31044375559022086,0.005223873556347626,0.9947764962073907,2.4209527092029636e-06,2.4660006494675252e-06,5.7693795931488417e-08,0.0,8.67742902814668e-18,0.01258371181247086
1088,65536,exact,59,59.117440981971015,58.808388309811555,0.30905267215946,0.005227774866874083,0.9947725990357033,2.4660006494675252e-06,2.5111934538804574e-06,5.808357859396162e-08,0.0,8.046812998915853e-18,0.01253669686774451
1088,65536,exact,60,58.808388309811555,58.500721522717434,0.30766678709412076,0.005231682008921673,0.9947686961318908,2.5111934538804574e-06,2.5565329227476753e-06,5.847628490496259e-08,0.0,8.889187264960255e-18,0.012489822552982697
1088,65536,exact,61,58.500721522717434,58.19443543787554,0.30628608484189357,0.00523559499557547,0.994764787463616,2.5565329227476753e-06,2.602020901082717e-06,5.887197155188106e-08,0.0,9.992024162285354e-18,0.012443088552461045
1088,65536,exact,62,58.19443543787554,57.88952488799017,0.3049105498853706,0.0052395138399593645,0.9947608729264381,2.602020901082717e-06,2.647659184081544e-06,5.927060115798557e-08,0.0,1.0322367011714531e-17,0.0123964945509298
1088,65536,exact,63,57.88952488799017,57.58598472124816,0.30354016674201034,0.005243438555236496,0.9947569525515031,2.647659184081544e-06,2.6934496251895544e-06,5.967224384746937e-08,0.0,9.870898450827989e-18,0.012350040233612879
1088,65536,exact,64,57.58598472124816,57.283809801284036,0.3021749199641235,0.005247369154610055,0.99475302637299,2.6934496251895544e-06,2.7393940842476006e-06,6.007691821986679e-08,0.0,1.2771139262226713e-17,0.012303725286203885
1088,65536,exact,65,57.283809801284036,56.982995007145284,0.300814794138752,0.005251305651322254,0.9947490943815495,2.7393940842476006e-06,2.7854944357177275e-06,6.04846512689952e-08,0.0,1.0742495353552664e-17,0.012257549394869876
1088,65536,exact,66,56.982995007145284,56.68353523325762,0.2994597738876621,0.0052552480586552505,0.9947451564901352,2.7854944357177275e-06,2.8317525451185053e-06,6.089544676973999e-08,0.0,1.1666184782533479e-17,0.012211512246248137
1088,65536,exact,67,56.68353523325762,56.38542538939034,0.29810984386728023,0.00525919638993109,0.9947412127339201,2.8317525451185053e-06,2.878170316626027e-06,6.130935574590093e-08,0.0,1.3420813532770762e-17,0.01216561352744835
1088,65536,exact,68,56.38542538939034,56.088660400621684,0.29676498876865764,0.005263150658512153,0.994737263133322,2.878170316626027e-06,2.924749618383492e-06,6.17263548091582e-08,0.0,1.7807173650127156e-17,0.012119852926050872
1088,65536,exact,69,56.088660400621684,55.793235207304306,0.29542519331737793,0.0052671108778005946,0.9947333076120762,2.924749618383492e-06,2.9714924174113977e-06,6.214655559271201e-08,0.0,1.3082847386816296e-17,0.012074230130105074
1088,65536,exact,70,55.793235207304306,55.499144765030756,0.29409044227354997,0.005271077061239288,0.9947293461981499,2.9714924174113977e-06,3.0184006377146475e-06,6.256992812367547e-08,0.0,1.3427589796348796e-17,0.01202874482813219
1088,65536,exact,71,55.499144765030756,55.20638404459907,0.2927607204316871,0.0052750492223107475,0.9947253788976951,3.0184006377146475e-06,3.0654761881346005e-06,6.299647013506106e-08,0.0,1.620755192923741e-17,0.011983396709117609
1088,65536,exact,72,55.20638404459907,54.91494803197819,0.2914360126208777,0.005279027374541285,0.9947214055996241,3.0654761881346005e-06,3.112721064599668e-06,6.342628192200432e-08,0.0,1.5763706664876156e-17,0.011938185462534563
1088,65536,exact,73,54.91494803197819,54.6248317282739,0.29011630370429486,0.005283011531493278,0.9947174263741038,3.112721064599668e-06,3.1601372294583044e-06,6.385934307508799e-08,0.0,1.5825963586499348e-17,0.011893110778297637
1088,65536,exact,74,54.6248317282739,54.33603014969432,0.2888015785795801,0.005287001706773148,0.9947134411894494,3.1601372294583044e-06,3.207726673495842e-06,6.429569536685947e-08,0.0,1.637992313400366e-17,0.0118481723468081
1088,65536,exact,75,54.33603014969432,54.04853832751572,0.2874918221785947,0.005290997914027992,0.9947094500556684,3.207726673495842e-06,3.2554913798068804e-06,6.473534450306068e-08,0.0,1.812777562066291e-17,0.011803369858932702
1088,65536,exact,76,54.04853832751572,53.762351308048345,0.286187019467377,0.005295000166945889,0.9947054529065769,3.2554913798068804e-06,3.3034333722928544e-06,6.517834492971826e-08,0.0,2.112373115510137e-17,0.011758703006004224
1088,65536,exact,77,53.762351308048345,53.47746415260224,0.284887155446107,0.005299008479256352,0.9947014497689594,3.3034333722928544e-06,3.3515546990591647e-06,6.562473444512785e-08,0.0,2.082769314003599e-17,0.011714171479822722
1088,65536,exact,78,53.47746415260224,53.19387193745317,0.2835922151490706,0.005303022864730786,0.9946974406508661,3.3515546990591647e-06,3.399857372131127e-06,6.607449079684728e-08,0.0,2.1255021261925786e-17,0.011669774972656683
1088,65536,exact,79,53.19387193745317,52.911569753808585,0.2823021836445818,0.005307043337182158,0.994693425474055,3.399857372131127e-06,3.4483434851599865e-06,6.652770957236286e-08,0.0,2.0705720395631372e-17,0.01162551317724271
1088,65536,exact,80,52.911569753808585,52.63055270777364,0.2810170460349468,0.005311069910465455,0.9946894042723867,3.4483434851599865e-06,3.497015060721869e-06,6.69843337686303e-08,0.0,2.711394815808378e-17,0.011581385786780926
1088,65536,exact,81,52.63055270777364,52.35081592031725,0.2797367874563861,0.005315102598477337,0.9946853770360995,3.497015060721869e-06,3.5458742364810914e-06,6.744449232836193e-08,0.0,2.232143574251895e-17,0.011537392494938268
1088,65536,exact,82,52.35081592031725,52.07235452723821,0.2784613930790414,0.0053191414151574105,0.9946813437026968,3.5458742364810914e-06,3.594923107903829e-06,6.790815778449076e-08,0.0,2.4447488440127244e-17,0.01149353299585098
1088,65536,exact,83,52.07235452723821,51.79516367913135,0.2771908481068621,0.005323186374487215,0.9946773043376141,3.594923107903829e-06,3.6441637542266103e-06,6.837532798411321e-08,0.0,2.828200659234746e-17,0.011449806984115768
1088,65536,exact,84,51.79516367913135,51.51923854135382,0.27592513777752714,0.005327237490489858,0.9946732588561705,3.6441637542266103e-06,3.6935983495288403e-06,6.884611233225422e-08,0.0,2.5533384678507257e-17,0.011406214154792392
1088,65536,exact,85,51.51923854135382,51.244574293991164,0.27466424736265793,0.005331294777235276,0.9946692072855977,3.6935983495288403e-06,3.743229014785472e-06,6.932047245621738e-08,0.0,2.79893567090711e-17,0.011362754203424131
1088,65536,exact,86,51.244574293991164,50.97116613182393,0.27340816216723596,0.005335358248830164,0.9946651495795509,3.743229014785472e-06,3.793057927786835e-06,6.979847991261249e-08,0.0,2.788390110713794e-17,0.011319426825988679
1088,65536,exact,87,50.97116613182393,50.69900926429383,0.27215686753010004,0.005339427919428715,0.9946610857699822,3.793057927786835e-06,3.843087276397134e-06,7.028015958597661e-08,0.0,2.9735091613362213e-17,0.011276231718952057
1088,65536,exact,88,50.69900926429383,50.42809891547024,0.2709103488235911,0.005343503803226924,0.9946570158333894,3.843087276397134e-06,3.893319244263157e-06,7.076552236478564e-08,0.0,3.0070516660474916e-17,0.011233168579232093
1088,65536,exact,89,50.42809891547024,50.158430324016685,0.26966859145355215,0.005347585914463726,0.9946529396832167,3.893319244263157e-06,3.9437560285644945e-06,7.12545971677703e-08,0.0,3.4863876108987e-17,0.011190237104211914
1088,65536,exact,90,50.158430324016685,49.88999874315732,0.2684315808593638,0.005351674267422885,0.9946488574340544,3.9437560285644945e-06,3.9943998872442415e-06,7.174745946697062e-08,0.0,3.3068166260807885e-17,0.011147436991741515
1088,65536,exact,91,49.88999874315732,49.62279944064356,0.26719930251375956,0.005355768876430516,0.994644768960788,3.9943998872442415e-06,4.045253055458141e-06,7.224410250715157e-08,0.0,3.4056653710253654e-17,0.01110476794012984
1088,65536,exact,92,49.62279944064356,49.35682769872067,0.26597174192288975,0.005359869755857538,0.9946406743173012,4.045253055458141e-06,4.096317784645991e-06,7.27445578163714e-08,0.0,3.538903653628467e-17,0.01106222964814913
1088,65536,exact,93,49.35682769872067,49.09207881409448,0.2647488846261936,0.0053639769201183065,0.9946365734302138,4.096317784645991e-06,4.147596348294557e-06,7.324886333147467e-08,0.0,3.845021360766171e-17,0.011019821815031791
1088,65536,exact,94,49.09207881409448,48.828548097898064,0.26353071619641355,0.0053680903836721035,0.9946324663547438,4.147596348294557e-06,4.199091046576071e-06,7.375706126818772e-08,0.0,4.0261170048891404e-17,0.01097754414047725
1088,65536,exact,95,48.828548097898064,48.5662308756586,0.2623172222394672,0.005372210161021749,0.9946283530430463,4.199091046576071e-06,4.250804206620982e-06,7.426919472771404e-08,0.0,4.049071597759732e-17,0.010935396324638877
1088,65536,exact,96,48.5662308756586,48.305122487264136,0.2611083883944616,0.0053763362667150925,0.9946242334730585,4.250804206620982e-06,4.302738130851799e-06,7.478525524086479e-08,0.0,4.351292953340066e-17,0.010893378068134797
1088,65536,exact,97,48.305122487264136,48.04521828693055,0.25990420033358674,0.005380468715344044,0.9946201076351436,4.302738130851799e-06,4.354895173649213e-06,7.530531086009103e-08,0.0,4.453021610305308e-17,0.010851489072041467
1088,65536,exact,98,48.04521828693055,47.786513643168306,0.25870464376224334,0.005384607521548449,0.9946159755214777,4.354895173649213e-06,4.4072777067175245e-06,7.582939533021594e-08,0.0,4.55788428917539e-17,0.01080972903790615
1088,65536,exact,99,47.786513643168306,47.52900393874971,0.2575097044185952,0.00538875270000806,0.9946118371473284,4.4072777067175245e-06,4.459888105602872e-06,7.635752895445593e-08,0.0,4.836558128822055e-17,0.01076809766771655
1088,65536,exact,100,47.52900393874971,47.27268457067575,0.25631936807396016,0.00539290426545183,0.9946076924332062,4.459888105602872e-06,4.5127287669861034e-06,7.688974981138329e-08,0.0,4.925581291578482e-17,0.010726594663934729
1088,65536,exact,101,47.27268457067575,47.01755095014326,0.2551336205324901,0.005397062232652531,0.9946035414129817,4.5127287669861034e-06,4.565802099318971e-06,7.742608629120547e-08,0.0,5.285062074393207e-17,0.010685219729475805
1088,65536,exact,102,47.01755095014326,46.76359850251203,0.25395244763122804,0.005401226616429162,0.9945993840766711,4.565802099318971e-06,4.619110558376647e-06,7.796660263176685e-08,0.0,5.374085237149634e-17,0.01064397256771644
1088,65536,exact,103,46.76359850251203,46.510822667272016,0.25277583524001557,0.005405397431646263,0.9945952203898049,4.619110558376647e-06,4.6726565605629814e-06,7.851127681135359e-08,0.0,6.18672864674541e-17,0.010602852882489815
1088,65536,exact,104,46.510822667272016,46.25921889801057,0.25160376926144323,0.005409574693214096,0.9945910503426357,4.6726565605629814e-06,4.726442629549786e-06,7.906023314707886e-08,0.0,5.80361564470229e-17,0.01056186037808637
1088,65536,exact,105,46.25921889801057,46.00878266237974,0.2504362356308363,0.00541375841608961,0.9945868739434539,4.726442629549786e-06,4.780471213166185e-06,7.961341343008592e-08,0.0,6.089997484168969e-17,0.010520994759258238
1088,65536,exact,106,46.00878266237974,45.759509442063596,0.24927322031614096,0.005417948615275266,0.9945826911150939,4.780471213166185e-06,4.834744826053659e-06,8.017090212995264e-08,0.0,6.535621517719456e-17,0.010480255731209278
1088,65536,exact,107,45.759509442063596,45.51139473274565,0.24811470931794588,0.00542214530582076,0.9945785019144726,4.834744826053659e-06,4.889266017329546e-06,8.07327511602247e-08,0.0,6.587459934091419e-17,0.010439642999605099
1088,65536,exact,108,45.51139473274565,45.26443404407627,0.24696068866938248,0.0054263485028221555,0.9945743063108142,4.889266017329546e-06,4.944037324851617e-06,8.12989673643377e-08,0.0,6.729083842872338e-17,0.010399156270564987
1088,65536,exact,109,45.26443404407627,45.01862289964022,0.2458111444360469,0.0054305582214214405,0.9945701042598742,4.944037324851617e-06,4.999061310200028e-06,8.18695926280269e-08,0.0,7.038081462030707e-17,0.0103587952506626
1088,65536,exact,110,45.01862289964022,44.77395683692408,0.2446660627161421,0.00543477447681096,0.9945658957789347,4.999061310200028e-06,5.054340551921015e-06,8.244466196196581e-08,0.0,7.385703783583872e-17,0.01031855964693932
1088,65536,exact,111,44.77395683692408,44.53043140728403,0.24352542964005153,0.005438997284225314,0.9945616808347053,5.054340551921015e-06,5.109877672043048e-06,8.302423729066048e-08,0.0,7.718926545033714e-17,0.010278449166873194
1088,65536,exact,112,44.53043140728403,44.28804217591334,0.24238923137068724,0.005443226658950325,0.9945574594484748,5.109877672043048e-06,5.165675282438429e-06,8.360832692041452e-08,0.0,8.160654227026831e-17,0.010238463518412363
1088,65536,exact,113,44.28804217591334,44.04678472181017,0.24125745410317023,0.005447462616317265,0.9945532315543322,5.165675282438429e-06,5.221736043158047e-06,8.419699793175964e-08,0.0,8.31896468486866e-17,0.010198602409951364
1088,65536,exact,114,44.04678472181017,43.80665463774522,0.24013008406495118,0.005451705171706859,0.9945489971510381,5.221736043158047e-06,5.278062622101077e-06,8.479027707600332e-08,0.0,8.519118570304851e-17,0.01015886555034611
1088,65536,exact,115,43.80665463774522,43.56764753022959,0.2390071075156257,0.005455954340546459,0.9945447562595138,5.278062622101077e-06,5.3346576888237825e-06,8.538818489381487e-08,0.0,8.999809767871667e-17,0.010119252648901247
1088,65536,exact,116,43.56764753022959,43.32975901948262,0.23788851074696993,0.00546021013831215,0.9945405088499203,5.3346576888237825e-06,5.391523963776469e-06,8.599079148638533e-08,0.0,9.28610690404362e-17,0.010079763415376667
1088,65536,exact,117,43.32975901948262,43.092984739399775,0.23677428008284807,0.005464472580527988,0.9945362548757306,5.391523963776469e-06,5.44866417747198e-06,8.659812656200615e-08,0.0,9.702931817387461e-17,0.010040397559986775
1088,65536,exact,118,43.092984739399775,42.85732033752057,0.23566440187920534,0.005468741682767175,0.9945319943578311,5.44866417747198e-06,5.506081081373315e-06,8.721023046557041e-08,0.0,9.953568866480009e-17,0.010001154793398604
1088,65536,exact,119,42.85732033752057,42.62276147499661,0.2345588625239614,0.005473017460650956,0.9945277272846175,5.506081081373315e-06,5.563777445358483e-06,8.782714135933467e-08,0.0,1.0388350878305641e-16,0.00996203482672998
1088,65536,exact,120,42.62276147499661,42.38930382655961,0.23345764843699612,0.005477299929849622,0.9945234536272732,5.563777445358483e-06,5.621756065341717e-06,8.84489052762415e-08,0.0,1.0597059796509101e-16,0.00992303737155343
1088,65536,exact,121,42.38930382655961,42.156943080489505,0.23236074607010693,0.00548158910608289,0.9945191733688943,5.621756065341717e-06,5.680019726766939e-06,8.907553189874604e-08,0.0,1.170192957290761e-16,0.009884162139893704
1088,65536,exact,122,42.156943080489505,41.925674938582574,0.23126814190693068,0.005485885005119429,0.9945148864993459,5.680019726766939e-06,5.738571319130651e-06,8.970714536607834e-08,0.0,1.1509568390586158e-16,0.009845408844225325
1088,65536,exact,123,41.925674938582574,41.695495116119716,0.2301798224628584,0.005490187642776213,0.9945105930078187,5.738571319130651e-06,5.797413672641823e-06,9.034370715514068e-08,0.0,1.1960189918525446e-16,0.009806777197469084
1088,65536,exact,124,41.695495116119716,41.46639934183449,0.2290957742852271,0.00549449703492446,0.994506292876367,5.797413672641823e-06,5.856549663897456e-06,9.098528417361466e-08,0.0,1.2594278782840015e-16,0.009768266913017213
1088,65536,exact,125,41.46639934183449,41.23838335788168,0.2280159839528082,0.00549881319747886,0.994501986091284,5.856549663897456e-06,5.9159822193619005e-06,9.163194710226134e-08,0.0,1.2862280007351276e-16,0.009729877704685218
1088,65536,exact,126,41.23838335788168,41.01144291980549,0.22694043807619124,0.00550313614640806,0.9944976726250464,5.9159822193619005e-06,5.975714240749067e-06,9.228369243888005e-08,0.0,1.3637992780446764e-16,0.009691609286754579
1088,65536,exact,127,41.01144291980549,40.78557379650796,0.22586912329752806,0.005507465897729972,0.994493352500806,5.975714240749067e-06,6.035748708010909e-06,9.294061927943666e-08,0.0,1.3787578798931874e-16,0.00965346137395278
1088,65536,exact,128,40.78557379650796,40.56077177021741,0.22480202629055412,0.005511802467513686,0.994489025684085,6.035748708010909e-06,6.096088563113395e-06,9.360271135578612e-08,0.0,1.4613520625799542e-16,0.009615433681460847
1088,65536,exact,129,40.56077177021741,40.337032636456954,0.2237391337604535,0.005516145871877582,0.9944846921263464,6.096088563113395e-06,6.156736823185894e-06,9.427006547365564e-08,0.0,1.5052791912245622e-16,0.009577525924900994
1088,65536,exact,130,40.337032636456954,40.114352204013024,0.22268043244393,0.005520496126992483,0.9944803518538835,6.156736823185894e-06,6.217696508702844e-06,9.494270666545474e-08,0.0,1.5628011986726018e-16,0.009539737820353937
1088,65536,exact,131,40.114352204013024,39.892726294904,0.22162590910902225,0.00552485324907854,0.9944760048486169,6.217696508702844e-06,6.278970665952623e-06,9.562068278068642e-08,0.0,1.6406011748779092e-16,0.009502069084338928
1088,65536,exact,132,39.892726294904,39.67215074434881,0.22057555055518918,0.005529217254408758,0.9944716510934662,6.278970665952623e-06,6.3405623719151775e-06,9.630404674293614e-08,0.0,1.6510535614470273e-16,0.009464519433830918
1088,65536,exact,133,39.67215074434881,39.45262140073565,0.21952934361316068,0.00553358815930674,0.994467290554387,6.3405623719151775e-06,6.4024746930443105e-06,9.699281062920242e-08,0.0,1.7447608164017706e-16,0.0094270885862499
1088,65536,exact,134,39.45262140073565,39.234134125590735,0.21848727514491628,0.0055379659801475765,0.9944629232422477,6.4024746930443105e-06,6.464710774310384e-06,9.768707526317142e-08,0.0,1.821451179446175e-16,0.009389776259461212
1088,65536,exact,135,39.234134125590735,39.01668479354711,0.21744933204362837,0.005542350733357858,0.9944585491419445,6.464710774310384e-06,6.527273756026277e-06,9.838685897007336e-08,0.0,1.867970228909381e-16,0.009352582171777915
1088,65536,exact,136,39.01668479354711,38.800269292313345,0.21641550123376163,0.005546742435419684,0.994454168204858,6.527273756026277e-06,6.590166811953187e-06,9.909221845168787e-08,0.0,1.9301085659199566e-16,0.00931550604196935
1088,65536,exact,137,38.800269292313345,38.58488352264268,0.21538576967066803,0.005551141102861823,0.9944497804489595,6.590166811953187e-06,6.6533931205060735e-06,9.980318144016159e-08,0.0,2.0295417635981389e-16,0.009278547589234423
1088,65536,exact,138,38.58488352264268,38.37052339830176,0.21436012434091367,0.005555546752269479,0.9944453858499404,6.6533931205060735e-06,6.7169559244496635e-06,1.0051983572233589e-07,0.0,2.056731521205002e-16,0.00924170653322874
1088,65536,exact,139,38.37052339830176,38.15718484603975,0.21333855226201592,0.005559959400279071,0.9944409844035945,6.7169559244496635e-06,6.780858448321911e-06,1.0124218683782334e-07,0.0,2.2119164274714623e-16,0.009204982594050485
1088,65536,exact,140,38.15718484603975,37.94486380555727,0.2123210404824789,0.005564379063580611,0.9944365760789745,6.780858448321911e-06,6.845103979037497e-06,1.0197032103546258e-07,0.0,2.2339477544295466e-16,0.009168375492245784
1088,65536,exact,141,37.94486380555727,37.733556229475575,0.21130757608169404,0.0055688057589166175,0.9944321608631136,6.845103979037497e-06,6.909695813703016e-06,1.0270427272837555e-07,0.0,2.323148794104897e-16,0.009131884948801601
1088,65536,exact,142,37.733556229475575,37.52325808330564,0.21029814616993292,0.0055732395030834245,0.9944277387501084,6.909695813703016e-06,6.97463727918415e-06,1.0344409595295652e-07,0.0,2.4058615614042794e-16,0.009095510685152568
1088,65536,exact,143,37.52325808330564,37.31396534541737,0.2092927378882692,0.005577680312930635,0.9944233097366949,6.97463727918415e-06,7.0399317361515495e-06,1.0418984902009687e-07,0.0,2.4778678322503675e-16,0.009059252423176923
1088,65536,exact,144,37.31396534541737,37.10567400700883,0.20829133840854297,0.00558212820536169,0.9944188737604734,7.0399317361515495e-06,7.105582543724608e-06,1.0494155556908352e-07,0.0,2.589142550531165e-16,0.009023109885195632
1088,65536,exact,145,37.10567400700883,36.89838007207555,0.20729393493328274,0.005586583197333306,0.9944144308535509,7.105582543724608e-06,7.171593139213548e-06,1.0569931837869749e-07,0.0,2.6598189796500638e-16,0.008987082793972458
1088,65536,exact,146,36.89838007207555,36.6920795573798,0.20630051469574795,0.0055910453058581515,0.9944099809899173,7.171593139213548e-06,7.237966937794784e-06,1.0646314084202714e-07,0.0,2.8000791653859033e-16,0.008951170872718515
1088,65536,exact,147,36.6920795573798,36.48676849242007,0.20531106495973006,0.005595514548001035,0.9944055241421912,7.237966937794784e-06,7.304707415497141e-06,1.0723310927996962e-07,0.0,2.8450227335672165e-16,0.00891537384508132
1088,65536,exact,148,36.48676849242007,36.28244291940042,0.20432557301965204,0.00559999094088312,0.994401060315862,7.304707415497141e-06,7.371818056552874e-06,1.0800925758463282e-07,0.0,2.992550461990498e-16,0.008879691435157745
1088,65536,exact,149,36.28244291940042,36.07909889319998,0.20334402620043335,0.005604474501679825,0.9943965894703988,7.371818056552874e-06,7.439302390214412e-06,1.0879165689029089e-07,0.0,3.0836065038203353e-16,0.008844123367481645
1088,65536,exact,150,36.07909889319998,35.87673248134258,0.20236641185740467,0.005608965247620021,0.994392111608955,7.439302390214412e-06,7.507163960741271e-06,1.0958034835828167e-07,0.0,3.1986505187164144e-16,0.008808669367025923
1088,65536,exact,151,35.87673248134258,35.675339763966086,0.20139271737649267,0.005613463195992707,0.994387626716201,7.507163960741271e-06,7.575406363703524e-06,1.1037540974048694e-07,0.0,3.2787036025614183e-16,0.008773329159219976
1088,65536,exact,152,35.675339763966086,35.47491683379232,0.20042293017376522,0.005617968364136019,0.9943831347623173,7.575406363703524e-06,7.644033180955508e-06,1.1117685426041672e-07,0.0,3.42826421005811e-16,0.008738102469913215
1088,65536,exact,153,35.47491683379232,35.275459796096555,0.1994570376957654,0.005622480769448026,0.9943786357485468,7.644033180955508e-06,7.71304807150599e-06,1.1198478576812544e-07,0.0,3.57298825942598e-16,0.008702989025410482
1088,65536,exact,154,35.275459796096555,35.0769647686773,0.19849502741925562,0.005627000429381229,0.9943741296537761,7.71304807150599e-06,7.78245470328992e-06,1.1279924057480277e-07,0.0,3.6638918353253114e-16,0.008667988552450196
1088,65536,exact,155,35.0769647686773,34.87942788182606,0.19753688685123905,0.005631527361444731,0.9943696164706178,7.78245470328992e-06,7.852256774208004e-06,1.1362027607705774e-07,0.0,3.7940638586593523e-16,0.008633100778213915
1088,65536,exact,156,34.87942788182606,34.68284527829717,0.19658260352888846,0.005636061583203832,0.9943650961629196,7.852256774208004e-06,7.922458012249525e-06,1.1444795026640656e-07,0.0,3.9815969531814543e-16,0.008598325430321
1088,65536,exact,157,34.68284527829717,34.48721311327767,0.19563216501950365,0.00564060311228043,0.9943605687313185,7.922458012249525e-06,7.993062193051496e-06,1.1528233864535143e-07,0.0,4.0428374352679403e-16,0.008563662236830421
1088,65536,exact,158,34.48721311327767,34.292527554357186,0.194685558920483,0.00564515196635383,0.9943560341653466,7.993062193051496e-06,8.064073080922608e-06,1.1612345822677214e-07,0.0,4.238180173563727e-16,0.008529110926242044
1088,65536,exact,159,34.292527554357186,34.09878478149797,0.19374277285921693,0.0056497081631592975,0.9943514924290039,8.064073080922608e-06,8.135494529261524e-06,1.169714266265441e-07,0.0,4.369707449613375e-16,0.008494671227489979
1088,65536,exact,160,34.09878478149797,33.905980987004845,0.19280379449312335,0.0056542717204907215,0.9943469435349053,8.135494529261524e-06,8.207330385098827e-06,1.1782626623377964e-07,0.0,4.510924782579612e-16,0.008460342869951275
1088,65536,exact,161,33.905980987004845,33.71411237549538,0.191868611509463,0.0056588426561968675,0.994342387454448,8.207330385098827e-06,8.279584536597907e-06,1.1868804731938405e-07,0.0,4.680788769821989e-16,0.008426125583433329
1088,65536,exact,162,33.71411237549538,33.523175163869794,0.19093721162558808,0.005663420988190336,0.9943378241628965,8.279584536597907e-06,8.352260898495815e-06,1.1955682588848977e-07,0.0,4.862019939216519e-16,0.008392019098197057
1088,65536,exact,163,33.523175163869794,33.33316558128137,0.1900095825884236,0.00566800673443397,0.9943332536545005,8.352260898495815e-06,8.425363430737514e-06,1.2043267666804966e-07,0.0,5.031409588008434e-16,0.008358023144920176
1088,65536,exact,164,33.33316558128137,33.14407986910653,0.18908571217484393,0.005672599912953579,0.9943286759150562,8.425363430737514e-06,8.498896134063972e-06,1.2131567039066424e-07,0.0,5.150604064346059e-16,0.008324137454728103
1088,65536,exact,165,33.14407986910653,32.95591428091509,0.18816558819143836,0.005677200541832715,0.9943240909244739,8.498896134063972e-06,8.572863006993669e-06,1.2220583516904203e-07,0.0,5.400580427739748e-16,0.008290361759183178
1088,65536,exact,166,32.95591428091509,32.76866508244063,0.1872491984744613,0.005681808639212845,0.9943194986659377,8.572863006993669e-06,8.647268118692235e-06,1.231032720060692e-07,0.0,5.595431886926128e-16,0.00825669579028043
1088,65536,exact,167,32.76866508244063,32.582328551550795,0.18633653088983237,0.005686424223295029,0.9943148991360178,8.647268118692235e-06,8.722115564473973e-06,1.2400803780791907e-07,0.0,5.735192323223087e-16,0.008223139280451435
1088,65536,exact,168,32.582328551550795,32.396900978217715,0.18542757333307947,0.0056910473123399224,0.9943102923131627,8.722115564473973e-06,8.797409453336004e-06,1.2492017743329313e-07,0.0,5.98591407561036e-16,0.008189691962566659
1088,65536,exact,169,32.396900978217715,32.21237866448849,0.18452231372922512,0.005695677924666004,0.9943056781683026,8.797409453336004e-06,8.873153951942001e-06,1.2583977993853091e-07,0.0,6.200213411265698e-16,0.008156353569923797
1088,65536,exact,170,32.21237866448849,32.02875792445565,0.18362074003284334,0.005700316078653024,0.994301056701908,8.873153951942001e-06,8.949353262227801e-06,1.2676691217176413e-07,0.0,6.386052439893292e-16,0.008123123836262442
1088,65536,exact,171,32.02875792445565,31.846035084227708,0.18272284022793883,0.005704961792740027,0.994296427900664,8.949353262227801e-06,9.026011605310078e-06,1.2770162531675258e-07,0.0,6.60931338413058e-16,0.0080900024957537
1088,65536,exact,172,31.846035084227708,31.664206481899782,0.18182860232792564,0.005709615085426422,0.9942917917400889,9.026011605310078e-06,9.103133259055809e-06,1.2864400842620334e-07,0.0,6.809873845381453e-16,0.008056989283002542
1088,65536,exact,173,31.664206481899782,31.483268467524226,0.18093801437555612,0.005714275975271503,0.99428714820571,9.103133259055809e-06,9.180722503497546e-06,1.2959409632538908e-07,0.0,7.109943737275762e-16,0.00802408393304752
1088,65536,exact,174,31.483268467524226,31.303217403081316,0.1800510644429103,0.005718944480895859,0.9942824972937987,9.180722503497546e-06,9.25878369593313e-06,1.3055199892613464e-07,0.0,7.319211697224409e-16,0.007991286181359594
1088,65536,exact,175,31.303217403081316,31.124049662450005,0.17916774063131058,0.0057236206209804585,0.9942778389739846,9.25878369593313e-06,9.337321206139144e-06,1.3151776217865747e-07,0.0,7.594683752330453e-16,0.007958595763844773
1088,65536,exact,176,31.124049662450005,30.945761631378733,0.178288031071272,0.005728304414266817,0.9942731732339126,9.337321206139144e-06,9.416339455820315e-06,1.3249147147412543e-07,0.0,7.860821504357754e-16,0.007926012416837023
1088,65536,exact,177,30.945761631378733,30.76834970745614,0.17741192392259464,0.005732995879561759,0.9942685000511635,9.416339455820315e-06,9.49584289256689e-06,1.3347318666831358e-07,0.0,8.124773911381139e-16,0.00789353587711428
1088,65536,exact,178,30.76834970745614,30.59181030008214,0.17653940737399765,0.005737695035727464,0.994263819434252,9.49584289256689e-06,9.575836002805198e-06,1.3446298053597596e-07,0.0,8.419304207800404e-16,0.007861165881868776
1088,65536,exact,179,30.59181030008214,30.416139830438738,0.1756704696434035,0.0057424019016923565,0.9942591313437618,9.575836002805198e-06,9.656323324170806e-06,1.35460938999262e-07,0.0,8.678733458885451e-16,0.007828902168735975
1088,65536,exact,180,30.416139830438738,30.241334731461016,0.17480509897772123,0.005747116496445951,0.9942544357704955,9.656323324170806e-06,9.737309414938703e-06,1.3646711754788113e-07,0.0,9.000978673338877e-16,0.007796744475779938
1088,65536,exact,181,30.241334731461016,30.06739144780819,0.1739432836528252,0.005751838839039948,0.9942497327130996,9.737309414938703e-06,9.818798887411714e-06,1.3748160519594208e-07,0.0,9.317819817588821e-16,0.0077646925414942185
1088,65536,exact,182,30.06739144780819,29.89430643583466,0.1730850119735301,0.005756568948589233,0.9942450221324094,9.818798887411714e-06,9.90079638255597e-06,1.3850446639390307e-07,0.0,9.662680811733937e-16,0.0077327461048047235
1088,65536,exact,183,29.89430643583466,29.72207616356115,0.1722302722735094,0.0057613068442710184,0.9942403040304416,9.90079638255597e-06,9.983306595706235e-06,1.3953579116683626e-07,0.0,9.96546120905946e-16,0.007700904905065614
1088,65536,exact,184,29.72207616356115,29.55069711064588,0.17137905291527034,0.0057660525453258425,0.9942355783862582,9.983306595706235e-06,1.0066334250907183e-05,1.4057564454834293e-07,0.0,1.0304935073660038e-15,0.007669168682060529
1088,65536,exact,185,29.55069711064588,29.380165768355763,0.17053134229011846,0.005770806071058241,0.9942308451891432,1.0066334250907183e-05,1.0149884118835672e-05,1.416241096688763e-07,0.0,1.0690741640475426e-15,0.007637537176004928
1088,65536,exact,186,29.380165768355763,29.21047863953772,0.16968712881804393,0.005775567440834775,0.9942261044035587,1.0149884118835672e-05,1.0233961007884371e-05,1.4268126136877768e-07,0.0,1.101944124598693e-15,0.0076060101275368715
1088,65536,exact,187,29.21047863953772,29.041632238589877,0.1688464009478423,0.005780336674089995,0.9942213560400649,1.0233961007884371e-05,1.031856977247885e-05,1.4374718269946797e-07,0.0,1.1405654388617e-15,0.007574587277736773
1088,65536,exact,188,29.041632238589877,28.873623091433082,0.16800914715679482,0.0057851137903174735,0.9942166000693508,1.031856977247885e-05,1.0403715296696227e-05,1.4482194110951386e-07,0.0,1.1855835459423716e-15,0.0075432683680960455
1088,65536,exact,189,28.873623091433082,28.706447735482218,0.16717535595086375,0.005789898809078288,0.9942118364734609,1.0403715296696227e-05,1.048940253290766e-05,1.459056428562366e-07,0.0,1.223969385046042e-15,0.007512053140544325
1088,65536,exact,190,28.706447735482218,28.54010271961767,0.16634501586454675,0.005794691749997971,0.9942070652490999,1.048940253290766e-05,1.0575636453466785e-05,1.4699834627191038e-07,0.0,1.2637240293924754e-15,0.007480941337437061
1088,65536,exact,191,28.54010271961767,28.37458460415684,0.16551811546083073,0.005799492632766812,0.9942022863619483,1.0575636453466785e-05,1.0662422082716921e-05,1.4810014225601584e-07,0.0,1.3085388485658059e-15,0.007449932701555842
1088,65536,exact,192,28.37458460415684,28.209889960825688,0.1646946433311527,0.005804301477140396,0.9941974998155176,1.0662422082716921e-05,1.0749764487599788e-05,1.4921111233991017e-07,0.0,1.3550494276995395e-15,0.007419026976109797
1088,65536,exact,193,28.209889960825688,28.046015372730334,0.1638745880953536,0.00580911830293992,0.994192705586143,1.0749764487599788e-05,1.0837668782735581e-05,1.5033134379297713e-07,0.0,1.398068537024691e-15,0.007388223904733912
1088,65536,exact,194,28.046015372730334,27.882957434328695,0.1630579384016393,0.005813943130052748,0.9941879036567803,1.0837668782735581e-05,1.0926140124347548e-05,1.5146091816196133e-07,0.0,1.4488312215536411e-15,0.007357523231490767
1088,65536,exact,195,27.882957434328695,27.720712751402193,0.1622446829265023,0.005818775978431588,0.9941830940106933,1.0926140124347548e-05,1.1015183708473891e-05,1.5259991555629695e-07,0.0,1.5006323684759251e-15,0.007326924700866184
1088,65536,exact,196,27.720712751402193,27.559277941027467,0.1614348103747254,0.005823616868096567,0.9941782766319838,1.1015183708473891e-05,1.1104804797306093e-05,1.5374844277328536e-07,0.0,1.542470713872604e-15,0.007296428057773957
1088,65536,exact,197,27.559277941027467,27.398649631548192,0.1606283094792751,0.005828465819133378,0.9941734515146042,1.1104804797306093e-05,1.1195008663969111e-05,1.5490655184306683e-07,0.0,1.6076888626793961e-15,0.007266033047551496
1088,65536,exact,198,27.398649631548192,27.238824462546873,0.15982516900131927,0.005833322851695891,0.9941686186378947,1.1195008663969111e-05,1.1285800663772126e-05,1.5607436633685167e-07,0.0,1.6621598574514257e-15,0.007235739415961121
1088,65536,exact,199,27.238824462546873,27.079799084816763,0.15902537773011005,0.005838187986003891,0.9941637779723161,1.1285800663772126e-05,1.1377186184053028e-05,1.5725196043018175e-07,0.0,1.7153230333528946e-15,0.0072055469091887245
1088,65536,exact,200,27.079799084816763,26.92157016033375,0.15822892448301218,0.005843061242346099,0.9941589295212481,1.1377186184053028e-05,1.146917066336154e-05,1.5843942743040467e-07,0.0,1.770956157328557e-15,0.007175455273847195
1088,65536,exact,201,26.92157016033375,26.764134362228376,0.1574357981053751,0.005847942641077491,0.9941540732533672,1.146917066336154e-05,1.1561759577667953e-05,1.5963684768450073e-07,0.0,1.835447551866605e-15,0.0071454642569684645
1088,65536,exact,202,26.764134362228376,26.60748837475784,0.1566459874705366,0.005852832202621415,0.9941492091725225,1.1561759577667953e-05,1.1654958463220107e-05,1.6084432433819476e-07,0.0,1.8995205121287093e-15,0.0071155736060098595
1088,65536,exact,203,26.60748837475784,26.451628893277977,0.15585948147986173,0.005857729947473114,0.9941443372473433,1.1654958463220107e-05,1.174877289637185e-05,1.6206194127765476e-07,0.0,1.969073775559549e-15,0.007085783068858041
1088,65536,exact,204,26.451628893277977,26.296552624215547,0.15507626906243033,0.005862635896190087,0.994139457468902,1.174877289637185e-05,1.1843208524717631e-05,1.6328981361752673e-07,0.0,2.024346063499681e-15,0.0070560923938085985
1088,65536,exact,205,26.296552624215547,26.14225628504026,0.15429633917528562,0.005867550069403382,0.9941345698176716,1.1843208524717631e-05,1.1938271015496816e-05,1.645280056198045e-07,0.0,2.1041314849333526e-15,0.0070265013295902085
1088,65536,exact,206,26.14225628504026,25.988736604237033,0.1535196808032282,0.0058724724878119585,0.9941296742774278,1.1938271015496816e-05,1.2033966101402435e-05,1.657766275048117e-07,0.0,2.173884648139744e-15,0.006997009625349565
1088,65536,exact,207,25.988736604237033,25.835990321278224,0.15274628295880888,0.0058774031721844505,0.9941247708382874,1.2033966101402435e-05,1.2130299573054027e-05,1.6703578246506526e-07,0.0,2.2434531581636344e-15,0.006967617030656059
1088,65536,exact,208,25.835990321278224,25.684014186595952,0.1519761346822719,0.005882342143359068,0.9941198594818917,1.2130299573054027e-05,1.2227277261157177e-05,1.683055564427721e-07,0.0,2.323314812562559e-15,0.006938323295498619
1088,65536,exact,209,25.684014186595952,25.532804961554433,0.15120922504151935,0.005887289422244318,0.9941149401911661,1.2227277261157177e-05,1.2324905055624045e-05,1.6958605485324731e-07,0.0,2.4052754146047794e-15,0.006909128170288853
1088,65536,exact,210,25.532804961554433,25.382359418422375,0.15044554313205794,0.005892245029819036,0.9941100129489513,1.2324905055624045e-05,1.2423188892645845e-05,1.7087737068844722e-07,0.0,2.4836174918963297e-15,0.006880031405856855
1088,65536,exact,211,25.382359418422375,25.232674340345422,0.14968507807695275,0.0058972089871326995,0.9941050777424506,1.2423188892645845e-05,1.2522134762466458e-05,1.7217960510702234e-07,0.0,2.573411454634758e-15,0.0068510327534549685
1088,65536,exact,212,25.232674340345422,25.08374652131866,0.14892781902676333,0.005902181315305026,0.9941001345583803,1.2522134762466458e-05,1.26217487295943e-05,1.7349287992106242e-07,0.0,2.6528394281646883e-15,0.006822131964751231
1088,65536,exact,213,25.08374652131866,24.935572766159048,0.14817375515961118,0.005907162035530793,0.9940951833789232,1.26217487295943e-05,1.2722036874344274e-05,1.748172591871542e-07,0.0,2.751617022341696e-15,0.006793328791842911
1088,65536,exact,214,24.935572766159048,24.788149890478167,0.1474228756808813,0.0059121511690701616,0.9940902241810028,1.2722036874344274e-05,1.2823005359597534e-05,1.7615287398902345e-07,0.0,2.8473740970287945e-15,0.006764622987232322
1088,65536,exact,215,24.788149890478167,24.641474720654717,0.14667516982344964,0.005917148737259804,0.9940852569659981,1.2823005359597534e-05,1.2924660399886025e-05,1.7749982485678372e-07,0.0,2.9426432807382746e-15,0.006736014303850163
1088,65536,exact,216,24.641474720654717,24.495544093807233,0.14593062684748404,0.005922154761507176,0.9940802817009342,1.2924660399886025e-05,1.3027008263098333e-05,1.7885821493502586e-07,0.0,3.0443024810018413e-15,0.006707502495042842
1088,65536,exact,217,24.495544093807233,24.350354857766806,0.14518923604042655,0.005927169263291936,0.9940752983832557,1.3027008263098333e-05,1.3130055274195167e-05,1.8022815115990072e-07,0.0,3.1453467353457013e-15,0.006679087314574084
1088,65536,exact,218,24.350354857766806,24.20590387104983,0.14445098671697565,0.005932192264167414,0.9940703069911615,1.3130055274195167e-05,1.3233807815827177e-05,1.816097418516318e-07,0.0,3.2545631635646707e-15,0.00665076851662645
1088,65536,exact,219,24.20590387104983,24.062188002830833,0.1437158682189974,0.005937223785759185,0.9940653075089075,1.3233807815827177e-05,1.3338272331958186e-05,1.8300309936586906e-07,0.0,3.3617094432605507e-15,0.006622545855798547
1088,65536,exact,220,24.062188002830833,23.919204132915315,0.14298386991551837,0.00594226384976698,0.9940602999217464,1.3338272331958186e-05,1.3443455303556758e-05,1.844083122966818e-07,0.0,3.484209042158362e-15,0.006594419087106842
1088,65536,exact,221,23.919204132915315,23.776949151712667,0.14225498120264746,0.005947312477963671,0.994055284216089,1.3443455303556758e-05,1.3549363303678769e-05,1.8582552465553164e-07,0.0,3.600166158571581e-15,0.006566387965984168
1088,65536,exact,222,23.776949151712667,23.635419960209116,0.14152919150355103,0.005952369692196469,0.9940502603777664,1.3549363303678769e-05,1.3656002945609073e-05,1.8725482935846663e-07,0.0,3.72422768622413e-15,0.006538452248278585
1088,65536,exact,223,23.635419960209116,23.494613469940717,0.14080649026839964,0.0059574355143869355,0.994045228386619,1.3656002945609073e-05,1.3763380904751036e-05,1.8869634168624063e-07,0.0,3.8515181034716114e-15,0.006510611690255425
1088,65536,exact,224,23.494613469940717,23.35452660296639,0.14008686697432537,0.005962509966531441,0.9940401882314843,1.3763380904751036e-05,1.3871503917615416e-05,1.901501763396801e-07,0.0,3.984600532012418e-15,0.006482866048594825
1088,65536,exact,225,23.35452660296639,23.215156291841023,0.13937031112536857,0.005967593070701179,0.9940351398909447,1.3871503917615416e-05,1.3980378790098456e-05,1.916164569694382e-07,0.0,4.115611117964241e-15,0.006455215080391196
1088,65536,exact,226,23.215156291841023,23.07649947958858,0.1386568122524423,0.005972684849042921,0.9940300833566359,1.3980378790098456e-05,1.4090012374134482e-05,1.9309528431199153e-07,0.0,4.25642356918169e-15,0.006427658543155824
1088,65536,exact,227,23.07649947958858,22.93855311967532,0.13794635991326132,0.005977785323778262,0.9940250186149732,1.4090012374134482e-05,1.420041159762128e-05,1.9458678954530043e-07,0.0,4.4082508368452344e-15,0.006400196194811584
1088,65536,exact,228,22.93855311967532,22.80131417598299,0.1372389436923278,0.0059828945172052915,0.994019945642325,1.420041159762128e-05,1.4311583442191223e-05,1.9609108238476452e-07,0.0,4.559686775287147e-15,0.006372827793696455
1088,65536,exact,229,22.80131417598299,22.664779622782063,0.1365345532009279,0.00598801245170079,0.9940148644294349,1.4311583442191223e-05,1.442353497076721e-05,1.9760830041721366e-07,0.0,4.710257046056966e-15,0.006345553098568115
1088,65536,exact,230,22.664779622782063,22.52894644470514,0.13583317807692197,0.005993139149713412,0.9940097749581995,1.442353497076721e-05,1.4536273291928729e-05,1.9913854641108027e-07,0.0,4.876385618001952e-15,0.00631837186858639
1088,65536,exact,231,22.52894644470514,22.39381163672026,0.13513480798487976,0.005998274633771868,0.9940046772145346,1.4536273291928729e-05,1.4649805592443517e-05,2.0068195603801894e-07,0.0,5.040377972853963e-15,0.006291283863331175
1088,65536,exact,232,22.39381163672026,22.259372204104313,0.13443943261594882,0.006003418926481533,0.9939995711868548,1.4649805592443517e-05,1.4764139111862611e-05,2.0223864021713063e-07,0.0,5.214162028576233e-15,0.0062642888427937565
1088,65536,exact,233,22.259372204104313,22.125625162416487,0.13374704168782614,0.0060085720505255345,0.9939944568539776,1.4764139111862611e-05,1.4879281171871674e-05,2.0380873984789764e-07,0.0,5.388667756369564e-15,0.006237386567378327
1088,65536,exact,234,22.125625162416487,21.992567537471775,0.13305762494471196,0.006013734028665061,0.99398933420538,1.4879281171871674e-05,1.4995239143661211e-05,2.0539236375712382e-07,0.0,5.579284050819672e-15,0.006210576797900412
1088,65536,exact,235,21.992567537471775,21.860196365314536,0.1323711721572387,0.006018904883738547,0.9939842032225455,1.4995239143661211e-05,1.5112020489317066e-05,2.0698966274105014e-07,0.0,5.767598109719142e-15,0.006183859295586254
1088,65536,exact,236,21.860196365314536,21.72850869219205,0.1316876731224852,0.006024084638664699,0.9939790638942884,1.5112020489317066e-05,1.5229632723064236e-05,2.0860074950378295e-07,0.0,5.96223103440513e-15,0.00615723382207481
1088,65536,exact,237,21.72850869219205,21.59750157452821,0.13100711766384165,0.006029273316438781,0.9939739162057385,1.5229632723064236e-05,1.5348083428031196e-05,2.1022575408043727e-07,0.0,6.168463228270818e-15,0.0061307001394123595
1088,65536,exact,238,21.59750157452821,21.467172078897093,0.1303294956311163,0.0060344709401399035,0.9939687601390299,1.5348083428031196e-05,1.546738027096736e-05,2.1186482187300654e-07,0.0,6.376206528914408e-15,0.006104258010065578
1088,65536,exact,239,21.467172078897093,21.33751728199683,0.12965479690026172,0.006039677532920905,0.9939635956790823,1.546738027096736e-05,1.558753097007577e-05,2.1351806681244274e-07,0.0,6.6030893860341555e-15,0.00607790719689773
1088,65536,exact,240,21.33751728199683,21.20853427062329,0.12898301137354196,0.00604489311801843,0.9939584228166524,1.558753097007577e-05,1.570854333500082e-05,2.151856432014755e-07,0.0,6.8228910477148574e-15,0.006051647463190483
1088,65536,exact,241,21.20853427062329,21.080220141643906,0.1283141289793832,0.0060501177187485215,0.9939532415304638,1.570854333500082e-05,1.583042523671583e-05,2.1686767622778965e-07,0.0,7.057786836515631e-15,0.006025478572632938
1088,65536,exact,242,21.080220141643906,20.952572001971554,0.12764813967235256,0.0060553513585080675,0.9939480518088663,1.583042523671583e-05,1.5953184617093197e-05,2.1856430106308294e-07,0.0,7.309494535253508e-15,0.005999400289323799
1088,65536,exact,243,20.952572001971554,20.825586968538452,0.12698503343310108,0.006060594060774606,0.9939428536374315,1.5953184617093197e-05,1.6076829510377847e-05,2.2027567500279462e-07,0.0,7.543336615067897e-15,0.005973412377769214
1088,65536,exact,244,20.825586968538452,20.699262168270124,0.12632480026832837,0.006065845849107123,0.9939376470029989,1.6076829510377847e-05,1.6201367995598806e-05,2.2200190859245028e-07,0.0,7.806977313966693e-15,0.005947514602884593
1088,65536,exact,245,20.699262168270124,20.57359473805938,0.12566743021074345,0.006071106747146713,0.9939324318887608,1.6201367995598806e-05,1.6326808250867682e-05,2.2374316715870628e-07,0.0,8.081283851737314e-15,0.005921706729993815
1088,65536,exact,246,20.57359473805938,20.448581824740373,0.12501291331900788,0.006076376778616366,0.9939272082801516,1.6326808250867682e-05,1.645315852090633e-05,2.2549958435367715e-07,0.0,8.35760971605419e-15,0.005895988524827904
1088,65536,exact,247,20.448581824740373,20.324220585062683,0.12436123967768964,0.006081655967321274,0.9939219761646091,1.645315852090633e-05,1.6580427135280505e-05,2.2727131266640832e-07,0.0,8.634697910023595e-15,0.005870359753524808
1088,65536,exact,248,20.324220585062683,20.20050818566546,0.123712399397224,0.006086944337149471,0.9939167355282178,1.6580427135280505e-05,1.6708622491489402e-05,2.2905848846644954e-07,0.0,8.938528628203712e-15,0.005844820182629999
1088,65536,exact,249,20.20050818566546,20.077441803051578,0.12306638261388159,0.00609224191207284,0.9939114863551614,1.6708622491489402e-05,1.6837753068469466e-05,2.3086126225272132e-07,0.0,9.246767305841341e-15,0.0058193695790962
1088,65536,exact,250,20.077441803051578,19.955018623561894,0.12242317948968306,0.006097548716145497,0.9939062286320747,1.6837753068469466e-05,1.696782743381956e-05,2.3267979245498224e-07,0.0,9.556052916201777e-15,0.005794007710280667
1088,65536,exact,251,19.955018623561894,19.833235843349488,0.1217827802124063,0.006102864773506713,0.9939009623471031,1.696782743381956e-05,1.7098854216001615e-05,2.3451421048345567e-07,0.0,9.8946797478551e-15,0.005768734343947914
1088,65536,exact,252,19.833235843349488,19.712090668353984,0.12114517499550459,0.006108190108379475,0.9938956874800837,1.7098854216001615e-05,1.7230842149441057e-05,2.3636469353334513e-07,0.0,1.022694366800865e-14,0.0057435492482680464
1088,65536,exact,253,19.712090668353984,19.591580314275916,0.12051035407806765,0.006113524745071123,0.9938904040239414,1.7230842149441057e-05,1.736380002667136e-05,2.3823137167622924e-07,0.0,1.0585597746666855e-14,0.0057184521918148615
1088,65536,exact,254,19.591580314275916,19.471702006551144,0.11987830772477182,0.006118868707973463,0.9938851119626504,1.736380002667136e-05,1.7497736749362813e-05,2.4011442669889415e-07,0.0,1.0941419347149442e-14,0.00569344294356795
1088,65536,exact,255,19.471702006551144,19.352452980325225,0.11924902622591915,0.006124222021567426,0.9938798112787464,1.7497736749362813e-05,1.7632661272190044e-05,2.4201398524979773e-07,0.0,1.1321652437171897e-14,0.005668521272915737
1088,65536,exact,256,19.352452980325225,19.233830480428026,0.11862249989719942,0.00612958471041359,0.993874501965571,1.7632661272190044e-05,1.7768582655157855e-05,2.4393022664743436e-07,0.0,1.1715072136117208e-14,0.005643686949641982
1088,65536,exact,257,19.233830480428026,19.11583176134818,0.11799871907984638,0.006134956799162788,0.9938691840023177,1.7768582655157855e-05,1.7905510047536015e-05,2.4586331528594537e-07,0.0,1.2109406630645553e-14,0.0056189397439396814
1088,65536,exact,258,19.11583176134818,18.998454087207676,0.11737767414050282,0.006140338312551907,0.993863857381762,1.7905510047536015e-05,1.804345266447384e-05,2.478133927745895e-07,0.0,1.2532787579001142e-14,0.00559427942640614
1088,65536,exact,259,18.998454087207676,18.881694731736523,0.11675935547115301,0.006145729275403054,0.9938585220870702,1.804345266447384e-05,1.818241982683717e-05,2.497806413396995e-07,0.0,1.2964510107821292e-14,0.005569705768038225
1088,65536,exact,260,18.881694731736523,18.765550978247376,0.11614375348914763,0.0061511297126275516,0.9938531781054576,1.818241982683717e-05,1.832242094162166e-05,2.517652244717121e-07,0.0,1.339985793765569e-14,0.005545218540238689
1088,65536,exact,261,18.765550978247376,18.650020119610282,0.11553085863709356,0.006156539649222901,0.9938478254230866,1.832242094162166e-05,1.8463465487389234e-05,2.537672919493676e-07,0.0,1.3877242318596425e-14,0.0055208175148103505
1088,65536,exact,262,18.650020119610282,18.53509945822742,0.11492066138286106,0.006161959110275881,0.9938424640303345,1.8463465487389234e-05,1.8605563063619092e-05,2.5578704343589555e-07,0.0,1.434276146201202e-14,0.005496502463960267
1088,65536,exact,263,18.53509945822742,18.420786306007955,0.11431315221946647,0.006167388120959058,0.993837093911005,1.8605563063619092e-05,1.8748723328434666e-05,2.5782461755414206e-07,0.0,1.484461154260125e-14,0.005472273160292508
1088,65536,exact,264,18.420786306007955,18.307077984342776,0.11370832166517886,0.006172826706539275,0.9938317150537737,1.8748723328434666e-05,1.8892956058950145e-05,2.5988021373268223e-07,0.0,1.5349456731691968e-14,0.005448129376822213
1088,65536,exact,265,18.307077984342776,18.193971824079522,0.11310616026325349,0.006178274892366118,0.9938263274414593,1.8892956058950145e-05,1.9038271100628667e-05,2.619539819393484e-07,0.0,1.588997217225746e-14,0.005424070886954155
1088,65536,exact,266,18.193971824079522,18.08146516549745,0.11250665858207398,0.006183732703882319,0.9938209310668413,1.9038271100628667e-05,1.918467841785203e-05,2.6404612314979916e-07,0.0,1.6427489116189672e-14,0.005400097464499263
1088,65536,exact,267,18.08146516549745,17.969555358282417,0.11190980721503152,0.006189200166620054,0.9938155259179307,1.918467841785203e-05,1.933218804843307e-05,2.661567940288944e-07,0.0,1.6999815726122247e-14,0.005376208883668864
1088,65536,exact,268,17.969555358282417,17.85823976150193,0.11131559678048575,0.006194677306201617,0.9938101119791303,1.933218804843307e-05,1.948081014247007e-05,2.682861908406971e-07,0.0,1.7585501739698917e-14,0.00535240491907297
1088,65536,exact,269,17.85823976150193,17.747515743580195,0.11072401792173636,0.006200164148340684,0.9938046892392252,1.948081014247007e-05,1.9630554938981422e-05,2.704344874065338e-07,0.0,1.81909270090784e-14,0.005328685345722934
1088,65536,exact,270,17.747515743580195,17.63738068227325,0.11013506130694495,0.0062056607188408375,0.9937992576830867,1.9630554938981422e-05,1.9781432773136703e-05,2.7260186569156644e-07,0.0,1.8821651458526475e-14,0.005305049939025872
1088,65536,exact,271,17.63738068227325,17.52783196464411,0.10954871762913854,0.006211167043598619,0.9937938173049686,1.9781432773136703e-05,1.9933454079890537e-05,2.747885119893282e-07,0.0,1.947592681204001e-14,0.005281498474790634
1088,65536,exact,272,17.52783196464411,17.418866987037983,0.10896497760612789,0.006216683148601849,0.99378836808774,1.9933454079890537e-05,2.0086629405962476e-05,2.769946256999559e-07,0.0,2.014379873842287e-14,0.005258030729224116
1088,65536,exact,273,17.418866987037983,17.310483155057508,0.10838383198047552,0.0062222090599307,0.9937829100227273,2.0086629405962476e-05,2.0240969383010853e-05,2.7922038024002625e-07,0.0,2.0834648974598843e-14,0.005234646478930253
1088,65536,exact,274,17.310483155057508,17.202677883538048,0.10780527151946018,0.006227744803758601,0.9937774430949421,2.0240969383010853e-05,2.0396484750456216e-05,2.814659728156049e-07,0.0,2.1570920505538382e-14,0.005211345500911812
1088,65536,exact,275,17.202677883538048,17.09544859652303,0.10722928701501644,0.006233290406351709,0.9937719672972392,2.0396484750456216e-05,2.0553186356759784e-05,2.837316026586382e-07,0.0,2.2307866274703936e-14,0.0051881275725679365
1088,65536,exact,276,17.09544859652303,16.98879272723932,0.10665586928370985,0.006238845894070432,0.9937664826154876,2.0553186356759784e-05,2.0711085147485747e-05,2.860174582721746e-07,0.0,2.3084226180971126e-14,0.005164992471696808
1088,65536,exact,277,16.98879272723932,16.88270771807266,0.1060850091666623,0.006244411293368056,0.9937609890381344,2.0711085147485747e-05,2.0870192176035446e-05,2.8832373970455617e-07,0.0,2.3887562392542472e-14,0.005141939976489506
1088,65536,exact,278,16.88270771807266,16.777191020543114,0.10551669752954496,0.006249986630793299,0.9937554865549744,2.0870192176035446e-05,2.1030518609041464e-05,2.906506533562573e-07,0.0,2.470671779143674e-14,0.0051189698655370085
1088,65536,exact,279,16.777191020543114,16.67224009528057,0.10495092526254268,0.006255571932991271,0.993749975155184,2.1030518609041464e-05,2.119207570575594e-05,2.929983860968842e-07,0.0,2.557653592497218e-14,0.005096081917827427
1088,65536,exact,280,16.67224009528057,16.567852412000324,0.1043876832802475,0.006261167226700186,0.9937444548278345,2.119207570575594e-05,2.135487485392907e-05,2.9536716149485984e-07,0.0,2.645242220254175e-14,0.0050732759127412996
1088,65536,exact,281,16.567852412000324,16.464025449478715,0.10382696252160883,0.006266772538751343,0.9937389255629591,2.135487485392907e-05,2.1518927531685412e-05,2.9775716618413144e-07,0.0,2.737364507158016e-14,0.005050551630049944
1088,65536,exact,282,16.464025449478715,16.360756695528682,0.10326875395003299,0.006272387896078154,0.9937333873487739,2.1518927531685412e-05,2.1684245339311022e-05,3.0016861946571977e-07,0.0,2.8329230373222783e-14,0.005027908849930004
1088,65536,exact,283,16.360756695528682,16.258043646975455,0.10271304855322683,0.006278013325709918,0.9937278401758739,2.1684245339311022e-05,2.185083999362086e-05,3.026017360482776e-07,0.0,2.930472094912588e-14,0.0050053473529501165
1088,65536,exact,284,16.258043646975455,16.15588380963238,0.10215983734307699,0.0062836488547674775,0.9937222840343215,2.185083999362086e-05,2.2018723315578885e-05,3.0505671937629006e-07,0.0,3.032682544218228e-14,0.004982866920065515
1088,65536,exact,285,16.15588380963238,16.054274698276593,0.10160911135578488,0.006289294510474506,0.9937167189174404,2.2018723315578885e-05,2.218790724267778e-05,3.075337861564962e-07,0.0,3.1386710992818007e-14,0.0049604673326332374
1088,65536,exact,286,16.054274698276593,15.953213836624903,0.10106086165169081,0.006294950320149908,0.993711144806473,2.218790724267778e-05,2.2358403831633903e-05,3.100331571289181e-07,0.0,3.247618509836722e-14,0.0049381483723997185
1088,65536,exact,287,15.953213836624903,15.852698757309602,0.10051507931530068,0.006300616311212555,0.9937055617007762,2.2358403831633903e-05,2.253022525702656e-05,3.1255505238676084e-07,0.0,3.3606753854385427e-14,0.0049159098215073
1088,65536,exact,288,15.852698757309602,15.752727001854407,0.09997175545519532,0.0063062925111788196,0.9936999695881339,2.253022525702656e-05,2.270338380547896e-05,3.1509968754771706e-07,0.0,3.4789852205660554e-14,0.004893751462488732
1088,65536,exact,289,15.752727001854407,15.653296120650399,0.09943088120400745,0.006311978947664266,0.9936943684576349,2.270338380547896e-05,2.2877891895466507e-05,3.1766729901738716e-07,0.0,3.5987594062527814e-14,0.004871673078269057
1088,65536,exact,290,15.653296120650399,15.554403672931967,0.09889244771843231,0.0063176756483875485,0.9936887583029521,2.2877891895466507e-05,2.305376205787397e-05,3.202581049217603e-07,0.0,3.7243076461343505e-14,0.004849674452170982
1088,65536,exact,291,15.554403672931967,15.456047226752926,0.09835644617904116,0.006323382641161788,0.9936831391136228,2.305376205787397e-05,2.3231006944206473e-05,3.228723327038026e-07,0.0,3.8544068246349275e-14,0.004827755367900346
1088,65536,exact,292,15.456047226752926,15.358224358962536,0.09782286779038962,0.006329099953904623,0.9936775108824126,2.3231006944206473e-05,2.34096393343419e-05,3.25510218621887e-07,0.0,3.9891118294894945e-14,0.004805915609559778
1088,65536,exact,293,15.358224358962536,15.260932655181643,0.09729170378089336,0.006334827614633539,0.9936718736000003,2.34096393343419e-05,2.35896721323065e-05,3.28171995935421e-07,0.0,4.128470094543098e-14,0.004784154961641545
1088,65536,exact,294,15.260932655181643,15.16416970977883,0.09676294540281205,0.006340565651468065,0.9936662272594254,2.35896721323065e-05,2.3771118364687734e-05,3.308578974178809e-07,0.0,4.272595461023848e-14,0.004762473209029079
1088,65536,exact,295,15.16416970977883,15.067933125846643,0.09623658393218726,0.006346314092629004,0.9936605718511137,2.3771118364687734e-05,2.395399119255116e-05,3.3356816897522695e-07,0.0,4.4220195268094425e-14,0.004740870136995751
1088,65536,exact,296,15.067933125846643,14.972220515177826,0.09571261066881753,0.006352072966440086,0.9936549073687982,2.395399119255116e-05,2.4138303899007675e-05,3.3630304524113355e-07,0.0,4.578089074286015e-14,0.004719345531204898
1088,65536,exact,297,14.972220515177826,14.877029498241619,0.09519101693620691,0.006357842301327895,0.9936492338032874,2.4138303899007675e-05,2.4324069908969448e-05,3.390627817732653e-07,0.0,4.736369716568101e-14,0.004697899177709404
1088,65536,exact,298,14.877029498241619,14.782357704160098,0.09467179408152049,0.006363622125822239,0.9936435511505951,2.4324069908969448e-05,2.4511302762222736e-05,3.4184760847306675e-07,0.0,4.903406646645722e-14,0.004676530862951886
1088,65536,exact,299,14.782357704160098,14.688202770684557,0.09415493347554182,0.006369412468556652,0.9936378594020552,2.4511302762222736e-05,2.470001614657036e-05,3.446577895070721e-07,0.0,5.0747397278318174e-14,0.004655240373762846
1088,65536,exact,300,14.688202770684557,14.594562344171917,0.09364042651263915,0.006375213358269492,0.9936321585514073,2.470001614657036e-05,2.489022387850911e-05,3.474935710630788e-07,0.0,5.252528894141885e-14,0.004634027497363019
1088,65536,exact,301,14.594562344171917,14.501434079561212,0.093128264610705,0.006381024823803239,0.99362644859056,2.489022387850911e-05,2.5081939910609652e-05,3.503552079415208e-07,0.0,5.435882728102234e-14,0.004612892021359128
1088,65536,exact,302,14.501434079561212,14.408815640350083,0.09261843921112956,0.006386846894106077,0.9936207295151505,2.5081939910609652e-05,2.527517832882786e-05,3.532429534814275e-07,0.0,5.6288696983651174e-14,0.004591833733747774
1088,65536,exact,303,14.408815640350083,14.316704698571334,0.09211094177874912,0.006392679598231791,0.993615001319392,2.527517832882786e-05,2.5469953369460047e-05,3.5615707917149715e-07,0.0,5.825761151701664e-14,0.004570852422911393
1088,65536,exact,304,14.316704698571334,14.225098934769528,0.0916057638018053,0.006398522965340387,0.9936092639959283,2.5469953369460047e-05,2.5666279406108413e-05,3.590978449589235e-07,0.0,6.029032118383751e-14,0.004549947877621082
1088,65536,exact,305,14.225098934769528,14.133996037977624,0.09110289679190409,0.006404377024698712,0.9936035175419415,2.5666279406108413e-05,2.586417094217735e-05,3.62065504473244e-07,0.0,6.241950790335064e-14,0.004529119887033553
1088,65536,exact,306,14.133996037977624,14.043393705693672,0.09060233228395198,0.006410241805679457,0.9935977619504057,2.586417094217735e-05,2.6063642636809115e-05,3.6506033858582093e-07,0.0,6.462683510631388e-14,0.004508368240690839
1088,65536,exact,307,14.043393705693672,13.953289643857476,0.09010406183619679,0.0064161173377675455,0.9935919972171383,2.6063642636809115e-05,2.626470929437511e-05,3.6808261900533575e-07,0.0,6.689115407410018e-14,0.004487692728526777
1088,65536,exact,308,13.953289643857476,13.863681566827443,0.08960807703003226,0.0064220036505498596,0.9935862233388658,2.626470929437511e-05,2.6467385860462908e-05,3.711326148171866e-07,0.0,6.924565155758296e-14,0.004467093140852951
1088,65536,exact,309,13.863681566827443,13.77456719735735,0.08911436947009399,0.006427900773725494,0.993580440308468,2.6467385860462908e-05,2.6671687429862067e-05,3.7421060450569993e-07,0.0,7.169649056848644e-14,0.004446569268370514
1088,65536,exact,310,13.77456719735735,13.685944266573184,0.08862293078416528,0.00643380873710265,0.9935746481267248,2.6671687429862067e-05,2.687762925450411e-05,3.7731687565098933e-07,0.0,7.421807038301281e-14,0.004426120902166146
1088,65536,exact,311,13.685944266573184,13.597810513950062,0.08813375262312206,0.006439727570598227,0.9935688467853439,2.687762925450411e-05,2.7085226725682935e-05,3.804516998049079e-07,0.0,7.684364551467128e-14,0.004405747833709053
1088,65536,exact,312,13.597810513950062,13.510163687289145,0.08764682666091694,0.006445657304240239,0.9935630362845747,2.7085226725682935e-05,2.729449540532742e-05,3.8361538084300145e-07,0.0,7.954122861124173e-14,0.0043854498548552
1088,65536,exact,313,13.510163687289145,13.423001542694646,0.08716214459449922,0.006451597968165593,0.9935572166206863,2.729449540532742e-05,2.75054509869402e-05,3.8680818532448534e-07,0.0,8.2367509893818e-14,0.0043652267578402695
1088,65536,exact,314,13.423001542694646,13.33632184455077,0.08667969814387533,0.006457549592628186,0.9935513877890577,2.75054509869402e-05,2.7718109341103376e-05,3.9003042654491193e-07,0.0,8.52798802170214e-14,0.004345078335293069
1088,65536,exact,315,13.33632184455077,13.25012236549893,0.08619947905184056,0.006463512207982722,0.9935455497917256,2.7718109341103376e-05,2.793248648936093e-05,3.932823931399126e-07,0.0,8.827270172955502e-14,0.004325004380209662
1088,65536,exact,316,13.25012236549893,13.164400886414697,0.08572147908423311,0.006469485844707162,0.9935397026220342,2.793248648936093e-05,2.814859860221712e-05,3.9656437352058124e-07,0.0,9.143710840027984e-14,0.004305004685984979
1088,65536,exact,317,13.164400886414697,13.079155196385049,0.0852456900296481,0.0064754705333851794,0.9935338462826626,2.814859860221712e-05,2.8366462035353115e-05,3.9987669327039475e-07,0.0,9.464483572405903e-14,0.00428507904638578
1088,65536,exact,318,13.079155196385049,12.99438309268548,0.084772103699569,0.00648146630471968,0.9935279807704823,2.8366462035353115e-05,2.858609328744326e-05,4.032196378630625e-07,0.0,9.80067264323703e-14,0.0042652272555698655
1088,65536,exact,319,12.99438309268548,12.91008238075732,0.0843007119281598,0.006487473189520828,0.993522106084913,2.858609328744326e-05,2.8807509030623744e-05,4.065935244264765e-07,0.0,1.0148315632394107e-13,0.004245449108067807
1088,65536,exact,320,12.91008238075732,12.826250874184957,0.08383150657236271,0.006493491218717154,0.9935162222268662,2.8807509030623744e-05,2.903072610460107e-05,4.0999866581310946e-07,0.0,1.0508367654228461e-13,0.004225744398796805
1088,65536,exact,321,12.826250874184957,12.742886394673164,0.08336447951179338,0.006499520423351361,0.993510329194978,2.903072610460107e-05,2.925576151449692e-05,4.134353743591389e-07,0.0,1.0881366405255007e-13,0.004206112923054459
1088,65536,exact,322,12.742886394673164,12.659986772024464,0.08289962264869999,0.006505560834580935,0.9935044269897185,2.925576151449692e-05,2.948263243612024e-05,4.169039692025473e-07,0.0,1.1269042882004754e-13,0.0041865544765184335
1088,65536,exact,323,12.659986772024464,12.577549844116524,0.08243692790794022,0.006511612483680162,0.9934985156139884,2.948263243612024e-05,2.9711356224055503e-05,4.2040477906616905e-07,0.0,1.1668894949151513e-13,0.0041670688552474565
1088,65536,exact,324,12.577549844116524,12.495573456879605,0.08197638723691902,0.006517675402039103,0.9934925950669589,2.9711356224055503e-05,2.994195039624977e-05,4.239381191029441e-07,0.0,1.208489146427294e-13,0.004147655855679892
1088,65536,exact,325,12.495573456879605,12.414055464274048,0.0815179926055567,0.006523749621164916,0.9934866653510055,2.994195039624977e-05,3.0174432660173713e-05,4.275043320369989e-07,0.0,1.2513868928717628e-13,0.004128315274633678
1088,65536,exact,326,12.414055464274048,12.332993728267796,0.08106173600625155,0.006529835172682781,0.9934807264693287,3.0174432660173713e-05,3.0408820892022537e-05,4.311037415962187e-07,0.0,1.296029018967807e-13,0.00410904690930692
1088,65536,exact,327,12.332993728267796,12.25238611881397,0.08060760945382661,0.006535932088335553,0.9934747784226095,3.0408820892022537e-05,3.064513314948436e-05,4.3473668591133464e-07,0.0,1.3422187759024387e-13,0.004089850557275431
1088,65536,exact,328,12.25238611881397,12.172230513828476,0.08015560498549412,0.006542040399984813,0.9934688212158157,3.064513314948436e-05,3.0883387671902015e-05,4.384035048968232e-07,0.0,1.3901475592404192e-13,0.004070726016494311
1088,65536,exact,329,12.172230513828476,12.092524799167673,0.07970571466080223,0.0065481601396104976,0.9934628548516093,3.0883387671902015e-05,3.112360288731355e-05,4.4210454726334286e-07,0.0,1.4396656474379918e-13,0.004051673085295994
1088,65536,exact,330,12.092524799167673,12.01326686860602,0.07925793056165276,0.006554291339316341,0.9934568793346639,3.112360288731355e-05,3.136579740276427e-05,4.4584015380632497e-07,0.0,1.4912391119040538e-13,0.004032691562395329
1088,65536,exact,331,12.01326686860602,11.934454623813876,0.07881224479214488,0.006560434031321073,0.9934508946690123,3.136579740276427e-05,3.1609990023697885e-05,4.496106863538211e-07,0.0,1.5443908359200759e-13,0.004013781246878609
1088,65536,exact,332,11.934454623813876,11.85608597433527,0.07836864947860533,0.006566588247964797,0.993444900859387,3.1609990023697885e-05,3.18561997307123e-05,4.534164854318808e-07,0.0,1.599783402538718e-13,0.0039949419382093836
1088,65536,exact,333,11.85608597433527,11.778158837565687,0.07792713676958307,0.006572754021712648,0.993438897911589,3.18561997307123e-05,3.210444570857825e-05,4.5725792214959696e-07,0.0,1.6570163345825187e-13,0.003976173436232729
1088,65536,exact,334,11.778158837565687,11.700671138729916,0.07748769883577111,0.006578931385152409,0.9934328858315778,3.210444570857825e-05,3.2354747337265e-05,4.6113536059269306e-07,0.0,1.7162379644612008e-13,0.003957475541171234
1088,65536,exact,335,11.700671138729916,11.623620810860025,0.07705032786989108,0.006585120370988799,0.9934268646267586,3.2354747337265e-05,3.260712417955228e-05,4.650491542973423e-07,0.0,1.777951904083884e-13,0.003938848053615783
1088,65536,exact,336,11.623620810860025,11.547005794773257,0.0766150160867678,0.006591321012053824,0.9934208343029627,3.260712417955228e-05,3.2861596011821056e-05,4.6899968931816147e-07,0.0,1.8416823919847544e-13,0.003920290774539342
1088,65536,exact,337,11.547005794773257,11.470824039050022,0.07618175572323516,0.0065975333413029694,0.9934147948678366,3.2861596011821056e-05,3.311818280603934e-05,4.7298733569282443e-07,0.0,1.9076641579341552e-13,0.0039018035052888933
1088,65536,exact,338,11.470824039050022,11.395073500011934,0.07575053903808815,0.006603757391815207,0.9934087463313432,3.311818280603934e-05,3.337690473229234e-05,4.770124677949029e-07,0.0,1.9762235467860045e-13,0.0038833860475855158
1088,65536,exact,339,11.395073500011934,11.31975214169988,0.07532135831205444,0.006609993196794699,0.9934026887010335,3.337690473229234e-05,3.363778217301329e-05,4.810754761510708e-07,0.0,2.0471523917231851e-13,0.0038650382035261455
1088,65536,exact,340,11.31975214169988,11.244857935852123,0.07489420584775708,0.006616240789571764,0.993396621985854,3.363778217301329e-05,3.390083570912362e-05,4.851767394617968e-07,0.0,2.1210556097953082e-13,0.003846759775582176
1088,65536,exact,341,11.244857935852123,11.170388861882481,0.07446907396964164,0.006622500203600701,0.9933905461968339,3.390083570912362e-05,3.4166086140210224e-05,4.893166583135447e-07,0.0,2.1971876087208825e-13,0.0038285505665959737
1088,65536,exact,342,11.170388861882481,11.096342906858466,0.07404595502401534,0.006628771472467505,0.9933844613439887,3.4166086140210224e-05,3.443355447677544e-05,4.93495627782996e-07,0.0,2.2763260325081233e-13,0.0038104103797908773
1088,65536,exact,343,11.096342906858466,11.022718065479586,0.07362484137888003,0.00663505462987934,0.9933783674384767,3.443355447677544e-05,3.470326193391364e-05,4.9771403851512e-07,0.0,2.35844519911807e-13,0.003792339018754945
1088,65536,exact,344,11.022718065479586,10.949512340055586,0.07320572542399972,0.006641349709674773,0.9933722644920171,3.470326193391364e-05,3.49752299517212e-05,5.019723035278901e-07,0.0,2.443581022747686e-13,0.00377433628745395
1088,65536,exact,345,10.949512340055586,10.87672374048477,0.0727885995708153,0.006647656745820497,0.9933661525176989,3.49752299517212e-05,3.524948019131901e-05,5.062708339200803e-07,0.0,2.5316414817375815e-13,0.003756401990225258
1088,65536,exact,346,10.87672374048477,10.804350284232369,0.07237345625240188,0.006653975772411797,0.9933600315275098,3.524948019131901e-05,3.5526034529894127e-05,5.106100380180218e-07,0.0,2.623008757353558e-13,0.0037385359317785114
1088,65536,exact,347,10.804350284232369,10.732389996308926,0.07196028792344222,0.006660306823674487,0.9933539015364886,3.5526034529894127e-05,3.5804915064028035e-05,5.14990329443437e-07,0.0,2.7180575092088446e-13,0.0037207379171956766
1088,65536,exact,348,10.732389996308926,10.660840909248758,0.07154908706016805,0.00666664993396393,0.99334776255859,3.5804915064028035e-05,3.608614413088413e-05,5.194121450511213e-07,0.0,2.816195966205172e-13,0.003703007751929473
1088,65536,exact,349,10.660840909248758,10.589701063088425,0.07113984616033342,0.0066730051377669845,0.9933416146082076,3.608614413088413e-05,3.636974428390693e-05,5.238758997664694e-07,0.0,2.918164706188983e-13,0.0036853452418039896
1088,65536,exact,350,10.589701063088425,10.518968505345258,0.07073255774316678,0.0066793724697019954,0.9933354577029966,3.636974428390693e-05,3.665573830652034e-05,5.283820241248406e-07,0.0,3.0240013374231364e-13,0.0036677501930146746
1088,65536,exact,351,10.518968505345258,10.448641290995925,0.07032721434933364,0.00668575196451977,0.9933292918579228,3.665573830652034e-05,3.694414922706293e-05,5.329309658649064e-07,0.0,3.133471604475739e-13,0.0036502224121268876
1088,65536,exact,352,10.448641290995925,10.378717482455036,0.06992380854088864,0.0066921436571035515,0.9933231170914849,3.694414922706293e-05,3.723500029842316e-05,5.375231546251257e-07,0.0,3.2472108498198676e-13,0.0036327617060763076
1088,65536,exact,353,10.378717482455036,10.309195149553792,0.06952233290124354,0.006698547582470505,0.9933169334209447,3.723500029842316e-05,3.752831501986011e-05,5.421590440127498e-07,0.0,3.3651029960604303e-13,0.003615367882168178
1088,65536,exact,354,10.309195149553792,10.240072369518671,0.06912278003512107,0.0067049637757718526,0.9933107408661496,3.752831501986011e-05,3.782411712770711e-05,5.468390806152417e-07,0.0,3.487436237687401e-13,0.003598040748077802
1088,65536,exact,355,10.240072369518671,10.171347226950155,0.0687251425685158,0.006711392272293696,0.9933045394446491,3.782411712770711e-05,3.8122430608600296e-05,5.515637265624005e-07,0.0,3.6139968513475285e-13,0.003580780111848653
1088,65536,exact,356,10.171347226950155,10.10301781380151,0.06832941314864627,0.006717833107456957,0.993298329180113,3.8122430608600296e-05,3.8423279685872174e-05,5.563334326255219e-07,0.0,3.7456082208281796e-13,0.003563585781893126
1088,65536,exact,357,10.10301781380151,10.035082229357586,0.06793558444392289,0.0067242863168188805,0.9932921100915961,3.8423279685872174e-05,3.872668883842809e-05,5.611486708119396e-07,0.0,3.8820337867678453e-13,0.003546457566991742
1088,65536,exact,358,10.035082229357586,9.96753858021365,0.06754364914393562,0.006730751936076517,0.9932858822007666,3.872668883842809e-05,3.9032682799493305e-05,5.660099142442044e-07,0.0,4.0234352985781333e-13,0.0035293952762961273
1088,65536,exact,359,9.96753858021365,9.900384980254326,0.06715359995932424,0.006737230001058579,0.9932796455333559,3.9032682799493305e-05,3.9341286553600294e-05,5.709176353030819e-07,0.0,4.1699941568350274e-13,0.0035123987193197846
1088,65536,exact,360,9.900384980254326,9.833619550632491,0.06676542962183518,0.006743720547735718,0.9932734001095764,3.9341286553600294e-05,3.965252534185221e-05,5.758723142945135e-07,0.0,4.322220275372775e-13,0.0034954677059473244
1088,65536,exact,361,9.833619550632491,9.767240419748257,0.06637913088423453,0.0067502236122166295,0.9932671459575921,3.965252534185221e-05,3.996642466497723e-05,5.808744366868633e-07,0.0,4.480222752034982e-13,0.0034786020464299227
1088,65536,exact,362,9.767240419748257,9.701245723227983,0.06599469652027423,0.006756739230749395,0.9932608831006454,3.996642466497723e-05,4.0283010295876944e-05,5.859245031374806e-07,0.0,4.643712375892138e-13,0.0034618015513844923
1088,65536,exact,363,9.701245723227983,9.635633603903335,0.06561211932464772,0.006763267439721753,0.9932546115662332,4.0283010295876944e-05,4.060230826214171e-05,5.910229993714176e-07,0.0,4.813795304210722e-13,0.003445066031794808
1088,65536,exact,364,9.635633603903335,9.570402211790373,0.06523139211296147,0.006769808275663019,0.9932483313816629,4.060230826214171e-05,4.0924344870267147e-05,5.961704376278892e-07,0.0,4.989769041745598e-13,0.003428395299010366
1088,65536,exact,365,9.570402211790373,9.505549704068695,0.06485250772167817,0.006776361775243086,0.9932420425756624,4.0924344870267147e-05,4.124914668897503e-05,6.013673162302431e-07,0.0,5.172701866449844e-13,0.0034117891647458894
1088,65536,exact,366,9.505549704068695,9.441074245060609,0.06447545900808649,0.006782927975274152,0.9932357451773215,4.124914668897503e-05,4.157674057267617e-05,6.066141593312434e-07,0.0,5.362078307953079e-13,0.003395247441081355
1088,65536,exact,367,9.441074245060609,9.376974006210345,0.06410023885026384,0.006789506912711746,0.9932294392167885,4.157674057267617e-05,4.190715364556388e-05,6.119114779799153e-07,0.0,5.55877087795361e-13,0.003378769940461722
1088,65536,exact,368,9.376974006210345,9.313247166063325,0.06372684014701946,0.0067960986246536825,0.9932231247264245,4.190715364556388e-05,4.224041331521636e-05,6.172597992738884e-07,0.0,5.762948576465074e-13,0.0033623564756955146
1088,65536,exact,369,9.313247166063325,9.249891910245426,0.0633552558178998,0.006802703148345609,0.9932168017375643,4.224041331521636e-05,4.257654727779163e-05,6.226596582407088e-07,0.0,5.97461092914902e-13,0.003346006859958819
1088,65536,exact,370,9.249891910245426,9.186906431442363,0.06298547880306238,0.006809320521172576,0.9932104702841622,4.257654727779163e-05,4.291558351018374e-05,6.281115847435226e-07,0.0,6.19411070828732e-13,0.0033297209067858972
1088,65536,exact,371,9.186906431442363,9.124288929379041,0.06261750206332195,0.006815950780668926,0.9932041304011041,4.291558351018374e-05,4.325755028167508e-05,6.336161230041216e-07,0.0,6.422170466865301e-13,0.0033134984300780884
1088,65536,exact,372,9.124288929379041,9.062037610798976,0.062251318580065274,0.006822593964514211,0.993197782124235,4.325755028167508e-05,4.360247616020936e-05,6.391738261775871e-07,0.0,6.658554933011533e-13,0.00329733924409904
1088,65536,exact,373,9.062037610798976,9.000150689443744,0.06188692135523155,0.006829250110536139,0.9931914254893608,4.360247616020936e-05,4.395039000178812e-05,6.447852397488833e-07,0.0,6.90384971142443e-13,0.0032812431634754893
1088,65536,exact,374,9.000150689443744,8.938626386032501,0.06152430341124315,0.006835919256708098,0.993185060535734,4.395039000178812e-05,4.430132096957792e-05,6.504509309393512e-07,0.0,7.15856485146351e-13,0.003265210003194822
1088,65536,exact,375,8.938626386032501,8.877462928241497,0.06116345779100385,0.006842601441154077,0.9931786873014186,4.430132096957792e-05,4.465529852786865e-05,6.561714638402303e-07,0.0,7.422557848305728e-13,0.0032492395786086043
1088,65536,exact,376,8.877462928241497,8.816658550683671,0.06080437755782597,0.006849296702145787,0.9931723058270528,4.465529852786865e-05,4.501235244592431e-05,6.619474092778909e-07,0.0,7.69672289769284e-13,0.003233331705428053
1088,65536,exact,377,8.816658550683671,8.756211494888259,0.06044705579541265,0.006856005078105854,0.9931659161538181,4.501235244592431e-05,4.5372512806931744e-05,6.677793498466671e-07,0.0,7.981098963140421e-13,0.003217486199727377
1088,65536,exact,378,8.756211494888259,8.696120009280456,0.06009148560780275,0.006862726607606867,0.9931595183254991,4.5372512806931744e-05,4.5735810001826106e-05,6.736678649213099e-07,0.0,8.276450745993251e-13,0.0032017028779402347
1088,65536,exact,379,8.696120009280456,8.636382349161115,0.059737660119340674,0.006869461329373208,0.9931531123849604,4.5735810001826106e-05,4.6102274743045575e-05,6.796135505528452e-07,0.0,8.582680668055807e-13,0.003185981556861575
1088,65536,exact,380,8.636382349161115,8.576996776686482,0.05938557247463372,0.0068762092822814945,0.993146698377598,4.6102274743045575e-05,4.647193806414453e-05,6.856170054345871e-07,0.0,8.900426917831869e-13,0.0031703220536467036
1088,65536,exact,381,8.576996776686482,8.517961560847976,0.059035215838505906,0.006882970505360591,0.9931402763504132,4.647193806414453e-05,4.684483131512119e-05,6.916788266219701e-07,0.0,9.230645761637568e-13,0.003154724185809659
1088,65536,exact,382,8.517961560847976,8.459274977452003,0.0586865833959731,0.006889745037794086,0.9931338463509214,4.684483131512119e-05,4.722098618072178e-05,6.977996323737141e-07,0.0,9.572983275226224e-13,0.003139187771225533
1088,65536,exact,383,8.459274977452003,8.400935309099815,0.05833966835218796,0.006896532918919288,0.9931274084288985,4.722098618072178e-05,4.760043467943453e-05,7.039800431203872e-07,0.0,9.928029061291761e-13,0.003123712628127539
1088,65536,exact,384,8.400935309099815,8.342940845167412,0.057994463932402596,0.006903334188228248,0.9931209626345464,4.760043467943453e-05,4.798320914904613e-05,7.102206681129898e-07,0.0,1.0297297275930692e-12,0.0031082985751074493
1088,65536,exact,385,8.342940845167412,8.285289881785468,0.057650963381943754,0.006910148885370278,0.9931145090203151,4.798320914904613e-05,4.836934227986765e-05,7.16522152608898e-07,0.0,1.0680152847720482e-12,0.0030929454311166647
1088,65536,exact,386,8.285289881785468,8.227980721819325,0.0573091599661435,0.006916977050149204,0.9931080476388107,4.836934227986765e-05,4.875886710339325e-05,7.22885134000342e-07,0.0,1.107739828955668e-12,0.003077653015462525
1088,65536,exact,387,8.227980721819325,8.17101167484897,0.05696904697035521,0.0069238187225308095,0.9931015785457307,4.875886710339325e-05,4.915181698641828e-05,7.293102469453157e-07,0.0,1.1490083651243335e-12,0.003062421147814153
1088,65536,exact,388,8.17101167484897,8.114381057149144,0.05663061769982569,0.006930673942632989,0.9930951017972142,4.915181698641828e-05,4.954822565510879e-05,7.357981532762216e-07,0.0,1.1918125381450533e-12,0.0030472496481925237
1088,65536,exact,389,8.114381057149144,8.058087191669399,0.05629386547974491,0.006937542750737275,0.9930886174515909,4.954822565510879e-05,4.994812718390364e-05,7.423495071617153e-07,0.0,1.236269516391355e-12,0.0030321383369799238
1088,65536,exact,390,8.058087191669399,8.002128408014249,0.05595878365515006,0.00694442518728282,0.9930821255675361,4.994812718390364e-05,5.035155600517353e-05,7.489649756764505e-07,0.0,1.2824115752066607e-12,0.003017087034912607
1088,65536,exact,391,8.002128408014249,7.946503042423345,0.05562536559090425,0.0069513212928693615,0.9930756262071833,5.035155600517353e-05,5.075854691345533e-05,7.556452334178823e-07,0.0,1.3303063145964251e-12,0.0030020955630841732
1088,65536,exact,392,7.946503042423345,7.891209437751651,0.05529360467169386,0.006958231108262644,0.9930691194325331,5.075854691345533e-05,5.1169135062834544e-05,7.623909558737836e-07,0.0,1.3800592477608217e-12,0.002987163742947281
1088,65536,exact,393,7.891209437751651,7.836245943449762,0.05496349430188907,0.006965154674382736,0.9930626053079697,5.1169135062834544e-05,5.158335598522007e-05,7.692028400252328e-07,0.0,1.4316590176820937e-12,0.00297229139630347
1088,65536,exact,394,7.836245943449762,7.781610915544147,0.05463502790561492,0.006972092032318585,0.9930560838995448,5.158335598522007e-05,5.2001245576370626e-05,7.76081572557209e-07,0.0,1.4852653747740932e-12,0.0029574783453151124
1088,65536,exact,395,7.781610915544147,7.727302716617499,0.05430819892664829,0.0069790432233208955,0.9930495552750572,5.2001245576370626e-05,5.2422840113575766e-05,7.830278611280131e-07,0.0,1.5409161305875857e-12,0.002942724412496613
1088,65536,exact,396,7.727302716617499,7.673319715789098,0.05398300082840013,0.006986008288805633,0.9930430195039781,5.2422840113575766e-05,5.284817625166326e-05,7.900424130065704e-07,0.0,1.5987028527723011e-12,0.0029280294207184314
1088,65536,exact,397,7.673319715789098,7.61966028869523,0.053659427093868395,0.006992987270353851,0.9930364766573688,5.284817625166326e-05,5.327729103475123e-05,7.971259507043928e-07,0.0,1.6586724805060446e-12,0.0029133931932044006
1088,65536,exact,398,7.61966028869523,7.566322817469626,0.05333747122560428,0.006999980209713214,0.9930299268083445,5.327729103475123e-05,5.371022189304009e-05,8.04279197238919e-07,0.0,1.7209847099925596e-12,0.0028988155535324142
1088,65536,exact,399,7.566322817469626,7.513305690723954,0.053017126745671384,0.007006987148798613,0.9930233700316896,5.371022189304009e-05,5.414700665172316e-05,8.115028879859061e-07,0.0,1.7856392498525123e-12,0.0028842963256337254
1088,65536,exact,400,7.513305690723954,7.460607303528352,0.05269838719560216,0.007014008129692423,0.9930168064039548,5.414700665172316e-05,5.458768353181989e-05,8.187977629806706e-07,0.0,1.852788620226517e-12,0.0028698353337924492
1088,65536,exact,401,7.460607303528352,7.4082260573919845,0.05238124613636774,0.007021043194646504,0.9930102360043151,5.458768353181989e-05,5.5032291153908374e-05,8.261645695930323e-07,0.0,1.922545998268854e-12,0.0028554324026461688
1088,65536,exact,402,7.4082260573919845,7.3561603602436545,0.05206569714832998,0.007028092386081879,0.9930036589130035,5.5032291153908374e-05,5.5480868551222566e-05,8.336040719792182e-07,0.0,1.994953376484917e-12,0.002841087357184181
1088,65536,exact,403,7.3561603602436545,7.304408626412445,0.05175173383120946,0.0070351557465905094,0.9929970752126429,5.5480868551222566e-05,5.593345516298961e-05,8.411170315104944e-07,0.0,2.070141990771421e-12,0.002826800022748075
1088,65536,exact,404,7.304408626412445,7.252969276608406,0.0514393498040393,0.007042233318935184,0.9929904849875472,5.593345516298961e-05,5.639009084214862e-05,8.487042210866537e-07,0.0,2.148264307058872e-12,0.0028125702250308745
1088,65536,exact,405,7.252969276608406,7.201840737903269,0.05112853870513678,0.007049325146051802,0.9929838883248175,5.639009084214862e-05,5.685081586657327e-05,8.563664284962232e-07,0.0,2.2293493819654925e-12,0.0027983977900777474
1088,65536,exact,406,7.201840737903269,7.151021443711217,0.05081929419205178,0.007056431271048521,0.9929772853131746,5.685081586657327e-05,5.731567093275697e-05,8.641044393108009e-07,0.0,2.3135829054421117e-12,0.002784282544283659
1088,65536,exact,407,7.151021443711217,7.100509833769679,0.05051160994153836,0.007063551737208047,0.9929706760429147,5.731567093275697e-05,5.778469716795651e-05,8.719190550588904e-07,0.0,2.4010553067261783e-12,0.002770224314395224
1088,65536,exact,408,7.100509833769679,7.050304354120168,0.05020547964951039,0.007070686587987748,0.9929640606074707,5.778469716795651e-05,5.8257936132308256e-05,8.79811083348824e-07,0.0,2.4919076744016506e-12,0.002756222927508539
1088,65536,exact,409,7.050304354120168,7.000403457089163,0.04990089703100509,0.007077835867020863,0.9929574391023956,5.8257936132308256e-05,5.8735429823896316e-05,8.877813408245926e-07,0.0,2.5862560045484574e-12,0.0027422782110702996
1088,65536,exact,410,7.000403457089163,6.95080560126903,0.04959785582013332,0.00708499961811581,0.9929508116246205,5.8735429823896316e-05,5.921722068177922e-05,8.958306512915579e-07,0.0,2.684271126771401e-12,0.0027283899928751713
1088,65536,exact,411,6.95080560126903,6.901509251498943,0.04929634977008668,0.007092177885263615,0.9929441782744053,5.921722068177922e-05,5.9703351590966926e-05,9.039598475029854e-07,0.0,2.786099449021348e-12,0.002714558101071278
1088,65536,exact,412,6.901509251498943,6.852512878845929,0.04899637265301404,0.007099370712626733,0.9929375391540661,5.9703351590966926e-05,6.0193865896422704e-05,9.121697802330083e-07,0.0,2.8917950052240703e-12,0.0027007823641498323
1088,65536,exact,413,6.852512878845929,6.803814960585868,0.048697918260061535,0.007106578144551116,0.992930894367662,6.0193865896422704e-05,6.068880738587092e-05,9.204612875596734e-07,0.0,3.0016708587568726e-12,0.0026870626109539906
1088,65536,exact,414,6.803814960585868,6.755413980184566,0.048400980401301474,0.007113800225562532,0.9929242440227759,6.068880738587092e-05,6.118822032216367e-05,9.288352436559904e-07,0.0,3.1157520682424666e-12,0.0026733986706746577
1088,65536,exact,415,6.755413980184566,6.707308427278882,0.04810555290568441,0.007121037000366055,0.9929175882286944,6.118822032216367e-05,6.169214942793595e-05,9.372925119037134e-07,0.0,3.2342565041074134e-12,0.0026597903728490862
1088,65536,exact,416,6.707308427278882,6.659496797657823,0.04781162962105867,0.007128288513855562,0.9929109270973137,6.169214942793595e-05,6.220063989764436e-05,9.458339719067541e-07,0.0,3.3573802781959247e-12,0.002646237547367075
1088,65536,exact,417,6.659496797657823,6.6119775932438225,0.047519204414000704,0.007135554811095252,0.9929042607431141,6.220063989764436e-05,6.271373740186953e-05,9.544605118317897e-07,0.0,3.485281480737276e-12,0.0026327400244557397
1088,65536,exact,418,6.6119775932438225,6.564749322073876,0.047228271169946545,0.007142835937345706,0.9928975892836841,6.271373740186953e-05,6.323148809321396e-05,9.631730300768722e-07,0.0,3.618149183037822e-12,0.002619297634698352
1088,65536,exact,419,6.564749322073876,6.517810498280856,0.04693882379302039,0.007150131938045107,0.9928909128388037,6.323148809321396e-05,6.37539386123558e-05,9.719724355238696e-07,0.0,3.756195224649539e-12,0.0026059102090192996
1088,65536,exact,420,6.517810498280856,6.47115964207477,0.04665085620608522,0.007157442858823511,0.9928842315312922,6.37539386123558e-05,6.428113608764482e-05,9.808596410341405e-07,0.0,3.8996114009367394e-12,0.0025925775786931698
1088,65536,exact,421,6.47115964207477,6.424795279724153,0.04636436235061758,0.00716476874549062,0.9928775454859968,6.428113608764482e-05,6.481312815020306e-05,9.898355790439979e-07,0.0,4.048593058025851e-12,0.0025792995753350393
1088,65536,exact,422,6.424795279724153,6.378715943537407,0.046079336186745756,0.007172109644048325,0.9928708548314663,6.481312815020306e-05,6.534996292754823e-05,9.989011801504518e-07,0.0,4.2033957017113474e-12,0.002566076030908536
1088,65536,exact,423,6.378715943537407,6.332920171844227,0.04579577169317961,0.007179465600686855,0.9928641596992891,6.534996292754823e-05,6.589168905559188e-05,1.0080573914098505e-06,0.0,4.364257842918648e-12,0.0025529067777220107
1088,65536,exact,424,6.332920171844227,6.2874065089770586,0.04551366286716885,0.0071868366617851565,0.9928574602227824,6.589168905559188e-05,6.643835568613163e-05,1.0173051719713304e-06,0.0,4.531363958647401e-12,0.0025397916484275734
1088,65536,exact,425,6.2874065089770586,6.242173505252584,0.045233003724474585,0.007194222873913373,0.9928507565394133,6.643835568613163e-05,6.699001248509661e-05,1.0266454838964454e-06,0.0,4.705010266483657e-12,0.0025267304760221796
1088,65536,exact,426,6.242173505252584,6.1972197169532555,0.0449537882993285,0.007201624283833406,0.992844048789045,6.699001248509661e-05,6.754670964272657e-05,1.036079304050225e-06,0.0,4.885455633248624e-12,0.002513723093846613
1088,65536,exact,427,6.1972197169532555,6.152543706308865,0.044676010644390196,0.00720904093849916,0.9928373371149897,6.754670964272657e-05,6.810849788136e-05,1.0456076217251508e-06,0.0,5.0729291915189295e-12,0.002500769335584657
1088,65536,exact,428,6.152543706308865,6.1081440414781465,0.04439966483071878,0.007216472885059073,0.992830621663691,6.810849788136e-05,6.867542845297648e-05,1.0552314285952689e-06,0.0,5.267749615418121e-12,0.0024878690352641702
1088,65536,exact,429,6.1081440414781465,6.064019296530421,0.04412474494772578,0.007223920170855658,0.9928239025844249,6.867542845297648e-05,6.924755315156994e-05,1.0649517334230871e-06,0.0,5.470194704647845e-12,0.0024750220272552127
1088,65536,exact,430,6.064019296530421,6.020168051427283,0.04385124510313787,0.007231382843426591,0.9928171800300998,6.924755315156994e-05,6.982492431705873e-05,1.074769553716271e-06,0.0,5.680583661880206e-12,0.002462228146270017
1088,65536,exact,431,6.020168051427283,5.976588892004314,0.043579159422968416,0.0072388609505072725,0.9928104541569777,6.982492431705873e-05,7.040759483606148e-05,1.084685912614591e-06,0.0,5.899248781528546e-12,0.0024494872273639013
1088,65536,exact,432,5.976588892004314,5.933280409952846,0.043308482051468644,0.007246354540030053,0.9928037251247427,7.040759483606148e-05,7.099561816121596e-05,1.0947018573108157e-06,0.0,6.12641029215915e-12,0.002436799105933217
1088,65536,exact,433,5.933280409952846,5.890241202801753,0.043039207151092995,0.007253863660125756,0.9927969930964514,7.099561816121596e-05,7.15890482963324e-05,1.104818425434846e-06,0.0,6.3625814686329996e-12,0.002424163617715676
1088,65536,exact,434,5.890241202801753,5.847469873899285,0.04277132890246804,0.007261388359125842,0.9927902582383371,7.15890482963324e-05,7.218793982113117e-05,1.1150366839617154e-06,0.0,6.6079831629326305e-12,0.0024115805987907826
1088,65536,exact,435,5.847469873899285,5.804965032394941,0.04250484150434364,0.007268928685561575,0.9927835207207296,7.218793982113117e-05,7.2792347889946e-05,1.1253577037625256e-06,0.0,6.863015296581891e-12,0.0023990498855778635
1088,65536,exact,436,5.804965032394941,5.762725293221378,0.04223973917356272,0.007276484688166324,0.9927767807174451,7.2792347889946e-05,7.340232823063e-05,1.1357825596762812e-06,0.0,7.128091167448933e-12,0.0023865713148369643
1088,65536,exact,437,5.762725293221378,5.720749277076355,0.04197601614502311,0.007284056415876525,0.9927700384062098,7.340232823063e-05,7.401793715935596e-05,1.1463123463630392e-06,0.0,7.403634847660996e-12,0.0023741447236680416
1088,65536,exact,438,5.720749277076355,5.679035610404725,0.041713666671630456,0.007291643917831098,0.9927632939680147,7.401793715935596e-05,7.463923158881425e-05,1.1569481717457126e-06,0.0,7.689971191294012e-12,0.0023617699495104014
1088,65536,exact,439,5.679035610404725,5.6375829253804275,0.04145268502429733,0.0072992472433789065,0.9927565475881577,7.463923158881425e-05,7.526626902300149e-05,1.1676911438809746e-06,0.0,7.987623678261911e-12,0.0023494468301450263
1088,65536,exact,440,5.6375829253804275,5.596389859888595,0.041193065491832215,0.007306866442067011,0.9927497994560046,7.526626902300149e-05,7.589910757085686e-05,1.178542389507135e-06,0.0,8.29703669593014e-12,0.002337175203687289
1088,65536,exact,441,5.596389859888595,5.555455057507617,0.040934802380978574,0.007314501563655082,0.9927430497641899,7.589910757085686e-05,7.653780595576337e-05,1.1895030500673822e-06,0.0,8.618576772395636e-12,0.002324954908594498
1088,65536,exact,442,5.555455057507617,5.514777167491276,0.04067789001634026,0.007322152658110039,0.9927362987103854,7.653780595576337e-05,7.718242350872148e-05,1.2005742656884226e-06,0.0,8.95290514901087e-12,0.0023127857836617053
1088,65536,exact,443,5.514777167491276,5.474354844750939,0.04042232274033708,0.0073298197756058335,0.9927295464956806,7.718242350872148e-05,7.783302019244175e-05,1.2117572055286562e-06,0.0,9.300337531895943e-12,0.0023006676680202764
1088,65536,exact,444,5.474354844750939,5.434186749837729,0.04016809491321016,0.007337502966532241,0.9927227933256368,7.783302019244175e-05,7.848965658843657e-05,1.2230530316141194e-06,0.0,9.661589020146244e-12,0.002288600401142449
1088,65536,exact,445,5.434186749837729,5.394271548924814,0.03991520091291534,0.007345202281483471,0.9927160394103974,7.848965658843657e-05,7.915239391848453e-05,1.2344629324224446e-06,0.0,1.0037092874502426e-11,0.002276583822833384
1088,65536,exact,446,5.394271548924814,5.354607913789665,0.03966363513514892,0.00735291777127065,0.992709284964071,7.915239391848453e-05,7.982129404355358e-05,1.245988100985705e-06,0.0,1.042744539260683e-11,0.002264617773237688
1088,65536,exact,447,5.354607913789665,5.315194521796382,0.039413391993282865,0.007360649486917982,0.9927025302052342,7.982129404355358e-05,8.049641947117344e-05,1.257629743108789e-06,0.0,1.0833226988539967e-11,0.00225270209283596
1088,65536,exact,448,5.315194521796382,5.2760300558780555,0.03916446591832656,0.007368397479663662,0.9926957753573894,8.049641947117344e-05,8.117783336379275e-05,1.2693890784780494e-06,0.0,1.1255115464842494e-11,0.0022408366224443955
1088,65536,exact,449,5.2760300558780555,5.237113204519156,0.03891685135889933,0.007376161800962798,0.9926890206481306,8.117783336379275e-05,8.186559953967744e-05,1.281267333166016e-06,0.0,1.169372914201338e-11,0.002229021203215439
1088,65536,exact,450,5.237113204519156,5.198442661737971,0.03867054278118509,0.007383942502487038,0.9926822663103197,8.186559953967744e-05,8.255978248737095e-05,1.293265753204281e-06,0.0,1.214973339492588e-11,0.00221725567663683
1088,65536,exact,451,5.198442661737971,5.160017127069073,0.038425534668897754,0.0073917396361261635,0.9926755125813104,8.255978248737095e-05,8.3260447367381e-05,1.3053855918951279e-06,0.0,1.2623766574714097e-11,0.0022055398845309358
1088,65536,exact,452,5.160017127069073,5.121835305545825,0.03818182152324834,0.007399553253990047,0.9926687597032631,8.3260447367381e-05,8.396766001454813e-05,1.3176281107529397e-06,0.0,1.3116721725154983e-11,0.0021938736690553366
1088,65536,exact,453,5.121835305545825,5.083895907682924,0.03793939786290057,0.007407383408408411,0.9926620079234306,8.396766001454813e-05,8.468148695816689e-05,1.3299945966278952e-06,0.0,1.3629134306596472e-11,0.0021822568727016306
1088,65536,exact,454,5.083895907682924,5.0461976494589855,0.03769825822393891,0.007415230151932941,0.9926552574942086,8.468148695816689e-05,8.54019954091991e-05,1.3424863297620473e-06,0.0,1.4162014578622886e-11,0.0021706893382952832
1088,65536,exact,455,5.0461976494589855,5.008739252299154,0.037458397159831236,0.007423093537338403,0.9926485086728047,8.54019954091991e-05,8.61292532855761e-05,1.355104620943137e-06,0.0,1.4715990240081987e-11,0.002159170908995798
1088,65536,exact,456,5.008739252299154,4.971519443057764,0.03721980924139068,0.007430973617623581,0.9926417617220734,8.61292532855761e-05,8.686332920696998e-05,1.3678507818458015e-06,0.0,1.5292076754728524e-11,0.002147701428295427
1088,65536,exact,457,4.971519443057764,4.934536954001026,0.0369824890567374,0.0074388704460121935,0.992635016909911,8.686332920696998e-05,8.760429250464969e-05,1.3807261394778723e-06,0.0,1.5891039989424614e-11,0.0021362807400196505
1088,65536,exact,458,4.934536954001026,4.8977905227897605,0.03674643121126575,0.007446784075954882,0.9926282745095468,8.760429250464969e-05,8.835221323056191e-05,1.3937320358835165e-06,0.0,1.6513841658602306e-11,0.002124908688326279
1088,65536,exact,459,4.8977905227897605,4.861278892462154,0.03651163032760607,0.007454714561130149,0.9926215348002354,8.835221323056191e-05,8.910716215830257e-05,1.4068698199088182e-06,0.0,1.7161524263308026e-11,0.002113585117705675
1088,65536,exact,460,4.861278892462154,4.825000811416572,0.036278081045582056,0.007462661955444368,0.9926147980663528,8.910716215830257e-05,8.986921079877102e-05,1.4201408616392482e-06,0.0,1.7834897485724185e-11,0.0021023098729793122
1088,65536,exact,461,4.825000811416572,4.788955033394387,0.036045778022185004,0.007470626313035235,0.9926080645981875,8.986921079877102e-05,9.063843139656328e-05,1.4335465338710218e-06,0.0,1.8535242378480213e-11,0.002091082799301145
1088,65536,exact,462,4.788955033394387,4.753140317462863,0.03581471593152408,0.007478607688270313,0.9926013346916456,9.063843139656328e-05,9.14148969461298e-05,1.447088230972236e-06,0.0,1.9263428309088115e-11,0.002079903742155097
1088,65536,exact,463,4.753140317462863,4.7175554279980485,0.03558488946481475,0.007486606135753487,0.992594608648881,9.14148969461298e-05,9.219868119033343e-05,1.4607673521153312e-06,0.0,2.0020703411088858e-11,0.0020687725473578643
1088,65536,exact,464,4.7175554279980485,4.6821991346677505,0.035356293330297994,0.007494621710317003,0.9925878867779059,9.219868119033343e-05,9.298985863410937e-05,1.4745853158955351e-06,0.0,2.0808209078319526e-11,0.0020576890610538236
1088,65536,exact,465,4.6821991346677505,4.647070212414504,0.035128922253246486,0.007502654467031599,0.9925811693927801,9.298985863410937e-05,9.378850454660872e-05,1.488543549084716e-06,0.0,2.1627189581850843e-11,0.002046653129719274
1088,65536,exact,466,4.647070212414504,4.6121674414385945,0.03490277097590955,0.007510704461203938,0.9925744568137738,9.378850454660872e-05,9.459469497066443e-05,1.5026434938075952e-06,0.0,2.2478869473826525e-11,0.002035664600159699
1088,65536,exact,467,4.6121674414385945,4.577489607181119,0.03467783425747584,0.007518771748377673,0.9925677493678413,9.459469497066443e-05,9.540850672856067e-05,1.5168866039811488e-06,0.0,2.3364590332462278e-11,0.0020247233195099155
1088,65536,exact,468,4.577489607181119,4.5430355003070755,0.034454106874043156,0.007526856384336058,0.9925610473877906,9.540850672856067e-05,9.623001743007189e-05,1.5312743475793052e-06,0.0,2.4285712668854244e-11,0.002013829135234
1088,65536,exact,469,4.5430355003070755,4.508803916688498,0.03423158361857759,0.007534958425102288,0.9925543512136061,9.623001743007189e-05,9.70593054753895e-05,1.5458082015315853e-06,0.0,2.5243721108142263e-11,0.0020029818951245774
1088,65536,exact,470,4.508803916688498,4.474793657387627,0.03401025930087087,0.0075430779269393886,0.9925476611915797,9.70593054753895e-05,9.789645006850688e-05,1.5604896620681153e-06,0.0,2.6240038164234217e-11,0.0019921814473016163
1088,65536,exact,471,4.474793657387627,4.441003528640092,0.033790128747535064,0.0075512149463583655,0.9925409776748118,9.789645006850688e-05,9.874153121907296e-05,1.5753202334143264e-06,0.0,2.7276230577031983e-11,0.0019814276402157784
1088,65536,exact,472,4.441003528640092,4.407432341838182,0.03357118680191018,0.007559369540107127,0.9925343010235008,9.874153121907296e-05,9.95946297507762e-05,1.590301434203401e-06,0.0,2.8353939977702504e-11,0.001970720322641707
1088,65536,exact,473,4.407432341838182,4.3740789135141,0.033353428324081946,0.007567541765183723,0.9925276316046283,9.95946297507762e-05,0.00010045582730683004,1.6054347945777958e-06,0.0,2.947482549372528e-11,0.001960059343683408
1088,65536,exact,474,4.3740789135141,4.340942065323282,0.03313684819081786,0.007575731678831551,0.992520969792406,0.00010045582730683004,0.00010132520636115014,1.6207218619048448e-06,0.0,3.064062812339636e-11,0.0019494445527714513
1088,65536,exact,475,4.340942065323282,4.308020624027743,0.032921441295538756,0.0075839393385424055,0.9925143159687175,0.00010132520636115014,0.00010220285022116183,1.6361641923781323e-06,0.0,3.1853142370389005e-11,0.001938875799662911
1088,65536,exact,476,4.308020624027743,4.275313421479463,0.032707202548280634,0.007592164802057364,0.9925076705219302,0.00010220285022116183,0.0001030888430341915,1.6517633548179478e-06,0.0,3.3114333513771174e-11,0.0019283529344408016
1088,65536,exact,477,4.275313421479463,4.242819294603804,0.032494126875658225,0.007600408127368053,0.992501033848719,0.0001030888430341915,0.00010398326979922075,1.6675209355324385e-06,0.0,3.44260150578592e-11,0.0019178758075140882
1088,65536,exact,478,4.242819294603804,4.210537085382973,0.03228220922083125,0.00760866937271854,0.9924944063531345,0.00010398326979922075,0.00010488621636888619,1.683438529237059e-06,0.0,3.579038627965492e-11,0.0019074442696171545
1088,65536,exact,479,4.210537085382973,4.178465640839506,0.03207144454346711,0.007616948596606416,0.9924877884468727,0.00010488621636888619,0.00010579776945577089,1.6995177427986875e-06,0.0,3.720954383642453e-11,0.001897058171809763
1088,65536,exact,480,4.178465640839506,4.146603813019803,0.031861827819702704,0.007625245857783639,0.9924811805497779,0.00010579776945577089,0.0001067180166454669,1.7157602020750427e-06,0.0,3.868560486330278e-11,0.001886717365475816
1088,65536,exact,481,4.146603813019803,4.114950458977688,0.03165335404211511,0.0076335612152594965,0.9924745830894601,0.0001067180166454669,0.00010764704639655195,1.7321675391795176e-06,0.0,4.0220971396650283e-11,0.00187642170232431
1088,65536,exact,482,4.114950458977688,4.083504440758014,0.03144601821967452,0.007641894728299334,0.9924679965018983,0.00010764704639655195,0.00010858494805056167,1.7487414020322052e-06,0.0,4.181800333802072e-11,0.0018661710343876674
1088,65536,exact,483,4.083504440758014,4.052264625380291,0.031239815377722913,0.007650246456429449,0.9924614212311896,0.00010858494805056167,0.00010953181183793401,1.76548345059114e-06,0.0,4.347923246211718e-11,0.0018559652140224825
1088,65536,exact,484,4.052264625380291,4.0212298848223655,0.03103474055792521,0.0076586164594353735,0.9924548577299979,0.00010953181183793401,0.00011048772888795457,1.7823953605543619e-06,0.0,4.520712549151238e-11,0.0018458040939085005
1088,65536,exact,485,4.0212298848223655,3.990399096004128,0.030830788818237753,0.007667004797364296,0.9924483064595909,0.00011048772888795457,0.00011145279122800182,1.7994788131020804e-06,0.0,4.700451719475904e-11,0.0018356875270480564
1088,65536,exact,486,3.990399096004128,3.959771140771247,0.030627955232880755,0.007675411530528542,0.9924417678897552,0.00011145279122800182,0.00011242709179756498,1.8167355091728484e-06,0.0,4.887417380528003e-11,0.0018256153667670517
1088,65536,exact,487,3.959771140771247,3.9293449058789607,0.030426234892286352,0.0076838367195029905,0.9924352424992348,0.00011242709179756498,0.00011341072445006108,1.834167157455883e-06,0.0,5.081899492691798e-11,0.0018155874667125096
1088,65536,exact,488,3.9293449058789607,3.899119282975881,0.030225622903079508,0.007692280425130636,0.9924287307758937,0.00011341072445006108,0.00011440378396231952,1.8517754819763286e-06,0.0,5.284200553794423e-11,0.0018056036808543254
1088,65536,exact,489,3.899119282975881,3.869093168587856,0.03002611438802516,0.007700742708519721,0.9924222332165648,0.00011440378396231952,0.00011540636604007463,1.869562218113361e-06,0.0,5.49463492825579e-11,0.0017956638634827127
1088,65536,exact,490,3.869093168587856,3.839265464101832,0.02982770448602423,0.007709223631053259,0.9924157503274175,0.00011540636604007463,0.00011641856732288288,1.887529112068331e-06,0.0,5.71354067031328e-11,0.0017857678692118242
1088,65536,exact,491,3.839265464101832,3.8096350757498043,0.02963038835202747,0.007717723254377588,0.9924092826240696,0.00011641856732288288,0.00011744048539270411,1.905677924115978e-06,0.0,5.941243601693263e-11,0.0017759155529729937
1088,65536,exact,492,3.8096350757498043,3.780200914592758,0.029434161157046113,0.0077262416404156355,0.9924028306317093,0.00011744048539270411,0.00011847221877856372,1.9240104252368572e-06,0.0,6.178115461439367e-11,0.0017661067700204135
1088,65536,exact,493,3.780200914592758,3.7509618965046627,0.02923901808809548,0.0077347788513630914,0.9923963948854401,0.00011847221877856372,0.00011951386696207019,1.9425283973086813e-06,0.0,6.424516426934302e-11,0.001756341375927764
1088,65536,exact,494,3.7509618965046627,3.7219169421565033,0.029044954348159457,0.007743334949689845,0.9923899759298042,0.00011951386696207019,0.00012056553038795726,1.961233638459363e-06,0.0,6.680826874247252e-11,0.0017466192265880448
1088,65536,exact,495,3.7219169421565033,3.6930649770003265,0.028851965156176718,0.007751909998147272,0.99238357431994,0.00012056553038795726,0.0001216273104631819,1.9801279515747493e-06,0.0,6.947457321623048e-11,0.0017369401782160873
1088,65536,exact,496,3.6930649770003265,3.6644049312533684,0.02866004574695813,0.00776050405975719,0.9923771906208136,0.0001216273104631819,0.00012269930956908067,1.999213156978816e-06,0.0,7.224811609976393e-11,0.0017273040873420217
1088,65536,exact,497,3.6644049312533684,3.635935739882166,0.028469191371202296,0.0077691171978269144,0.9923708254078749,0.00012269930956908067,0.00012378163106382197,2.018491083092707e-06,0.0,7.51333156931086e-11,0.0017177108108172995
1088,65536,exact,498,3.635935739882166,3.607656342586735,0.028279397295431163,0.0077777494759430615,0.9923644792671867,0.00012378163106382197,0.00012487437928726744,2.0379635683796e-06,0.0,7.813460487881944e-11,0.0017081602058109991
1088,65536,exact,499,3.607656342586735,3.5795656837847707,0.028090658801964263,0.007786400957975645,0.9923581527954337,0.00012487437928726744,0.00012597765957069617,2.0576324663897138e-06,0.0,8.125668264332211e-11,0.0016986521298102612
1088,65536,exact,500,3.5795656837847707,3.551662712595888,0.02790297118888274,0.007795071708079452,0.9923518465999746,0.00012597765957069617,0.0001270915782366397,2.0774996357136812e-06,0.0,8.450439729478648e-11,0.0016891864406199423
1088,65536,exact,501,3.551662712595888,3.5239463828258972,0.027716329769990722,0.007803761790694655,0.9923455612994504,0.0001270915782366397,0.00012821624261051266,2.0975669516031066e-06,0.0,8.788276166906209e-11,0.0016797629963622553
1088,65536,exact,502,3.5239463828258972,3.4964156529511135,0.027530729874783777,0.007812471270549393,0.99233929752356,0.00012821624261051266,0.000129351761019348,2.117836293241519e-06,0.0,9.139711998839249e-11,0.0016703816554760156
1088,65536,exact,503,3.4964156529511135,3.4690694861027,0.0273461668484134,0.007821200212661259,0.9923330559134024,0.000129351761019348,0.00013049824280279734,2.1383095554767694e-06,0.0,9.505278915312651e-11,0.0016610422767171563
1088,65536,exact,504,3.4690694861027,3.4419068500510495,0.02716263605165059,0.007829948682338517,0.9923268371214641,0.00013049824280279734,0.00013165579831256335,2.1589886377537837e-06,0.0,9.885559918939614e-11,0.001651744719157418
1088,65536,exact,505,3.4419068500510495,3.414926717190197,0.026980132860852546,0.007838716745182219,0.9923206418120691,0.00013165579831256335,0.00013282453892109707,2.179875452623403e-06,0.0,1.0281132951819698e-10,0.001642488842184637
1088,65536,exact,506,3.414926717190197,3.388128064522271,0.026798652667925804,0.007847504467087289,0.9923144706613634,0.00013282453892109707,0.00013400457702481455,2.200971920651805e-06,0.0,1.0692616535029273e-10,0.0016332745055020726
1088,65536,exact,507,3.388128064522271,3.361509873641978,0.026618190880292936,0.007856311914244636,0.9923083243574835,0.00013400457702481455,0.00013519602604916242,2.222279971841453e-06,0.0,1.1120640611714597e-10,0.001624101569128504
1088,65536,exact,508,3.361509873641978,3.3350711307211216,0.026438742920856573,0.007865139153142485,0.9923022036008079,0.00013519602604916242,0.00013639900045056883,2.2438015426976772e-06,0.0,1.1565878493108826e-10,0.0016149698933969837
1088,65536,exact,509,3.3350711307211216,3.308810826493155,0.026260304227966547,0.007873986250568649,0.9922961091041271,0.00013639900045056883,0.00013761361572300557,2.2655385803108597e-06,0.0,1.2029009681239523e-10,0.0016058793389554956
1088,65536,exact,510,3.308810826493155,3.2827279562377742,0.026082870255380808,0.007882853273610916,0.9922900415927101,0.00013761361572300557,0.00013883998840079196,2.2874930388137027e-06,0.0,1.251075261454477e-10,0.0015968297667657723
1088,65536,exact,511,3.2827279562377742,3.256821519765537,0.02590643647223745,0.007891740289660784,0.9922840018046591,0.00013883998840079196,0.00014007823606158518,2.309666879203265e-06,0.0,1.3011846838168438e-10,0.0015878210381035484
1088,65536,exact,512,3.256821519765537,3.231090521402524,0.025730998363012958,0.007900647366413056,0.9922779904909589,0.00014007823606158518,0.00014132847732973542,2.332062069784543e-06,0.0,1.3533075704443183e-10,0.0015788530145581518
1088,65536,exact,513,3.231090521402524,3.2055339699750367,0.02555655142748714,0.007909574571867388,0.9922720084157594,0.00014132847732973542,0.00014259083188189237,2.35468058778658e-06,0.0,1.4075221188764898e-10,0.0015699255580308722
1088,65536,exact,514,3.2055339699750367,3.1801508787943065,0.025383091180730233,0.007918521974336745,0.9922660563563217,0.00014259083188189237,0.00014386542044712578,2.3775244144164623e-06,0.0,1.4639130326791344e-10,0.0015610385307383665
1088,65536,exact,515,3.1801508787943065,3.1549402656412835,0.025210613153022976,0.007927489642435172,0.9922601351036531,0.00014386542044712578,0.0001451523648087845,2.4005955359094236e-06,0.0,1.522567338050132e-10,0.0015521917952060348
1088,65536,exact,516,3.1549402656412835,3.1299011527514167,0.02503911288986682,0.007936477645093318,0.9922542454620823,0.0001451523648087845,0.00014645178781093983,2.4238959479070893e-06,0.0,1.583573446255638e-10,0.001543385214273735
1088,65536,exact,517,3.1299011527514167,3.105032566799488,0.024868585951928868,0.007945486051553905,0.9922483882500026,0.00014645178781093983,0.0001477638133551899,2.447427646040477e-06,0.0,1.6470258699095332e-10,0.0015346186510922601
1088,65536,exact,518,3.105032566799488,3.0803335388844806,0.02469902791500722,0.007954514931373407,0.9922425642998234,0.0001477638133551899,0.00014908856640775877,2.471192635599176e-06,0.0,1.7130211452890537e-10,0.0015258919691236285
1088,65536,exact,519,3.0803335388844806,3.0558031045144776,0.024530434370003018,0.007963564354425894,0.9922367744580096,0.00014908856640775877,0.00015042617299527,2.4951929203161593e-06,0.0,1.7816604948642754e-10,0.0015172050321408306
1088,65536,exact,520,3.0558031045144776,3.0314403035915967,0.0243628009228809,0.007972634390903203,0.9922310195855303,0.00015042617299527,0.0001517767602121785,2.5194305134726618e-06,0.0,1.8530474027510062e-10,0.0015085577042276339
1088,65536,exact,521,3.0314403035915967,3.007244180396961,0.02419612319463571,0.007981725111317077,0.9922253005579333,0.0001517767602121785,0.0001531404562156375,2.5439074255722204e-06,0.0,1.92729172925803e-10,0.0014999498497776347
1088,65536,exact,522,3.007244180396961,2.983213783575704,0.02403039682125696,0.007990836586500571,0.9922196182655625,0.0001531404562156375,0.0001545173902287607,2.5686256720506655e-06,0.0,2.0045058389300992e-10,0.0014913813334942083
1088,65536,exact,523,2.983213783575704,2.959348166121994,0.023865617453710186,0.00799996888761511,0.9922139736136364,0.0001545173902287607,0.00015590769254177688,2.59358727110058e-06,0.0,2.0848061121968124e-10,0.001482852020391712
1088,65536,exact,524,2.959348166121994,2.9356463853641275,0.02370178075786633,0.008009122086140259,0.9922083675224612,0.00015590769254177688,0.0001573114945090358,2.618794239508738e-06,0.0,2.1683154317192477e-10,0.0014743617757911843
1088,65536,exact,525,2.9356463853641275,2.91210750294962,0.023538882414507523,0.008018296253888849,0.9922028009279017,0.0001573114945090358,0.0001587289285522356,2.6442485979767904e-06,0.0,2.2551576074223909e-10,0.0014659104653244339
1088,65536,exact,526,2.91210750294962,2.8887305848303524,0.023376918119267565,0.008027491463000427,0.9921972747810985,0.0001587289285522356,0.00016016012815216337,2.669952360364905e-06,0.0,2.345466533937735e-10,0.0014574979549306073
1088,65536,exact,527,2.8887305848303524,2.8655147012477418,0.02321588358261062,0.008036707785947448,0.9921917900490614,0.00016016012815216337,0.0001616052278551143,2.695907546942184e-06,0.0,2.439376099391561e-10,0.0014491241108577871
1088,65536,exact,528,2.8655147012477418,2.842458926717953,0.023055774529788575,0.008045945295534276,0.9921863477145481,0.0001616052278551143,0.00016306436326740073,2.722116172976874e-06,0.0,2.537027193416728e-10,0.001440788799661088
1088,65536,exact,529,2.842458926717953,2.81956234001714,0.02289658670081307,0.00805520406490117,0.9921809487765298,0.00016306436326740073,0.0001645376710505887,2.748580249003729e-06,0.0,2.6385670539208657e-10,0.0014324918882033333
1088,65536,exact,530,2.81956234001714,2.796824024166723,0.0227383158504173,0.008064484167524763,0.9921755942502323,0.0001645376710505887,0.00016602528892518863,2.7753017885764555e-06,0.0,2.744145549086075e-10,0.0014242332436544523
1088,65536,exact,531,2.796824024166723,2.774243066418696,0.02258095774802671,0.008073785677221652,0.9921702851672421,0.00016602528892518863,0.00016752735565757996,2.8022827919910563e-06,0.0,2.853922892822637e-10,0.001416012733490799
1088,65536,exact,532,2.774243066418696,2.751818558240976,0.022424508177719904,0.008083108668148525,0.9921650225758484,0.00016752735565757996,0.00016904401106591221,2.8295252637902877e-06,0.0,2.9680595307890467e-10,0.001407830225495362
1088,65536,exact,533,2.751818558240976,2.7295495953027786,0.02226896293819758,0.00809245321480512,0.9921598075411528,0.00016904401106591221,0.00017057539600787806,2.8570311953969e-06,0.0,3.0867265880351984e-10,0.0013996855877566768
1088,65536,exact,534,2.7295495953027786,2.70743527746003,0.022114317842748754,0.008101819392036252,0.9921546411453263,0.00017057539600787806,0.00017212165238241904,2.884802577780709e-06,0.0,3.210097798472464e-10,0.0013915786886692224
1088,65536,exact,535,2.70743527746003,2.6854747087408133,0.02196056871921659,0.008111207275033666,0.9921495244876037,0.00017212165238241904,0.00017368292311728209,2.912841387724297e-06,0.0,3.3383567988438077e-10,0.0013835093969326016
1088,65536,exact,536,2.6854747087408133,2.663666997330848,0.02180771140996507,0.008120616939338238,0.9921444586847087,0.00017368292311728209,0.00017525935216784993,2.941149597951048e-06,0.0,3.471690748194003e-10,0.001375477581551519
1088,65536,exact,537,2.663666997330848,2.6420112555590065,0.021655741771841708,0.008130048460840653,0.9921394448708492,0.00017525935216784993,0.0001768510845096291,2.9697291709720464e-06,0.0,3.610295782490759e-10,0.0013674831118347267
1088,65536,exact,538,2.6420112555590065,2.6205065998828547,0.021504655676151785,0.008139501915786407,0.9921344841979599,0.0001768510845096291,0.00017845826612686807,2.99858205452812e-06,0.0,3.7543747074425017e-10,0.001359525857395763
1088,65536,exact,539,2.6205065998828547,2.59915215087424,0.02135444900861483,0.008148977380774176,0.9921295778359508,0.00017845826612686807,0.00018008104400976205,3.027710189636121e-06,0.0,3.90413659436201e-10,0.001351605688151504
1088,65536,exact,540,2.59915215087424,2.5779470332049006,0.021205117669339302,0.008158474932760992,0.992124726972748,0.00018008104400976205,0.00018171956614246697,3.0571155012683398e-06,0.0,4.059799539731998e-10,0.0013437224743227834
1088,65536,exact,541,2.5779470332049006,2.5568903756321193,0.0210566575727813,0.008167994649061386,0.9921199328145617,0.00018171956614246697,0.00018337398149370618,3.0867999002427887e-06,0.0,4.2215889223501217e-10,0.0013358760864327955
1088,65536,exact,542,2.5568903756321193,2.5359813109843916,0.020909064647727682,0.008177536607355918,0.9921151965859586,0.00018337398149370618,0.0001850444400064574,3.1167652818254947e-06,0.0,4.3897374635021996e-10,0.0013280663953091896
1088,65536,exact,543,2.5359813109843916,2.515218976147159,0.020762334837232554,0.0081871008856817,0.9921105195302374,0.0001850444400064574,0.00018673109258975272,3.1470135274537447e-06,0.0,4.5644868931099015e-10,0.001320293272079883
1088,65536,exact,544,2.515218976147159,2.494602512048543,0.02061646409861595,0.008196687562446943,0.992105902909298,0.00018673109258975272,0.000188434091102112,3.1775464958110208e-06,0.0,4.746086953620002e-10,0.0013125565881764306
1088,65536,exact,545,2.494602512048543,2.474131063645146,0.020471448403397208,0.008206296716420066,0.9921013480040617,0.000188434091102112,0.00019015358834271003,3.2083660301226477e-06,0.0,4.934797381112802e-10,0.0013048562153298688
1088,65536,exact,546,2.474131063645146,2.453803779907832,0.020327283737314072,0.00821592842675271,0.9920968561144349,0.00019015358834271003,0.00019188973803570814,3.2394739506086425e-06,0.0,5.130885815773489e-10,0.0012971920255769231
1088,65536,exact,547,2.453803779907832,2.4336198138076144,0.020183966100217443,0.008225582772953256,0.9920924285596705,0.00019188973803570814,0.0001936426948175819,3.27087205690283e-06,0.0,5.334628456208149e-10,0.0012895638912502844
1088,65536,exact,548,2.4336198138076144,2.4135783223015026,0.020041491506111786,0.008235259834918542,0.9920880666782786,0.0001936426948175819,0.0001954126142186156,3.3025621221794994e-06,0.0,5.546315106675932e-10,0.0012819716849881337
1088,65536,exact,549,2.4135783223015026,2.393678466318458,0.019899855983044556,0.008244959692904749,0.9920837718284501,0.0001954126142186156,0.00019719965265194535,3.33454589900093e-06,0.0,5.766239175595059e-10,0.0012744152797230903
1088,65536,exact,550,2.393678466318458,2.373919410745295,0.019759055573163042,0.00825468242756639,0.9920795453878312,0.00019719965265194535,0.00019900396739094977,3.366825108372512e-06,0.0,5.994710028942377e-10,0.0012668945486944084
1088,65536,exact,551,2.373919410745295,2.354300324412701,0.019619086332594016,0.008264428119922815,0.9920753887540751,0.00019900396739094977,0.00020082571655573092,3.399401447055319e-06,0.0,6.232043041885273e-10,0.0012594093654355787
1088,65536,exact,552,2.354300324412701,2.3348203800812315,0.01947994433146949,0.008274196851384676,0.9920713033446856,0.00020082571655573092,0.000202665059088711,3.432276577050165e-06,0.0,6.478569135423985e-10,0.001251959603781965
1088,65536,exact,553,2.3348203800812315,2.3154787544273643,0.01934162565386721,0.008283988703745292,0.9920672905972973,0.000202665059088711,0.00020452215474098823,3.465452134481932e-06,0.0,6.734623723492553e-10,0.0012445451378670278
1088,65536,exact,554,2.3154787544273643,2.2962746280295776,0.01920412639778668,0.00829380375918673,0.9920633519697138,0.00020452215474098823,0.00020639716404436144,3.498929716053834e-06,0.0,7.000561056953562e-10,0.0012371658421231875
1088,65536,exact,555,2.2962746280295776,2.277207185354466,0.0190674426751114,0.008303642100280088,0.9920594889399984,0.00020639716404436144,0.00020829024829386526,3.532710887391028e-06,0.0,7.276740399749394e-10,0.0012298215912805114
1088,65536,exact,556,2.277207185354466,2.258275614742887,0.01893157061157913,0.008313503809989197,0.9920557030067784,0.00020829024829386526,0.00021020156952146005,3.56679717453463e-06,0.0,7.563537014851785e-10,0.0012225122603670834
1088,65536,exact,557,2.258275614742887,2.239479108396139,0.01879650634674812,0.008323388971672606,0.9920519956891353,0.00021020156952146005,0.00021213129047182295,3.601190064792133e-06,0.0,7.861337221384129e-10,0.0012152377247087148
1088,65536,exact,558,2.239479108396139,2.2208168623621765,0.018662246033962493,0.008333297669085176,0.9920483685268103,0.00021213129047182295,0.00021407957457656438,3.6358910043907996e-06,0.0,8.170538852967941e-10,0.0012079978599279105
1088,65536,exact,559,2.2208168623621765,2.2022880765218544,0.018528785840322026,0.008343229986381607,0.9920448230802535,0.00021407957457656438,0.0002160465859274725,3.6709013969703574e-06,0.0,8.491554015933184e-10,0.0012007925419440493
1088,65536,exact,560,2.2022880765218544,2.1838919545752065,0.01839612194664797,0.008353186008118232,0.9920413609308126,0.0002160465859274725,0.0002180324892452083,3.706222598029269e-06,0.0,8.824807665489768e-10,0.0011936216469730426
1088,65536,exact,561,2.1838919545752065,2.165627704027756,0.018264250547450622,0.008363165819255579,0.9920379836807057,0.0002180324892452083,0.00022003744985448162,3.7418559204478584e-06,0.0,9.170736678463642e-10,0.0011864850515268621
1088,65536,exact,562,2.165627704027756,2.1474945361768616,0.01813316785089425,0.008373169505159712,0.9920346929531467,0.00022003744985448162,0.0002220616336464189,3.7778026212547055e-06,0.0,9.529794198779099e-10,0.0011793826324127624
1088,65536,exact,563,2.1474945361768616,2.1294916660980916,0.018002870078769995,0.008383197151607248,0.9920314903923138,0.0002220616336464189,0.0002241052070506168,3.814063909889749e-06,0.0,9.902444818451171e-10,0.001172314266733952
1088,65536,exact,564,2.1294916660980916,2.1116183126316352,0.017873353466456354,0.008393248844784653,0.9920283776636211,0.0002241052070506168,0.00022616833699940547,3.850640939853019e-06,0.0,1.0289168408342958e-09,0.0011652798318880202
1088,65536,exact,565,2.1116183126316352,2.093873698368743,0.01774461426289209,0.008403324671293271,0.9920253564535345,0.00022616833699940547,0.00022825119089029444,3.887534806093698e-06,0.0,1.0690461375840142e-09,0.0011582792055675663
1088,65536,exact,566,2.093873698368743,2.0762570496382056,0.017616648730537587,0.008413424718148972,0.9920224284697641,0.00022825119089029444,0.00023035393655188965,3.924746546933205e-06,0.0,1.1106831491309276e-09,0.0011513122657589596
1088,65536,exact,567,2.0762570496382056,2.058767596492845,0.017489453145360656,0.008423549072793395,0.9920195954412548,0.00023035393655188965,0.0002324767422019385,3.962277135837071e-06,0.0,1.153880404663717e-09,0.001144378890744364
1088,65536,exact,568,2.058767596492845,2.0414045726960874,0.01736302379675747,0.00843369782307423,0.9920168591181934,0.0002324767422019385,0.0002346197764100728,4.000127484670405e-06,0.0,1.198691794586891e-09,0.0011374789590952656
1088,65536,exact,569,2.0414045726960874,2.0241672157084936,0.017237356987593877,0.008443871057283106,0.992014221271987,0.0002346197764100728,0.000236783208050817,4.038298433522989e-06,0.0,1.2451731520597264e-09,0.0011306123496819468
1088,65536,exact,570,2.0241672157084936,2.007054766674399,0.017112449034094368,0.008454068864120355,0.9920116836953732,0.000236783208050817,0.00023896720626596612,4.076790758033872e-06,0.0,1.293381350560589e-09,0.001123778941662612
1088,65536,exact,571,2.007054766674399,1.9900664704085218,0.01698829626587739,0.008464291332730418,0.9920092482022903,0.00023896720626596612,0.00024117194041163603,4.11560515415597e-06,0.0,1.343375422620946e-09,0.0011169786144919428
1088,65536,exact,572,1.9900664704085218,1.973201575382665,0.016864895025856752,0.00847453855267192,0.9920069166279734,0.00024117194041163603,0.00024339758001719734,4.154742247888532e-06,0.0,1.39521562356258e-09,0.0011102112479122526
1088,65536,exact,573,1.973201575382665,1.9564593337123781,0.016742241670286928,0.008484810613958732,0.992004690828827,0.00024339758001719734,0.00024564429473206584,4.194202582729266e-06,0.0,1.448964107931324e-09,0.0011034767219632242
1088,65536,exact,574,1.9564593337123781,1.9398390011437334,0.016620332568644702,0.008495107607019693,0.9920025726824623,0.00024564429473206584,0.00024791225427489344,4.23398662059839e-06,0.0,1.5046846832747485e-09,0.0010967749169699392
1088,65536,exact,575,1.9398390011437334,1.923339837040052,0.016499164103681352,0.008505429622743643,0.9920005640875347,0.00024791225427489344,0.0002502016283808142,4.274094738615608e-06,0.0,1.562442708037421e-09,0.0010901057135543088
1088,65536,exact,576,1.923339837040052,1.9069611043687313,0.016378732671320728,0.008515776752446923,0.9919986669638345,0.0002502016283808142,0.0002525125867466263,4.314527226150833e-06,0.0,1.6223054729019165e-09,0.0010834689926248055
1088,65536,exact,577,1.9069611043687313,1.8907020696880632,0.01625903468066814,0.008526149087896803,0.9919968832520818,0.0002525125867466263,0.00025484529897072867,4.35528427810332e-06,0.0,1.6843419489015465e-09,0.0010768646353819385
1088,65536,exact,578,1.8907020696880632,1.874562003134098,0.01614006655396527,0.008536546721307674,0.9919952149138891,0.00025484529897072867,0.0002571999344974089,4.396365997693715e-06,0.0,1.7486225471611584e-09,0.0010702925233161806
1088,65536,exact,579,1.874562003134098,1.8585401784075393,0.016021824726558664,0.008546969745344045,0.9919936639316296,0.0002571999344974089,0.00025957666255190334,4.437772386766704e-06,0.0,1.8152199231583066e-09,0.00106375253820748
1088,65536,exact,580,1.8585401784075393,1.8426358727606718,0.01590430564686751,0.008557418253123193,0.9919922323083807,0.00025957666255190334,0.00026197565207690697,4.479503345144306e-06,0.0,1.884208259198255e-09,0.0010572445621250144
1088,65536,exact,581,1.8426358727606718,1.8268483669843183,0.01578750577635346,0.008567892338218903,0.9919909220677425,0.00026197565207690697,0.00026439707166826825,4.521558668486678e-06,0.0,1.955663287507483e-09,0.0010507684774272174
1088,65536,exact,582,1.8268483669843183,1.8111769453948323,0.01567142158948598,0.00857839209466283,0.9919897352536704,0.00026439707166826825,0.00026684108950443086,4.5639380412129516e-06,0.0,2.029662833256344e-09,0.0010443241667606861
1088,65536,exact,583,1.8111769453948323,1.7956208958211188,0.015556049573713482,0.00858891761694896,0.9919886739303608,0.00026684108950443086,0.00026930787327537057,4.606641034083631e-06,0.0,2.1062863461295163e-09,0.0010379115130606706
1088,65536,exact,584,1.7956208958211188,1.78017950959169,0.015441386229428922,0.008599469000035075,0.9919877401820499,0.00026930787327537057,0.00027179759011004405,4.649667101437213e-06,0.0,2.1856150618721273e-09,0.0010315303995500503
1088,65536,exact,585,1.78017950959169,1.7648520815217508,0.015327428069939142,0.008610046339346256,0.9919869361128688,0.00027179759011004405,0.00027431040650017423,4.693015575899529e-06,0.0,2.2677318492546165e-09,0.0010251807097394327
1088,65536,exact,586,1.7648520815217508,1.7496379099003176,0.015214171621433126,0.008620649730777802,0.9919862638465886,0.00027431040650017423,0.0002768464882212583,4.736685664291471e-06,0.0,2.352721379967216e-09,0.0010188623274263518
1088,65536,exact,587,1.7496379099003176,1.7345362964773683,0.015101613422949356,0.00863127927069764,0.9919857255263754,0.0002768464882212583,0.0002794060002511017,4.780676443687788e-06,0.0,2.4406701801737637e-09,0.0010125751366953236
1088,65536,exact,588,1.7345362964773683,1.7195465464510231,0.014989750026345172,0.008641935055949838,0.9919853233146104,0.0002794060002511017,0.00028198910668741505,4.824986858304688e-06,0.0,2.531666020864822e-09,0.0010063190219173467
1088,65536,exact,589,1.7195465464510231,1.7046679684547605,0.014878577996262576,0.008652617183856124,0.9919850593926343,0.00028198910668741505,0.00028459597065936577,4.869615712899724e-06,0.0,2.6257989252441265e-09,0.0010000938677493015
1088,65536,exact,590,1.7046679684547605,1.6898998745446507,0.014768093910109803,0.008663325752226527,0.9919849359604253,0.00028459597065936577,0.0002872267542393561,4.9145616701820354e-06,0.0,2.723159951982697e-09,0.0009938995591352252
1088,65536,exact,591,1.6898998745446507,1.6752415801866591,0.014658294357991597,0.008674060859340157,0.9919849552363096,0.0002872267542393561,0.0002898816183505985,4.959823245826212e-06,0.0,2.8238420258803326e-09,0.0009877359813010242
1088,65536,exact,592,1.6752415801866591,1.6606924042439164,0.014549175942742743,0.00868482260398625,0.991985119456717,0.0002898816183505985,0.0002925607226714156,5.0053988031834084e-06,0.0,2.927939592709851e-09,0.000981603019762823
1088,65536,exact,593,1.6606924042439164,1.6462516689640987,0.014440735279817707,0.008695611085420912,0.9919854308757969,0.0002925607226714156,0.00029526422553694236,5.051286548961765e-06,0.0,3.035548558122294e-09,0.0009755005603158355
1088,65536,exact,594,1.6462516689640987,1.631918699966762,0.014332968997336604,0.00870642640341595,0.9919858917651232,0.00029526422553694236,0.00029799228383907184,5.0974845294333785e-06,0.0,3.1467659637415303e-09,0.0009694284890447496
1088,65536,exact,595,1.631918699966762,1.6176928262307688,0.014225873735993266,0.008717268658226055,0.9919865044132392,0.00029799228383907184,0.0003007450529215874,5.143990624470601e-06,0.0,3.2616905218927662e-09,0.0009633866923149423
1088,65536,exact,596,1.6176928262307688,1.603573380081722,0.01411944614904681,0.008728137950605357,0.9919872711253983,0.0003007450529215874,0.00030352268647216505,5.1908025420120495e-06,0.0,3.380421995981004e-09,0.0009573750567754511
1088,65536,exact,597,1.603573380081722,1.5895596971794088,0.014013682902313196,0.008739034381824813,0.991988194223053,0.00030352268647216505,0.00030632533641248563,5.237917814566785e-06,0.0,3.50306133406475e-09,0.0009513934693614407
1088,65536,exact,598,1.5895596971794088,1.5756511165053244,0.013908580674084403,0.008749958053644955,0.9919892760435078,0.00030632533641248563,0.00030915315278436903,5.285333793343818e-06,0.0,3.6297105803851162e-09,0.0009454418172874803
1088,65536,exact,599,1.5756511165053244,1.5618469803501753,0.013804136155149083,0.008760909068351133,0.9919905189394619,0.00030915315278436903,0.0003120062836322726,5.333047642514436e-06,0.0,3.760472578836528e-09,0.0009395199880539464
1088,65536,exact,600,1.5618469803501753,1.5481466343014672,0.013700346048708179,0.008771887528723512,0.9919919252785241,0.0003120062836322726,0.00031488487488306365,5.381056334795008e-06,0.0,3.895451106703061e-09,0.0009336278694395999
1088,65536,exact,601,1.5481466343014672,1.5345494272310638,0.01359720707040335,0.008782893538077863,0.9919934974427425,0.00031488487488306365,0.00031778907022167083,5.429356645337848e-06,0.0,4.034750737723705e-09,0.0009277653495093926
1088,65536,exact,602,1.5345494272310638,1.5210547112828323,0.013494715948231484,0.008793927200234473,0.9919952378281632,0.00031778907022167083,0.00032071901096448633,5.477945146990792e-06,0.0,4.178476241661205e-09,0.0009219323166065821
1088,65536,exact,603,1.5210547112828323,1.507661841860286,0.01339286942254625,0.00880498861954211,0.99199714884421,0.00032071901096448633,0.0003236748359269726,5.5268182033998184e-06,0.0,4.326733332618397e-09,0.0009161286593568601
1088,65536,exact,604,1.507661841860286,1.4943701776142704,0.013291664246015689,0.008816077900874152,0.9919992329132004,0.0003236748359269726,0.0003266566812910966,5.57597196552371e-06,0.0,4.479627289878836e-09,0.0009103542666665379
1088,65536,exact,605,1.4943701776142704,1.4811790804306777,0.013191097183592682,0.00882719514963286,0.9920014924698045,0.0003266566812910966,0.0003296646804657012,5.6254023636440785e-06,0.0,4.637263943934461e-09,0.0009046090277224028
1088,65536,exact,606,1.4811790804306777,1.4680879154181934,0.013091165012484307,0.00883834047175297,0.9920039299604023,0.0003296646804657012,0.0003326989639452254,5.675105102830117e-06,0.0,4.79974872059875e-09,0.0008988928319912674
1088,65536,exact,607,1.4680879154181934,1.4550960508960729,0.012991864522120533,0.008849513973704854,0.9920065478425272,0.0003326989639452254,0.00033575965916404695,5.725075656832445e-06,0.0,4.967186873947559e-09,0.0008932055692196622
1088,65536,exact,608,1.4550960508960729,1.4422028583819493,0.012893192514123575,0.008860715762498103,0.9920093485842636,0.00033575965916404695,0.0003388468903477935,5.7753092625223605e-06,0.0,5.13968292941867e-09,0.0008875471294337028
1088,65536,exact,609,1.4422028583819493,1.4294077125796736,0.012795145802275698,0.00887194594568406,0.9920123346634835,0.0003388468903477935,0.0003419607783593904,5.825800912569739e-06,0.0,5.317340555388052e-09,0.0008819174029381546
1088,65536,exact,610,1.4294077125796736,1.4167099913671826,0.01269772121249102,0.00888320463136109,0.9920155085673715,0.0003419607783593904,0.000345101440543461,5.876545351592693e-06,0.0,5.50026241658572e-09,0.000876316280316776
1088,65536,exact,611,1.4167099913671826,1.4041090757844001,0.012600915582782424,0.008894491928176514,0.9920188727915468,0.000345101440543461,0.000348268990563864,5.927537067152287e-06,0.0,5.688549951454822e-09,0.0008707436524316547
1088,65536,exact,612,1.4041090757844001,1.3916043500211701,0.012504725763230029,0.00890580794532954,0.9920224298394907,0.000348268990563864,0.0003514635382405422,5.9787702863628895e-06,0.0,5.882302731713418e-09,0.0008651994104224675
1088,65536,exact,613,1.3916043500211701,1.3791952014052153,0.012409148615954768,0.008917152792577855,0.9920261822217498,0.0003514635382405422,0.00035468518938011357,6.03023896767634e-06,0.0,6.0816184757985815e-09,0.0008596834457070142
1088,65536,exact,614,1.3791952014052153,1.366881020390133,0.012314181015082415,0.008928526580237454,0.9920301324552009,0.00035468518938011357,0.0003579340456040666,6.081936796053994e-06,0.0,6.286592639471664e-09,0.00085419564997998
1088,65536,exact,615,1.366881020390133,1.3546612005434173,0.012219819846715607,0.008939929419188107,0.9920342830623063,0.0003579340456040666,0.0003612102041718208,6.1338571753284565e-06,0.0,6.497317928686255e-09,0.0008487359152130504
1088,65536,exact,616,1.3546612005434173,1.3425351385345135,0.01212606200890387,0.008951361420877445,0.9920386365702811,0.0003612102041718208,0.00036451375779993225,6.185993222442141e-06,0.0,6.7138843959195504e-09,0.0008433041336545456
1088,65536,exact,617,1.3425351385345135,1.330502234122904,0.012032904411609424,0.008962822697321965,0.9920431955103244,0.00036451375779993225,0.0003678447944773838,6.238337760425655e-06,0.0,6.9363783630174876e-09,0.0008379001978286402
1088,65536,exact,618,1.330502234122904,1.318561890146215,0.011940343976688972,0.008974313361119838,0.9920479624167531,0.0003678447944773838,0.0003712033972786896,6.290883314312236e-06,0.0,7.164882520561879e-09,0.0008325240005366624
1088,65536,exact,619,1.318561890146215,1.3067135125083835,0.01184837763783153,0.008985833525431003,0.9920529398261911,0.0003712033972786896,0.000374589644169772,6.3436221012944525e-06,0.0,7.399475316055126e-09,0.0008271754348524686
1088,65536,exact,620,1.3067135125083835,1.2949565101678053,0.011757002340578193,0.00899738330401842,0.992058130276652,0.000374589644169772,0.00037800360781168604,6.39654602622586e-06,0.0,7.640230600199256e-09,0.0008218543941288628
1088,65536,exact,621,1.2949565101678053,1.2832902951255638,0.011666215042241523,0.009008962811214232,0.9920635363066934,0.00037800360781168604,0.00038144535536024005,6.449646674952622e-06,0.0,7.887217062297648e-09,0.0008165607719904856
1088,65536,exact,622,1.2832902951255638,1.2717142824136574,0.011576012711906447,0.009020572161947028,0.9920691604544807,0.00038144535536024005,0.0003849149482614374,6.5029153077438616e-06,0.0,8.140497800856756e-09,0.0008112944623376633
1088,65536,exact,623,1.2717142824136574,1.2602278900832704,0.011486392330386952,0.009032211471735843,0.9920750052568703,0.0003849149482614374,0.0003884124420429832,6.556342852827972e-06,0.0,8.400129758228889e-09,0.0008060553593442546
1088,65536,exact,624,1.2602278900832704,1.2488305391930623,0.011397350890208102,0.009043880856703636,0.9920810732484581,0.0003884124420429832,0.0003919378861021539,6.609919900163381e-06,0.0,8.66616306678409e-09,0.0008008433574591717
1088,65536,exact,625,1.2488305391930623,1.2375216537975147,0.011308885395547641,0.009055580433559009,0.9920873669606427,0.0003919378861021539,0.00039549132348741815,6.663636693296333e-06,0.0,8.938641084363548e-09,0.0007956583514019027
1088,65536,exact,626,1.2375216537975147,1.226300660935265,0.011220992862249757,0.009067310319634822,0.9920938889205985,0.00039549132348741815,0.0003990727906811631,6.717483126980237e-06,0.0,9.217598804242902e-09,0.0007905002361683963
1088,65536,exact,627,1.226300660935265,1.2151669906175144,0.011133670317750477,0.009079070632856987,0.9921006416503145,0.0003990727906811631,0.00040268231737285956,6.7714487360901385e-06,0.0,9.503063194162258e-09,0.0007853689070245727
1088,65536,exact,628,1.2151669906175144,1.204120075816438,0.011046914801076335,0.009090861491771265,0.9921076276655755,0.00040268231737285956,0.00040631992623310555,6.8255226934989365e-06,0.0,9.795052057480231e-09,0.0007802642595097373
1088,65536,exact,629,1.204120075816438,1.1931593524536348,0.010960723362803293,0.009102683015538559,0.9921148494749079,0.00040631992623310555,0.00040998563268027907,6.879693800363141e-06,0.0,1.0093573497252806e-08,0.0007751861894351325
1088,65536,exact,630,1.1931593524536348,1.1822842593886063,0.01087509306502854,0.009114535323940427,0.9921223095785819,0.00040998563268027907,0.00041367944464675753,6.933950483356733e-06,0.0,1.0398625393810527e-08,0.0007701345928833992
1088,65536,exact,631,1.1822842593886063,1.1714942384072664,0.010790020981339854,0.009126418537382617,0.9921300104675124,0.00041367944464675753,0.0004174013623396743,6.988280786396176e-06,0.0,1.0710194304130657e-08,0.0007651093662083794
1088,65536,exact,632,1.1714942384072664,1.1607887342104792,0.010705504196787174,0.009138332776900468,0.9921379546221961,0.0004174013623396743,0.0004211513779976259,7.0426723649941774e-06,0.0,1.1028255570853709e-08,0.0007601104060349867
1088,65536,exact,633,1.1607887342104792,1.1501671944026284,0.010621539807850855,0.009150278164161535,0.9921461445116175,0.0004211513779976259,0.0004249294756471249,7.097112482601842e-06,0.0,1.1352771576392685e-08,0.000755137609258514
1088,65536,exact,634,1.1501671944026284,1.1396290694802156,0.010538124922412795,0.0091622548214706,0.9921545825921753,0.0004249294756471249,0.00042873563085190996,7.151588001769433e-06,0.0,1.1683691644595942e-08,0.0007501908730444058
1088,65536,exact,635,1.1396290694802156,1.12917381282049,0.010455256659725576,0.009174262871773019,0.9921632713065522,0.00042873563085190996,0.00043256981046227726,7.20608538191005e-06,0.0,1.2020951342141522e-08,0.0007452700948279448
1088,65536,exact,636,1.12917381282049,1.1188008806701053,0.010372932150384706,0.009186302438660733,0.9921722130825915,0.00043256981046227726,0.00043643197235958324,7.2605906717448335e-06,0.0,1.236447123636672e-08,0.0007403751723139756
1088,65536,exact,637,1.1188008806701053,1.1085097321338089,0.010291148536296424,0.009198373646374451,0.9921814103321783,0.00043643197235958324,0.0004403220651990576,7.315089505860099e-06,0.0,1.27141565880594e-08,0.0007355060034763367
1088,65536,exact,638,1.1085097321338089,1.0982998291631607,0.010209902970648166,0.009210476619808082,0.9921908654500871,0.0004403220651990576,0.00044424002814967377,7.369567099289421e-06,0.0,1.3069896238307628e-08,0.000730662486557524
1088,65536,exact,639,1.0982998291631607,1.088170636545279,0.0101291926178817,0.00922261148451561,0.9922005808128209,0.00044424002814967377,0.00044818579063158123,7.424008243101766e-06,0.0,1.3431561930764887e-08,0.0007258445200687474
1088,65536,exact,640,1.088170636545279,1.0781216218916199,0.01004901465365915,0.009234778366711615,0.9922105587774855,0.00044818579063158123,0.00045215927205032524,7.478397299193189e-06,0.0,1.3799007558292203e-08,0.0007210520027888334
1088,65536,exact,641,1.0781216218916199,1.068152255626783,0.009969366264836799,0.009246977393278722,0.9922208016806017,0.00045215927205032524,0.0004561603815319765,7.5327181991033486e-06,0.0,1.4172068217859109e-08,0.0007162848337646309
1088,65536,exact,642,1.068152255626783,1.0582620109773506,0.009890244649432445,0.009259208691769254,0.99223131183693,0.0004561603815319765,0.0004601890176525154,7.586954436623823e-06,0.0,1.4550559615912964e-08,0.000711542912310003
1088,65536,exact,643,1.0582620109773506,1.0484503639607456,0.009811647016604974,0.009271472390418225,0.9922420915383104,0.0004601890176525154,0.00046424506816971413,7.641089068202353e-06,0.0,1.4934276980598914e-08,0.00070682613800686
1088,65536,exact,644,1.0484503639607456,1.0387167933741455,0.009733570586600182,0.009283768618124692,0.9922531430524916,0.00046424506816971413,0.00046832840975041064,7.695104706949029e-06,0.0,1.5322994555437477e-08,0.0007021344107011855
1088,65536,exact,645,1.0387167933741455,1.0290607807833838,0.009656012590761653,0.009296097504494241,0.9922644686219172,0.00046832840975041064,0.00047243890769859244,7.748983521744457e-06,0.0,1.571646469076312e-08,0.0006974676305086966
1088,65536,exact,646,1.0290607807833838,1.0194818105119232,0.009578970271460596,0.0093084591798052,0.9922760704625656,0.00047243890769859244,0.000476576415683764,7.802707235799495e-06,0.0,1.6114416821538455e-08,0.0006928256978083733
1088,65536,exact,647,1.0194818105119232,1.0099793696298376,0.009502440882085628,0.009320853775031127,0.9922879507627675,0.000476576415683764,0.00048074077546689936,7.85625712359158e-06,0.0,1.651655739921213e-08,0.0006882085132450718
1088,65536,exact,648,1.0099793696298376,1.0005529479428126,0.00942642168702501,0.009333281421857003,0.9923001116820063,0.00048074077546689936,0.00048493181662686094,7.909614009591816e-06,0.0,1.692256862943645e-08,0.0006836159777306415
1088,65536,exact,649,1.0005529479428126,0.9912020379812045,0.009350909961608034,0.009345742252655371,0.9923125553497423,0.00048493181662686094,0.0004891493562892965,7.96275826976207e-06,0.0,1.7332107858625788e-08,0.0006790479924396353
1088,65536,exact,650,0.9912020379812045,0.9819261349891012,0.009275902992103346,0.009358236400518014,0.9923252838642478,0.0004891493562892965,0.000493393198854025,8.015669829352163e-06,0.0,1.774480711739905e-08,0.0006745044588126167
1088,65536,exact,651,0.9819261349891012,0.9727247369134332,0.009201398075668,0.009370763999239239,0.9923382992913996,0.000493393198854025,0.0004976631357246192,8.068328164426712e-06,0.0,1.816027255397562e-08,0.0006699852785528954
1088,65536,exact,652,0.9727247369134332,0.9635973443930932,0.009127392520340005,0.00938332518334248,0.9923516036635245,0.0004976631357246192,0.0005019589450399943,8.120712303149398e-06,0.0,1.8578083699248918e-08,0.0006654903536293251
1088,65536,exact,653,0.9635973443930932,0.9545434607481079,0.009053883644985272,0.009395920088060974,0.9923651989782329,0.0005019589450399943,0.0005062803914080079,8.172800827671027e-06,0.0,1.8997793181044914e-08,0.0006610195862722654
1088,65536,exact,654,0.9545434607481079,0.9455625919688159,0.00898086877929205,0.009408548849366628,0.9923790871972502,0.0005062803914080079,0.0005106272256406622,8.224571875690635e-06,0.0,1.941892637381641e-08,0.0006565728789768753
1088,65536,exact,655,0.9455625919688159,0.9366542467050945,0.008908345263721418,0.009421211603953988,0.9923932702452737,0.0005106272256406622,0.0005149991844948437,8.276003145984807e-06,0.0,1.9840980949132822e-08,0.0006521501344998174
1088,65536,exact,656,0.9366542467050945,0.9278179362555997,0.008836310449494733,0.009433908489262255,0.9924077500088132,0.0005149991844948437,0.0005193959904138182,8.32707189975216e-06,0.0,2.0263426835456268e-08,0.0006477512558610271
1088,65536,exact,657,0.9278179362555997,0.9190531745570513,0.008764761698548451,0.009446639643463298,0.9924225283350933,0.0005193959904138182,0.0005238173512757974,8.377754968188624e-06,0.0,2.0685705982544447e-08,0.0006433761463413208
1088,65536,exact,658,0.9190531745570513,0.9103594781735275,0.008693696383523797,0.009459405205486427,0.9924376070308724,0.0005238173512757974,0.000528262960145829,8.428028756772794e-06,0.0,2.1107232346054966e-08,0.0006390247094845295
1088,65536,exact,659,0.9103594781735275,0.901736366285808,0.00862311188771947,0.009472205315003908,0.9924529878613816,0.000528262960145829,0.000532732495033581,8.47786925256994e-06,0.0,2.152739221475755e-08,0.0006346968490947156
1088,65536,exact,660,0.901736366285808,0.8931833606807297,0.008553005605078323,0.009485040112452804,0.9924686725492101,0.000532732495033581,0.0005372256186571753,8.527252031702228e-06,0.0,2.194554433369942e-08,0.0006303924692377595
1088,65536,exact,661,0.8931833606807297,0.8846999857405872,0.008483374940142507,0.009497909739022677,0.9924846627732311,0.0005372256186571753,0.0005417419782144615,8.576152268661524e-06,0.0,2.2361020307094803e-08,0.0006261114742389423
1088,65536,exact,662,0.8846999857405872,0.876285768432543,0.008414217308044147,0.009510814336682237,0.9925009601674916,0.0005417419782144615,0.0005462812051611497,8.624544745574435e-06,0.0,2.2773125314006805e-08,0.0006218537686854177
1088,65536,exact,663,0.876285768432543,0.8679402382980875,0.008345530134455492,0.009523754048161215,0.9925175663202392,0.0005462812051611497,0.0005508429149976517,8.672403863252703e-06,0.0,2.3181138632559148e-08,0.00061761925742253
1088,65536,exact,664,0.8679402382980875,0.8596629274425102,0.008277310855577369,0.009536729016974771,0.9925344827728058,0.0005508429149976517,0.0005554267070649507,8.719703653665456e-06,0.0,2.358431497361327e-08,0.0006134078455563595
1088,65536,exact,665,0.8596629274425102,0.8514533705244063,0.008209556918103877,0.009549739387421577,0.9925517110186405,0.0005554267070649507,0.0005600321643502489,8.766417792579443e-06,0.0,2.398188509648673e-08,0.0006092194384520515
1088,65536,exact,666,0.8514533705244063,0.8433111047452201,0.008142265779186197,0.009562785304580346,0.9925692525023104,0.0005600321643502489,0.0005646588533035512,8.812519614913239e-06,0.0,2.437305773970045e-08,0.0006050539417325489
1088,65536,exact,667,0.8433111047452201,0.835235669838799,0.008075434906421042,0.00957586691433499,0.9925871086184865,0.0005646588533035512,0.0005693063236652647,8.857982129649509e-06,0.0,2.47570207868213e-08,0.0006009112612807829
1088,65536,exact,668,0.835235669838799,0.8272266080609948,0.00800906177780425,0.00958898436335939,0.9926052807110336,0.0005693063236652647,0.0005739741083069139,8.90277803782303e-06,0.0,2.5132943235806927e-08,0.0005967913032365285
1088,65536,exact,669,0.8272266080609948,0.8192834641792781,0.007943143881716686,0.009602137799139803,0.9926237700720458,0.0005739741083069139,0.0005786617230842917,8.946879750366264e-06,0.0,2.5499977424113876e-08,0.0005926939739982763
1088,65536,exact,670,0.8192834641792781,0.8114057854623964,0.00787767871688172,0.00961532736996374,0.9926425779409355,0.0005786617230842917,0.0005833686667057584,8.990259408882811e-06,0.0,2.5857261259443556e-08,0.0005886191802208337
1088,65536,exact,671,0.8114057854623964,0.8035931216700426,0.007812663792353791,0.00962855322494599,0.9926617055035635,0.0005833686667057584,0.0005880944206149912,9.032888906346631e-06,0.0,2.6203920833428422e-08,0.0005845668288174802
1088,65536,exact,672,0.8035931216700426,0.7958450250425725,0.0077480966274701135,0.009641815514010213,0.9926811538913536,0.0005880944206149912,0.0005928384488899497,9.074739910380283e-06,0.0,2.6539073587177053e-08,0.0005805368269565916
1088,65536,exact,673,0.7958450250425725,0.7881610502907296,0.007683974751842904,0.00965511438791976,0.9927009241804579,0.0005928384488899497,0.0005976001981592754,9.115783887850296e-06,0.0,2.686183133706558e-08,0.000576529082064486
1088,65536,exact,674,0.7881610502907296,0.7805407545854172,0.007620295705312419,0.009668449998260525,0.9927210173909425,0.0005976001981592754,0.0006023790975367069,9.155992131002287e-06,0.0,2.7171304000164764e-08,0.0005725435018221403
1088,65536,exact,675,0.7805407545854172,0.7729836975474834,0.007557057037933745,0.009681822497465443,0.9927414344859908,0.0006023790975367069,0.0006071745585738911,9.195335784585849e-06,0.0,2.7466603661732876e-08,0.0005685799941672305
1088,65536,exact,676,0.7729836975474834,0.7654894412375493,0.007494256309934166,0.00969523203880222,0.9927621763711586,0.0006071745585738911,0.00061198597523469,9.233785876150816e-06,0.0,2.774684847444038e-08,0.0005646384672915365
1088,65536,exact,677,0.7654894412375493,0.7580575501458477,0.0074318910917015035,0.00970867877640028,0.9927832438936128,0.00061198597523469,0.000616812723889108,9.271313345963636e-06,0.0,2.8011167747398098e-08,0.000560718829643117
1088,65536,exact,678,0.7580575501458477,0.7506875911821085,0.007369958963739265,0.009722162865235376,0.9928046378414318,0.000616812723889108,0.0006216541633308273,9.307889080682693e-06,0.0,2.8258706568327907e-08,0.0005568209899234778
1088,65536,exact,679,0.7506875911821085,0.7433791336654563,0.0073084575166522114,0.009735684461153242,0.9928263589429294,0.0006216541633308273,0.0006265096348168585,9.34348394688491e-06,0.0,2.8488631484782125e-08,0.0005529448570891925
1088,65536,exact,680,0.7433791336654563,0.7361317493143498,0.007247384351106501,0.009749243720860275,0.9928484078659918,0.0006265096348168585,0.0006313784621324624,9.378068827876764e-06,0.0,2.8700136036285094e-08,0.0005490903403498643
1088,65536,exact,681,0.7361317493143498,0.7289450122365394,0.007186737077810368,0.009762840801941041,0.9928707852174498,0.0006313784621324624,0.0006362599516802584,9.41161466043057e-06,0.0,2.889244701603441e-08,0.0005452573491690618
1088,65536,exact,682,0.7289450122365394,0.7218184989190539,0.007126513317485483,0.009776475862863798,0.9928934915424823,0.0006362599516802584,0.0006411533925973795,9.444092475700877e-06,0.0,2.9064830784210176e-08,0.0005414457932638997
1088,65536,exact,683,0.7218184989190539,0.7147517882182227,0.0070667107008312025,0.009790149062976115,0.9929165273240552,0.0006411533925973795,0.000646058056898053,9.47547343878336e-06,0.0,2.9216600557066194e-08,0.0005376555826034412
1088,65536,exact,684,0.7147517882182227,0.7077444613497152,0.0070073268685074686,0.009803860562525859,0.992939892982371,0.000646058056898053,0.0006509731996460538,9.505728892445376e-06,0.0,2.934712314286124e-08,0.0005338866274100959
1088,65536,exact,685,0.7077444613497152,0.700796101878621,0.00694835947109429,0.009817610522650098,0.9929635888743569,0.0006509731996460538,0.0006558980591561149,9.534830401356715e-06,0.0,2.9455826810564738e-08,0.0005301388381572363
1088,65536,exact,686,0.700796101878621,0.693906295709542,0.006889806169078971,0.009831399105402412,0.9929876152931817,0.0006558980591561149,0.0006608318572253085,9.56274979780228e-06,0.0,2.954220935057466e-08,0.0005264121255712554
1088,65536,exact,687,0.693906295709542,0.6870746310767284,0.006831664632813594,0.009845226473738781,0.9930119724678087,0.0006608318572253085,0.0006657737993961182,9.589459229323941e-06,0.0,2.960584607461167e-08,0.0005227064006288812
1088,65536,exact,688,0.6870746310767284,0.680300698534229,0.006773932542499361,0.00985909279154114,0.9930366605625641,0.0006657737993961182,0.0006707230752512247,9.61493120759307e-06,0.0,2.964639874011247e-08,0.0005190215745587927
1088,65536,exact,689,0.680300698534229,0.6735840909460828,0.006716607588146184,0.009872998223605736,0.9930616796767388,0.0006707230752512247,0.0006756788587415143,9.639138658640205e-06,0.0,2.9663624054711638e-08,0.0005153575588391242
1088,65536,exact,690,0.6735840909460828,0.666924403476522,0.006659687469560804,0.009886942935672572,0.993087029844222,0.0006756788587415143,0.0006806403085480058,9.662054975038795e-06,0.0,2.965738317710527e-08,0.0005117142651997905
1088,65536,exact,691,0.666924403476522,0.6603212335802207,0.006603169896301386,0.009900927094406195,0.9931127110331746,0.0006806403085480058,0.0006856065684771333,9.683654067522322e-06,0.0,2.962765095542927e-08,0.000508091605619283
1088,65536,exact,692,0.6603212335802207,0.6537741809925536,0.006547052587667079,0.009914950867427611,0.9931387231457085,0.0006856065684771333,0.000690576767892963,9.703910420743751e-06,0.0,2.9574525471707906e-08,0.0005044894923269133
1088,65536,exact,693,0.6537741809925536,0.6472828477198982,0.006491333272655386,0.009929014423298741,0.9931650660176092,0.000690576767892963,0.0006955500221825466,9.72279914584835e-06,0.0,2.9498237943547008e-08,0.000500907837800251
1088,65536,exact,694,0.6472828477198982,0.6408468380299511,0.006436009689947064,0.009943117931547832,0.9931917394180956,0.0006955500221825466,0.0007005254332600109,9.740296038723708e-06,0.0,2.9399162491277643e-08,0.000497346554766666
1088,65536,exact,695,0.6408468380299511,0.634465758442085,0.006381079587866156,0.009957261562657386,0.9932187430495973,0.0007005254332600109,0.0007055020901050569,9.756377634523405e-06,0.0,2.9277826249225584e-08,0.0004938055562009576
1088,65536,exact,696,0.634465758442085,0.6281392177177179,0.0063265407243671135,0.009971445488093445,0.9932460765475609,0.0007055020901050569,0.0007104790693393062,9.77102126566824e-06,0.0,2.9134919313591502e-08,0.0004902847553274579
1088,65536,exact,697,0.6281392177177179,0.6218668268507243,0.006272390866993605,0.00998566988029138,0.993273739480307,0.0007104790693393062,0.0007154554358394663,9.784205119257296e-06,0.0,2.89713049318914e-08,0.00048678406561728063
1088,65536,exact,698,0.6218668268507243,0.6156481990578668,0.006218627792857423,0.009999934912672502,0.9933017313489011,0.0007154554358394663,0.0007204302433878691,9.795908294965379e-06,0.0,2.8788029420804412e-08,0.0004833034007892303
1088,65536,exact,699,0.6156481990578668,0.6094829497692512,0.006165249288615615,0.01001424075965846,0.9933300515870626,0.0007204302433878691,0.0007254025353594433,9.806110862512545e-06,0.0,2.8586332421315884e-08,0.00047984267480996563
1088,65536,exact,700,0.6094829497692512,0.6033706966188208,0.006112253150430402,0.010028587596657932,0.9933586995611245,0.0007254025353594433,0.0007303713454458177,9.814793919463689e-06,0.0,2.836765664526123e-08,0.00047640180189168385
1088,65536,exact,701,0.6033706966188208,0.5973110594348633,0.0060596371839575225,0.010042975600098949,0.9933876745699941,0.0007303713454458177,0.000735335698417173,9.82193965009208e-06,0.0,2.8133657897799237e-08,0.0004729806964942731
1088,65536,exact,702,0.5973110594348633,0.5913036602305585,0.00600739920430482,0.01005740494741321,0.9934169758452093,0.000735335698417173,0.0007402946109189522,9.827531381141282e-06,0.0,2.788621480183818e-08,0.0004695792733226768
1088,65536,exact,703,0.5913036602305585,0.5853481231945421,0.005955537036016367,0.010071875817061933,0.9934466025509734,0.0007402946109189522,0.0007452470923050399,9.831553639580945e-06,0.0,2.7627438768901107e-08,0.0004661974473283407
1088,65536,exact,704,0.5853481231945421,0.5794440746815079,0.005904048513034166,0.010086388388524718,0.9934765537843006,0.0007452470923050399,0.0007501921455067365,9.833992209220881e-06,0.0,2.7359683465945535e-08,0.0004628351337071574
1088,65536,exact,705,0.5794440746815079,0.5735911432028235,0.005852931478684487,0.01010094284232962,0.9935068285751439,0.0007501921455067365,0.0007551287679351778,9.83483418563705e-06,0.0,2.7085554840005147e-08,0.0004594922479011444
1088,65536,exact,706,0.5735911432028235,0.5677889594171869,0.005802183785636572,0.010115539360036637,0.9935374258866552,0.0007551287679351778,0.0007600559524182075,9.834068031879036e-06,0.0,2.6807920949518255e-08,0.00045616870559591553
1088,65536,exact,707,0.5677889594171869,0.5620371561212988,0.005751803295888092,0.010130178124266616,0.9935683446154223,0.0007600559524182075,0.0007649726881695147,9.831683632483667e-06,0.0,2.6529922225650843e-08,0.00045286442272231655
1088,65536,exact,708,0.5620371561212988,0.5563353682405726,0.005701787880726172,0.0101448593186882,0.9935995835918581,0.0007649726881695147,0.0007698779617897386,9.82767234748179e-06,0.0,2.6254982117210335e-08,0.0004495793154540755
1088,65536,exact,709,0.5563353682405726,0.550683232819859,0.005652135420713633,0.010159583128048611,0.9936311415805832,0.0007698779617897386,0.0007747707582974856,9.822027065097922e-06,0.0,2.5986818482899923e-08,0.00044631330020967206
1088,65536,exact,710,0.550683232819859,0.5450803890142111,0.005602843805647906,0.010174349738156497,0.9936630172809675,0.0007747707582974856,0.000779650062190184,9.814742255111156e-06,0.0,2.572945586990817e-08,0.0004430662936496777
1088,65536,exact,711,0.5450803890142111,0.5395264780796633,0.005553910934547823,0.010189159335914072,0.993695209327703,0.000779650062190184,0.000784514858532533,9.805814021460356e-06,0.0,2.5487239358953917e-08,0.0004398382126785896
1088,65536,exact,712,0.5395264780796633,0.5340211433640484,0.0055053347156148735,0.010204012109303722,0.9937277162915292,0.000784514858532533,0.00078936413407228,9.795240155610529e-06,0.0,2.526484963653961e-08,0.0004366289744425725
1088,65536,exact,713,0.5340211433640484,0.5285640302978319,0.005457113066216435,0.010218908247414199,0.9937605366800508,0.00078936413407228,0.0007941968783797855,9.783020189474356e-06,0.0,2.5067321341386804e-08,0.00043343849633070496
1088,65536,exact,714,0.5285640302978319,0.5231547863849831,0.005409243912848805,0.010233847940429919,0.9937936689386998,0.0007941968783797855,0.000799012085013357,9.769155451882762e-06,0.0,2.4900063235150198e-08,0.0004302666959730325
1088,65536,exact,715,0.5231547863849831,0.5177930611938628,0.005361725191120326,0.010248831379657299,0.9938271114518458,0.000799012085013357,0.0008038087527067351,9.753649125675876e-06,0.0,2.4768882882003282e-08,0.000427113491241727
1088,65536,exact,716,0.5177930611938628,0.5124785063481426,0.0053145548457201874,0.01026385875752477,0.9938608625440687,0.0008038087527067351,0.0008085858865775749,9.736506307607523e-06,0.0,2.4680015620255104e-08,0.0004239788002501361
1088,65536,exact,717,0.5124785063481426,0.5072107755177557,0.005267730830386896,0.01027893026758153,0.9938949204816508,0.0008085858865775749,0.0008133424993576505,9.717734073948266e-06,0.0,2.4640158901743578e-08,0.00042086254135147974
1088,65536,exact,718,0.5072107755177557,0.5019895244098622,0.00522125110789351,0.010294046104528652,0.9939292834742358,0.0008133424993576505,0.0008180776126415534,9.697341549673844e-06,0.0,2.4656513814068186e-08,0.0004177646331405451
1088,65536,exact,719,0.5019895244098622,0.49681441075985355,0.005175113650008667,0.010309206464203649,0.9939639496767689,0.0008180776126415534,0.0008227902581556843,9.675339986378829e-06,0.0,2.473683403470331e-08,0.00041468499445127417
1088,65536,exact,720,0.49681441075985355,0.49168509432237567,0.005129316437477882,0.010324411543604061,0.993998917191692,0.0008227902581556843,0.0008274794790451265,9.65174284728255e-06,0.0,2.4889484778961926e-08,0.0004116235443576832
1088,65536,exact,721,0.49168509432237567,0.4866012368623818,0.005083857459993846,0.010339661540889809,0.9940341840714277,0.0008274794790451265,0.0008321443311797747,9.626565903914472e-06,0.0,2.512351261209876e-08,0.00040858020217297326
1088,65536,exact,722,0.4866012368623818,0.4815625021462093,0.005038734716172499,0.010354956655396931,0.9940697483212078,0.0008321443311797747,0.000836783884478972,9.59982734450305e-06,0.0,2.5448728329519055e-08,0.0004055548874496743
1088,65536,exact,723,0.4815625021462093,0.47656855593268876,0.0049939462135205615,0.010370297087633968,0.9941056079022768,0.000836783884478972,0.0008413972242567792,9.571547898696548e-06,0.0,2.5875804714301127e-08,0.0004025475199781707
1088,65536,exact,724,0.47656855593268876,0.4716190659642698,0.004949489968418985,0.01038568303931084,0.9941417607354908,0.0008413972242567792,0.0008459834525880604,9.541750978980825e-06,0.0,2.6416391509464197e-08,0.0003995580197880834
1088,65536,exact,725,0.4716190659642698,0.46671370195818357,0.00490536400608621,0.010401114713326378,0.994178204705383,0.0008459834525880604,0.0008505416896974755,9.510462843028083e-06,0.0,2.7083250012018695e-08,0.00039658630714615875
1088,65536,exact,726,0.46671370195818357,0.461852135597623,0.004861566360560565,0.0104165923137953,0.994214937664725,0.0008505416896974755,0.0008550710753750295,9.477712780423057e-06,0.0,2.78904092190042e-08,0.0003936323025572744
1088,65536,exact,727,0.461852135597623,0.45703404052295754,0.004818095074665463,0.01043211604603926,0.9942519574396358,0.0008550710753750295,0.0008595707704194978,9.443533325210959e-06,0.0,2.885334735058028e-08,0.00039069592676287666
1088,65536,exact,728,0.45703404052295754,0.452259092322964,0.004774948199993523,0.01044768611661798,0.9942892618352928,0.0008595707704194978,0.0008640399581159734,9.407960500528917e-06,0.0,2.998920015182677e-08,0.00038777710074209393
1088,65536,exact,729,0.452259092322964,0.44752696852609564,0.004732123796868382,0.01046330273331268,0.9943268486423025,0.0008640399581159734,0.00086847784575031,9.371034095639944e-06,0.0,3.131699981273866e-08,0.00038487574570960666
1088,65536,exact,730,0.44752696852609564,0.44283734859176493,0.004689619934330702,0.010478966105161653,0.9943647156437806,0.00086847784575031,0.00087288366616757,9.332797982022413e-06,0.0,3.285794688266154e-08,0.0003819917831171632
1088,65536,exact,731,0.44283734859176493,0.4381899139016626,0.0046474346901023145,0.01049467644244842,0.9944028606232126,0.00087288366616757,0.0008772566793803457,9.293300470233224e-06,0.0,3.4635718196393724e-08,0.0003791251346517009
1088,65536,exact,732,0.4381899139016626,0.43358434775109905,0.004605566150563567,0.010510433956718445,0.9944412813731459,0.0008772566793803457,0.0008815961742347688,9.252594711838732e-06,0.0,3.6676813211945075e-08,0.0003762757222355129
1088,65536,exact,733,0.43358434775109905,0.42902033534036743,0.0045640124107316216,0.010526238860798573,0.9944799757047798,0.0008815961742347688,0.0008859014701424619,9.210739149659446e-06,0.0,3.9010941617150484e-08,0.0003734434680266296
1088,65536,exact,734,0.42902033534036743,0.42449756376614156,0.00452277157422587,0.010542091368787183,0.9945189414585449,0.0008859014701424619,0.0008901719188874755,9.167798018823313e-06,0.0,4.167145399775786e-08,0.00037062829441702875
1088,65536,exact,735,0.42449756376614156,0.4200157220128909,0.0044818417532506705,0.010557991696083669,0.994558176515676,0.0008901719188874755,0.0008944069065193706,9.123841902472998e-06,0.0,4.469581729022159e-08,0.00036783012403376214
1088,65536,exact,736,0.4200157220128909,0.41557450094433024,0.004441221068560652,0.010573940059377932,0.9945976788109243,0.0008944069065193706,0.0008986058553423848,9.078948341639636e-06,0.0,4.812613588016639e-08,0.0003650488797371056
1088,65536,exact,737,0.41557450094433024,0.4111735932948853,0.004400907649444952,0.010589936676683854,0.9946374463463976,0.0008986058553423848,0.0009027682260126762,9.033202501860478e-06,0.0,5.200971885436188e-08,0.0003622844846218936
1088,65536,exact,738,0.4111735932948853,0.4068126936611938,0.004360899633691462,0.010605981767325981,0.9946774772066593,0.0009027682260126762,0.0009068935197572854,8.986697896130795e-06,0.0,5.639969146537752e-08,0.0003595368620155021
1088,65536,exact,739,0.4068126936611938,0.4024914984936259,0.004321195167567904,0.010622075551965763,0.9947177695750952,0.0009068935197572854,0.0009109812807259759,8.939537160775484e-06,0.0,6.135564987401042e-08,0.0003568059354787107
1088,65536,exact,740,0.4024914984936259,0.3982097060878335,0.004281792405792406,0.010638218252602956,0.9947583217516316,0.0009109812807259759,0.0009150310984905755,8.89183288209885e-06,0.0,6.694435364710226e-08,0.0003540916288046332
1088,65536,exact,741,0.3982097060878335,0.3939670165763223,0.0042426895115111884,0.010654410092594213,0.9947991321718548,0.0009150310984905755,0.0009190426107050825,8.8437084677117e-06,0.0,7.324045131257197e-08,0.00035139386601904486
1088,65536,exact,742,0.3939670165763223,0.3897631319200557,0.004203884656266643,0.010670651296647913,0.9948401994275797,0.0009190426107050825,0.0009230155059389149,8.795299052655784e-06,0.0,8.032723002873113e-08,0.00034871257137886267
1088,65536,exact,743,0.3897631319200557,0.38559775590007506,0.004165376019980627,0.01068694209085683,0.994881522288896,0.0009230155059389149,0.0009269495266979121,8.746752431522168e-06,0.0,8.829737837331292e-08,0.00034604766937341796
1088,65536,exact,744,0.38559775590007506,0.3814705941091551,0.004127161790919931,0.010703282702686308,0.994923099727731,0.0009269495266979121,0.0009308444726434335,8.698229998743726e-06,0.0,9.725374874999457e-08,0.0003433990847224873
1088,65536,exact,745,0.3814705941091551,0.37738135394347727,0.004089240165677854,0.010719673361002885,0.9949649309429575,0.0009308444726434335,0.0009347002040223537,8.649907681091052e-06,0.0,1.0731010104483591e-07,0.00034076674237724203
1088,65536,exact,746,0.37738135394347727,0.3733297445943342,0.004051609349143059,0.010736114296070636,0.9950070153870342,0.0009347002040223537,0.0009385166453160153,8.601976837069833e-06,0.0,1.1859180698862905e-07,0.0003381505675188752
1088,65536,exact,747,0.3733297445943342,0.3693154770398562,0.004014267554478035,0.010752605739572128,0.9950493527941937,0.0009385166453160153,0.000942293789116785,8.554645097212429e-06,0.0,1.3123648870622465e-07,0.0003355504855589431
1088,65536,exact,748,0.3693154770398562,0.36533826403676367,0.003977213003092506,0.010769147924616461,0.9950919432101502,0.000942293789116785,0.0009460317002373014,8.50813711241894e-06,0.0,1.4539456219455488e-07,0.000332966422138803
1088,65536,exact,749,0.36533826403676367,0.3613978201121492,0.003940443924614456,0.010785741085740564,0.995134787023288,0.0009460317002373014,0.0009497305200538758,8.462695171539404e-06,0.0,1.6122965058938503e-07,0.00033039830312869996
1088,65536,exact,750,0.3613978201121492,0.3574938615552746,0.0039039585568746427,0.01080238545894705,0.9951778849972657,0.0009497305200538758,0.0009533904710834618,8.418579647074366e-06,0.0,1.7891882818192595e-07,0.0003278460546290273
1088,65536,exact,751,0.3574938615552746,0.3536261064094067,0.003867755145867846,0.010819081281679088,0.9952212383050111,0.0009533904710834618,0.0009570118617886706,8.376069220761292e-06,0.0,1.986526519713941e-07,0.0003253096029677342
1088,65536,exact,752,0.3536261064094067,0.3497942744636688,0.00383183194573794,0.010835828792859764,0.9952648485639224,0.0009570118617886706,0.000960595091600535,8.335460836914584e-06,0.0,2.2063493335827168e-07,0.00032278887470174497
1088,65536,exact,753,0.3497942744636688,0.3459980872449208,0.0037961872187479706,0.010852628232890816,0.9953087178722467,0.000960595091600535,0.0009641406561441273,8.297069329858657e-06,0.0,2.45082201033261e-07,0.0003202837966157514
1088,65536,exact,754,0.3459980872449208,0.34223726800966425,0.003760819235256563,0.010869479843668619,0.9953528488464307,0.0009641406561441273,0.0009676491526459412,8.261226667745728e-06,0.0,2.7222280352850233e-07,0.00031779429572220474
1088,65536,exact,755,0.34223726800966425,0.3385115417359731,0.0037257262736911656,0.010886383868591297,0.9953972446593048,0.0009676491526459412,0.0009711212854956235,8.22828075744227e-06,0.0,3.022956024997109e-07,0.0003153202992606276
1088,65536,exact,756,0.3385115417359731,0.33482063511544585,0.0036909066205272345,0.010903340552583018,0.9954419090788914,0.0009711212854956235,0.0009745578719285965,8.198593757219395e-06,0.0,3.355482095333947e-07,0.0003128617346980813
1088,65536,exact,757,0.33482063511544585,0.331164276545193,0.003656358570252871,0.010920350142075807,0.9954868465076322,0.0009745578719285965,0.0009779598477877827,8.172539850014807e-06,0.0,3.722347276195054e-07,0.0003104185297269821
1088,65536,exact,758,0.331164276545193,0.3275421961198327,0.0036220804253602745,0.010937412885069988,0.9955320620217465,0.0009779598477877827,0.0009813282733161794,8.150502440299454e-06,0.0,4.126129667645674e-07,0.00030799061226756945
1088,65536,exact,759,0.3275421961198327,0.3239541256235317,0.003588070496300999,0.010954529031087916,0.9955775614105054,0.0009813282733161794,0.00098466433892362,8.13287075187348e-06,0.0,4.5694111955730914e-07,0.00030557791046425837
1088,65536,exact,760,0.3239541256235317,0.3203997985220512,0.0035543271014805145,0.010971698831244431,0.9956233512150403,0.00098466433892362,0.0009879693708637327,8.120035821603942e-06,0.0,5.054738989478981e-07,0.000303180352688529
1088,65536,exact,761,0.3203997985220512,0.3168789499548339,0.003520848567217294,0.010988922538211194,0.9956694387664397,0.0009879693708637327,0.0009912448367486706,8.112385906615657e-06,0.0,5.58458164270307e-07,0.0003007978675359183
1088,65536,exact,762,0.3168789499548339,0.3133913167271067,0.003487633227727216,0.0110062004062571,0.9957158322226891,0.0009912448367486706,0.0009944923508219397,8.110301349130818e-06,0.0,6.161280868373017e-07,0.0002984303838272038
1088,65536,exact,763,0.3133913167271067,0.3099366373020109,0.003454679425095808,0.01102353269125212,0.9957625406041504,0.0009944923508219397,0.0009977136789019285,8.114148970277585e-06,0.0,6.786999341976737e-07,0.000296077830607596
1088,65536,exact,764,0.3099366373020109,0.30651465179275755,0.0034219855092533225,0.011040919650679583,0.9958095738271356,0.0009977136789019285,0.0010009107429029803,8.124276096127947e-06,0.0,7.463665819807362e-07,0.0002937401371463319
1088,65536,exact,765,0.30651465179275755,0.30312510195480735,0.003389549837950201,0.011058361543649675,0.995856942735172,0.0010009107429029803,0.001004085624833275,8.141004344542177e-06,0.0,8.192918894188786e-07,0.0002914172329363982
1088,65536,exact,766,0.30312510195480735,0.29976773117807465,0.0033573707767327043,0.011075858630913555,0.9959046591275258,0.001004085624833275,0.0010072405701648615,8.164623330185289e-06,0.0,8.976050997553785e-07,0.000289109047694194
1088,65536,exact,767,0.29976773117807465,0.2964422844791572,0.0033254466989174336,0.01109341117487385,0.9959527357845558,0.0010072405701648615,0.0010103779904675344,8.195384463502415e-06,0.0,9.813954448575739e-07,0.00028681551135910594
1088,65536,exact,768,0.2964422844791572,0.2931485084935899,0.0032937759855672932,0.011111019439599811,0.9960011864894296,0.0010103779904675344,0.0010135004651950167,8.233495031753005e-06,0.0,1.0707071452062573e-06,0.00028453655409320914
1088,65536,exact,769,0.2931485084935899,0.2898861514681231,0.0032623570254668444,0.011128683690840543,0.9960500260458083,0.0010135004651950167,0.001016610742511615,8.279112753235102e-06,0.0,1.1655349965553237e-06,0.0002822721062809338
1088,65536,exact,770,0.2898861514681231,0.28665496325302653,0.0032311882150965476,0.011146404196034389,0.9960992702910401,0.001016610742511615,0.0010197117390495908,8.332340989298801e-06,0.0,1.265820725560073e-06,0.00028002209852851363
1088,65536,exact,771,0.28665496325302653,0.2834546952944143,0.003200267958612224,0.011164181224336206,0.996148936104483,0.0010197117390495908,0.001022806538489108,8.393224777606256e-06,0.0,1.3714502760003074e-06,0.0002777864616643039
1088,65536,exact,772,0.2834546952944143,0.28028510062660267,0.003169594667811637,0.011182015046600276,0.9961990414106069,0.001022806538489108,0.001025898388860292,8.461747825259465e-06,0.0,1.48225215631766e-06,0.0002755651267369262
1088,65536,exact,773,0.28028510062660267,0.2771459338644796,0.003139166762123058,0.011199905935439191,0.996249605176515,0.001025898388860292,0.001028990698473144,8.537830560952543e-06,0.0,1.597996941097267e-06,0.0002733580250171067
1088,65536,exact,774,0.2771459338644796,0.27403695119591154,0.003108982668568072,0.011217854165193417,0.9963006474036828,0.001028990698473144,0.0010320870303934828,8.621329306766839e-06,0.0,1.7183979744452276e-06,0.0002711650879951781
1088,65536,exact,775,0.27403695119591154,0.27095791037416617,0.0030790408217453713,0.011235860011973848,0.996352189113673,0.0010320870303934828,0.0010351910953949471,8.712036583990673e-06,0.0,1.8431132774200665e-06,0.00026898624738211607
1088,65536,exact,776,0.27095791037416617,0.2679085707103629,0.0030493396638032744,0.01125392375366505,0.9964042523277645,0.0010351910953949471,0.0010383067433342203,8.809682526930857e-06,0.0,1.9717486160724784e-06,0.00026682143510861015
1088,65536,exact,777,0.2679085707103629,0.26488869306594703,0.003019877644415858,0.011272045669941111,0.996456860040477,0.0010383067433342203,0.0010414379529143068,8.913937338727304e-06,0.0,2.1038616460911097e-06,0.00026467058332486616
1088,65536,exact,778,0.26488869306594703,0.26189803984518817,0.0029906532207588654,0.011290226042280742,0.996510036187119,0.0010414379529143068,0.0010445888198223029,9.024414691914243e-06,0.0,2.2389670148864615e-06,0.0002625336244001975
1088,65536,exact,779,0.26189803984518817,0.2589363749877027,0.0029616648574854465,0.011308465153981796,0.9965638056056049,0.0010445888198223029,0.0010477635432514264,9.140675952170888e-06,0.0,2.3765422759261003e-06,0.0002604104909227304
1088,65536,exact,780,0.2589363749877027,0.2560034639610016,0.002932911026701124,0.011326763290172778,0.9966181939929316,0.0010477635432514264,0.0010509664108412726,9.262235087486963e-06,0.0,2.516034453085717e-06,0.0002583011156988808
1088,65536,exact,781,0.2560034639610016,0.2530990737530585,0.002904390207943086,0.011345120737840983,0.9966732278568688,0.0010509664108412726,0.0010542017820987235,9.388564119307676e-06,0.0,2.6568670829034934e-06,0.00025620543175357757
1088,65536,exact,782,0.2530990737530585,0.25022297286491013,0.0028761008881483807,0.011363537785817855,0.9967289344635915,0.0010542017820987235,0.0010574740703885518,9.519098970812645e-06,0.0,2.798447563140665e-06,0.00025412337232861795
1088,65536,exact,783,0.25022297286491013,0.2473749313032709,0.0028480415616392307,0.011382014724830344,0.9967853417821034,0.0010574740703885518,0.0010607877236120343,9.653245575197988e-06,0.0,2.9401746411284856e-06,0.0002520548708839055
1088,65536,exact,784,0.2473749313032709,0.24455472057317637,0.00282021073009453,0.01140055184749935,0.9968424784265857,0.0010607877236120343,0.0010641472037201825,9.790386116982276e-06,0.0,3.0814458867160516e-06,0.00024999986109635534
1088,65536,exact,785,0.24455472057317637,0.2417621136706552,0.002792606902521172,0.011419149448336084,0.9969003735978684,0.0010641472037201825,0.0010675569652368972,9.929885293674124e-06,0.0,3.2216650085539495e-06,0.0002479582768586916
1088,65536,exact,786,0.2417621136706552,0.23899688507541375,0.002765228595241448,0.011437807823803322,0.9969590570254466,0.0010675569652368972,0.0010710214329929036,1.0071096499494245e-05,0.0,3.3602488901153266e-06,0.0002459300522810918
1088,65536,exact,787,0.23899688507541375,0.23625881074355648,0.002738074331857271,0.011456527272283449,0.9970185589116639,0.0010710214329929036,0.0010745449792976523,1.0213367848866381e-05,0.0,3.4966342373041366e-06,0.0002439151216887689
1088,65536,exact,788,0.23625881074355648,0.2335476681003226,0.0027111426432338825,0.01147530809412501,0.99707890987975,0.0010745449792976523,0.001078131900797198,1.035604797077766e-05,0.0,3.630283748441319e-06,0.00024191341962293906
1088,65536,exact,789,0.2335476681003226,0.23086323603284947,0.002684432067473125,0.011494150591647106,0.9971401409276056,0.001078131900797198,0.0010817863952853532,1.0498491518339896e-05,0.0,3.760691732452139e-06,0.000239924880839956
1088,65536,exact,790,0.23086323603284947,0.22820529488295926,0.0026579411498902084,0.01151305506915796,0.9972022833892817,0.0010817863952853532,0.001085512538750092,1.06400643489248e-05,0.0,3.887389116847195e-06,0.00023794944031104906
1088,65536,exact,791,0.22820529488295926,0.22557362643996945,0.002631668442989815,0.011532021832970753,0.99726536890621,0.001085512538750092,0.0010893142629475505,1.0780148339119984e-05,0.0,4.009947800496421e-06,0.00023598703322198837
1088,65536,exact,792,0.22557362643996945,0.222968013933527,0.0026056125064424507,0.011551051191420494,0.9973294294102398,0.0010893142629475505,0.0010931953338005793,1.0918145806060747e-05,0.0,4.127984319397945e-06,0.00023403759497268918
1088,65536,exact,793,0.222968013933527,0.22038824202646665,0.002579771907060352,0.011570143454878933,0.9973944971205869,0.0010931953338005793,0.001097159330918973,1.1053483512635895e-05,0.0,4.241162804263874e-06,0.0002321010611768079
1088,65536,exact,794,0.22038824202646665,0.21783409680769036,0.0025541452187762825,0.011589298935782394,0.9974606045567266,0.001097159330918973,0.0011012096285329372,1.1185616238864313e-05,0.0,4.349197219419678e-06,0.00023017736766186943
1088,65536,exact,795,0.21783409680769036,0.21530536578507714,0.002528731022613223,0.011608517948618727,0.9975277845692158,0.0011012096285329372,0.0011053493781192812,1.1314029904797157e-05,0.0,4.451852882265831e-06,0.0002282664504676088
1088,65536,exact,796,0.21530536578507714,0.21280183787840531,0.0025035279066718263,0.01162780080999424,0.9975960703902934,0.0011053493781192812,0.0011095814929837284,1.1438244234475107e-05,0.0,4.548947270896324e-06,0.00022636824584771262
1088,65536,exact,797,0.21280183787840531,0.2103233034123116,0.0024785344660937236,0.011647147838591295,0.9976654957060114,0.0011095814929837284,0.001113908635039912,1.155781495225254e-05,0.0,4.640350136168089e-06,0.00022448269026700745
1088,65536,exact,798,0.2103233034123116,0.2078695541092605,0.0024537493030510893,0.011666559355245727,0.9977360947513966,0.001113908635039912,0.0011183332039994603,1.1672335506983528e-05,0.0,4.725982942103491e-06,0.0002226097204035097
1088,65536,exact,799,0.2078695541092605,0.2054403830825478,0.0024291710267126954,0.011686035682916186,0.9978079024300583,0.0011183332039994603,0.0011228573291561731,1.1781438321641301e-05,0.0,4.805817666056261e-06,0.0002207492731461616
1088,65536,exact,800,0.2054403830825478,0.2030355848293229,0.002404798253224899,0.01170557714672207,0.9978809544593406,0.0011228573291561731,0.001127482863913172,1.1884795570151853e-05,0.0,4.879874997007743e-06,0.00021890128559527526
1088,65536,exact,801,0.2030355848293229,0.2006549552236314,0.00238062960569152,0.011725184073977674,0.9979552875419792,0.001127482863913172,0.0011322113831651502,1.1982119486930134e-05,0.0,4.948221976903717e-06,0.0002170656950627526
1088,65536,exact,802,0.2006549552236314,0.19829829150948824,0.0023566637141431424,0.011744856794174974,0.9980309395649948,0.0011322113831651502,0.001137044183609429,1.2073162218743339e-05,0.0,5.010969135811486e-06,0.00021524243907039903
1088,65536,exact,803,0.19829829150948824,0.19596539229396848,0.002332899215519768,0.011764595639030722,0.9981079498263458,0.001137044183609429,0.001141982287021749,1.215771523412673e-05,0.0,5.068267176755979e-06,0.0002134314553506956
1088,65536,exact,804,0.19596539229396848,0.19365605754032345,0.0023093347536450315,0.011784400942492891,0.9981863592897253,0.001141982287021749,0.0011470264464927393,1.2235608309292175e-05,0.0,5.120303272146713e-06,0.00021163268184590483
1088,65536,exact,805,0.19365605754032345,0.1913700885611199,0.002285968979203551,0.01180427304076229,0.9982662108677214,0.0011470264464927393,0.0011521771555873077,1.2306708116801299e-05,0.0,5.1672970348675545e-06,0.00020984605670789022
1088,65536,exact,806,0.1913700885611199,0.18910728801140222,0.0022628005497176695,0.01182421227231117,0.9983475497335228,0.0011521771555873077,0.0011574346603532948,1.2370916446794653e-05,0.0,5.209496233028353e-06,0.00020807151829770363
1088,65536,exact,807,0.18910728801140222,0.18686745988187783,0.0022398281295243905,0.01184421897790285,0.998430423661234,0.0011574346603532948,0.0011627989740772044,1.2428168097523177e-05,0.0,5.2471723170554804e-06,0.0002063090051852757
1088,65536,exact,808,0.18686745988187783,0.18465040949212622,0.002217050389751618,0.011864293500607618,0.9985148833949574,0.0011627989740772044,0.0011682698946583396,1.2478428476094877e-05,0.0,5.280615830231079e-06,0.00020455845614889782
1088,65536,exact,809,0.18465040949212622,0.18245594348382838,0.0021944660082978407,0.011884436185836978,0.9986009830468128,0.0011682698946583396,0.0011738470244537897,1.2521690955842705e-05,0.0,5.310131771867196e-06,0.00020281981017543753
1088,65536,exact,810,0.18245594348382838,0.1802838698140257,0.002172073669802682,0.01190464738132907,0.9986887805242127,0.0011738470244537897,0.0011795297924297632,1.2557974039712782e-05,0.0,5.336034983680548e-06,0.00020109300645872609
1088,65536,exact,811,0.1802838698140257,0.17813399774839228,0.0021498720656334125,0.011924927437219662,0.9987783379868844,0.0011795297924297632,0.001185317478448463,1.2587318383736564e-05,0.0,5.358645624287117e-06,0.00019937798440100753
1088,65536,exact,812,0.17813399774839228,0.1760061378545395,0.0021278598938527793,0.011945276706012645,0.9988697223343682,0.001185317478448463,0.0011912092395154992,1.2609783735249842e-05,0.0,5.378284795640523e-06,0.0001976746836108707
1088,65536,exact,813,0.1760061378545395,0.17390010199533762,0.0021060358592018824,0.011965695542631691,0.9989630057249703,0.0011912092395154992,0.0011972041378166952,1.2625445842782977e-05,0.0,5.3952703798468196e-06,0.0001959830439039411
1088,65536,exact,814,0.17390010199533762,0.17181570332226237,0.0020843986730752495,0.011986184304429756,0.9990582661274923,0.0011972041378166952,0.0012033011703832307,1.263439339377387e-05,0.0,5.409913138349929e-06,0.00019430300530217957
1088,65536,exact,815,0.17181570332226237,0.16975275626876413,0.002062947053498243,0.012006743351211161,0.9991555879073434,0.0012033011703832307,0.0012094993002384382,1.2636725034654053e-05,0.0,5.422513120066988e-06,0.00019263450803353404
1088,65536,exact,816,0.16975275626876413,0.1677110765436598,0.0020416797251043284,0.012027373045252955,0.9992550624490281,0.0012094993002384382,0.0012157974888996675,1.263254652527568e-05,0.0,5.433356417424437e-06,0.00019097749253162624
1088,65536,exact,817,0.1677110765436598,0.1656904811245474,0.0020205954191123976,0.012048073751326622,0.9993567888173235,0.0012157974888996675,0.0012221947301338644,1.2621968075249107e-05,0.0,5.442712300321841e-06,0.00018933189943539286
1088,65536,exact,818,0.1656904811245474,0.16369078825124359,0.0019996928733038155,0.012068845836718117,0.9994608744598082,0.0012221947301338644,0.0012286900848924652,1.2605101904242078e-05,0.0,5.450830751538467e-06,0.00018769766958868112
1088,65536,exact,819,0.16369078825124359,0.1617118174192434,0.0019789708320001875,0.012089689671252181,0.9995674359537098,0.0012286900848924652,0.0012352827173844026,1.2582060062471619e-05,0.0,5.457940415776446e-06,0.00018607474404001712
1088,65536,exact,820,0.1617118174192434,0.15975338937320316,0.0019584280460402392,0.012110605627311378,0.9996765998003093,0.0012352827173844026,0.0012419719322774264,1.2552952539454729e-05,0.0,5.464246968954348e-06,0.00018446306404207562
1088,65536,exact,821,0.15975338937320316,0.15781532610044588,0.0019380632727572789,0.012131594079858485,0.9997885032703853,0.0012419719322774264,0.0012487572130553013,1.2517885682162985e-05,0.0,5.469931902337983e-06,0.0001828625710514441
1088,65536,exact,822,0.15781532610044588,0.15589745082448758,0.0019178752759582973,0.012152655406469287,0.9999032953043085,0.0012487572130553013,0.0012556382615919604,1.2476960934663849e-05,0.0,5.475151711723707e-06,0.00018127320672848033
1088,65536,exact,823,0.15589745082448758,0.15399958799859095,0.001897862825896629,0.01217378998732494,1.0000211374705141,0.0012556382615919604,0.0012626150390418873,1.2430273903830258e-05,0.0,5.480037470634216e-06,0.0001796949129361195
1088,65536,exact,824,0.15399958799859095,0.1521215632993338,0.001878024699257158,0.01219499820528313,1.0001422049860365,0.0012626150390418873,0.0012696878081793542,1.2377913747181344e-05,0.0,5.484694763710583e-06,0.0001781276317409035
1088,65536,exact,825,0.1521215632993338,0.15026320362020773,0.0018583596791260648,0.012216280445851843,1.000266687802709,0.0012696878081793542,0.0012768571773554586,1.2319962871574609e-05,0.0,5.489203947159956e-06,0.00017657130541123261
1088,65536,exact,826,0.15026320362020773,0.14842433706523409,0.001838866554973645,0.012237637097245744,1.0003947917623661,0.0012768571773554586,0.0012841241462734022,1.2256496924909264e-05,0.0,5.493620702303652e-06,0.00017502587641790267
1088,65536,exact,827,0.14842433706523409,0.14660479294260434,0.001819544122629746,0.012259068550395727,1.0005267398240192,0.0012841241462734022,0.0012914901538149033,1.218758505697978e-05,0.0,5.497976842305536e-06,0.00017349128743341882
1088,65536,exact,828,0.14660479294260434,0.14480440175834228,0.0018003911842620623,0.012280575198976709,1.0006627733654432,0.0012914901538149033,0.0012989571281796218,1.2113290421076128e-05,0.0,5.502281332038289e-06,0.00017196748133168957
1088,65536,exact,829,0.14480440175834228,0.14302299520998857,0.001781406548353709,0.012302157439430745,1.0008031535608843,0.0012989571281796218,0.0013065275396268096,1.2033670884655538e-05,0.0,5.506521480401353e-06,0.00017045440118769177
1088,65536,exact,830,0.14302299520998857,0.14126040618030763,0.0017625890296809332,0.012323815670991037,1.0009481628356813,0.0013065275396268096,0.0013142044561345368,1.1948779914731174e-05,0.0,5.510664263872443e-06,0.00016895199027707538
1088,65536,exact,831,0.14126040618030763,0.13951646873101678,0.0017439374492908555,0.012345550295706062,1.0010981063974345,0.0013142044561345368,0.0013219916023146905,1.1858667603442608e-05,0.0,5.514657744107093e-06,0.0001674601920758073
1088,65536,exact,832,0.13951646873101678,0.13779101809653607,0.0017254506344807075,0.012367361718474398,1.0012533138419386,0.0013219916023146905,0.001329893421944392,1.1763381798684328e-05,0.0,5.518432543090467e-06,0.00016597895026009807
1088,65536,exact,833,0.13779101809653607,0.1360838906777643,0.00170712741877177,0.012389250347041927,1.0014141408303592,0.001329893421944392,0.0013379151444939937,1.166296930619872e-05,0.0,5.521903344594525e-06,0.00016450820870526724
1088,65536,exact,834,0.1360838906777643,0.13439492403587194,0.0016889666418923588,0.012411216592063023,1.0015809708321082,0.0013379151444939937,0.0013460628560512413,1.1557477132198917e-05,0.0,5.524970394232224e-06,0.00016304791148637882
1088,65536,exact,835,0.13439492403587194,0.13272395688611835,0.0016709671497535938,0.012433260867111235,1.001754216925368,0.0013460628560512413,0.0013543435750581474,1.1446953736973801e-05,0.0,5.527520974761774e-06,0.0001615980028774666
1088,65536,exact,836,0.13272395688611835,0.13107082909169412,0.001653127794424225,0.012455383588681467,1.0019343236443916,0.0013543435750581474,0.00136276533329338,1.1331450274773165e-05,0.0,5.5294308394055955e-06,0.00016015842735054968
1088,65536,exact,837,0.13107082909169412,0.12943538165757823,0.0016354474341158942,0.01247758517626964,1.002121768859319,0.00136276533329338,0.0013713372625490427,1.1211021797799935e-05,0.0,5.530565588878801e-06,0.00015872912957669543
1088,65536,exact,838,0.12943538165757823,0.12781745672442563,0.0016179249331526036,0.012499866052335133,1.0023170656703186,0.0013713372625490427,0.0013800696874643162,1.1085728405918835e-05,0.0,5.530781984126442e-06,0.00015731005442399853
1088,65536,exact,839,0.12781745672442563,0.12621689756246837,0.0016005591619572546,0.012522226642390947,1.002520764293415,0.0013800696874643162,0.0013889742249925264,1.0955636327866361e-05,0.0,5.5299291902405866e-06,0.0001559011469588313
1088,65536,exact,840,0.12621689756246837,0.12463354856544574,0.0015833489970226294,0.012544667374976354,1.0027334539101256,0.0013889742249925264,0.0013980638909904476,1.0820818922528795e-05,0.0,5.527849950977184e-06,0.00015450235244413246
1088,65536,exact,841,0.12463354856544574,0.12306725524455146,0.0015662933208942798,0.012567188681720081,1.0029557644472002,0.0013980638909904476,0.001407353214430107,1.068135759207782e-05,0.0,5.524381696322576e-06,0.00015311361633994278
1088,65536,exact,842,0.12306725524455146,0.12151786422240471,0.0015493910221467538,0.012589790997352643,1.0031883682460536,0.001407353214430107,0.0014168583597425548,1.0537342601949082e-05,0.0,5.519357589371795e-06,0.00015173488430266402
1088,65536,exact,843,0.12151786422240471,0.1199852232270424,0.0015326409953623082,0.012612474759737667,1.0034319815739847,0.0014168583597425548,0.0014265972578108887,1.0388873804297871e-05,0.0,5.512607519546657e-06,0.00015036610218480354
1088,65536,exact,844,0.1199852232270424,0.11846918108593316,0.0015160421411092445,0.012635240409900385,1.0036873659209258,0.0014265972578108887,0.0014365897461343152,1.023606126399587e-05,0.0,5.503959051907353e-06,0.00014900721603460843
1088,65536,exact,845,0.11846918108593316,0.11696958772001301,0.0014995933659201488,0.012658088392055308,1.003955329016129,0.0014365897461343152,0.0014468577186858283,1.0079025787038435e-05,0.0,5.493238342683775e-06,0.00014765817209569132
1088,65536,exact,846,0.11696958772001301,0.11548629413774279,0.0014832935822702148,0.012681019153634492,1.004236725489017,0.0014468577186858283,0.0014574252859822425,9.917899353195459e-06,0.0,5.4802710325184585e-06,0.00014631891680667313
1088,65536,exact,847,0.11548629413774279,0.11401915242918585,0.0014671417085569405,0.01270403314532763,1.0045324570872478,0.0014574252859822425,0.0014683189458747665,9.752825454397166e-06,0.0,5.464883128457679e-06,0.00014498939680106818
1088,65536,exact,848,0.11401915242918585,0.11256801576011104,0.001451136669074815,0.01272713082107917,1.0048434723529598,0.0014683189458747665,0.0014795677655498637,9.583959341473882e-06,0.0,5.446901886048145e-06,0.00014366955890618598
1088,65536,exact,849,0.11256801576011104,0.11113273836611118,0.0014352773939998592,0.012750312638169961,1.0051707656452675,0.0014795677655498637,0.0014912035752009513,9.411468181915949e-06,0.0,5.4261567027790066e-06,0.00014235935014397168
1088,65536,exact,850,0.11113273836611118,0.10971317554674874,0.0014195628193624382,0.012773579057198142,1.0055153753832244,0.0014912035752009513,0.0015032611737883584,9.235531130855933e-06,0.0,5.402480033488274e-06,0.00014105871772952566
1088,65536,exact,851,0.10971317554674874,0.10830918365972066,0.0014039918870280832,0.012796930542128396,1.0058783813690886,0.0015032611737883584,0.0015157785472457643,9.056339318270226e-06,0.0,5.37570833773586e-06,0.00013976760907116298
1088,65536,exact,852,0.10830918365972066,0.10692062011504214,0.00138856354467852,0.012820367560344893,1.0062609010364663,0.0015157785472457643,0.0015287970994082459,8.87409575427763e-06,0.0,5.345683069300257e-06,0.0001384859717705626
1088,65536,exact,853,0.10692062011504214,0.1055473433692566,0.0013732767457855372,0.012843890582639237,1.0066640844522046,0.0015287970994082459,0.0015423618958270444,8.689015155002857e-06,0.0,5.31225171694627e-06,0.0001372137536214589
1088,65536,exact,854,0.1055473433692566,0.10418921291966309,0.0013581304495935143,0.012867500083276421,1.0070891078845854,0.0015423618958270444,0.0015565219204884445,8.501323690905894e-06,0.0,5.275268906097374e-06,0.00013595090261003635
1088,65536,exact,855,0.10418921291966309,0.10284608929856659,0.0013431236210964953,0.012891196540011625,1.007537165733332,0.0015565219204884445,0.0015713303452596363,8.311258659719784e-06,0.0,5.2345975708138065e-06,0.00013469736691424346
1088,65536,exact,856,0.10284608929856659,0.1015178340675492,0.0013282552310173862,0.012914980434126226,1.0080094605990626,0.0015713303452596363,0.0015868448116276737,8.119068085812172e-06,0.0,5.1901102062434055e-06,0.00013345309490352797
1088,65536,exact,857,0.1015178340675492,0.10020430981176245,0.0013135242557867494,0.012938852250460153,1.0085071912505092,0.0015868448116276737,0.0016031277239603344,7.92501024827227e-06,0.0,5.141690213006714e-06,0.00013221803513847923
1088,65536,exact,858,0.10020430981176245,0.09890538013424094,0.0012989296775215153,0.012962812477443368,1.009031538226199,0.0016031277239603344,0.0016202465530742336,7.729353139784564e-06,0.0,5.08923334631233e-06,0.00013099213637043404
1088,65536,exact,859,0.09890538013424094,0.097620909650237,0.001284470484003944,0.012986861607129717,1.0095836467820705,0.0016202465530742336,0.0016382741483114234,7.5323738590041295e-06,0.0,5.032649286345042e-06,0.00012977534754113462
1088,65536,exact,860,0.097620909650237,0.0963507639815755,0.0012701456686615015,0.013011000135240165,1.0101646068655645,0.0016382741483114234,0.0016572890555567844,7.334357939176507e-06,0.0,4.971863349418747e-06,0.00012856761778257957
1088,65536,exact,861,0.0963507639815755,0.0950948097510327,0.0012559542305427968,0.013035228561165995,1.0107754297572389,0.0016572890555567844,0.0016773758376123255,7.1355986162684755e-06,0.0,4.9068183663200735e-06,0.00012736889641603736
1088,65536,exact,862,0.0950948097510327,0.09385291457673109,0.0012418951743016077,0.013059547388054175,1.0114170209693725,0.0016773758376123255,0.0016986253920030399,6.936396040334173e-06,0.0,4.837476761158487e-06,0.00012617913295270654
1088,65536,exact,863,0.09385291457673109,0.0926249470665603,0.001227967510170791,0.013083957122789668,1.0120901489222516,0.0016986253920030399,0.0017211352595149203,6.737056434104251e-06,0.0,4.76382287465868e-06,0.0001249982770923332
1088,65536,exact,864,0.0926249470665603,0.0914107768126156,0.0012141702539446991,0.013108458276064614,1.012795408828411,0.0017211352595149203,0.0017450099144232397,6.537891203359102e-06,0.0,4.685865589526637e-06,0.00012382627872351386
1088,65536,exact,865,0.0914107768126156,0.0902102743856584,0.0012005024269571979,0.013133051362402563,1.0135331810970596,0.0017450099144232397,0.0017703610242837712,6.339216004005678e-06,0.0,4.6036413315284075e-06,0.00012266308792312355
1088,65536,exact,866,0.0902102743856584,0.08902331132959762,0.0011869630560607802,0.013157736900193746,1.0143035834225496,0.0017703610242837712,0.0017973076631138628,6.14134977099171e-06,0.0,4.5172175397734105e-06,0.00012150865495594242
1088,65536,exact,867,0.08902331132959762,0.08784976015599161,0.0011735511736060134,0.013182515411733986,1.0151064155426703,0.0017973076631138628,0.0018259764565237227,5.944613714358571e-06,0.0,4.426696721522572e-06,0.00012036293027435533
1088,65536,exact,868,0.08784976015599161,0.08668949433857089,0.001160265817420722,0.013207387423260808,1.0159410954552386,0.0018259764565237227,0.0018565016305765634,5.749330288033714e-06,0.0,4.3322212276561065e-06,0.0001192258645179832
1088,65536,exact,869,0.08668949433857089,0.08554238830778166,0.0011471060307892272,0.01323235346499009,1.0168065856923765,0.0018565016305765634,0.0018890249275573567,5.555822136372752e-06,0.0,4.2339788979010775e-06,0.0001180974085133125
1088,65536,exact,870,0.08554238830778166,0.08440831744534989,0.0011340708624317658,0.013257414071154723,1.017701308127393,0.0018890249275573567,0.0019236953411610107,5.364411023470322e-06,0.0,4.132209722835243e-06,0.00011697751327335711
1088,65536,exact,871,0.08440831744534989,0.08328715807886612,0.0011211593664837705,0.013282569780041692,1.0186230458313066,0.0019236953411610107,0.001960668610785129,5.175416749378703e-06,0.0,4.027213629172709e-06,0.00011586612999729482
1088,65536,exact,872,0.08328715807886612,0.08217878747639094,0.0011083706024751783,0.013307821134029355,1.0195688308739137,0.001960668610785129,0.0020001063998921894,4.989156056387834e-06,0.0,3.919359393572859e-06,0.00011476321007008688
1088,65536,exact,873,0.08217878747639094,0.08108308384108004,0.0010957036353109045,0.013333168679638746,1.0205348179365972,0.0020001063998921894,0.002042175067710149,4.805941527099257e-06,0.0,3.809094484749035e-06,0.00011366870506233218
1088,65536,exact,874,0.08108308384108004,0.07999992630583252,0.0010831575352475142,0.01335861296753913,1.0215161455335067,0.002042175067710149,0.002087043928867964,4.6260804743079276e-06,0.0,3.6969552782433086e-06,0.00011258256672933546
1088,65536,exact,875,0.07999992630583252,0.07892919492795522,0.0010707313778773042,0.013384154552642892,1.0225067899767015,0.002087043928867964,0.0021348828855338375,4.4498738204054415e-06,0.0,3.5835765337132765e-06,0.00011150474701169311
1088,65536,exact,876,0.07892919492795522,0.07787077068385276,0.0010584242441024627,0.01340979399407999,1.0234994224279002,0.0021348828855338375,0.002185859317005479,4.2776149609996306e-06,0.0,3.4696982506125795e-06,0.00011043519803381822
1088,65536,exact,877,0.07787077068385276,0.07682453546373263,0.001046235220120123,0.01343553185530588,1.0244852867232064,0.002185859317005479,0.0022401341306416615,4.109588604770817e-06,0.0,3.3561670820590576e-06,0.00010937387210471507
1088,65536,exact,878,0.07682453546373263,0.07579037206633528,0.0010341633973973557,0.013461368704084962,1.0254541248381688,0.0022401341306416615,0.0022978569254509993,3.9460695775010575e-06,0.0,3.2439285837589267e-06,0.00010832072171666333
1088,65536,exact,879,0.07579037206633528,0.07476816419368147,0.0010222078726538075,0.013487305112569225,1.026394186488029,0.0022978569254509993,0.0023591603051183146,3.7873215748461493e-06,0.0,3.1340061206934847e-06,0.00010727569954547652
1088,65536,exact,880,0.07476816419368147,0.07375779644584128,0.0010103677478401907,0.013513341657324991,1.027292366404333,0.0023591603051183146,0.0024241535055594078,3.6335958442967605e-06,0.0,3.0274628570509284e-06,0.00010623875844988422
1088,65536,exact,881,0.07375779644584128,0.07275915431572284,0.0009986421301184378,0.01353947891938066,1.028134512530761,0.0024241535055594078,0.0024929156669455557,3.485129773887402e-06,0.0,2.9253455663888484e-06,0.0001052098514712661
1088,65536,exact,882,0.07275915431572284,0.07177212418388172,0.0009870301318411212,0.013565717484264788,1.0289059352015526,0.0024929156669455557,0.002565489257757231,3.342145362643777e-06,0.0,2.828613282631568e-06,0.00010418893183321698
1088,65536,exact,883,0.07177212418388172,0.0707965933133493,0.0009755308705324262,0.013592057942065295,1.0295921175627694,0.002565489257757231,0.002641874305611874,3.204847546843187e-06,0.0,2.738059413774207e-06,0.00010317595294142347
1088,65536,exact,884,0.0707965933133493,0.06983244984448375,0.0009641434688655443,0.01361850088743955,1.0301795828274145,0.002641874305611874,0.0027220241514094323,3.0734223595391686e-06,0.0,2.6542409878125423e-06,0.00010217086838279893
1088,65536,exact,885,0.06983244984448375,0.06887958278983794,0.0009528670546458118,0.013645046919703351,1.0306568244693755,0.0027220241514094323,0.0028058433723341576,2.9480349048577026e-06,0.0,2.5774305912919238e-06,0.0001011736319257921
1088,65536,exact,886,0.06887958278983794,0.0679378820290497,0.0009417007607882416,0.013671696642842823,1.0310151682741548,0.0028058433723341576,0.0028931883004686162,2.8288271410824976e-06,0.0,2.507603350489912e-06,0.00010018419751953717
1088,65536,exact,887,0.0679378820290497,0.06700723830375127,0.0009306437252984273,0.01369845066557258,1.0312494276793278,0.0028931883004686162,0.0029838702312555507,2.7159154825019595e-06,0.0,2.4444632537386386e-06,9.920251929367158e-05
1088,65536,exact,888,0.06700723830375127,0.06608754321249809,0.0009196950912531837,0.013725309601391173,1.0313582441065803,0.0029838702312555507,0.003077661047534218,2.6093882539339885e-06,0.0,2.3875030693361506e-06,9.822855155812789e-05
1088,65536,exact,889,0.06608754321249809,0.06517868920571973,0.0009088540067783563,0.013752274068594505,1.0313440646690204,0.003077661047534218,0.0031743006733898674,2.5093030617040752e-06,0.0,2.3360841092923655e-06,9.726224880228687e-05
1088,65536,exact,890,0.06517868920571973,0.06428056958068716,0.0008981196250325701,0.01377934469037705,1.0312127805994855,0.0031743006733898674,0.003273505589004662,2.4156841801527664e-06,0.0,2.289519040675394e-06,9.630356569539914e-05
1088,65536,exact,891,0.06428056958068716,0.06339307847650347,0.0008874911041836936,0.013806522094825009,1.0309731080889246,0.003273505589004662,0.003374977608340281,2.328520090117215e-06,0.0,2.2471431924383015e-06,9.535245708544459e-05
1088,65536,exact,892,0.06339307847650347,0.062516110869112,0.0008769676073914628,0.013833806915001128,1.030635823906516,0.003374977608340281,0.0034784122239405212,2.247761342395366e-06,0.0,2.208365439702875e-06,9.440887799929564e-05
1088,65536,exact,893,0.062516110869112,0.061649562566325256,0.0008665483027867488,0.01386119978897941,1.0302129687471697,0.0034784122239405212,0.0035835060066179633,2.173318942370622e-06,0.0,2.1726960766164233e-06,9.34727836421543e-05
1088,65536,exact,894,0.061649562566325256,0.06079333020287323,0.0008562323634520239,0.013888701359897764,1.0297171094926134,0.0035835060066179633,0.003689962756367159,2.105063460543212e-06,0.0,2.1397540774514834e-06,9.254412939724498e-05
1088,65536,exact,895,0.06079333020287323,0.05994731123547159,0.0008460189674016419,0.013916312276007823,1.0291607193832655,0.003689962756367159,0.0037974982909403814,2.0428249109180208e-06,0.0,2.1092588108192686e-06,9.162287082545264e-05
1088,65536,exact,896,0.05994731123547159,0.05911140393790936,0.0008359072975622286,0.01394403319072652,1.0285557030102028,0.0037974982909403814,0.003905843905553682,1.986392081789998e-06,0.0,2.08101084633568e-06,9.07089636649665e-05
1088,65536,exact,897,0.05911140393790936,0.05828550739615647,0.0008258965417528921,0.01397186476268461,1.0279130674282206,0.003905843905553682,0.004014748633300631,1.935503756045205e-06,0.0,2.054860308920922e-06,8.980236383090048e-05
1088,65536,exact,898,0.05828550739615647,0.05746952150348995,0.0008159858926665223,0.013999807655793539,1.0272427235482282,0.004014748633300631,0.004123980482879862,1.8898110389365282e-06,0.0,2.0306485923413803e-06,8.890302741511757e-05
1088,65536,exact,899,0.05746952150348995,0.05666334695564194,0.0008061745478480098,0.014027862539260107,1.0265533921492975,0.004123980482879862,0.0042333268336399,1.8487928170615275e-06,0.0,2.00811303498194e-06,8.801091068539342e-05
1088,65536,exact,900,0.05666334695564194,0.0558668852459637,0.0007964617096782381,0.014056030087699132,1.0258525845517905,0.0042333268336399,0.004342594139065406,1.8116793922886832e-06,0.0,1.9868138688219905e-06,8.712597008581871e-05
1088,65536,exact,901,0.0558668852459637,0.05508003866061242,0.0007868465853512821,0.014084310981130466,1.0251466297191032,0.004342594139065406,0.004451607056347288,1.7775613443200773e-06,0.0,1.9662508978631962e-06,8.624816223570782e-05
1088,65536,exact,902,0.05508003866061242,0.05430271027375596,0.0007773283868564573,0.014112705905058174,1.024440729657662,0.004451607056347288,0.0045602071220850705,1.7458246350590708e-06,0.0,1.9462835036017367e-06,8.537744392957265e-05
1088,65536,exact,903,0.05430271027375596,0.05353480394279581,0.0007679063309601469,0.01414121555054812,1.0237390408694005,0.0045602071220850705,0.00466825114776206,1.7167032927538522e-06,0.0,1.9276208598727196e-06,8.451377213702647e-05
1088,65536,exact,904,0.05353480394279581,0.05277622430361252,0.0007585796391832919,0.014169840614226702,1.0230447894883286,0.00466825114776206,0.0047756095669834915,1.6913882126831795e-06,0.0,1.911833970077298e-06,8.36571040017368e-05
1088,65536,exact,905,0.05277622430361252,0.0520268767658266,0.0007493475377859174,0.01419858179840699,1.022360420927901,0.0047756095669834915,0.004882164954625895,1.6713376210445713e-06,0.0,1.900590083702379e-06,8.280739684190634e-05
1088,65536,exact,906,0.0520268767658266,0.051286667508082036,0.0007402092577445674,0.014227439811085629,1.021687767138645,0.004882164954625895,0.004987810839479707,1.6571879272611897e-06,0.0,1.8945597418298238e-06,8.196460814919478e-05
1088,65536,exact,907,0.051286667508082036,0.05055550347334691,0.0007311640347351239,0.014256415366038416,1.0210282043650223,0.004987810839479707,0.0050924508154137765,1.6481604457484368e-06,0.0,1.8928901783310872e-06,8.11286955888108e-05
1088,65536,exact,908,0.05055550347334691,0.04983329236423405,0.000722211109112865,0.014285509182865084,1.0203827812034485,0.0050924508154137765,0.005195997897262113,1.6424713540753931e-06,0.0,1.89370026564082e-06,8.029961699898661e-05
1088,65536,exact,909,0.04983329236423405,0.04911994263834062,0.0007133497258934238,0.014314721987050638,1.0197523122274474,0.005195997897262113,0.005298374072197222,1.63837260709342e-06,0.0,1.8951704718658119e-06,7.947733039065126e-05
1088,65536,exact,910,0.04911994263834062,0.04841536350360697,0.0007045791347336516,0.014344054510024847,1.0191374434483198,0.005298374072197222,0.005399510019508348,1.6349656807835894e-06,0.0,1.8963525443759996e-06,7.866179394706513e-05
1088,65536,exact,911,0.04841536350360697,0.047719464913693825,0.0006958985899131465,0.014373507489235346,1.0185386984551232,0.005399510019508348,0.0054993449763544415,1.6322039446894343e-06,0.0,1.8971351556781521e-06,7.785296602359366e-05
1088,65536,exact,912,0.047719464913693825,0.047032157563380333,0.0006873073503134916,0.01440308166817391,1.0179565112717384,0.0054993449763544415,0.005597826709449082,1.6302096545622284e-06,0.0,1.8975266150075137e-06,7.705080514697129e-05
1088,65536,exact,913,0.047032157563380333,0.046353352883978176,0.0006788046794021577,0.014432777796498139,1.0173912473481364,0.005597826709449082,0.005694911520303368,1.6285661891106922e-06,0.0,1.8969442508575546e-06,7.625527001558337e-05
1088,65536,exact,914,0.046353352883978176,0.045682963038768086,0.0006703898452100898,0.014462596630023004,1.016843210104436,0.005694911520303368,0.005790564173230659,1.6261850414926353e-06,0.0,1.8941233768448792e-06,7.546631949834416e-05
1088,65536,exact,915,0.045682963038768086,0.045020900918451776,0.0006620621203163105,0.014492538930858369,1.0163126288256876,0.005790564173230659,0.005884757605278549,1.6218272835585918e-06,0.0,1.887719284905838e-06,7.468391263511952e-05
1088,65536,exact,916,0.045020900918451776,0.04436708013662567,0.0006538207818261033,0.014522605467411591,1.015799626159257,0.005884757605278549,0.005977472282700099,1.614863413185653e-06,0.0,1.8771561928815003e-06,7.390800863571737e-05
1088,65536,exact,917,0.04436708013662567,0.04372141502527168,0.0006456651113539921,0.01455279701449152,1.0153041715384439,0.005977472282700099,0.006068695140920595,1.6057025233526021e-06,0.0,1.8631054835918648e-06,7.313856687993726e-05
1088,65536,exact,918,0.04372141502527168,0.043083820630267416,0.0006375943950042637,0.014583114353360335,1.0148260383045253,0.006068695140920595,0.0061584181849877115,1.5955706678669099e-06,0.0,1.847233218527089e-06,7.237554691705269e-05
1088,65536,exact,919,0.043083820630267416,0.04245421270691502,0.0006296079233523988,0.014613558271804801,1.014364788101233,0.0061584181849877115,0.006246636974066659,1.585821286714026e-06,0.0,1.8314044738952304e-06,7.16189084655085e-05
1088,65536,exact,920,0.04245421270691502,0.04183250771548874,0.0006217049914262751,0.014644129564202487,1.0139197974291485,0.006246636974066659,0.006333349274863719,1.577306151503278e-06,0.0,1.8169266468798587e-06,7.086861141253906e-05
1088,65536,exact,921,0.04183250771548874,0.041218622816801165,0.0006138848986875778,0.01467482903159265,1.0134903215948692,0.006333349274863719,0.0064185541061914575,1.5701875503827216e-06,0.0,1.804274713186442e-06,7.012461581383551e-05
1088,65536,exact,922,0.041218622816801165,0.04061247586778806,0.0006061469490131061,0.01470565748174473,1.0130755754739948,0.0064185541061914575,0.006502251261724368,1.564143840231889e-06,0.0,1.7932769567474e-06,6.938688189316731e-05
1088,65536,exact,923,0.04061247586778806,0.04001398541711184,0.0005984904506762187,0.014736615729229985,1.0126748088218567,0.006502251261724368,0.006584441276208212,1.5586847234155372e-06,0.0,1.783461893604954e-06,6.865537004205569e-05
1088,65536,exact,924,0.04001398541711184,0.03942307070078356,0.0005909147163282794,0.014767704595493173,1.0122873627896765,0.006584441276208212,0.006665125737062987,1.55336865495268e-06,0.0,1.774326528267492e-06,6.793004081939393e-05
1088,65536,exact,925,0.03942307070078356,0.038839651637803514,0.0005834190629800465,0.014798924908922699,1.0119127036106317,0.006665125737062987,0.006744307825539735,1.5478837262326714e-06,0.0,1.7654626827089126e-06,6.721085495108949e-05
1088,65536,exact,926,0.038839651637803514,0.03826364882581973,0.0005760028119837848,0.014830277504939005,1.0115504329949532,0.006744307825539735,0.0068219929615523445,1.5420427546859454e-06,0.0,1.756582378311701e-06,6.64977733298359e-05
1088,65536,exact,927,0.03826364882581973,0.037694983536806455,0.0005686652890132746,0.0148617632260295,1.011200273768152,0.0068219929615523445,0.006898189400084948,1.5357480520865731e-06,0.0,1.7474983332755462e-06,6.579075701439601e-05
1088,65536,exact,928,0.037694983536806455,0.03713357771275863,0.000561405824047824,0.014893382921885384,1.0108620291677728,0.006898189400084948,0.006972908596343963,1.5289564473228218e-06,0.0,1.7380946568520614e-06,6.50897672298142e-05
1088,65536,exact,929,0.03713357771275863,0.036579353961407095,0.0005542237513515361,0.014925137449417154,1.0105355200991306,0.006972908596343963,0.0070461651673506065,1.5216543588728033e-06,0.0,1.7283020184106004e-06,6.43947653664987e-05
1088,65536,exact,930,0.036579353961407095,0.03603223555195059,0.0005471184094565026,0.014957027672870816,1.0102205161725728,0.0070461651673506065,0.007117976374897117,1.5138427723546385e-06,0.0,1.718080273370795e-06,6.370571298022803e-05
1088,65536,exact,931,0.03603223555195059,0.035492146410806606,0.0005400891411439859,0.014989054463892357,1.009916684998914,0.007117976374897117,0.00718836122623679,1.5055291598511925e-06,0.0,1.7074073597458592e-06,6.302257179166314e-05
1088,65536,exact,932,0.035492146410806606,0.03495901111738038,0.0005331352934262248,0.015021218701608208,1.0096235794006438,0.00718836122623679,0.0072573394422863645,1.4967235356002784e-06,0.0,1.6962725072249343e-06,6.23453036860064e-05
1088,65536,exact,933,0.03495901111738038,0.0344327548998521,0.0005262562175282828,0.015053521272706908,1.0093406637950624,0.0072573394422863645,0.007324930574638251,1.4874367276049434e-06,0.0,1.684672152760594e-06,6.167387071265901e-05
1088,65536,exact,934,0.0344327548998521,0.033913303630982224,0.0005194512688698749,0.015085963071520199,1.0090673625445243,0.007324930574638251,0.007391153448032427,1.4776797405152136e-06,0.0,1.6726074800561472e-06,6.1008235084858484e-05
1088,65536,exact,935,0.033913303630982224,0.03340058382393499,0.0005127198070472364,0.015118545000105215,1.0088031078557658,0.007391153448032427,0.007456025949697829,1.4674636055674023e-06,0.0,1.6600829217108468e-06,6.034835917932826e-05
1088,65536,exact,936,0.03340058382393499,0.03289452262811993,0.0005060611958150607,0.015151267968328604,1.0085473727895904,0.007456025949697829,0.007519565077209825,1.456799421860387e-06,0.0,1.6471052307915485e-06,5.9694205535920574e-05
1088,65536,exact,937,0.03289452262811993,0.03239504782505147,0.0004994748030684587,0.015184132893951227,1.008299686423552,0.007519565077209825,0.007581787124951714,1.4456984516325966e-06,0.0,1.633682892077104e-06,5.904573685726913e-05
1088,65536,exact,938,0.03239504782505147,0.03190208782422661,0.0004929600008248547,0.015217140702710831,1.008059635453345,0.007581787124951714,0.007642707911739019,1.434172213908911e-06,0.0,1.6198257385803896e-06,5.840291600840035e-05
1088,65536,exact,939,0.03190208782422661,0.031415571659020085,0.00048651616520652835,0.015250292328424519,1.0078268583028576,0.007642707911739019,0.007702342991475189,1.4222325563151745e-06,0.0,1.6055446954545485e-06,5.776570601651201e-05
1088,65536,exact,940,0.031415571659020085,0.030935428982598694,0.0004801426764213905,0.015283588713036556,1.007601036517919,0.007702342991475189,0.00776070782192808,1.4098917030348663e-06,0.0,1.5908516018863297e-06,5.713407007029641e-05
1088,65536,exact,941,0.030935428982598694,0.030461590063851574,0.0004738389187471208,0.015317030806770358,1.0073818862185522,0.00776070782192808,0.007817817887242506,1.3971622805494426e-06,0.0,1.5757590830223211e-06,5.650797152007943e-05
1088,65536,exact,942,0.030461590063851574,0.029993985783340272,0.0004676042805113016,0.015350619568155845,1.007169150818361,0.007817817887242506,0.00787368877962061,1.3840573262482383e-06,0.0,1.5602804522649866e-06,5.588737387697435e-05
1088,65536,exact,943,0.029993985783340272,0.029532547629265354,0.00046143815407491753,0.01538435596416188,1.0069625953020562,0.00787368877962061,0.007928336248776396,1.3705902833418708e-06,0.0,1.5444296343949254e-06,5.527224081284312e-05
1088,65536,exact,944,0.029532547629265354,0.029077207693451276,0.00045533993581407806,0.015418240970273007,1.0067620019251071,0.007928336248776396,0.007981776227640012,1.3567749865963702e-06,0.0,1.5282211001041435e-06,5.4662536159819734e-05
1088,65536,exact,945,0.029077207693451276,0.028627898667348883,0.000449309026102393,0.015452275570586706,1.006567167057567,0.007981776227640012,0.008034024841373779,1.342625640403743e-06,0.0,1.5116698096669795e-06,5.405822390998158e-05
1088,65536,exact,946,0.028627898667348883,0.0281845538380556,0.00044334482929328164,0.015486460757908573,1.006377898887976,0.008034024841373779,0.00808509840510724,1.3281567917160977e-06,0.0,1.4947911600241004e-06,5.345926821499164e-05
1088,65536,exact,947,0.0281845538380556,0.027747107084353288,0.0004374467537023134,0.01552079753384849,1.0061940157484404,0.00808509840510724,0.008135013414319816,1.3133833001006044e-06,0.0,1.4776009364496356e-06,5.2865633385742295e-05
1088,65536,exact,948,0.027747107084353288,0.02731549287276375,0.00043161421158953786,0.015555286908916244,1.006015344877773,0.008135013414319816,0.008183786530630736,1.2983203037512288e-06,0.0,1.4601152652747584e-06,5.2277283891990524e-05
1088,65536,exact,949,0.02731549287276375,0.02688964625362142,0.0004258466191423317,0.015589929902635693,1.005841721489461,0.008183786530630736,0.008231434564889437,1.28298318563746e-06,0.0,1.442350568084047e-06,5.169418436209484e-05
1088,65536,exact,950,0.02688964625362142,0.026469502857164668,0.00042014339645675067,0.015624727543604892,1.0056729880505646,0.008231434564889437,0.008277974458834617,1.2673875363644296e-06,0.0,1.4243235168069635e-06,5.1116299582399466e-05
1088,65536,exact,951,0.026469502857164668,0.0260549988896429,0.00041450396752176766,0.015659680869660582,1.0055089937068222,0.008277974458834617,0.008323423266162222,1.2515491185047366e-06,0.0,1.4060509898536355e-06,5.054359449729895e-05
1088,65536,exact,952,0.0260549988896429,0.025646071129442716,0.00040892776020018395,0.015694790927921955,1.0053495938097399,0.008323423266162222,0.008367798133543814,1.235483828797256e-06,0.0,1.3875500277111402e-06,4.997603420847759e-05
1088,65536,exact,953,0.025646071129442716,0.02524265692323084,0.0004034142062118752,0.01573005877491853,1.0051946495159263,0.008367798133543814,0.008411116281937815,1.2192076613864123e-06,0.0,1.3688377911678928e-06,4.94135839747274e-05
1088,65536,exact,954,0.02524265692323084,0.024844694182113734,0.0003979627411171069,0.015765485476723386,1.0050440274385999,0.008411116281937815,0.008453394988405792,1.2027366706951872e-06,0.0,1.3499315180669907e-06,4.885620921175307e-05
1088,65536,exact,955,0.024844694182113734,0.02445212137781621,0.00039257280429752517,0.015801072108995704,1.0048975993377527,0.008453394988405792,0.008494651568555372,1.1860869352848859e-06,0.0,1.3308484826841938e-06,4.8303875491411485e-05
1088,65536,exact,956,0.02445212137781621,0.02406487753887536,0.00038724383894084974,0.01583681975716718,1.0047552418399788,0.008494651568555372,0.0085349033596772,1.1692745215695108e-06,0.0,1.3116059545768138e-06,4.775654854184408e-05
1088,65536,exact,957,0.02406487753887536,0.02368290224685345,0.0003819752920219098,0.01587272951648525,1.0046168361817325,0.0085349033596772,0.008574167704605201,1.1523154491457538e-06,0.0,1.2922211596912148e-06,4.721419424670418e-05
1088,65536,exact,958,0.02368290224685345,0.023306135632566994,0.00037676661428645564,0.015908802492165565,1.004482267971878,0.008574167704605201,0.00861246193630775,1.1352256564363785e-06,0.0,1.2727112417478675e-06,4.667677864505502e-05
1088,65536,exact,959,0.023306135632566994,0.022934518372333384,0.00037161726023361014,0.015945039799490746,1.0043514269705538,0.00861246193630775,0.008649803363202124,1.1180209672887036e-06,0.0,1.253093225432253e-06,4.614426793092244e-05
1088,65536,exact,960,0.022934518372333384,0.02256799168423459,0.0003665266880987922,0.01598144256392777,1.0042242068822946,0.008649803363202124,0.008686209255178632,1.1007170597128094e-06,0.0,1.2333839805381275e-06,4.5616628452961246e-05
1088,65536,exact,961,0.02256799168423459,0.022206497324397983,0.0003614943598366088,0.016018011921244163,1.004100505161867,0.008686209255178632,0.008721696830312983,1.0833294345218819e-06,0.0,1.2136001880883734e-06,4.509382671409165e-05
1088,65536,exact,962,0.022206497324397983,0.021849977583294187,0.000356519741103796,0.016054749017626137,1.003980222831668,0.008721696830312983,0.008756283242246818,1.0658733863750722e-06,0.0,1.1937583074394381e-06,4.4575829371147036e-05
1088,65536,exact,963,0.021849977583294187,0.02149837528205205,0.00035160230124213834,0.01609165500979564,1.0038632643097727,0.008756283242246818,0.008789985568213012,1.0483639758595081e-06,0.0,1.1738745456998934e-06,4.406260323450982e-05
1088,65536,exact,964,0.02149837528205205,0.021151633768790194,0.00034674151326185426,0.016128731065148536,1.0037495372478813,0.008789985568213012,0.00882282079768449,1.0308160033407256e-06,0.0,1.1539648282158504e-06,4.355411526784519e-05
1088,65536,exact,965,0.021151633768790194,0.0208096969149665,0.0003419368538236933,0.016165978361833703,1.0036389523785145,0.00882282079768449,0.008854805821623684,1.0132439837382615e-06,0.0,1.1340447714849877e-06,4.305033258750289e-05
1088,65536,exact,966,0.0208096969149665,0.020472509111743004,0.00033718780322349734,0.016203398088945217,1.0035314233709345,0.008854805821623684,0.00888595742231397,9.956621239394502e-07,0.0,1.1141296572224346e-06,4.255122246253543e-05
1088,65536,exact,967,0.020472509111743004,0.020140015266369094,0.00033249384537390944,0.01624099144658294,1.00342686669523,0.00888595742231397,0.008916292263751914,9.780843011132664e-07,0.0,1.0942344089298617e-06,4.205675231398604e-05
1088,65536,exact,968,0.020140015266369094,0.019812160798580676,0.00032785446778841806,0.016278759646021098,1.0033252014941545,0.008916292263751914,0.008945826882582756,9.60524042857496e-07,0.0,1.074373569760409e-06,4.1566889714746506e-05
1088,65536,exact,969,0.019812160798580676,0.019488891637016382,0.0003232691615642942,0.01631670390982557,1.003226349462253,0.008945826882582756,0.008974577679560922,9.429945092100068e-07,0.0,1.054561283072436e-06,4.1081602389138715e-05
1088,65536,exact,970,0.019488891637016382,0.01917015421565053,0.0003187374213658514,0.01635482547198605,1.0031302347318842,0.008974577679560922,0.009002560911520043,9.255084764957651e-07,0.0,1.0348112739286958e-06,4.0600858212559873e-05
1088,65536,exact,971,0.01917015421565053,0.018855895470242773,0.00031425874540775764,0.016393125578050723,1.003036783765748,0.009002560911520043,0.009029792683835577,9.08078322484582e-07,0.0,1.0151368332114719e-06,4.0124625211134835e-05
1088,65536,exact,972,0.018855895470242773,0.018546062834804415,0.00030983263543835765,0.016431605485261448,1.0029459252555553,0.009029792683835577,0.009056288943365302,8.907160134486228e-07,0.0,9.955508034620308e-07,3.965287156135386e-05
1088,65536,exact,973,0.018546062834804415,0.01824060423808135,0.00030545859672306483,0.016470266462692385,1.002857590026493,0.009056288943365302,0.009082065471853694,8.734330931440559e-07,0.0,9.76065566354184e-07,3.918556558972976e-05
1088,65536,exact,974,0.01824060423808135,0.017939468100053608,0.00030113613802774247,0.01650910979138801,1.0027717109471521,0.009082065471853694,0.009107137879785435,8.562406729157201e-07,0.0,9.566930322633949e-07,3.872267577243536e-05
1088,65536,exact,975,0.017939468100053608,0.01764260332845143,0.00029686477160217883,0.01654813676450595,1.0026882228446012,0.009107137879785435,0.009131521600675133,8.391494239445161e-07,0.0,9.374446316191831e-07,3.826417073495192e-05
1088,65536,exact,976,0.01764260332845143,0.01734995931528792,0.0002926440131635101,0.01658734868745682,1.002607062424312,0.009131521600675133,0.009155231885780424,8.221695710065287e-07,0.0,9.183313076279592e-07,3.7810019251698074e-05
1088,65536,exact,977,0.01734995931528792,0.01706148593340788,0.0002884733818800389,0.016626746878066194,1.0025281681946425,0.009155231885780424,0.009178283799224194,8.053108869501938e-07,0.0,8.993635113863085e-07,3.736019024575579e-05
1088,65536,exact,978,0.01706148593340788,0.01677713353305383,0.00028435240035405013,0.016666332666679592,1.002451480395607,0.009178283799224194,0.009200692213515752,7.885826902042527e-07,0.0,8.805511977627578e-07,3.6914652788315955e-05
1088,65536,exact,979,0.01677713353305383,0.01649685293844724,0.00028028059460659047,0.016706107396379104,1.0023769409316903,0.009200692213515752,0.00922247180545645,7.719938421536106e-07,0.0,8.619038236439697e-07,3.6473376098631054e-05
1088,65536,exact,980,0.01649685293844724,0.01622059544438731,0.00027625749405993036,0.01674607242306744,1.0023044933084262,0.00922247180545645,0.009243637052418919,7.555527467806075e-07,0.0,8.434303471350352e-07,3.6036329543352905e-05
1088,65536,exact,981,0.01622059544438731,0.015948312812865285,0.00027228263152202434,0.016786229115666667,1.0022340825725524,0.009243637052418919,0.009264202228987693,7.392673514081902e-07,0.0,8.251392284441827e-07,3.5603482636378364e-05
1088,65536,exact,982,0.015948312812865285,0.01567995726969536,0.0002683555431699236,0.016826578856256498,1.002165655255481,0.009264202228987693,0.009284181403949161,7.231451484830908e-07,0.0,8.070384320598561e-07,3.5174805038415744e-05
1088,65536,exact,983,0.01567995726969536,0.015415481501161758,0.0002644757685336032,0.016867123040236548,1.002099159319902,0.009284181403949161,0.009303588437619663,7.071931788654191e-07,0.0,7.891354301247516e-07,3.4750266556647134e-05
1088,65536,exact,984,0.015415481501161758,0.015154838650681995,0.00026064285047976317,0.016907863076487124,1.002034544109312,0.009303588437619663,0.009322436979499301,6.914180356451969e-07,0.0,7.714372072288589e-07,3.43298371443717e-05
1088,65536,exact,985,0.015154838650681995,0.014897982315486323,0.0002568563351956713,0.01694880038753249,1.0019717603002865,0.009322436979499301,0.00934074046624132,6.758258699063686e-07,0.0,7.539502659848624e-07,3.391348690065289e-05
1088,65536,exact,986,0.014897982315486323,0.014644866543313297,0.00025311577217302685,0.016989936409705305,1.0019107598573127,0.00934074046624132,0.009358512119924197,6.604223963162034e-07,0.0,7.366806339080545e-07,3.350118606996108e-05
1088,65536,exact,987,0.014644866543313297,0.014395445829121386,0.00024942071419191067,0.01703127259331658,1.0018514959900293,0.009358512119924197,0.009375764946616105,6.452129004537586e-07,0.0,7.196338712260608e-07,3.309290504182434e-05
1088,65536,exact,988,0.014395445829121386,0.014149675111816664,0.0002457707173047219,0.01707281040282462,1.0017939231127082,0.009375764946616105,0.009392511735220283,6.302022465481585e-07,0.0,7.028150794223531e-07,3.26886143504678e-05
1088,65536,exact,989,0.014149675111816664,0.013907509770996529,0.00024216534082013505,0.01711455131700502,1.0017379968058293,0.009392511735220283,0.0094087650565901,6.153948859686828e-07,0.0,6.862289106783492e-07,3.2288284674453715e-05
1088,65536,exact,990,0.013907509770996529,0.013668905623709133,0.00023860414728739572,0.01715649682914433,1.0016836737796284,0.0094087650565901,0.00942453726290312,6.007948665892277e-07,0.0,6.698795780354233e-07,3.189188683638756e-05
1088,65536,exact,991,0.013668905623709133,0.01343381892122939,0.00023508670247974345,0.017198648447171835,1.0016309118394608,0.00942453726290312,0.009439840487282867,5.864058424008875e-07,0.0,6.53770866164069e-07,3.149939180239351e-05
1088,65536,exact,992,0.01343381892122939,0.013202206345849826,0.00023161257537956427,0.017241007693914068,1.0015796698528903,0.009439840487282867,0.009454686643657952,5.72231083978224e-07,0.0,6.379061427454202e-07,3.11107706820401e-05
1088,65536,exact,993,0.013202206345849826,0.012974025007688498,0.00022818133816132798,0.017283576107190435,1.0015299077183588,0.009454686643657952,0.009469087426847623,5.582734891686113e-07,0.0,6.222883702933918e-07,3.0725994727653764e-05
1088,65536,exact,994,0.012974025007688498,0.012749232441511507,0.0002247925661769904,0.017326355240087542,1.0014815863353643,0.009469087426847623,0.009483054312863445,5.44535594290908e-07,0.0,6.069201184573381e-07,3.0345035334290488e-05
1088,65536,exact,995,0.012749232441511507,0.01252778660357229,0.00022144583793921695,0.01736934666107343,1.0014346675760126,0.009483054312863445,0.009496598559416687,5.310195856906724e-07,0.0,5.918035766803303e-07,2.9967864039111617e-05
1088,65536,exact,996,0.01252778660357229,0.012309645868466015,0.0002181407351062748,0.017412551954235245,1.001389114257878,0.009496598559416687,0.00950973120662125,5.177273114306838e-07,0.0,5.769405670950911e-07,2.9594452521195068e-05
1088,65536,exact,997,0.012309645868466015,0.012094769025999897,0.0002148768424661187,0.01745597271945695,1.0013448901180697,0.00950973120662125,0.009522463077882182,5.046602933685499e-07,0.0,5.623325577217703e-07,2.9224772601118505e-05
1088,65536,exact,998,0.012094769025999897,0.01188311527807912,0.00021165374792077654,0.017499610572619326,1.0013019597884334,0.009522463077882182,0.009534804780959851,4.918197393005789e-07,0.0,5.479806758756228e-07,2.885879624061604e-05
1088,65536,exact,999,0.01188311527807912,0.011674644235608416,0.00020847104247070404,0.017543467145797388,1.001260288771802,0.009534804780959851,0.009546766709200315,4.792065552465789e-07,0.0,5.338857215521353e-07,2.8496495542212377e-05
1088,65536,exact,1000,0.011674644235608416,0.011469315915408994,0.00020532832019942195,0.01758754408748126,1.001219843419237,0.009546766709200315,0.009558359042922277,4.668213577847278e-07,0.0,5.200481810307273e-07,2.8137842748928187e-05
1088,65536,exact,1001,0.011469315915408994,0.011267090737151554,0.00020222517825744038,0.017631843062736758,1.0011805909081821,0.009558359042922277,0.009569591750951496,4.5466448649070343e-07,0.0,5.064682404871262e-07,2.778281024377136e-05
1088,65536,exact,1002,0.011267090737151554,0.011067929520303907,0.00019916121684764726,0.017676365753489746,1.001142499221487,0.009569591750951496,0.009580474592293685,4.427360162442669e-07,0.0,4.931457994652305e-07,2.7431370549628384e-05
1088,65536,exact,1003,0.011067929520303907,0.010871793481095057,0.00019613603920884924,0.017721113858652732,1.001105537127219,0.009580474592293685,0.009591017117936992,4.3103576955645515e-07,0.0,4.80080484407952e-07,2.70834963286328e-05
1088,65536,exact,1004,0.010871793481095057,0.010678644229493873,0.00019314925160118443,0.01776608909441219,1.0010696741592393,0.009591017117936992,0.009601228672775634,4.195633288630662e-07,0.0,4.672716620995887e-07,2.6739160382033852e-05
1088,65536,exact,1005,0.010678644229493873,0.010488443766203443,0.00019020046329043007,0.01781129319442126,1.0010348805984717,0.009601228672775634,0.00961111839764625,4.083180485051503e-07,0.0,4.547184528341103e-07,2.639833564976227e-05
1088,65536,exact,1006,0.010488443766203443,0.010301154479671108,0.00018728928653233452,0.017856727909990846,1.0010011274548305,0.00961111839764625,0.009620695231469007,3.9729906678651577e-07,0.0,4.4241974353834146e-07,2.606099520997636e-05
1088,65536,exact,1007,0.010301154479671108,0.010116739143113021,0.00018441533655808723,0.017902395010386755,1.0009683864497672,0.009620695231469007,0.009629967913485518,3.86505317710603e-07,0.0,4.303742006956518e-07,2.5727112278921444e-05
1088,65536,exact,1008,0.010116739143113021,0.009935160911554738,0.0001815782315582829,0.01794829628298684,1.0009366299993878,0.009629967913485518,0.009638944985586043,3.7593554256075274e-07,0.0,4.18580282946987e-07,2.5396660210362548e-05
1088,65536,exact,1009,0.009935160911554738,0.009756383318886537,0.00017877759266820073,0.017994433533560564,1.0009058311981196,0.009638944985586043,0.009647634794718621,3.655883012171107e-07,0.0,4.070362535427141e-07,2.50696124953636e-05
1088,65536,exact,1010,0.009756383318886537,0.009580370274934108,0.0001760130439524294,0.01804080858648727,1.000875963802878,0.009647634794718621,0.00965604549537303,3.5546198332627384e-07,0.0,3.957401924787468e-07,2.4745942761881766e-05
1088,65536,exact,1011,0.009580370274934108,0.009407086062544326,0.0001732842123897821,0.01808742328500178,1.0008470022177205,0.00965604549537303,0.009664185052132759,3.4555481911586355e-07,0.0,3.8469000837766665e-07,2.4425624774425172e-05
1088,65536,exact,1012,0.009407086062544326,0.009236495334686155,0.00017059072785817128,0.01813427949143603,1.0008189214789434,0.009664185052132759,0.009672061242288378,3.3586488992749625e-07,0.0,3.738834499830007e-07,2.410863243369127e-05
1088,65536,exact,1013,0.009236495334686155,0.009068563111566593,0.00016793222311956187,0.018181379087468353,1.0007916972406095,0.009672061242288378,0.009679681658506016,3.2639013860618323e-07,0.0,3.6331811749217013e-07,2.3794939776220476e-05
1088,65536,exact,1014,0.009068563111566593,0.00890325477776166,0.00016530833380493277,0.018228723974373466,1.0007653057604724,0.009679681658506016,0.009687053711544826,3.171283793657954e-07,0.0,3.529914733499395e-07,2.3484520974031128e-05
1088,65536,exact,1015,0.00890325477776166,0.008740536079362229,0.00016271869839943123,0.018276316073293348,1.0007397238862834,0.009687053711544826,0.009694184633017598,3.0807730756362283e-07,0.0,3.4290085293084416e-07,2.3177350334305892e-05
1088,65536,exact,1016,0.008740536079362229,0.008580373121135205,0.00016016295822702392,0.018324157325452117,1.0007149290424568,0.009694184633017598,0.009701081478189008,2.9923450901170114e-07,0.0,3.330434746855876e-07,2.287340229892422e-05
1088,65536,exact,1017,0.008580373121135205,0.008422732363698953,0.00015764075743625143,0.018372249692492994,1.0006908992170747,0.009701081478189008,0.009707751128806072,2.9059746908521723e-07,0.0,3.234164500775377e-07,2.257265144429211e-05
1088,65536,exact,1018,0.008422732363698953,0.008267580620714258,0.00015515174298469554,0.018420595156671774,1.0006676129492165,0.009707751128806072,0.009714200295955768,2.821635813587739e-07,0.0,3.1401679302482666e-07,2.227507248079824e-05
1088,65536,exact,1019,0.008267580620714258,0.008114885056089666,0.00015269556462459144,0.018469195721178184,1.0006450493165986,0.009714200295955768,0.009720435522944921,2.7393015611121103e-07,0.0,3.048414291655088e-07,2.1980640252584805e-05
1088,65536,exact,1020,0.008114885056089666,0.007964613181201773,0.00015027187488789347,0.018518053410396085,1.0006231879235048,0.009720435522944921,0.00972646318819778,2.658944283231315e-07,0.0,2.9588720456934225e-07,2.168932973714896e-05
1088,65536,exact,1021,0.007964613181201773,0.007816732852130361,0.00014788032907141202,0.018567170270169794,1.0006020088889984,0.00972646318819778,0.009732289508166812,2.5805356546847616e-07,0.0,2.8715089424834195e-07,2.1401116044957027e-05
1088,65536,exact,1022,0.007816732852130361,0.007671212266907878,0.000145520585222483,0.01861654836813606,1.000581492835407,0.009732289508166812,0.00973792054025265,2.504046749243039e-07,0.0,2.7862921019201903e-07,2.1115974419197542e-05
1088,65536,exact,1023,0.007671212266907878,0.0075280199627840785,0.00014319230412379938,0.018666189793952542,1.0005616208770576,0.00973792054025265,0.009743362185729083,2.4294481110464283e-07,0.0,2.703188092065961e-07,2.083388023528263e-05
1088,65536,exact,1024,0.0075280199627840785,0.0073871248135049285,0.00014089514927915006,0.01871609665963784,1.000542374609264,0.009743362185729083,0.009748620192669524,2.356709821821054e-07,0.0,2.622163001453348e-07,2.055480900059919e-05
1088,65536,exact,1025,0.0073871248135049285,0.007248496026606241,0.00013862878689868772,0.018766271099853432,1.0005237360975527,0.009748620192669524,0.009753700158871283,2.28580156636288e-07,0.0,2.543182511093728e-07,2.027873635411427e-05
1088,65536,exact,1026,0.007248496026606241,0.0071121031407218385,0.00013639288588440223,0.018816715272210977,1.0005056878671152,0.009753700158871283,0.009758607534774408,2.2166926938381876e-07,0.0,2.466211960813064e-07,2.0005638066027032e-05
1088,65536,exact,1027,0.0071121031407218385,0.006977916022906252,0.0001341871178155863,0.018867431357578297,1.0004882128924826,0.009758607534774408,0.009763347626371897,2.1493522760477437e-07,0.0,2.3912164127080915e-07,1.973549003740727e-05
1088,65536,exact,1028,0.006977916022906252,0.006845904865971758,0.0001320111569344945,0.018918421560412072,1.0004712945874155,0.009763347626371897,0.00976792559810843,2.0837491636695e-07,0.0,2.3181607120004166e-07,1.9468268299880757e-05
1088,65536,exact,1029,0.006845904865971758,0.006716040185840196,0.00012986468013156168,0.018969688109028045,1.0004549167949977,0.00976792559810843,0.009772346475764694,2.0198520383096022e-07,0.0,2.247009544334433e-07,1.9203949015169386e-05
1088,65536,exact,1030,0.006716040185840196,0.006588292818908622,0.00012774736693157377,0.019021233256005632,1.0004390637779375,0.009772346475764694,0.009776615149325006,1.9576294629811597e-07,0.0,2.17772748948436e-07,1.8942508474906998e-05
1088,65536,exact,1031,0.006588292818908622,0.0064626339194299755,0.0001256588994786468,0.0190730592784221,1.000423720209055,0.009776615149325006,0.0097807363758255,1.897049928707461e-07,0.0,2.1102790729969623e-07,1.8683923100084826e-05
1088,65536,exact,1032,0.0064626339194299755,0.006339034956907404,0.00012359896252257113,0.019125168478283997,1.0004088711619694,0.0097807363758255,0.009784714782180924,1.8380818988849042e-07,0.0,2.0446288136535817e-07,1.842816944089336e-05
1088,65536,exact,1033,0.006339034956907404,0.006217467713503416,0.00012156724340398831,0.019177563182787172,1.000394502101962,0.009784714782180924,0.009788554867987787,1.7806938513301421e-07,0.0,1.9807412693882698e-07,1.8175224176206154e-05
1088,65536,exact,1034,0.006217467713503416,0.0060979042814629306,0.00011956343204048547,0.019230245744712347,1.0003805988770251,0.009788554867987787,0.009792261008302034,1.7248543176594172e-07,0.0,1.91858107973647e-07,1.7925064113323393e-05
1088,65536,exact,1035,0.0060979042814629306,0.005980317060550648,0.00011758722091228298,0.01928321854276023,1.0003671477090854,0.009792261008302034,0.009795837456389438,1.6705319192333768e-07,0.0,1.8581130048489491e-07,1.7677666187582665e-05
1088,65536,exact,1036,0.005980317060550648,0.005864678755502567,0.00011563830504808092,0.019336483981910037,1.0003541351854,0.009795837456389438,0.00979928834644707,1.6176954024271949e-07,0.0,1.7993019637771446e-07,1.7433007462006667e-05
1088,65536,exact,1037,0.005864678755502567,0.005750962373491609,0.0001137163820109574,0.019390044493786195,1.000341548250118,0.00979928834644707,0.00980261769629439,1.5663136707123648e-07,0.0,1.7421130688206887e-07,1.7191065126953728e-05
1088,65536,exact,1038,0.005750962373491609,0.0056391412216073335,0.00011182115188427579,0.01944390253702621,1.00032937419601,0.00980261769629439,0.009805829410032536,1.5163558135816061e-07,0.0,1.6865116572208072e-07,1.6951816499758983e-05
1088,65536,exact,1039,0.0056391412216073335,0.005529188904349684,0.0001099523172576498,0.019498060597657796,1.0003176006563586,0.009805829410032536,0.009808927280670652,1.4677911357662504e-07,0.0,1.632463322281258e-07,1.6715239024383773e-05
1088,65536,exact,1040,0.005529188904349684,0.005421079321136742,0.00010810958321294181,0.01955252118948125,1.0003062155970044,0.009808927280670652,0.009811914992718041,1.420589182053871e-07,0.0,1.5799339403953228e-07,1.6481310271057504e-05
1088,65536,exact,1041,0.005421079321136742,0.005314786663826443,0.00010629265731029909,0.019607286854458103,1.0002952073085505,0.009811914992718041,0.009814796124741218,1.3747197611018927e-07,0.0,1.5288896965982846e-07,1.6250007935925722e-05
1088,65536,exact,1042,0.005314786663826443,0.005210285414252228,0.00010450124957421449,0.01966236016310344,1.0002845643987166,0.009814796124741218,0.009817574151884901,1.3301529681615676e-07,0.0,1.4792971089749862e-07,1.6021309840690276e-05
1088,65536,exact,1043,0.005210285414252228,0.005107550341772479,0.00010273507247974926,0.019717743714908108,1.0002742757848462,0.009817574151884901,0.00982025244835619,1.2868592042379498e-07,0.0,1.431123049285693e-07,1.579519393228571e-05
1088,65536,exact,1044,0.005107550341772479,0.005006556500834072,0.0001009938409384072,0.019773440138694587,1.0002643306865575,0.00982025244835619,0.009822834289871208,1.2448091953647556e-07,0.0,1.3843347636093017e-07,1.5571638282440638e-05
1088,65536,exact,1045,0.005006556500834072,0.004907279228549311,9.927727228476076e-05,0.019829452093114614,1.0002547186185409,0.009822834289871208,0.009825322856063572,1.2039740090153717e-07,0.0,1.338899890089562e-07,1.5350621087454962e-05
1088,65536,exact,1046,0.004907279228549311,0.00480969414228705,9.758508626226108e-05,0.019885782266991392,1.0002454293834988,0.009825322856063572,0.009827721232854266,1.1643250693872832e-07,0.0,1.294786474842491e-07,1.5132120667714207e-05
1088,65536,exact,1047,0.00480969414228705,0.00471377713727727,9.591700500977997e-05,0.019942433379801283,1.0002364530652252,0.009827721232854266,0.009830032414782355,1.1258341714422749e-07,0.0,1.2519629874301053e-07,1.491611546741983e-05
1088,65536,exact,1048,0.00471377713727727,0.00461950438422945,9.42727530478197e-05,0.01999940818209167,1.0002277800218227,0.009830032414782355,0.00983225930729627,1.0884734929738012e-07,0.0,1.2103983333851265e-07,1.4702584054200927e-05
1088,65536,exact,1049,0.00461950438422945,0.004526852326964566,9.265205726488417e-05,0.020056709455929838,1.0002194008790548,0.00983225930729627,0.00983440472900535,1.0522156059179858e-07,0.0,1.1700618662673079e-07,1.4491505118768045e-05
1088,65536,exact,1050,0.004526852326964566,0.004435797680060697,9.105464690386915e-05,0.020114340015355635,1.0002113065238336,0.00983440472900535,0.009836471413891424,1.017033486163822e-07,0.0,1.1309233980197342e-07,1.4282857474556916e-05
1088,65536,exact,1051,0.004435797680060697,0.004346317426512205,8.948025354849239e-05,0.02017230270684212,1.000203488097836,0.009836471413891424,0.009838462013480263,9.829005219499985e-08,0.0,1.0929532078852999e-07,1.4076620057374427e-05
1088,65536,exact,1052,0.004346317426512205,0.0042583888154024575,8.792861110974715e-05,0.020230600409760532,1.0001959369912543,0.009838462013480263,0.00984037909897288,9.49790521475356e-08,0.0,1.0561220502129653e-07,1.3872771925039873e-05
1088,65536,exact,1053,0.0042583888154024575,0.004171989359589962,8.639945581249541e-05,0.02028923603687651,1.0001886448366664,0.00984037909897288,0.009842225163336537,9.1767771936213e-08,0.0,1.0204011614139974e-07,1.3671292257056338e-05
1088,65536,exact,1054,0.004171989359589962,0.004087096833408154,8.48925261818078e-05,0.020348212534787323,1.00018160350304,0.009842225163336537,0.0098440026233556,8.865367819132275e-08,0.0,9.857622649753206e-08,1.3472160354192373e-05
1088,65536,exact,1055,0.004087096833408154,0.00400368927037834,8.340756302981436e-05,0.020407532884475933,1.0001748050898545,0.0098440026233556,0.009845713821642215,8.563428115082282e-08,0.0,9.52177576403479e-08,1.3275355638207733e-05
1088,65536,exact,1056,0.00400368927037834,0.003921744960936135,8.194430944220496e-05,0.02046720010178547,1.0001682419213487,0.009845713821642215,0.009847361028606987,8.270713503903132e-08,0.0,9.196198066767358e-08,1.3080857651463124e-05
1088,65536,exact,1057,0.003921744960936135,0.0038412424501713797,8.050251076475523e-05,0.020527217237894784,1.000161906540884,0.009847361028606987,0.009848946444389798,7.986983832411646e-08,0.0,8.880621649165477e-08,1.2888646056517868e-05
1088,65536,exact,1058,0.0038412424501713797,0.0037621605355810154,7.908191459036432e-05,0.020587587379920794,1.0001557917054305,0.009848946444389798,0.009850472200750984,7.712003391155217e-08,0.0,8.574783598967739e-08,1.2698700635884694e-05
1088,65536,exact,1059,0.0037621605355810154,0.00368447826483556,7.76822707454555e-05,0.0206483136513627,1.0001498903801653,0.009850472200750984,0.009851940362923063,7.445540925593626e-08,0.0,8.278426015702334e-08,1.2511001291562959e-05
1088,65536,exact,1060,0.00368447826483556,0.0036081749335585846,7.630333127697526e-05,0.020709399212694424,1.0001441957331885,0.009851940362923063,0.009853352931423389,7.187369641316193e-08,0.0,7.991296004788984e-08,1.2325528044755714e-05
1088,65536,exact,1061,0.0036081749335585846,0.0035332300831194467,7.494485043913791e-05,0.02077084726189345,1.0001387011303489,0.009853352931423389,0.00985471184382793,6.937267204044479e-08,0.0,7.71314568152881e-08,1.2142261035488987e-05
1088,65536,exact,1062,0.0035332300831194467,0.0034596234984391517,7.3606584680295e-05,0.02083266103500076,1.000133400130183,0.00985471184382793,0.009856018976506564,6.695015731149076e-08,0.0,7.44373215601224e-08,1.196118052225973e-05
1088,65536,exact,1063,0.0034596234984391517,0.0033873352058093084,7.228829262984331e-05,0.020894843806690815,1.0001282864789625,0.009856018976506564,0.009857276146320282,6.460401776941909e-08,0.0,7.182817513343154e-08,1.178226688168483e-05
1088,65536,exact,1064,0.0033873352058093084,0.0033163454707241516,7.098973508515684e-05,0.020957398890847544,1.0001233541058472,0.009857276146320282,0.009858485112280626,6.23321631860477e-08,0.0,6.930168795944713e-08,1.1605500608143675e-05
1088,65536,exact,1065,0.0033163454707241516,0.0032466347957255904,6.971067499856112e-05,0.021020329641151414,1.0001185971181479,0.009858485112280626,0.009859647577171813,6.013254727172676e-08,0.0,6.685557970426137e-08,1.1430862313421435e-05
1088,65536,exact,1066,0.0032466347957255904,0.003178183918261174,6.845087746441651e-05,0.0210836394516983,1.0001140097966879,0.009859647577171813,0.009860765189135971,5.8003167483627964e-08,0.0,6.448761901388378e-08,1.1258332726377332e-05
1088,65536,exact,1067,0.003178183918261174,0.0031109738085551802,6.72101097059937e-05,0.021147331757554556,1.000109586591273,0.009860765189135971,0.009861839543221956,5.5942064613858964e-08,0.0,6.219562305107007e-08,1.1087892692528961e-05
1088,65536,exact,1068,0.0031109738085551802,0.003044985667492313,6.598814106286701e-05,0.0212114100354685,1.000105322116256,0.009861839543221956,0.00986287218289816,5.394732251370565e-08,0.0,5.997745717786773e-08,1.0919523173796045e-05
1088,65536,exact,1069,0.003044985667492313,0.002980200924514613,6.478474297770022e-05,0.021275877804394876,1.0001012111462027,0.00986287218289816,0.009863864601529895,5.201706767697754e-08,0.0,5.783103442479065e-08,1.075320524803151e-05
1088,65536,exact,1070,0.002980200924514613,0.0029166012355308466,6.359968898376643e-05,0.021340738626247135,1.0000972486116573,0.009863864601529895,0.009864818243821715,5.014946880795789e-08,0.0,5.575431506234241e-08,1.0588920108778688e-05
1088,65536,exact,1071,0.0029166012355308466,0.0028541684808389583,6.243275469188826e-05,0.021405996106466357,1.0000934295950012,0.009864818243821715,0.009865734507225324,4.834273638364677e-08,0.0,5.3745306056313114e-08,1.0426649064828548e-05
1088,65536,exact,1072,0.0028541684808389583,0.002792884763061155,6.128371777780342e-05,0.02147165389472369,1.0000897493264032,0.009865734507225324,0.009866614743313488,4.659512221731542e-08,0.0,5.1802060549097084e-08,1.0266373539900764e-05
1088,65536,exact,1073,0.002792884763061155,0.0027327324050916086,6.0152357969546315e-05,0.021537715685632525,1.0000862031798678,0.009866614743313488,0.009867460259120525,4.490491889231248e-08,0.0,4.9922677261213244e-08,1.010807507231905e-05
1088,65536,exact,1074,0.0027327324050916086,0.002673693948057024,5.903845703458463e-05,0.02160418521937405,1.0000827866693704,0.009867460259120525,0.009868272318449896,4.3270459272928866e-08,0.0,4.810529989976442e-08,9.951735314592294e-06
1088,65536,exact,1075,0.002673693948057024,0.0026157521492896746,5.7941798767349294e-05,0.02167106628245752,1.0000794954450807,0.009868272318449896,0.009869052143149442,4.169011602007353e-08,0.0,4.634811660853e-08,9.797336033112358e-06
1088,65536,exact,1076,0.0026157521492896746,0.002558889980313097,5.6862168976577494e-05,0.021738362708415934,1.0000763252896776,0.009869052143149442,0.0098698009143548,4.016230091571657e-08,0.0,4.4649359227239005e-08,9.64485910777776e-06
1088,65536,exact,1077,0.002558889980313097,0.0025030906248403218,5.579935547277539e-05,0.021806078378542856,1.0000732721147463,0.0098698009143548,0.009870519773701587,3.868546443503851e-08,0.0,4.300730276768361e-08,9.494286531642633e-06
1088,65536,exact,1078,0.0025030906248403218,0.002448337476784614,5.475314805570772e-05,0.021874217222638735,1.000070331957262,0.009870519773701587,0.00987120982450684,3.7258095036820836e-08,0.0,4.1420264659114414e-08,9.345600410563172e-06
1088,65536,exact,1079,0.002448337476784614,0.002394614138282689,5.372333850192515e-05,0.021942783219770695,1.000067500976154,0.00987120982450684,0.009871872132920345,3.587871867950027e-08,0.0,3.988660414976086e-08,9.198782962842932e-06
1088,65536,exact,1080,0.002394614138282689,0.0023419044177303656,5.270972055232328e-05,0.022011780399043477,1.0000647754489553,0.009871872132920345,0.009872507729046347,3.454589810409163e-08,0.0,3.8404721541818176e-08,9.053816518875346e-06
1088,65536,exact,1081,0.0023419044177303656,0.0022901923278305647,5.171208989980091e-05,0.02208121284041011,1.000062151768527,0.009872507729046347,0.009873117608036244,3.325823232249728e-08,0.0,3.6973057584294144e-08,8.91068352080702e-06
1088,65536,exact,1082,0.0022901923278305647,0.002239462083653797,5.0730244176767914e-05,0.02215108467541818,1.0000596264398642,0.009873117608036244,0.009873702731152782,3.2014355957269364e-08,0.0,3.559009274789471e-08,8.769366522135927e-06
1088,65536,exact,1083,0.002239462083653797,0.0021896981007107526,4.976398294304421e-05,0.022221400088119254,1.0000571960769782,0.009873702731152782,0.009874264026806365,3.081293860743433e-08,0.0,3.425434649470538e-08,8.629848187430662e-06
1088,65536,exact,1084,0.0021896981007107526,0.0021408849930373785,4.8813107673374104e-05,0.02229216331581504,1.000054857399852,0.009874264026806365,0.009874802391563952,2.9652684223869166e-08,0.0,3.296437659991436e-08,8.49211129190344e-06
1088,65536,exact,1085,0.0021408849930373785,0.002093007571292058,4.7877421745320514e-05,0.022363378649964037,1.0000526072314724,0.009874802391563952,0.00987531869113116,2.8532330500918734e-08,0.0,3.171877844924953e-08,8.356138721100908e-06
1088,65536,exact,1086,0.002093007571292058,0.0020460508408650375,4.6956730427020425e-05,0.022435050437028776,1.0000504424949335,0.00987531869113116,0.00987581376130812,2.7450648213842073e-08,0.0,3.0516184298251536e-08,8.221913470533593e-06
1088,65536,exact,1087,0.0020460508408650375,0.002000000000000003,4.6050840865034456e-05,0.022507183079363217,1.0000483602106096,0.00987581376130812,0.009876288408919574,2.6406440615143725e-08,0.0,2.935526259920107e-08,8.089418645323494e-06
